{"level":"info","logDetailed":false,"message":"🚀 Servidor iniciado com sucesso na porta 3334","nodeEnv":"development","port":3334,"service":"btg-baixa-titulos-service","timestamp":"2026-05-27T12:00:36.722Z"}
{"level":"info","message":"🔐 Iniciando login no Millennium","service":"btg-baixa-titulos-service","timestamp":"2026-05-27T12:00:42.301Z"}
{"erro":"timeout of 60000ms exceeded","level":"error","message":"❌ Erro geral no processamento","processamentoId":"BTG-20260527-47F69A","service":"btg-baixa-titulos-service","timestamp":"2026-05-27T12:01:42.315Z"}
{"level":"info","message":"ℹ️ Nenhuma sessão Millennium ativa para finalizar","service":"btg-baixa-titulos-service","timestamp":"2026-05-27T12:01:42.315Z"}
{"erroGeral":"timeout of 60000ms exceeded","erros":0,"finalizadoEm":"2026-05-27T12:01:42.316Z","jaBaixados":0,"level":"info","message":"🏁 Processamento finalizado","processamentoId":"BTG-20260527-47F69A","service":"btg-baixa-titulos-service","sucesso":0,"timestamp":"2026-05-27T12:01:42.317Z","total":0}
{"level":"info","message":"📲 Enviando resumo por WhatsApp","service":"btg-baixa-titulos-service","timestamp":"2026-05-27T12:01:42.355Z"}
{"level":"info","message":"✅ Resumo enviado por WhatsApp","response":{"companyId":1,"filaId":1154,"message":"Mensagem enviada a fila de transmissão com sucesso","schedule":"2026-05-27T12:02:43.037Z"},"service":"btg-baixa-titulos-service","timestamp":"2026-05-27T12:01:44.020Z"}
{"level":"info","message":"🔐 Iniciando login no Millennium","service":"btg-baixa-titulos-service","timestamp":"2026-05-27T12:03:20.579Z"}
{"level":"info","logDetailed":false,"message":"🚀 Servidor iniciado com sucesso na porta 3334","nodeEnv":"development","port":3334,"service":"btg-baixa-titulos-service","timestamp":"2026-05-27T12:04:19.497Z"}
{"level":"info","message":"🔐 Iniciando login no Millennium","service":"btg-baixa-titulos-service","timestamp":"2026-05-27T12:04:29.098Z"}
{"erro":"timeout of 60000ms exceeded","level":"error","message":"❌ Erro geral no processamento","processamentoId":"BTG-20260527-A96F4E","service":"btg-baixa-titulos-service","timestamp":"2026-05-27T12:05:29.113Z"}
{"level":"info","message":"ℹ️ Nenhuma sessão Millennium ativa para finalizar","service":"btg-baixa-titulos-service","timestamp":"2026-05-27T12:05:29.114Z"}
{"erroGeral":"timeout of 60000ms exceeded","erros":0,"finalizadoEm":"2026-05-27T12:05:29.114Z","jaBaixados":0,"level":"info","message":"🏁 Processamento finalizado","processamentoId":"BTG-20260527-A96F4E","service":"btg-baixa-titulos-service","sucesso":0,"timestamp":"2026-05-27T12:05:29.118Z","total":0}
{"level":"info","message":"📲 Enviando resumo por WhatsApp","service":"btg-baixa-titulos-service","timestamp":"2026-05-27T12:05:29.160Z"}
{"level":"info","message":"✅ Resumo enviado por WhatsApp","response":{"companyId":1,"filaId":1155,"message":"Mensagem enviada a fila de transmissão com sucesso","schedule":"2026-05-27T12:06:29.807Z"},"service":"btg-baixa-titulos-service","timestamp":"2026-05-27T12:05:31.080Z"}
{"level":"info","logDetailed":false,"message":"🚀 Servidor iniciado com sucesso na porta 3334","nodeEnv":"development","port":3334,"service":"btg-baixa-titulos-service","timestamp":"2026-05-27T12:07:01.937Z"}
{"level":"info","message":"🔐 Iniciando login no Millennium","service":"btg-baixa-titulos-service","timestamp":"2026-05-27T12:07:13.822Z"}
{"level":"info","message":"✅ Login Millennium realizado com sucesso","service":"btg-baixa-titulos-service","timestamp":"2026-05-27T12:07:13.907Z"}
{"level":"info","message":"🚀 Iniciando processamento de 728 títulos","service":"btg-baixa-titulos-service","timestamp":"2026-05-27T12:07:13.907Z"}
{"level":"info","message":"🔎 Processando título FRE 123788","service":"btg-baixa-titulos-service","timestamp":"2026-05-27T12:07:13.908Z"}
{"level":"info","message":"🌐 Millennium request: GET /MILLENIUM!JOIN_ONEUP.LANCAMENTOS.CONSULTALANCAMENTOS?cnpj=01.009.793%2F0001-72&n_documento=FRE%20123788","service":"btg-baixa-titulos-service","timestamp":"2026-05-27T12:07:13.908Z"}
{"lancamento":1434934500,"level":"info","message":"ℹ️ Título FRE 123788 já estava baixado. Processo ignorado.","service":"btg-baixa-titulos-service","situacao":"BAIXADO","timestamp":"2026-05-27T12:07:13.941Z"}
{"level":"info","message":"🔎 Processando título CORRE 124253","service":"btg-baixa-titulos-service","timestamp":"2026-05-27T12:07:13.942Z"}
{"level":"info","message":"🌐 Millennium request: GET /MILLENIUM!JOIN_ONEUP.LANCAMENTOS.CONSULTALANCAMENTOS?cnpj=03.294.992%2F0001-03&n_documento=CORRE%20124253","service":"btg-baixa-titulos-service","timestamp":"2026-05-27T12:07:13.942Z"}
{"lancamento":1434934509,"level":"info","message":"ℹ️ Título CORRE 124253 já estava baixado. Processo ignorado.","service":"btg-baixa-titulos-service","situacao":"BAIXADO","timestamp":"2026-05-27T12:07:13.957Z"}
{"level":"info","message":"🔎 Processando título CORRE 123302","service":"btg-baixa-titulos-service","timestamp":"2026-05-27T12:07:13.958Z"}
{"level":"info","message":"🌐 Millennium request: GET /MILLENIUM!JOIN_ONEUP.LANCAMENTOS.CONSULTALANCAMENTOS?cnpj=57.408.548%2F0001-92&n_documento=CORRE%20123302","service":"btg-baixa-titulos-service","timestamp":"2026-05-27T12:07:13.958Z"}
{"lancamento":1434934503,"level":"info","message":"ℹ️ Título CORRE 123302 já estava baixado. Processo ignorado.","service":"btg-baixa-titulos-service","situacao":"BAIXADO","timestamp":"2026-05-27T12:07:13.978Z"}
{"level":"info","message":"🔎 Processando título CORRE 124031","service":"btg-baixa-titulos-service","timestamp":"2026-05-27T12:07:13.978Z"}
{"level":"info","message":"🌐 Millennium request: GET /MILLENIUM!JOIN_ONEUP.LANCAMENTOS.CONSULTALANCAMENTOS?cnpj=57.408.548%2F0001-92&n_documento=CORRE%20124031","service":"btg-baixa-titulos-service","timestamp":"2026-05-27T12:07:13.979Z"}
{"lancamento":1434934504,"level":"info","message":"ℹ️ Título CORRE 124031 já estava baixado. Processo ignorado.","service":"btg-baixa-titulos-service","situacao":"BAIXADO","timestamp":"2026-05-27T12:07:13.996Z"}
{"level":"info","message":"🔎 Processando título CORRE 123792","service":"btg-baixa-titulos-service","timestamp":"2026-05-27T12:07:13.997Z"}
{"level":"info","message":"🌐 Millennium request: GET /MILLENIUM!JOIN_ONEUP.LANCAMENTOS.CONSULTALANCAMENTOS?cnpj=03.294.992%2F0001-03&n_documento=CORRE%20123792","service":"btg-baixa-titulos-service","timestamp":"2026-05-27T12:07:13.997Z"}
{"lancamento":1434934508,"level":"info","message":"ℹ️ Título CORRE 123792 já estava baixado. Processo ignorado.","service":"btg-baixa-titulos-service","situacao":"BAIXADO","timestamp":"2026-05-27T12:07:14.016Z"}
{"level":"info","message":"🔎 Processando título CORRE 123800","service":"btg-baixa-titulos-service","timestamp":"2026-05-27T12:07:14.017Z"}
{"level":"info","message":"🌐 Millennium request: GET /MILLENIUM!JOIN_ONEUP.LANCAMENTOS.CONSULTALANCAMENTOS?cnpj=02.355.679%2F0001-67&n_documento=CORRE%20123800","service":"btg-baixa-titulos-service","timestamp":"2026-05-27T12:07:14.017Z"}
{"lancamento":1434934511,"level":"info","message":"ℹ️ Título CORRE 123800 já estava baixado. Processo ignorado.","service":"btg-baixa-titulos-service","situacao":"BAIXADO","timestamp":"2026-05-27T12:07:14.042Z"}
{"level":"info","message":"🔎 Processando título CORRE 124220","service":"btg-baixa-titulos-service","timestamp":"2026-05-27T12:07:14.043Z"}
{"level":"info","message":"🌐 Millennium request: GET /MILLENIUM!JOIN_ONEUP.LANCAMENTOS.CONSULTALANCAMENTOS?cnpj=57.408.548%2F0001-92&n_documento=CORRE%20124220","service":"btg-baixa-titulos-service","timestamp":"2026-05-27T12:07:14.043Z"}
{"lancamento":1434934506,"level":"info","message":"ℹ️ Título CORRE 124220 já estava baixado. Processo ignorado.","service":"btg-baixa-titulos-service","situacao":"BAIXADO","timestamp":"2026-05-27T12:07:14.059Z"}
{"level":"info","message":"🔎 Processando título CORRE 122927","service":"btg-baixa-titulos-service","timestamp":"2026-05-27T12:07:14.060Z"}
{"level":"info","message":"🌐 Millennium request: GET /MILLENIUM!JOIN_ONEUP.LANCAMENTOS.CONSULTALANCAMENTOS?cnpj=57.408.548%2F0001-92&n_documento=CORRE%20122927","service":"btg-baixa-titulos-service","timestamp":"2026-05-27T12:07:14.060Z"}
{"lancamento":1434934502,"level":"info","message":"ℹ️ Título CORRE 122927 já estava baixado. Processo ignorado.","service":"btg-baixa-titulos-service","situacao":"BAIXADO","timestamp":"2026-05-27T12:07:14.076Z"}
{"level":"info","message":"🔎 Processando título CORRE 122926","service":"btg-baixa-titulos-service","timestamp":"2026-05-27T12:07:14.077Z"}
{"level":"info","message":"🌐 Millennium request: GET /MILLENIUM!JOIN_ONEUP.LANCAMENTOS.CONSULTALANCAMENTOS?cnpj=03.294.992%2F0001-03&n_documento=CORRE%20122926","service":"btg-baixa-titulos-service","timestamp":"2026-05-27T12:07:14.077Z"}
{"lancamento":1434934507,"level":"info","message":"ℹ️ Título CORRE 122926 já estava baixado. Processo ignorado.","service":"btg-baixa-titulos-service","situacao":"BAIXADO","timestamp":"2026-05-27T12:07:14.091Z"}
{"level":"info","message":"🔎 Processando título CORRE 123826","service":"btg-baixa-titulos-service","timestamp":"2026-05-27T12:07:14.092Z"}
{"level":"info","message":"🌐 Millennium request: GET /MILLENIUM!JOIN_ONEUP.LANCAMENTOS.CONSULTALANCAMENTOS?cnpj=01.329.811%2F0001-01&n_documento=CORRE%20123826","service":"btg-baixa-titulos-service","timestamp":"2026-05-27T12:07:14.092Z"}
{"lancamento":1434934501,"level":"info","message":"ℹ️ Título CORRE 123826 já estava baixado. Processo ignorado.","service":"btg-baixa-titulos-service","situacao":"BAIXADO","timestamp":"2026-05-27T12:07:14.111Z"}
{"level":"info","message":"🔎 Processando título 122926/A","service":"btg-baixa-titulos-service","timestamp":"2026-05-27T12:07:14.113Z"}
{"level":"info","message":"🌐 Millennium request: GET /MILLENIUM!JOIN_ONEUP.LANCAMENTOS.CONSULTALANCAMENTOS?cnpj=03.294.992%2F0001-03&n_documento=122926%2FA","service":"btg-baixa-titulos-service","timestamp":"2026-05-27T12:07:14.113Z"}
{"lancamento":1434927255,"level":"info","message":"ℹ️ Título 122926/A já estava baixado. Processo ignorado.","service":"btg-baixa-titulos-service","situacao":"BAIXADO","timestamp":"2026-05-27T12:07:14.215Z"}
{"level":"info","message":"🔎 Processando título 123788","service":"btg-baixa-titulos-service","timestamp":"2026-05-27T12:07:14.216Z"}
{"level":"info","message":"🌐 Millennium request: GET /MILLENIUM!JOIN_ONEUP.LANCAMENTOS.CONSULTALANCAMENTOS?cnpj=01.009.793%2F0001-72&n_documento=123788","service":"btg-baixa-titulos-service","timestamp":"2026-05-27T12:07:14.216Z"}
{"lancamento":1434930779,"level":"info","message":"ℹ️ Título 123788 já estava baixado. Processo ignorado.","service":"btg-baixa-titulos-service","situacao":"BAIXADO","timestamp":"2026-05-27T12:07:14.233Z"}
{"level":"info","message":"🔎 Processando título 123827","service":"btg-baixa-titulos-service","timestamp":"2026-05-27T12:07:14.234Z"}
{"level":"info","message":"🌐 Millennium request: GET /MILLENIUM!JOIN_ONEUP.LANCAMENTOS.CONSULTALANCAMENTOS?cnpj=77.857.555%2F0009-36&n_documento=123827","service":"btg-baixa-titulos-service","timestamp":"2026-05-27T12:07:14.234Z"}
{"lancamento":1434930898,"level":"info","message":"ℹ️ Título 123827 já estava baixado. Processo ignorado.","service":"btg-baixa-titulos-service","situacao":"BAIXADO","timestamp":"2026-05-27T12:07:14.250Z"}
{"level":"info","message":"🔎 Processando título 123800","service":"btg-baixa-titulos-service","timestamp":"2026-05-27T12:07:14.251Z"}
{"level":"info","message":"🌐 Millennium request: GET /MILLENIUM!JOIN_ONEUP.LANCAMENTOS.CONSULTALANCAMENTOS?cnpj=02.355.679%2F0001-67&n_documento=123800","service":"btg-baixa-titulos-service","timestamp":"2026-05-27T12:07:14.251Z"}
{"lancamento":1434930791,"level":"info","message":"ℹ️ Título 123800 já estava baixado. Processo ignorado.","service":"btg-baixa-titulos-service","situacao":"BAIXADO","timestamp":"2026-05-27T12:07:14.269Z"}
{"level":"info","message":"🔎 Processando título 123383/A","service":"btg-baixa-titulos-service","timestamp":"2026-05-27T12:07:14.270Z"}
{"level":"info","message":"🌐 Millennium request: GET /MILLENIUM!JOIN_ONEUP.LANCAMENTOS.CONSULTALANCAMENTOS?cnpj=01.934.454%2F0001-00&n_documento=123383%2FA","service":"btg-baixa-titulos-service","timestamp":"2026-05-27T12:07:14.270Z"}
{"lancamento":1434929268,"level":"info","message":"ℹ️ Título 123383/A já estava baixado. Processo ignorado.","service":"btg-baixa-titulos-service","situacao":"BAIXADO","timestamp":"2026-05-27T12:07:14.290Z"}
{"level":"info","message":"🔎 Processando título FRE 122429","service":"btg-baixa-titulos-service","timestamp":"2026-05-27T12:07:14.291Z"}
{"level":"info","message":"🌐 Millennium request: GET /MILLENIUM!JOIN_ONEUP.LANCAMENTOS.CONSULTALANCAMENTOS?cnpj=57.408.548%2F0001-92&n_documento=FRE%20122429","service":"btg-baixa-titulos-service","timestamp":"2026-05-27T12:07:14.291Z"}
{"lancamento":1434927655,"level":"info","message":"ℹ️ Título FRE 122429 já estava baixado. Processo ignorado.","service":"btg-baixa-titulos-service","situacao":"BAIXADO","timestamp":"2026-05-27T12:07:14.308Z"}
{"level":"info","message":"🔎 Processando título FRE 122404","service":"btg-baixa-titulos-service","timestamp":"2026-05-27T12:07:14.308Z"}
{"level":"info","message":"🌐 Millennium request: GET /MILLENIUM!JOIN_ONEUP.LANCAMENTOS.CONSULTALANCAMENTOS?cnpj=03.294.992%2F0001-03&n_documento=FRE%20122404","service":"btg-baixa-titulos-service","timestamp":"2026-05-27T12:07:14.308Z"}
{"lancamento":1434927656,"level":"info","message":"ℹ️ Título FRE 122404 já estava baixado. Processo ignorado.","service":"btg-baixa-titulos-service","situacao":"BAIXADO","timestamp":"2026-05-27T12:07:14.326Z"}
{"level":"info","message":"🔎 Processando título FRE 122395","service":"btg-baixa-titulos-service","timestamp":"2026-05-27T12:07:14.327Z"}
{"level":"info","message":"🌐 Millennium request: GET /MILLENIUM!JOIN_ONEUP.LANCAMENTOS.CONSULTALANCAMENTOS?cnpj=02.355.679%2F0001-67&n_documento=FRE%20122395","service":"btg-baixa-titulos-service","timestamp":"2026-05-27T12:07:14.327Z"}
{"lancamento":1434927659,"level":"info","message":"ℹ️ Título FRE 122395 já estava baixado. Processo ignorado.","service":"btg-baixa-titulos-service","situacao":"BAIXADO","timestamp":"2026-05-27T12:07:14.345Z"}
{"level":"info","message":"🔎 Processando título FRE 122341","service":"btg-baixa-titulos-service","timestamp":"2026-05-27T12:07:14.346Z"}
{"level":"info","message":"🌐 Millennium request: GET /MILLENIUM!JOIN_ONEUP.LANCAMENTOS.CONSULTALANCAMENTOS?cnpj=01.009.793%2F0001-72&n_documento=FRE%20122341","service":"btg-baixa-titulos-service","timestamp":"2026-05-27T12:07:14.346Z"}
{"lancamento":1434927654,"level":"info","message":"ℹ️ Título FRE 122341 já estava baixado. Processo ignorado.","service":"btg-baixa-titulos-service","situacao":"BAIXADO","timestamp":"2026-05-27T12:07:14.362Z"}
{"level":"info","message":"🔎 Processando título CORRE 122599","service":"btg-baixa-titulos-service","timestamp":"2026-05-27T12:07:14.363Z"}
{"level":"info","message":"🌐 Millennium request: GET /MILLENIUM!JOIN_ONEUP.LANCAMENTOS.CONSULTALANCAMENTOS?cnpj=57.408.548%2F0001-92&n_documento=CORRE%20122599","service":"btg-baixa-titulos-service","timestamp":"2026-05-27T12:07:14.363Z"}
{"lancamento":1434927640,"level":"info","message":"ℹ️ Título CORRE 122599 já estava baixado. Processo ignorado.","service":"btg-baixa-titulos-service","situacao":"BAIXADO","timestamp":"2026-05-27T12:07:14.379Z"}
{"level":"info","message":"🔎 Processando título CORRE 122725","service":"btg-baixa-titulos-service","timestamp":"2026-05-27T12:07:14.381Z"}
{"level":"info","message":"🌐 Millennium request: GET /MILLENIUM!JOIN_ONEUP.LANCAMENTOS.CONSULTALANCAMENTOS?cnpj=57.408.548%2F0001-92&n_documento=CORRE%20122725","service":"btg-baixa-titulos-service","timestamp":"2026-05-27T12:07:14.381Z"}
{"lancamento":1434927642,"level":"info","message":"ℹ️ Título CORRE 122725 já estava baixado. Processo ignorado.","service":"btg-baixa-titulos-service","situacao":"BAIXADO","timestamp":"2026-05-27T12:07:14.397Z"}
{"level":"info","message":"🔎 Processando título CORRE 122724","service":"btg-baixa-titulos-service","timestamp":"2026-05-27T12:07:14.398Z"}
{"level":"info","message":"🌐 Millennium request: GET /MILLENIUM!JOIN_ONEUP.LANCAMENTOS.CONSULTALANCAMENTOS?cnpj=57.408.548%2F0001-92&n_documento=CORRE%20122724","service":"btg-baixa-titulos-service","timestamp":"2026-05-27T12:07:14.398Z"}
{"lancamento":1434927641,"level":"info","message":"ℹ️ Título CORRE 122724 já estava baixado. Processo ignorado.","service":"btg-baixa-titulos-service","situacao":"BAIXADO","timestamp":"2026-05-27T12:07:14.414Z"}
{"level":"info","message":"🔎 Processando título CORRE 121444","service":"btg-baixa-titulos-service","timestamp":"2026-05-27T12:07:14.415Z"}
{"level":"info","message":"🌐 Millennium request: GET /MILLENIUM!JOIN_ONEUP.LANCAMENTOS.CONSULTALANCAMENTOS?cnpj=57.408.548%2F0001-92&n_documento=CORRE%20121444","service":"btg-baixa-titulos-service","timestamp":"2026-05-27T12:07:14.415Z"}
{"lancamento":1434927637,"level":"info","message":"ℹ️ Título CORRE 121444 já estava baixado. Processo ignorado.","service":"btg-baixa-titulos-service","situacao":"BAIXADO","timestamp":"2026-05-27T12:07:14.432Z"}
{"level":"info","message":"🔎 Processando título CORRE 121219","service":"btg-baixa-titulos-service","timestamp":"2026-05-27T12:07:14.433Z"}
{"level":"info","message":"🌐 Millennium request: GET /MILLENIUM!JOIN_ONEUP.LANCAMENTOS.CONSULTALANCAMENTOS?cnpj=57.408.548%2F0001-92&n_documento=CORRE%20121219","service":"btg-baixa-titulos-service","timestamp":"2026-05-27T12:07:14.433Z"}
{"lancamento":1434927635,"level":"info","message":"ℹ️ Título CORRE 121219 já estava baixado. Processo ignorado.","service":"btg-baixa-titulos-service","situacao":"BAIXADO","timestamp":"2026-05-27T12:07:14.450Z"}
{"level":"info","message":"🔎 Processando título CORRE 122020","service":"btg-baixa-titulos-service","timestamp":"2026-05-27T12:07:14.451Z"}
{"level":"info","message":"🌐 Millennium request: GET /MILLENIUM!JOIN_ONEUP.LANCAMENTOS.CONSULTALANCAMENTOS?cnpj=57.408.548%2F0001-92&n_documento=CORRE%20122020","service":"btg-baixa-titulos-service","timestamp":"2026-05-27T12:07:14.451Z"}
{"lancamento":1434927639,"level":"info","message":"ℹ️ Título CORRE 122020 já estava baixado. Processo ignorado.","service":"btg-baixa-titulos-service","situacao":"BAIXADO","timestamp":"2026-05-27T12:07:14.467Z"}
{"level":"info","message":"🔎 Processando título CORRE 121872","service":"btg-baixa-titulos-service","timestamp":"2026-05-27T12:07:14.467Z"}
{"level":"info","message":"🌐 Millennium request: GET /MILLENIUM!JOIN_ONEUP.LANCAMENTOS.CONSULTALANCAMENTOS?cnpj=57.408.548%2F0001-92&n_documento=CORRE%20121872","service":"btg-baixa-titulos-service","timestamp":"2026-05-27T12:07:14.468Z"}
{"lancamento":1434927638,"level":"info","message":"ℹ️ Título CORRE 121872 já estava baixado. Processo ignorado.","service":"btg-baixa-titulos-service","situacao":"BAIXADO","timestamp":"2026-05-27T12:07:14.484Z"}
{"level":"info","message":"🔎 Processando título CORRE 122593","service":"btg-baixa-titulos-service","timestamp":"2026-05-27T12:07:14.485Z"}
{"level":"info","message":"🌐 Millennium request: GET /MILLENIUM!JOIN_ONEUP.LANCAMENTOS.CONSULTALANCAMENTOS?cnpj=21.067.137%2F0001-33&n_documento=CORRE%20122593","service":"btg-baixa-titulos-service","timestamp":"2026-05-27T12:07:14.485Z"}
{"lancamento":1434927648,"level":"info","message":"ℹ️ Título CORRE 122593 já estava baixado. Processo ignorado.","service":"btg-baixa-titulos-service","situacao":"BAIXADO","timestamp":"2026-05-27T12:07:14.501Z"}
{"level":"info","message":"🔎 Processando título CORRE 121369","service":"btg-baixa-titulos-service","timestamp":"2026-05-27T12:07:14.502Z"}
{"level":"info","message":"🌐 Millennium request: GET /MILLENIUM!JOIN_ONEUP.LANCAMENTOS.CONSULTALANCAMENTOS?cnpj=57.408.548%2F0001-92&n_documento=CORRE%20121369","service":"btg-baixa-titulos-service","timestamp":"2026-05-27T12:07:14.502Z"}
{"lancamento":1434927636,"level":"info","message":"ℹ️ Título CORRE 121369 já estava baixado. Processo ignorado.","service":"btg-baixa-titulos-service","situacao":"BAIXADO","timestamp":"2026-05-27T12:07:14.521Z"}
{"level":"info","message":"🔎 Processando título CORRE 121668","service":"btg-baixa-titulos-service","timestamp":"2026-05-27T12:07:14.522Z"}
{"level":"info","message":"🌐 Millennium request: GET /MILLENIUM!JOIN_ONEUP.LANCAMENTOS.CONSULTALANCAMENTOS?cnpj=21.067.137%2F0001-33&n_documento=CORRE%20121668","service":"btg-baixa-titulos-service","timestamp":"2026-05-27T12:07:14.522Z"}
{"lancamento":1434927646,"level":"info","message":"ℹ️ Título CORRE 121668 já estava baixado. Processo ignorado.","service":"btg-baixa-titulos-service","situacao":"BAIXADO","timestamp":"2026-05-27T12:07:14.537Z"}
{"level":"info","message":"🔎 Processando título CORRE 121367","service":"btg-baixa-titulos-service","timestamp":"2026-05-27T12:07:14.539Z"}
{"level":"info","message":"🌐 Millennium request: GET /MILLENIUM!JOIN_ONEUP.LANCAMENTOS.CONSULTALANCAMENTOS?cnpj=01.329.811%2F0001-01&n_documento=CORRE%20121367","service":"btg-baixa-titulos-service","timestamp":"2026-05-27T12:07:14.539Z"}
{"lancamento":1434927644,"level":"info","message":"ℹ️ Título CORRE 121367 já estava baixado. Processo ignorado.","service":"btg-baixa-titulos-service","situacao":"BAIXADO","timestamp":"2026-05-27T12:07:14.555Z"}
{"level":"info","message":"🔎 Processando título 122393/A","service":"btg-baixa-titulos-service","timestamp":"2026-05-27T12:07:14.556Z"}
{"level":"info","message":"🌐 Millennium request: GET /MILLENIUM!JOIN_ONEUP.LANCAMENTOS.CONSULTALANCAMENTOS?cnpj=59.205.187%2F0001-02&n_documento=122393%2FA","service":"btg-baixa-titulos-service","timestamp":"2026-05-27T12:07:14.556Z"}
{"lancamento":1434924411,"level":"info","message":"ℹ️ Título 122393/A já estava baixado. Processo ignorado.","service":"btg-baixa-titulos-service","situacao":"BAIXADO","timestamp":"2026-05-27T12:07:14.572Z"}
{"level":"info","message":"🔎 Processando título 122342/A","service":"btg-baixa-titulos-service","timestamp":"2026-05-27T12:07:14.573Z"}
{"level":"info","message":"🌐 Millennium request: GET /MILLENIUM!JOIN_ONEUP.LANCAMENTOS.CONSULTALANCAMENTOS?cnpj=00.768.271%2F0001-91&n_documento=122342%2FA","service":"btg-baixa-titulos-service","timestamp":"2026-05-27T12:07:14.573Z"}
{"lancamento":1434924368,"level":"info","message":"ℹ️ Título 122342/A já estava baixado. Processo ignorado.","service":"btg-baixa-titulos-service","situacao":"BAIXADO","timestamp":"2026-05-27T12:07:14.587Z"}
{"level":"info","message":"🔎 Processando título 122444/A","service":"btg-baixa-titulos-service","timestamp":"2026-05-27T12:07:14.588Z"}
{"level":"info","message":"🌐 Millennium request: GET /MILLENIUM!JOIN_ONEUP.LANCAMENTOS.CONSULTALANCAMENTOS?cnpj=59.205.187%2F0001-02&n_documento=122444%2FA","service":"btg-baixa-titulos-service","timestamp":"2026-05-27T12:07:14.588Z"}
{"lancamento":1434924544,"level":"info","message":"ℹ️ Título 122444/A já estava baixado. Processo ignorado.","service":"btg-baixa-titulos-service","situacao":"BAIXADO","timestamp":"2026-05-27T12:07:14.603Z"}
{"level":"info","message":"🔎 Processando título 122338/A","service":"btg-baixa-titulos-service","timestamp":"2026-05-27T12:07:14.604Z"}
{"level":"info","message":"🌐 Millennium request: GET /MILLENIUM!JOIN_ONEUP.LANCAMENTOS.CONSULTALANCAMENTOS?cnpj=73.652.158%2F0001-10&n_documento=122338%2FA","service":"btg-baixa-titulos-service","timestamp":"2026-05-27T12:07:14.604Z"}
{"lancamento":1434924358,"level":"info","message":"ℹ️ Título 122338/A já estava baixado. Processo ignorado.","service":"btg-baixa-titulos-service","situacao":"BAIXADO","timestamp":"2026-05-27T12:07:14.622Z"}
{"level":"info","message":"🔎 Processando título 122395","service":"btg-baixa-titulos-service","timestamp":"2026-05-27T12:07:14.623Z"}
{"level":"info","message":"🌐 Millennium request: GET /MILLENIUM!JOIN_ONEUP.LANCAMENTOS.CONSULTALANCAMENTOS?cnpj=02.355.679%2F0001-67&n_documento=122395","service":"btg-baixa-titulos-service","timestamp":"2026-05-27T12:07:14.623Z"}
{"lancamento":1434924415,"level":"info","message":"ℹ️ Título 122395 já estava baixado. Processo ignorado.","service":"btg-baixa-titulos-service","situacao":"BAIXADO","timestamp":"2026-05-27T12:07:14.648Z"}
{"level":"info","message":"🔎 Processando título 122341","service":"btg-baixa-titulos-service","timestamp":"2026-05-27T12:07:14.649Z"}
{"level":"info","message":"🌐 Millennium request: GET /MILLENIUM!JOIN_ONEUP.LANCAMENTOS.CONSULTALANCAMENTOS?cnpj=01.009.793%2F0001-72&n_documento=122341","service":"btg-baixa-titulos-service","timestamp":"2026-05-27T12:07:14.649Z"}
{"lancamento":1434924366,"level":"info","message":"ℹ️ Título 122341 já estava baixado. Processo ignorado.","service":"btg-baixa-titulos-service","situacao":"BAIXADO","timestamp":"2026-05-27T12:07:14.758Z"}
{"level":"info","message":"🔎 Processando título 122336/A","service":"btg-baixa-titulos-service","timestamp":"2026-05-27T12:07:14.760Z"}
{"level":"info","message":"🌐 Millennium request: GET /MILLENIUM!JOIN_ONEUP.LANCAMENTOS.CONSULTALANCAMENTOS?cnpj=50.649.490%2F0001-20&n_documento=122336%2FA","service":"btg-baixa-titulos-service","timestamp":"2026-05-27T12:07:14.760Z"}
{"lancamento":1434924349,"level":"info","message":"ℹ️ Título 122336/A já estava baixado. Processo ignorado.","service":"btg-baixa-titulos-service","situacao":"BAIXADO","timestamp":"2026-05-27T12:07:14.777Z"}
{"level":"info","message":"🔎 Processando título 122343","service":"btg-baixa-titulos-service","timestamp":"2026-05-27T12:07:14.778Z"}
{"level":"info","message":"🌐 Millennium request: GET /MILLENIUM!JOIN_ONEUP.LANCAMENTOS.CONSULTALANCAMENTOS?cnpj=77.857.555%2F0009-36&n_documento=122343","service":"btg-baixa-titulos-service","timestamp":"2026-05-27T12:07:14.779Z"}
{"lancamento":1434924374,"level":"info","message":"ℹ️ Título 122343 já estava baixado. Processo ignorado.","service":"btg-baixa-titulos-service","situacao":"BAIXADO","timestamp":"2026-05-27T12:07:14.794Z"}
{"level":"info","message":"🔎 Processando título 122396","service":"btg-baixa-titulos-service","timestamp":"2026-05-27T12:07:14.795Z"}
{"level":"info","message":"🌐 Millennium request: GET /MILLENIUM!JOIN_ONEUP.LANCAMENTOS.CONSULTALANCAMENTOS?cnpj=01.329.811%2F0001-01&n_documento=122396","service":"btg-baixa-titulos-service","timestamp":"2026-05-27T12:07:14.795Z"}
{"lancamento":1434924416,"level":"info","message":"ℹ️ Título 122396 já estava baixado. Processo ignorado.","service":"btg-baixa-titulos-service","situacao":"BAIXADO","timestamp":"2026-05-27T12:07:14.812Z"}
{"level":"info","message":"🔎 Processando título 122337/A","service":"btg-baixa-titulos-service","timestamp":"2026-05-27T12:07:14.813Z"}
{"level":"info","message":"🌐 Millennium request: GET /MILLENIUM!JOIN_ONEUP.LANCAMENTOS.CONSULTALANCAMENTOS?cnpj=44.999.259%2F0001-63&n_documento=122337%2FA","service":"btg-baixa-titulos-service","timestamp":"2026-05-27T12:07:14.813Z"}
{"lancamento":1434924353,"level":"info","message":"ℹ️ Título 122337/A já estava baixado. Processo ignorado.","service":"btg-baixa-titulos-service","situacao":"BAIXADO","timestamp":"2026-05-27T12:07:14.830Z"}
{"level":"info","message":"🔎 Processando título 121874/A","service":"btg-baixa-titulos-service","timestamp":"2026-05-27T12:07:14.831Z"}
{"level":"info","message":"🌐 Millennium request: GET /MILLENIUM!JOIN_ONEUP.LANCAMENTOS.CONSULTALANCAMENTOS?cnpj=44.999.259%2F0001-63&n_documento=121874%2FA","service":"btg-baixa-titulos-service","timestamp":"2026-05-27T12:07:14.831Z"}
{"lancamento":1434922496,"level":"info","message":"ℹ️ Título 121874/A já estava baixado. Processo ignorado.","service":"btg-baixa-titulos-service","situacao":"BAIXADO","timestamp":"2026-05-27T12:07:14.861Z"}
{"level":"info","message":"🔎 Processando título 122404/A","service":"btg-baixa-titulos-service","timestamp":"2026-05-27T12:07:14.862Z"}
{"level":"info","message":"🌐 Millennium request: GET /MILLENIUM!JOIN_ONEUP.LANCAMENTOS.CONSULTALANCAMENTOS?cnpj=03.294.992%2F0001-03&n_documento=122404%2FA","service":"btg-baixa-titulos-service","timestamp":"2026-05-27T12:07:14.862Z"}
{"lancamento":1434924436,"level":"info","message":"ℹ️ Título 122404/A já estava baixado. Processo ignorado.","service":"btg-baixa-titulos-service","situacao":"BAIXADO","timestamp":"2026-05-27T12:07:14.890Z"}
{"level":"info","message":"🔎 Processando título 122399/A","service":"btg-baixa-titulos-service","timestamp":"2026-05-27T12:07:14.891Z"}
{"level":"info","message":"🌐 Millennium request: GET /MILLENIUM!JOIN_ONEUP.LANCAMENTOS.CONSULTALANCAMENTOS?cnpj=06.181.589%2F0001-58&n_documento=122399%2FA","service":"btg-baixa-titulos-service","timestamp":"2026-05-27T12:07:14.891Z"}
{"lancamento":1434924418,"level":"info","message":"ℹ️ Título 122399/A já estava baixado. Processo ignorado.","service":"btg-baixa-titulos-service","situacao":"BAIXADO","timestamp":"2026-05-27T12:07:14.927Z"}
{"level":"info","message":"🔎 Processando título 122010/A","service":"btg-baixa-titulos-service","timestamp":"2026-05-27T12:07:14.928Z"}
{"level":"info","message":"🌐 Millennium request: GET /MILLENIUM!JOIN_ONEUP.LANCAMENTOS.CONSULTALANCAMENTOS?cnpj=50.649.490%2F0001-20&n_documento=122010%2FA","service":"btg-baixa-titulos-service","timestamp":"2026-05-27T12:07:14.928Z"}
{"lancamento":1434922953,"level":"info","message":"ℹ️ Título 122010/A já estava baixado. Processo ignorado.","service":"btg-baixa-titulos-service","situacao":"BAIXADO","timestamp":"2026-05-27T12:07:14.948Z"}
{"level":"info","message":"🔎 Processando título 122400/A","service":"btg-baixa-titulos-service","timestamp":"2026-05-27T12:07:14.949Z"}
{"level":"info","message":"🌐 Millennium request: GET /MILLENIUM!JOIN_ONEUP.LANCAMENTOS.CONSULTALANCAMENTOS?cnpj=03.247.651%2F0001-79&n_documento=122400%2FA","service":"btg-baixa-titulos-service","timestamp":"2026-05-27T12:07:14.949Z"}
{"lancamento":1434924424,"level":"info","message":"ℹ️ Título 122400/A já estava baixado. Processo ignorado.","service":"btg-baixa-titulos-service","situacao":"BAIXADO","timestamp":"2026-05-27T12:07:14.998Z"}
{"level":"info","message":"🔎 Processando título 105758/C JUROS","service":"btg-baixa-titulos-service","timestamp":"2026-05-27T12:07:14.999Z"}
{"level":"info","message":"🌐 Millennium request: GET /MILLENIUM!JOIN_ONEUP.LANCAMENTOS.CONSULTALANCAMENTOS?cnpj=01.464.095%2F0001-67&n_documento=105758%2FC%20JUROS","service":"btg-baixa-titulos-service","timestamp":"2026-05-27T12:07:14.999Z"}
{"lancamento":1434925090,"level":"info","message":"ℹ️ Título 105758/C JUROS já estava baixado. Processo ignorado.","service":"btg-baixa-titulos-service","situacao":"BAIXADO","timestamp":"2026-05-27T12:07:15.055Z"}
{"level":"info","message":"🔎 Processando título 102319/G JUROS","service":"btg-baixa-titulos-service","timestamp":"2026-05-27T12:07:15.057Z"}
{"level":"info","message":"🌐 Millennium request: GET /MILLENIUM!JOIN_ONEUP.LANCAMENTOS.CONSULTALANCAMENTOS?cnpj=01.464.095%2F0001-67&n_documento=102319%2FG%20JUROS","service":"btg-baixa-titulos-service","timestamp":"2026-05-27T12:07:15.057Z"}
{"lancamento":1434925093,"level":"info","message":"ℹ️ Título 102319/G JUROS já estava baixado. Processo ignorado.","service":"btg-baixa-titulos-service","situacao":"BAIXADO","timestamp":"2026-05-27T12:07:15.099Z"}
{"level":"info","message":"🔎 Processando título FRE 120666","service":"btg-baixa-titulos-service","timestamp":"2026-05-27T12:07:15.101Z"}
{"level":"info","message":"🌐 Millennium request: GET /MILLENIUM!JOIN_ONEUP.LANCAMENTOS.CONSULTALANCAMENTOS?cnpj=02.355.679%2F0001-67&n_documento=FRE%20120666","service":"btg-baixa-titulos-service","timestamp":"2026-05-27T12:07:15.101Z"}
{"lancamento":1434922478,"level":"info","message":"ℹ️ Título FRE 120666 já estava baixado. Processo ignorado.","service":"btg-baixa-titulos-service","situacao":"BAIXADO","timestamp":"2026-05-27T12:07:15.118Z"}
{"level":"info","message":"🔎 Processando título FRE 120631","service":"btg-baixa-titulos-service","timestamp":"2026-05-27T12:07:15.119Z"}
{"level":"info","message":"🌐 Millennium request: GET /MILLENIUM!JOIN_ONEUP.LANCAMENTOS.CONSULTALANCAMENTOS?cnpj=03.294.992%2F0001-03&n_documento=FRE%20120631","service":"btg-baixa-titulos-service","timestamp":"2026-05-27T12:07:15.119Z"}
{"lancamento":1434922472,"level":"info","message":"ℹ️ Título FRE 120631 já estava baixado. Processo ignorado.","service":"btg-baixa-titulos-service","situacao":"BAIXADO","timestamp":"2026-05-27T12:07:15.140Z"}
{"level":"info","message":"🔎 Processando título CORRE 120183","service":"btg-baixa-titulos-service","timestamp":"2026-05-27T12:07:15.142Z"}
{"level":"info","message":"🌐 Millennium request: GET /MILLENIUM!JOIN_ONEUP.LANCAMENTOS.CONSULTALANCAMENTOS?cnpj=03.294.992%2F0001-03&n_documento=CORRE%20120183","service":"btg-baixa-titulos-service","timestamp":"2026-05-27T12:07:15.142Z"}
{"lancamento":1434922458,"level":"info","message":"ℹ️ Título CORRE 120183 já estava baixado. Processo ignorado.","service":"btg-baixa-titulos-service","situacao":"BAIXADO","timestamp":"2026-05-27T12:07:15.159Z"}
{"level":"info","message":"🔎 Processando título FRE 120618","service":"btg-baixa-titulos-service","timestamp":"2026-05-27T12:07:15.160Z"}
{"level":"info","message":"🌐 Millennium request: GET /MILLENIUM!JOIN_ONEUP.LANCAMENTOS.CONSULTALANCAMENTOS?cnpj=01.009.793%2F0001-72&n_documento=FRE%20120618","service":"btg-baixa-titulos-service","timestamp":"2026-05-27T12:07:15.160Z"}
{"lancamento":1434922481,"level":"info","message":"ℹ️ Título FRE 120618 já estava baixado. Processo ignorado.","service":"btg-baixa-titulos-service","situacao":"BAIXADO","timestamp":"2026-05-27T12:07:15.270Z"}
{"level":"info","message":"🔎 Processando título 121368","service":"btg-baixa-titulos-service","timestamp":"2026-05-27T12:07:15.273Z"}
{"level":"info","message":"🌐 Millennium request: GET /MILLENIUM!JOIN_ONEUP.LANCAMENTOS.CONSULTALANCAMENTOS?cnpj=01.009.793%2F0001-72&n_documento=121368","service":"btg-baixa-titulos-service","timestamp":"2026-05-27T12:07:15.274Z"}
{"lancamento":1434920840,"level":"info","message":"ℹ️ Título 121368 já estava baixado. Processo ignorado.","service":"btg-baixa-titulos-service","situacao":"BAIXADO","timestamp":"2026-05-27T12:07:15.295Z"}
{"level":"info","message":"🔎 Processando título FRE 120629","service":"btg-baixa-titulos-service","timestamp":"2026-05-27T12:07:15.297Z"}
{"level":"info","message":"🌐 Millennium request: GET /MILLENIUM!JOIN_ONEUP.LANCAMENTOS.CONSULTALANCAMENTOS?cnpj=57.408.548%2F0001-92&n_documento=FRE%20120629","service":"btg-baixa-titulos-service","timestamp":"2026-05-27T12:07:15.297Z"}
{"lancamento":1434922484,"level":"info","message":"ℹ️ Título FRE 120629 já estava baixado. Processo ignorado.","service":"btg-baixa-titulos-service","situacao":"BAIXADO","timestamp":"2026-05-27T12:07:15.315Z"}
{"level":"info","message":"🔎 Processando título CORRE 120558","service":"btg-baixa-titulos-service","timestamp":"2026-05-27T12:07:15.317Z"}
{"level":"info","message":"🌐 Millennium request: GET /MILLENIUM!JOIN_ONEUP.LANCAMENTOS.CONSULTALANCAMENTOS?cnpj=57.408.548%2F0001-92&n_documento=CORRE%20120558","service":"btg-baixa-titulos-service","timestamp":"2026-05-27T12:07:15.317Z"}
{"erro":"Título não localizado: CORRE 120558","level":"error","message":"❌ Erro no título CORRE 120558","service":"btg-baixa-titulos-service","status":"ERRO_CONSULTA","timestamp":"2026-05-27T12:07:15.334Z"}
{"level":"info","message":"🔎 Processando título CORRE 120329","service":"btg-baixa-titulos-service","timestamp":"2026-05-27T12:07:15.335Z"}
{"level":"info","message":"🌐 Millennium request: GET /MILLENIUM!JOIN_ONEUP.LANCAMENTOS.CONSULTALANCAMENTOS?cnpj=57.408.548%2F0001-92&n_documento=CORRE%20120329","service":"btg-baixa-titulos-service","timestamp":"2026-05-27T12:07:15.335Z"}
{"lancamento":1434922462,"level":"info","message":"ℹ️ Título CORRE 120329 já estava baixado. Processo ignorado.","service":"btg-baixa-titulos-service","situacao":"BAIXADO","timestamp":"2026-05-27T12:07:15.355Z"}
{"level":"info","message":"🔎 Processando título CORRE 120029","service":"btg-baixa-titulos-service","timestamp":"2026-05-27T12:07:15.356Z"}
{"level":"info","message":"🌐 Millennium request: GET /MILLENIUM!JOIN_ONEUP.LANCAMENTOS.CONSULTALANCAMENTOS?cnpj=57.408.548%2F0001-92&n_documento=CORRE%20120029","service":"btg-baixa-titulos-service","timestamp":"2026-05-27T12:07:15.356Z"}
{"lancamento":1434922461,"level":"info","message":"ℹ️ Título CORRE 120029 já estava baixado. Processo ignorado.","service":"btg-baixa-titulos-service","situacao":"BAIXADO","timestamp":"2026-05-27T12:07:15.389Z"}
{"level":"info","message":"🔎 Processando título 120775","service":"btg-baixa-titulos-service","timestamp":"2026-05-27T12:07:15.391Z"}
{"level":"info","message":"🌐 Millennium request: GET /MILLENIUM!JOIN_ONEUP.LANCAMENTOS.CONSULTALANCAMENTOS?cnpj=57.408.548%2F0001-92&n_documento=120775","service":"btg-baixa-titulos-service","timestamp":"2026-05-27T12:07:15.391Z"}
{"erro":"Título não localizado: 120775","level":"error","message":"❌ Erro no título 120775","service":"btg-baixa-titulos-service","status":"ERRO_CONSULTA","timestamp":"2026-05-27T12:07:15.408Z"}
{"level":"info","message":"🔎 Processando título 120620","service":"btg-baixa-titulos-service","timestamp":"2026-05-27T12:07:15.409Z"}
{"level":"info","message":"🌐 Millennium request: GET /MILLENIUM!JOIN_ONEUP.LANCAMENTOS.CONSULTALANCAMENTOS?cnpj=01.329.811%2F0001-01&n_documento=120620","service":"btg-baixa-titulos-service","timestamp":"2026-05-27T12:07:15.409Z"}
{"lancamento":1434917864,"level":"info","message":"ℹ️ Título 120620 já estava baixado. Processo ignorado.","service":"btg-baixa-titulos-service","situacao":"BAIXADO","timestamp":"2026-05-27T12:07:15.434Z"}
{"level":"info","message":"🔎 Processando título 121137/A","service":"btg-baixa-titulos-service","timestamp":"2026-05-27T12:07:15.435Z"}
{"level":"info","message":"🌐 Millennium request: GET /MILLENIUM!JOIN_ONEUP.LANCAMENTOS.CONSULTALANCAMENTOS?cnpj=00.768.271%2F0001-91&n_documento=121137%2FA","service":"btg-baixa-titulos-service","timestamp":"2026-05-27T12:07:15.435Z"}
{"lancamento":1434919878,"level":"info","message":"ℹ️ Título 121137/A já estava baixado. Processo ignorado.","service":"btg-baixa-titulos-service","situacao":"BAIXADO","timestamp":"2026-05-27T12:07:15.455Z"}
{"level":"info","message":"🔎 Processando título 119986/B","service":"btg-baixa-titulos-service","timestamp":"2026-05-27T12:07:15.456Z"}
{"level":"info","message":"🌐 Millennium request: GET /MILLENIUM!JOIN_ONEUP.LANCAMENTOS.CONSULTALANCAMENTOS?cnpj=73.652.158%2F0001-10&n_documento=119986%2FB","service":"btg-baixa-titulos-service","timestamp":"2026-05-27T12:07:15.457Z"}
{"lancamento":1434914964,"level":"info","message":"ℹ️ Título 119986/B já estava baixado. Processo ignorado.","service":"btg-baixa-titulos-service","situacao":"BAIXADO","timestamp":"2026-05-27T12:07:15.474Z"}
{"level":"info","message":"🔎 Processando título 119986/A","service":"btg-baixa-titulos-service","timestamp":"2026-05-27T12:07:15.475Z"}
{"level":"info","message":"🌐 Millennium request: GET /MILLENIUM!JOIN_ONEUP.LANCAMENTOS.CONSULTALANCAMENTOS?cnpj=73.652.158%2F0001-10&n_documento=119986%2FA","service":"btg-baixa-titulos-service","timestamp":"2026-05-27T12:07:15.475Z"}
{"lancamento":1434914963,"level":"info","message":"ℹ️ Título 119986/A já estava baixado. Processo ignorado.","service":"btg-baixa-titulos-service","situacao":"BAIXADO","timestamp":"2026-05-27T12:07:15.493Z"}
{"level":"info","message":"🔎 Processando título FRE 119328","service":"btg-baixa-titulos-service","timestamp":"2026-05-27T12:07:15.494Z"}
{"level":"info","message":"🌐 Millennium request: GET /MILLENIUM!JOIN_ONEUP.LANCAMENTOS.CONSULTALANCAMENTOS?cnpj=57.408.548%2F0001-92&n_documento=FRE%20119328","service":"btg-baixa-titulos-service","timestamp":"2026-05-27T12:07:15.494Z"}
{"erro":"Título não localizado: FRE 119328","level":"error","message":"❌ Erro no título FRE 119328","service":"btg-baixa-titulos-service","status":"ERRO_CONSULTA","timestamp":"2026-05-27T12:07:15.512Z"}
{"level":"info","message":"🔎 Processando título FRE 119325","service":"btg-baixa-titulos-service","timestamp":"2026-05-27T12:07:15.513Z"}
{"level":"info","message":"🌐 Millennium request: GET /MILLENIUM!JOIN_ONEUP.LANCAMENTOS.CONSULTALANCAMENTOS?cnpj=02.355.679%2F0001-67&n_documento=FRE%20119325","service":"btg-baixa-titulos-service","timestamp":"2026-05-27T12:07:15.513Z"}
{"lancamento":1434918566,"level":"info","message":"ℹ️ Título FRE 119325 já estava baixado. Processo ignorado.","service":"btg-baixa-titulos-service","situacao":"BAIXADO","timestamp":"2026-05-27T12:07:15.530Z"}
{"level":"info","message":"🔎 Processando título 120623/B","service":"btg-baixa-titulos-service","timestamp":"2026-05-27T12:07:15.532Z"}
{"level":"info","message":"🌐 Millennium request: GET /MILLENIUM!JOIN_ONEUP.LANCAMENTOS.CONSULTALANCAMENTOS?cnpj=00.768.271%2F0001-91&n_documento=120623%2FB","service":"btg-baixa-titulos-service","timestamp":"2026-05-27T12:07:15.533Z"}
{"lancamento":1434917867,"level":"info","message":"ℹ️ Título 120623/B já estava baixado. Processo ignorado.","service":"btg-baixa-titulos-service","situacao":"BAIXADO","timestamp":"2026-05-27T12:07:15.550Z"}
{"level":"info","message":"🔎 Processando título FRE 119324","service":"btg-baixa-titulos-service","timestamp":"2026-05-27T12:07:15.551Z"}
{"level":"info","message":"🌐 Millennium request: GET /MILLENIUM!JOIN_ONEUP.LANCAMENTOS.CONSULTALANCAMENTOS?cnpj=03.294.992%2F0001-03&n_documento=FRE%20119324","service":"btg-baixa-titulos-service","timestamp":"2026-05-27T12:07:15.551Z"}
{"lancamento":1434918575,"level":"info","message":"ℹ️ Título FRE 119324 já estava baixado. Processo ignorado.","service":"btg-baixa-titulos-service","situacao":"BAIXADO","timestamp":"2026-05-27T12:07:15.566Z"}
{"level":"info","message":"🔎 Processando título 120623/A","service":"btg-baixa-titulos-service","timestamp":"2026-05-27T12:07:15.567Z"}
{"level":"info","message":"🌐 Millennium request: GET /MILLENIUM!JOIN_ONEUP.LANCAMENTOS.CONSULTALANCAMENTOS?cnpj=00.768.271%2F0001-91&n_documento=120623%2FA","service":"btg-baixa-titulos-service","timestamp":"2026-05-27T12:07:15.567Z"}
{"lancamento":1434917866,"level":"info","message":"ℹ️ Título 120623/A já estava baixado. Processo ignorado.","service":"btg-baixa-titulos-service","situacao":"BAIXADO","timestamp":"2026-05-27T12:07:15.590Z"}
{"level":"info","message":"🔎 Processando título FRE 119300","service":"btg-baixa-titulos-service","timestamp":"2026-05-27T12:07:15.591Z"}
{"level":"info","message":"🌐 Millennium request: GET /MILLENIUM!JOIN_ONEUP.LANCAMENTOS.CONSULTALANCAMENTOS?cnpj=01.329.811%2F0001-01&n_documento=FRE%20119300","service":"btg-baixa-titulos-service","timestamp":"2026-05-27T12:07:15.591Z"}
{"lancamento":1434918576,"level":"info","message":"ℹ️ Título FRE 119300 já estava baixado. Processo ignorado.","service":"btg-baixa-titulos-service","situacao":"BAIXADO","timestamp":"2026-05-27T12:07:15.611Z"}
{"level":"info","message":"🔎 Processando título 120620","service":"btg-baixa-titulos-service","timestamp":"2026-05-27T12:07:15.612Z"}
{"level":"info","message":"🌐 Millennium request: GET /MILLENIUM!JOIN_ONEUP.LANCAMENTOS.CONSULTALANCAMENTOS?cnpj=01.329.811%2F0001-01&n_documento=120620","service":"btg-baixa-titulos-service","timestamp":"2026-05-27T12:07:15.612Z"}
{"lancamento":1434917864,"level":"info","message":"ℹ️ Título 120620 já estava baixado. Processo ignorado.","service":"btg-baixa-titulos-service","situacao":"BAIXADO","timestamp":"2026-05-27T12:07:15.626Z"}
{"level":"info","message":"🔎 Processando título FRE 119291","service":"btg-baixa-titulos-service","timestamp":"2026-05-27T12:07:15.628Z"}
{"level":"info","message":"🌐 Millennium request: GET /MILLENIUM!JOIN_ONEUP.LANCAMENTOS.CONSULTALANCAMENTOS?cnpj=01.009.793%2F0001-72&n_documento=FRE%20119291","service":"btg-baixa-titulos-service","timestamp":"2026-05-27T12:07:15.628Z"}
{"lancamento":1434918550,"level":"info","message":"ℹ️ Título FRE 119291 já estava baixado. Processo ignorado.","service":"btg-baixa-titulos-service","situacao":"BAIXADO","timestamp":"2026-05-27T12:07:15.646Z"}
{"level":"info","message":"🔎 Processando título FRE 119286","service":"btg-baixa-titulos-service","timestamp":"2026-05-27T12:07:15.647Z"}
{"level":"info","message":"🌐 Millennium request: GET /MILLENIUM!JOIN_ONEUP.LANCAMENTOS.CONSULTALANCAMENTOS?cnpj=21.067.137%2F0001-33&n_documento=FRE%20119286","service":"btg-baixa-titulos-service","timestamp":"2026-05-27T12:07:15.647Z"}
{"lancamento":1434918567,"level":"info","message":"ℹ️ Título FRE 119286 já estava baixado. Processo ignorado.","service":"btg-baixa-titulos-service","situacao":"BAIXADO","timestamp":"2026-05-27T12:07:15.665Z"}
{"level":"info","message":"🔎 Processando título FRE 117845","service":"btg-baixa-titulos-service","timestamp":"2026-05-27T12:07:15.666Z"}
{"level":"info","message":"🌐 Millennium request: GET /MILLENIUM!JOIN_ONEUP.LANCAMENTOS.CONSULTALANCAMENTOS?cnpj=03.294.992%2F0001-03&n_documento=FRE%20117845","service":"btg-baixa-titulos-service","timestamp":"2026-05-27T12:07:15.667Z"}
{"lancamento":1434918548,"level":"info","message":"ℹ️ Título FRE 117845 já estava baixado. Processo ignorado.","service":"btg-baixa-titulos-service","situacao":"BAIXADO","timestamp":"2026-05-27T12:07:15.690Z"}
{"level":"info","message":"🔎 Processando título FRE 117766","service":"btg-baixa-titulos-service","timestamp":"2026-05-27T12:07:15.691Z"}
{"level":"info","message":"🌐 Millennium request: GET /MILLENIUM!JOIN_ONEUP.LANCAMENTOS.CONSULTALANCAMENTOS?cnpj=57.408.548%2F0001-92&n_documento=FRE%20117766","service":"btg-baixa-titulos-service","timestamp":"2026-05-27T12:07:15.691Z"}
{"lancamento":1434918547,"level":"info","message":"ℹ️ Título FRE 117766 já estava baixado. Processo ignorado.","service":"btg-baixa-titulos-service","situacao":"BAIXADO","timestamp":"2026-05-27T12:07:15.788Z"}
{"level":"info","message":"🔎 Processando título 120619/B","service":"btg-baixa-titulos-service","timestamp":"2026-05-27T12:07:15.791Z"}
{"level":"info","message":"🌐 Millennium request: GET /MILLENIUM!JOIN_ONEUP.LANCAMENTOS.CONSULTALANCAMENTOS?cnpj=73.652.158%2F0001-10&n_documento=120619%2FB","service":"btg-baixa-titulos-service","timestamp":"2026-05-27T12:07:15.791Z"}
{"lancamento":1434917860,"level":"info","message":"📝 Atualizando título 120619/B","payload":{"lancamento":1434917860,"linhaDigitavel":"20890050091625115216775031005806514580000652608","nossoNumero":"66819462511521675","valorJuros":0},"service":"btg-baixa-titulos-service","timestamp":"2026-05-27T12:07:15.813Z"}
{"level":"info","message":"🌐 Millennium request: POST /MILLENIUM!JOIN_ONEUP.LANCAMENTOS.INSEREINFO","service":"btg-baixa-titulos-service","timestamp":"2026-05-27T12:07:15.813Z"}
{"lancamento":1434917860,"level":"info","message":"✅ Título atualizado com sucesso","numeroDocumento":"120619/B","service":"btg-baixa-titulos-service","timestamp":"2026-05-27T12:07:15.836Z","transId":340571825}
{"lancamento":1434917860,"level":"info","message":"💰 Iniciando baixa do título 120619/B","payload":{"CONCILIADO":true,"CONTA":1431333549,"DATA_PAGAMENTO":"2026-05-26","EFETUADO":true,"FILIAL":5,"GERA_OUTRO":false,"LANCAMENTO":1434917860,"OBS":"2026-05-27T12:07:15.837Z - Baixa por retorno automacao importacao excel","STATUS_BAIXA":"N","VALOR":6526.08,"acres_decres":0,"valor_pago":6526.08},"service":"btg-baixa-titulos-service","timestamp":"2026-05-27T12:07:15.837Z"}
{"dataPagamento":"2026-05-26","level":"info","message":"📅 Payload da baixa","service":"btg-baixa-titulos-service","timestamp":"2026-05-27T12:07:15.837Z"}
{"level":"info","message":"🌐 Millennium request: POST /millenium/titulos/baixa","service":"btg-baixa-titulos-service","timestamp":"2026-05-27T12:07:15.837Z"}
{"baixa":1435955972,"level":"info","message":"✅ Título baixado com sucesso","numeroDocumento":"120619/B","service":"btg-baixa-titulos-service","timestamp":"2026-05-27T12:07:16.022Z","valor":6526.08}
{"level":"info","message":"✅ Fluxo concluído para 120619/B","service":"btg-baixa-titulos-service","timestamp":"2026-05-27T12:07:16.023Z"}
{"level":"info","message":"🔎 Processando título CORRE 118933","service":"btg-baixa-titulos-service","timestamp":"2026-05-27T12:07:16.026Z"}
{"level":"info","message":"🌐 Millennium request: GET /MILLENIUM!JOIN_ONEUP.LANCAMENTOS.CONSULTALANCAMENTOS?cnpj=01.009.793%2F0001-72&n_documento=CORRE%20118933","service":"btg-baixa-titulos-service","timestamp":"2026-05-27T12:07:16.026Z"}
{"lancamento":1434918549,"level":"info","message":"ℹ️ Título CORRE 118933 já estava baixado. Processo ignorado.","service":"btg-baixa-titulos-service","situacao":"BAIXADO","timestamp":"2026-05-27T12:07:16.045Z"}
{"level":"info","message":"🔎 Processando título 120619/A","service":"btg-baixa-titulos-service","timestamp":"2026-05-27T12:07:16.047Z"}
{"level":"info","message":"🌐 Millennium request: GET /MILLENIUM!JOIN_ONEUP.LANCAMENTOS.CONSULTALANCAMENTOS?cnpj=73.652.158%2F0001-10&n_documento=120619%2FA","service":"btg-baixa-titulos-service","timestamp":"2026-05-27T12:07:16.047Z"}
{"lancamento":1434917859,"level":"info","message":"ℹ️ Título 120619/A já estava baixado. Processo ignorado.","service":"btg-baixa-titulos-service","situacao":"BAIXADO","timestamp":"2026-05-27T12:07:16.095Z"}
{"level":"info","message":"🔎 Processando título CORRE 117241","service":"btg-baixa-titulos-service","timestamp":"2026-05-27T12:07:16.097Z"}
{"level":"info","message":"🌐 Millennium request: GET /MILLENIUM!JOIN_ONEUP.LANCAMENTOS.CONSULTALANCAMENTOS?cnpj=03.294.992%2F0001-03&n_documento=CORRE%20117241","service":"btg-baixa-titulos-service","timestamp":"2026-05-27T12:07:16.097Z"}
{"lancamento":1434918546,"level":"info","message":"ℹ️ Título CORRE 117241 já estava baixado. Processo ignorado.","service":"btg-baixa-titulos-service","situacao":"BAIXADO","timestamp":"2026-05-27T12:07:16.115Z"}
{"level":"info","message":"🔎 Processando título 120618","service":"btg-baixa-titulos-service","timestamp":"2026-05-27T12:07:16.118Z"}
{"level":"info","message":"🌐 Millennium request: GET /MILLENIUM!JOIN_ONEUP.LANCAMENTOS.CONSULTALANCAMENTOS?cnpj=01.009.793%2F0001-72&n_documento=120618","service":"btg-baixa-titulos-service","timestamp":"2026-05-27T12:07:16.118Z"}
{"lancamento":1434917858,"level":"info","message":"ℹ️ Título 120618 já estava baixado. Processo ignorado.","service":"btg-baixa-titulos-service","situacao":"BAIXADO","timestamp":"2026-05-27T12:07:16.136Z"}
{"level":"info","message":"🔎 Processando título 120666","service":"btg-baixa-titulos-service","timestamp":"2026-05-27T12:07:16.138Z"}
{"level":"info","message":"🌐 Millennium request: GET /MILLENIUM!JOIN_ONEUP.LANCAMENTOS.CONSULTALANCAMENTOS?cnpj=02.355.679%2F0001-67&n_documento=120666","service":"btg-baixa-titulos-service","timestamp":"2026-05-27T12:07:16.138Z"}
{"lancamento":1434917997,"level":"info","message":"ℹ️ Título 120666 já estava baixado. Processo ignorado.","service":"btg-baixa-titulos-service","situacao":"BAIXADO","timestamp":"2026-05-27T12:07:16.154Z"}
{"level":"info","message":"🔎 Processando título 120614/B","service":"btg-baixa-titulos-service","timestamp":"2026-05-27T12:07:16.156Z"}
{"level":"info","message":"🌐 Millennium request: GET /MILLENIUM!JOIN_ONEUP.LANCAMENTOS.CONSULTALANCAMENTOS?cnpj=50.649.490%2F0001-20&n_documento=120614%2FB","service":"btg-baixa-titulos-service","timestamp":"2026-05-27T12:07:16.156Z"}
{"lancamento":1434917848,"level":"info","message":"📝 Atualizando título 120614/B","payload":{"lancamento":1434917848,"linhaDigitavel":"20890050091234615194217031005808814580000015733","nossoNumero":"51029423461519417","valorJuros":0},"service":"btg-baixa-titulos-service","timestamp":"2026-05-27T12:07:16.175Z"}
{"level":"info","message":"🌐 Millennium request: POST /MILLENIUM!JOIN_ONEUP.LANCAMENTOS.INSEREINFO","service":"btg-baixa-titulos-service","timestamp":"2026-05-27T12:07:16.175Z"}
{"lancamento":1434917848,"level":"info","message":"✅ Título atualizado com sucesso","numeroDocumento":"120614/B","service":"btg-baixa-titulos-service","timestamp":"2026-05-27T12:07:16.206Z","transId":340571827}
{"lancamento":1434917848,"level":"info","message":"💰 Iniciando baixa do título 120614/B","payload":{"CONCILIADO":true,"CONTA":1431333549,"DATA_PAGAMENTO":"2026-05-26","EFETUADO":true,"FILIAL":5,"GERA_OUTRO":false,"LANCAMENTO":1434917848,"OBS":"2026-05-27T12:07:16.206Z - Baixa por retorno automacao importacao excel","STATUS_BAIXA":"N","VALOR":157.33,"acres_decres":0,"valor_pago":157.33},"service":"btg-baixa-titulos-service","timestamp":"2026-05-27T12:07:16.207Z"}
{"dataPagamento":"2026-05-26","level":"info","message":"📅 Payload da baixa","service":"btg-baixa-titulos-service","timestamp":"2026-05-27T12:07:16.207Z"}
{"level":"info","message":"🌐 Millennium request: POST /millenium/titulos/baixa","service":"btg-baixa-titulos-service","timestamp":"2026-05-27T12:07:16.207Z"}
{"baixa":1435955973,"level":"info","message":"✅ Título baixado com sucesso","numeroDocumento":"120614/B","service":"btg-baixa-titulos-service","timestamp":"2026-05-27T12:07:16.331Z","valor":157.33}
{"level":"info","message":"✅ Fluxo concluído para 120614/B","service":"btg-baixa-titulos-service","timestamp":"2026-05-27T12:07:16.331Z"}
{"level":"info","message":"🔎 Processando título 120614/A","service":"btg-baixa-titulos-service","timestamp":"2026-05-27T12:07:16.335Z"}
{"level":"info","message":"🌐 Millennium request: GET /MILLENIUM!JOIN_ONEUP.LANCAMENTOS.CONSULTALANCAMENTOS?cnpj=50.649.490%2F0001-20&n_documento=120614%2FA","service":"btg-baixa-titulos-service","timestamp":"2026-05-27T12:07:16.336Z"}
{"lancamento":1434917847,"level":"info","message":"ℹ️ Título 120614/A já estava baixado. Processo ignorado.","service":"btg-baixa-titulos-service","situacao":"BAIXADO","timestamp":"2026-05-27T12:07:16.368Z"}
{"level":"info","message":"🔎 Processando título 120640/B","service":"btg-baixa-titulos-service","timestamp":"2026-05-27T12:07:16.370Z"}
{"level":"info","message":"🌐 Millennium request: GET /MILLENIUM!JOIN_ONEUP.LANCAMENTOS.CONSULTALANCAMENTOS?cnpj=50.649.490%2F0001-20&n_documento=120640%2FB","service":"btg-baixa-titulos-service","timestamp":"2026-05-27T12:07:16.370Z"}
{"lancamento":1434917921,"level":"info","message":"📝 Atualizando título 120640/B","payload":{"lancamento":1434917921,"linhaDigitavel":"20890050091960015187229031005803114580000338400","nossoNumero":"02698396001518729","valorJuros":0},"service":"btg-baixa-titulos-service","timestamp":"2026-05-27T12:07:16.391Z"}
{"level":"info","message":"🌐 Millennium request: POST /MILLENIUM!JOIN_ONEUP.LANCAMENTOS.INSEREINFO","service":"btg-baixa-titulos-service","timestamp":"2026-05-27T12:07:16.391Z"}
{"lancamento":1434917921,"level":"info","message":"✅ Título atualizado com sucesso","numeroDocumento":"120640/B","service":"btg-baixa-titulos-service","timestamp":"2026-05-27T12:07:16.418Z","transId":340571829}
{"lancamento":1434917921,"level":"info","message":"💰 Iniciando baixa do título 120640/B","payload":{"CONCILIADO":true,"CONTA":1431333549,"DATA_PAGAMENTO":"2026-05-26","EFETUADO":true,"FILIAL":5,"GERA_OUTRO":false,"LANCAMENTO":1434917921,"OBS":"2026-05-27T12:07:16.418Z - Baixa por retorno automacao importacao excel","STATUS_BAIXA":"N","VALOR":3384,"acres_decres":0,"valor_pago":3384},"service":"btg-baixa-titulos-service","timestamp":"2026-05-27T12:07:16.418Z"}
{"dataPagamento":"2026-05-26","level":"info","message":"📅 Payload da baixa","service":"btg-baixa-titulos-service","timestamp":"2026-05-27T12:07:16.418Z"}
{"level":"info","message":"🌐 Millennium request: POST /millenium/titulos/baixa","service":"btg-baixa-titulos-service","timestamp":"2026-05-27T12:07:16.418Z"}
{"baixa":1435955974,"level":"info","message":"✅ Título baixado com sucesso","numeroDocumento":"120640/B","service":"btg-baixa-titulos-service","timestamp":"2026-05-27T12:07:16.523Z","valor":3384}
{"level":"info","message":"✅ Fluxo concluído para 120640/B","service":"btg-baixa-titulos-service","timestamp":"2026-05-27T12:07:16.524Z"}
{"level":"info","message":"🔎 Processando título 120640/A","service":"btg-baixa-titulos-service","timestamp":"2026-05-27T12:07:16.528Z"}
{"level":"info","message":"🌐 Millennium request: GET /MILLENIUM!JOIN_ONEUP.LANCAMENTOS.CONSULTALANCAMENTOS?cnpj=50.649.490%2F0001-20&n_documento=120640%2FA","service":"btg-baixa-titulos-service","timestamp":"2026-05-27T12:07:16.528Z"}
{"lancamento":1434917920,"level":"info","message":"ℹ️ Título 120640/A já estava baixado. Processo ignorado.","service":"btg-baixa-titulos-service","situacao":"BAIXADO","timestamp":"2026-05-27T12:07:16.544Z"}
{"level":"info","message":"🔎 Processando título 120638/B","service":"btg-baixa-titulos-service","timestamp":"2026-05-27T12:07:16.546Z"}
{"level":"info","message":"🌐 Millennium request: GET /MILLENIUM!JOIN_ONEUP.LANCAMENTOS.CONSULTALANCAMENTOS?cnpj=01.934.454%2F0001-00&n_documento=120638%2FB","service":"btg-baixa-titulos-service","timestamp":"2026-05-27T12:07:16.546Z"}
{"lancamento":1434917916,"level":"info","message":"ℹ️ Título 120638/B já estava baixado. Processo ignorado.","service":"btg-baixa-titulos-service","situacao":"BAIXADO","timestamp":"2026-05-27T12:07:16.590Z"}
{"level":"info","message":"🔎 Processando título 120183/B","service":"btg-baixa-titulos-service","timestamp":"2026-05-27T12:07:16.592Z"}
{"level":"info","message":"🌐 Millennium request: GET /MILLENIUM!JOIN_ONEUP.LANCAMENTOS.CONSULTALANCAMENTOS?cnpj=03.294.992%2F0001-03&n_documento=120183%2FB","service":"btg-baixa-titulos-service","timestamp":"2026-05-27T12:07:16.592Z"}
{"lancamento":1434916367,"level":"info","message":"ℹ️ Título 120183/B já estava baixado. Processo ignorado.","service":"btg-baixa-titulos-service","situacao":"BAIXADO","timestamp":"2026-05-27T12:07:16.609Z"}
{"level":"info","message":"🔎 Processando título 120638/A","service":"btg-baixa-titulos-service","timestamp":"2026-05-27T12:07:16.611Z"}
{"level":"info","message":"🌐 Millennium request: GET /MILLENIUM!JOIN_ONEUP.LANCAMENTOS.CONSULTALANCAMENTOS?cnpj=01.934.454%2F0001-00&n_documento=120638%2FA","service":"btg-baixa-titulos-service","timestamp":"2026-05-27T12:07:16.611Z"}
{"lancamento":1434917915,"level":"info","message":"ℹ️ Título 120638/A já estava baixado. Processo ignorado.","service":"btg-baixa-titulos-service","situacao":"BAIXADO","timestamp":"2026-05-27T12:07:16.650Z"}
{"level":"info","message":"🔎 Processando título 120183/A","service":"btg-baixa-titulos-service","timestamp":"2026-05-27T12:07:16.651Z"}
{"level":"info","message":"🌐 Millennium request: GET /MILLENIUM!JOIN_ONEUP.LANCAMENTOS.CONSULTALANCAMENTOS?cnpj=03.294.992%2F0001-03&n_documento=120183%2FA","service":"btg-baixa-titulos-service","timestamp":"2026-05-27T12:07:16.651Z"}
{"lancamento":1434916366,"level":"info","message":"ℹ️ Título 120183/A já estava baixado. Processo ignorado.","service":"btg-baixa-titulos-service","situacao":"BAIXADO","timestamp":"2026-05-27T12:07:16.670Z"}
{"level":"info","message":"🔎 Processando título 120634/B","service":"btg-baixa-titulos-service","timestamp":"2026-05-27T12:07:16.671Z"}
{"level":"info","message":"🌐 Millennium request: GET /MILLENIUM!JOIN_ONEUP.LANCAMENTOS.CONSULTALANCAMENTOS?cnpj=06.181.589%2F0001-58&n_documento=120634%2FB","service":"btg-baixa-titulos-service","timestamp":"2026-05-27T12:07:16.671Z"}
{"lancamento":1434917908,"level":"info","message":"📝 Atualizando título 120634/B","payload":{"lancamento":1434917908,"linhaDigitavel":"20890050091081615147552031005805114580000284240","nossoNumero":"54696308161514752","valorJuros":0},"service":"btg-baixa-titulos-service","timestamp":"2026-05-27T12:07:16.695Z"}
{"level":"info","message":"🌐 Millennium request: POST /MILLENIUM!JOIN_ONEUP.LANCAMENTOS.INSEREINFO","service":"btg-baixa-titulos-service","timestamp":"2026-05-27T12:07:16.695Z"}
{"lancamento":1434917908,"level":"info","message":"✅ Título atualizado com sucesso","numeroDocumento":"120634/B","service":"btg-baixa-titulos-service","timestamp":"2026-05-27T12:07:16.714Z","transId":340571831}
{"lancamento":1434917908,"level":"info","message":"💰 Iniciando baixa do título 120634/B","payload":{"CONCILIADO":true,"CONTA":1431333549,"DATA_PAGAMENTO":"2026-05-26","EFETUADO":true,"FILIAL":5,"GERA_OUTRO":false,"LANCAMENTO":1434917908,"OBS":"2026-05-27T12:07:16.714Z - Baixa por retorno automacao importacao excel","STATUS_BAIXA":"N","VALOR":2842.4,"acres_decres":0,"valor_pago":2842.4},"service":"btg-baixa-titulos-service","timestamp":"2026-05-27T12:07:16.715Z"}
{"dataPagamento":"2026-05-26","level":"info","message":"📅 Payload da baixa","service":"btg-baixa-titulos-service","timestamp":"2026-05-27T12:07:16.715Z"}
{"level":"info","message":"🌐 Millennium request: POST /millenium/titulos/baixa","service":"btg-baixa-titulos-service","timestamp":"2026-05-27T12:07:16.715Z"}
{"baixa":1435955975,"level":"info","message":"✅ Título baixado com sucesso","numeroDocumento":"120634/B","service":"btg-baixa-titulos-service","timestamp":"2026-05-27T12:07:16.836Z","valor":2842.4}
{"level":"info","message":"✅ Fluxo concluído para 120634/B","service":"btg-baixa-titulos-service","timestamp":"2026-05-27T12:07:16.836Z"}
{"level":"info","message":"🔎 Processando título 120559/A","service":"btg-baixa-titulos-service","timestamp":"2026-05-27T12:07:16.838Z"}
{"level":"info","message":"🌐 Millennium request: GET /MILLENIUM!JOIN_ONEUP.LANCAMENTOS.CONSULTALANCAMENTOS?cnpj=57.408.548%2F0001-92&n_documento=120559%2FA","service":"btg-baixa-titulos-service","timestamp":"2026-05-27T12:07:16.838Z"}
{"lancamento":1434917507,"level":"info","message":"ℹ️ Título 120559/A já estava baixado. Processo ignorado.","service":"btg-baixa-titulos-service","situacao":"BAIXADO","timestamp":"2026-05-27T12:07:16.855Z"}
{"level":"info","message":"🔎 Processando título 120634/A","service":"btg-baixa-titulos-service","timestamp":"2026-05-27T12:07:16.856Z"}
{"level":"info","message":"🌐 Millennium request: GET /MILLENIUM!JOIN_ONEUP.LANCAMENTOS.CONSULTALANCAMENTOS?cnpj=06.181.589%2F0001-58&n_documento=120634%2FA","service":"btg-baixa-titulos-service","timestamp":"2026-05-27T12:07:16.856Z"}
{"lancamento":1434917907,"level":"info","message":"ℹ️ Título 120634/A já estava baixado. Processo ignorado.","service":"btg-baixa-titulos-service","situacao":"BAIXADO","timestamp":"2026-05-27T12:07:16.873Z"}
{"level":"info","message":"🔎 Processando título 120558/A","service":"btg-baixa-titulos-service","timestamp":"2026-05-27T12:07:16.874Z"}
{"level":"info","message":"🌐 Millennium request: GET /MILLENIUM!JOIN_ONEUP.LANCAMENTOS.CONSULTALANCAMENTOS?cnpj=57.408.548%2F0001-92&n_documento=120558%2FA","service":"btg-baixa-titulos-service","timestamp":"2026-05-27T12:07:16.874Z"}
{"lancamento":1434917502,"level":"info","message":"ℹ️ Título 120558/A já estava baixado. Processo ignorado.","service":"btg-baixa-titulos-service","situacao":"BAIXADO","timestamp":"2026-05-27T12:07:16.893Z"}
{"level":"info","message":"🔎 Processando título 120633/B","service":"btg-baixa-titulos-service","timestamp":"2026-05-27T12:07:16.894Z"}
{"level":"info","message":"🌐 Millennium request: GET /MILLENIUM!JOIN_ONEUP.LANCAMENTOS.CONSULTALANCAMENTOS?cnpj=03.247.651%2F0001-79&n_documento=120633%2FB","service":"btg-baixa-titulos-service","timestamp":"2026-05-27T12:07:16.894Z"}
{"lancamento":1434917903,"level":"info","message":"📝 Atualizando título 120633/B","payload":{"lancamento":1434917903,"linhaDigitavel":"20890050091594915122737031005806414580000519920","nossoNumero":"93711559491512237","valorJuros":0},"service":"btg-baixa-titulos-service","timestamp":"2026-05-27T12:07:16.912Z"}
{"level":"info","message":"🌐 Millennium request: POST /MILLENIUM!JOIN_ONEUP.LANCAMENTOS.INSEREINFO","service":"btg-baixa-titulos-service","timestamp":"2026-05-27T12:07:16.912Z"}
{"lancamento":1434917903,"level":"info","message":"✅ Título atualizado com sucesso","numeroDocumento":"120633/B","service":"btg-baixa-titulos-service","timestamp":"2026-05-27T12:07:16.931Z","transId":340571833}
{"lancamento":1434917903,"level":"info","message":"💰 Iniciando baixa do título 120633/B","payload":{"CONCILIADO":true,"CONTA":1431333549,"DATA_PAGAMENTO":"2026-05-26","EFETUADO":true,"FILIAL":5,"GERA_OUTRO":false,"LANCAMENTO":1434917903,"OBS":"2026-05-27T12:07:16.931Z - Baixa por retorno automacao importacao excel","STATUS_BAIXA":"N","VALOR":5199.2,"acres_decres":0,"valor_pago":5199.2},"service":"btg-baixa-titulos-service","timestamp":"2026-05-27T12:07:16.931Z"}
{"dataPagamento":"2026-05-26","level":"info","message":"📅 Payload da baixa","service":"btg-baixa-titulos-service","timestamp":"2026-05-27T12:07:16.931Z"}
{"level":"info","message":"🌐 Millennium request: POST /millenium/titulos/baixa","service":"btg-baixa-titulos-service","timestamp":"2026-05-27T12:07:16.931Z"}
{"baixa":1435955976,"level":"info","message":"✅ Título baixado com sucesso","numeroDocumento":"120633/B","service":"btg-baixa-titulos-service","timestamp":"2026-05-27T12:07:17.020Z","valor":5199.2}
{"level":"info","message":"✅ Fluxo concluído para 120633/B","service":"btg-baixa-titulos-service","timestamp":"2026-05-27T12:07:17.020Z"}
{"level":"info","message":"🔎 Processando título 120633/A","service":"btg-baixa-titulos-service","timestamp":"2026-05-27T12:07:17.022Z"}
{"level":"info","message":"🌐 Millennium request: GET /MILLENIUM!JOIN_ONEUP.LANCAMENTOS.CONSULTALANCAMENTOS?cnpj=03.247.651%2F0001-79&n_documento=120633%2FA","service":"btg-baixa-titulos-service","timestamp":"2026-05-27T12:07:17.023Z"}
{"lancamento":1434917902,"level":"info","message":"ℹ️ Título 120633/A já estava baixado. Processo ignorado.","service":"btg-baixa-titulos-service","situacao":"BAIXADO","timestamp":"2026-05-27T12:07:17.041Z"}
{"level":"info","message":"🔎 Processando título 120329/A","service":"btg-baixa-titulos-service","timestamp":"2026-05-27T12:07:17.042Z"}
{"level":"info","message":"🌐 Millennium request: GET /MILLENIUM!JOIN_ONEUP.LANCAMENTOS.CONSULTALANCAMENTOS?cnpj=57.408.548%2F0001-92&n_documento=120329%2FA","service":"btg-baixa-titulos-service","timestamp":"2026-05-27T12:07:17.042Z"}
{"lancamento":1434917003,"level":"info","message":"ℹ️ Título 120329/A já estava baixado. Processo ignorado.","service":"btg-baixa-titulos-service","situacao":"BAIXADO","timestamp":"2026-05-27T12:07:17.059Z"}
{"level":"info","message":"🔎 Processando título 120632/B","service":"btg-baixa-titulos-service","timestamp":"2026-05-27T12:07:17.062Z"}
{"level":"info","message":"🌐 Millennium request: GET /MILLENIUM!JOIN_ONEUP.LANCAMENTOS.CONSULTALANCAMENTOS?cnpj=50.649.490%2F0001-20&n_documento=120632%2FB","service":"btg-baixa-titulos-service","timestamp":"2026-05-27T12:07:17.062Z"}
{"lancamento":1434917889,"level":"info","message":"📝 Atualizando título 120632/B","payload":{"lancamento":1434917889,"linhaDigitavel":"20890050091335915103545031005809714580000078600","nossoNumero":"41237533591510345","valorJuros":0},"service":"btg-baixa-titulos-service","timestamp":"2026-05-27T12:07:17.082Z"}
{"level":"info","message":"🌐 Millennium request: POST /MILLENIUM!JOIN_ONEUP.LANCAMENTOS.INSEREINFO","service":"btg-baixa-titulos-service","timestamp":"2026-05-27T12:07:17.082Z"}
{"lancamento":1434917889,"level":"info","message":"✅ Título atualizado com sucesso","numeroDocumento":"120632/B","service":"btg-baixa-titulos-service","timestamp":"2026-05-27T12:07:17.100Z","transId":340571835}
{"lancamento":1434917889,"level":"info","message":"💰 Iniciando baixa do título 120632/B","payload":{"CONCILIADO":true,"CONTA":1431333549,"DATA_PAGAMENTO":"2026-05-26","EFETUADO":true,"FILIAL":5,"GERA_OUTRO":false,"LANCAMENTO":1434917889,"OBS":"2026-05-27T12:07:17.100Z - Baixa por retorno automacao importacao excel","STATUS_BAIXA":"N","VALOR":786,"acres_decres":0,"valor_pago":786},"service":"btg-baixa-titulos-service","timestamp":"2026-05-27T12:07:17.100Z"}
{"dataPagamento":"2026-05-26","level":"info","message":"📅 Payload da baixa","service":"btg-baixa-titulos-service","timestamp":"2026-05-27T12:07:17.100Z"}
{"level":"info","message":"🌐 Millennium request: POST /millenium/titulos/baixa","service":"btg-baixa-titulos-service","timestamp":"2026-05-27T12:07:17.100Z"}
{"baixa":1435955977,"level":"info","message":"✅ Título baixado com sucesso","numeroDocumento":"120632/B","service":"btg-baixa-titulos-service","timestamp":"2026-05-27T12:07:17.186Z","valor":786}
{"level":"info","message":"✅ Fluxo concluído para 120632/B","service":"btg-baixa-titulos-service","timestamp":"2026-05-27T12:07:17.186Z"}
{"level":"info","message":"🔎 Processando título 120632/A","service":"btg-baixa-titulos-service","timestamp":"2026-05-27T12:07:17.190Z"}
{"level":"info","message":"🌐 Millennium request: GET /MILLENIUM!JOIN_ONEUP.LANCAMENTOS.CONSULTALANCAMENTOS?cnpj=50.649.490%2F0001-20&n_documento=120632%2FA","service":"btg-baixa-titulos-service","timestamp":"2026-05-27T12:07:17.190Z"}
{"lancamento":1434917888,"level":"info","message":"ℹ️ Título 120632/A já estava baixado. Processo ignorado.","service":"btg-baixa-titulos-service","situacao":"BAIXADO","timestamp":"2026-05-27T12:07:17.208Z"}
{"level":"info","message":"🔎 Processando título 120029/A","service":"btg-baixa-titulos-service","timestamp":"2026-05-27T12:07:17.210Z"}
{"level":"info","message":"🌐 Millennium request: GET /MILLENIUM!JOIN_ONEUP.LANCAMENTOS.CONSULTALANCAMENTOS?cnpj=57.408.548%2F0001-92&n_documento=120029%2FA","service":"btg-baixa-titulos-service","timestamp":"2026-05-27T12:07:17.210Z"}
{"lancamento":1434915718,"level":"info","message":"ℹ️ Título 120029/A já estava baixado. Processo ignorado.","service":"btg-baixa-titulos-service","situacao":"BAIXADO","timestamp":"2026-05-27T12:07:17.227Z"}
{"level":"info","message":"🔎 Processando título 120631/A","service":"btg-baixa-titulos-service","timestamp":"2026-05-27T12:07:17.229Z"}
{"level":"info","message":"🌐 Millennium request: GET /MILLENIUM!JOIN_ONEUP.LANCAMENTOS.CONSULTALANCAMENTOS?cnpj=03.294.992%2F0001-03&n_documento=120631%2FA","service":"btg-baixa-titulos-service","timestamp":"2026-05-27T12:07:17.229Z"}
{"lancamento":1434917883,"level":"info","message":"ℹ️ Título 120631/A já estava baixado. Processo ignorado.","service":"btg-baixa-titulos-service","situacao":"BAIXADO","timestamp":"2026-05-27T12:07:17.245Z"}
{"level":"info","message":"🔎 Processando título 120613/B","service":"btg-baixa-titulos-service","timestamp":"2026-05-27T12:07:17.247Z"}
{"level":"info","message":"🌐 Millennium request: GET /MILLENIUM!JOIN_ONEUP.LANCAMENTOS.CONSULTALANCAMENTOS?cnpj=50.649.490%2F0001-20&n_documento=120613%2FB","service":"btg-baixa-titulos-service","timestamp":"2026-05-27T12:07:17.247Z"}
{"lancamento":1434917836,"level":"info","message":"📝 Atualizando título 120613/B","payload":{"lancamento":1434917836,"linhaDigitavel":"20890050091805815057607031005809614580000087733","nossoNumero":"83740180581505707","valorJuros":0},"service":"btg-baixa-titulos-service","timestamp":"2026-05-27T12:07:17.262Z"}
{"level":"info","message":"🌐 Millennium request: POST /MILLENIUM!JOIN_ONEUP.LANCAMENTOS.INSEREINFO","service":"btg-baixa-titulos-service","timestamp":"2026-05-27T12:07:17.263Z"}
{"lancamento":1434917836,"level":"info","message":"✅ Título atualizado com sucesso","numeroDocumento":"120613/B","service":"btg-baixa-titulos-service","timestamp":"2026-05-27T12:07:17.364Z","transId":340571837}
{"lancamento":1434917836,"level":"info","message":"💰 Iniciando baixa do título 120613/B","payload":{"CONCILIADO":true,"CONTA":1431333549,"DATA_PAGAMENTO":"2026-05-26","EFETUADO":true,"FILIAL":5,"GERA_OUTRO":false,"LANCAMENTO":1434917836,"OBS":"2026-05-27T12:07:17.364Z - Baixa por retorno automacao importacao excel","STATUS_BAIXA":"N","VALOR":877.33,"acres_decres":0,"valor_pago":877.33},"service":"btg-baixa-titulos-service","timestamp":"2026-05-27T12:07:17.364Z"}
{"dataPagamento":"2026-05-26","level":"info","message":"📅 Payload da baixa","service":"btg-baixa-titulos-service","timestamp":"2026-05-27T12:07:17.364Z"}
{"level":"info","message":"🌐 Millennium request: POST /millenium/titulos/baixa","service":"btg-baixa-titulos-service","timestamp":"2026-05-27T12:07:17.365Z"}
{"baixa":1435955978,"level":"info","message":"✅ Título baixado com sucesso","numeroDocumento":"120613/B","service":"btg-baixa-titulos-service","timestamp":"2026-05-27T12:07:17.453Z","valor":877.33}
{"level":"info","message":"✅ Fluxo concluído para 120613/B","service":"btg-baixa-titulos-service","timestamp":"2026-05-27T12:07:17.453Z"}
{"level":"info","message":"🔎 Processando título 120629/A","service":"btg-baixa-titulos-service","timestamp":"2026-05-27T12:07:17.457Z"}
{"level":"info","message":"🌐 Millennium request: GET /MILLENIUM!JOIN_ONEUP.LANCAMENTOS.CONSULTALANCAMENTOS?cnpj=57.408.548%2F0001-92&n_documento=120629%2FA","service":"btg-baixa-titulos-service","timestamp":"2026-05-27T12:07:17.457Z"}
{"lancamento":1434917879,"level":"info","message":"📝 Atualizando título 120629/A","payload":{"lancamento":1434917879,"linhaDigitavel":"20890050091323515054061031005806214580001044469","nossoNumero":"88086132351505461","valorJuros":0},"service":"btg-baixa-titulos-service","timestamp":"2026-05-27T12:07:17.475Z"}
{"level":"info","message":"🌐 Millennium request: POST /MILLENIUM!JOIN_ONEUP.LANCAMENTOS.INSEREINFO","service":"btg-baixa-titulos-service","timestamp":"2026-05-27T12:07:17.475Z"}
{"lancamento":1434917879,"level":"info","message":"✅ Título atualizado com sucesso","numeroDocumento":"120629/A","service":"btg-baixa-titulos-service","timestamp":"2026-05-27T12:07:17.495Z","transId":340571839}
{"lancamento":1434917879,"level":"info","message":"💰 Iniciando baixa do título 120629/A","payload":{"CONCILIADO":true,"CONTA":1431333549,"DATA_PAGAMENTO":"2026-05-26","EFETUADO":true,"FILIAL":5,"GERA_OUTRO":false,"LANCAMENTO":1434917879,"OBS":"2026-05-27T12:07:17.495Z - Baixa por retorno automacao importacao excel","STATUS_BAIXA":"N","VALOR":10444.69,"acres_decres":0,"valor_pago":10444.69},"service":"btg-baixa-titulos-service","timestamp":"2026-05-27T12:07:17.496Z"}
{"dataPagamento":"2026-05-26","level":"info","message":"📅 Payload da baixa","service":"btg-baixa-titulos-service","timestamp":"2026-05-27T12:07:17.496Z"}
{"level":"info","message":"🌐 Millennium request: POST /millenium/titulos/baixa","service":"btg-baixa-titulos-service","timestamp":"2026-05-27T12:07:17.496Z"}
{"baixa":1435955979,"level":"info","message":"✅ Título baixado com sucesso","numeroDocumento":"120629/A","service":"btg-baixa-titulos-service","timestamp":"2026-05-27T12:07:17.589Z","valor":10444.69}
{"level":"info","message":"✅ Fluxo concluído para 120629/A","service":"btg-baixa-titulos-service","timestamp":"2026-05-27T12:07:17.589Z"}
{"level":"info","message":"🔎 Processando título 120613/A","service":"btg-baixa-titulos-service","timestamp":"2026-05-27T12:07:17.592Z"}
{"level":"info","message":"🌐 Millennium request: GET /MILLENIUM!JOIN_ONEUP.LANCAMENTOS.CONSULTALANCAMENTOS?cnpj=50.649.490%2F0001-20&n_documento=120613%2FA","service":"btg-baixa-titulos-service","timestamp":"2026-05-27T12:07:17.592Z"}
{"lancamento":1434917835,"level":"info","message":"ℹ️ Título 120613/A já estava baixado. Processo ignorado.","service":"btg-baixa-titulos-service","situacao":"BAIXADO","timestamp":"2026-05-27T12:07:17.612Z"}
{"level":"info","message":"🔎 Processando título 120628","service":"btg-baixa-titulos-service","timestamp":"2026-05-27T12:07:17.615Z"}
{"level":"info","message":"🌐 Millennium request: GET /MILLENIUM!JOIN_ONEUP.LANCAMENTOS.CONSULTALANCAMENTOS?cnpj=77.857.555%2F0009-36&n_documento=120628","service":"btg-baixa-titulos-service","timestamp":"2026-05-27T12:07:17.615Z"}
{"lancamento":1434917878,"level":"info","message":"ℹ️ Título 120628 já estava baixado. Processo ignorado.","service":"btg-baixa-titulos-service","situacao":"BAIXADO","timestamp":"2026-05-27T12:07:17.632Z"}
{"level":"info","message":"🔎 Processando título 120611/B","service":"btg-baixa-titulos-service","timestamp":"2026-05-27T12:07:17.634Z"}
{"level":"info","message":"🌐 Millennium request: GET /MILLENIUM!JOIN_ONEUP.LANCAMENTOS.CONSULTALANCAMENTOS?cnpj=50.649.490%2F0001-20&n_documento=120611%2FB","service":"btg-baixa-titulos-service","timestamp":"2026-05-27T12:07:17.634Z"}
{"lancamento":1434917833,"level":"info","message":"📝 Atualizando título 120611/B","payload":{"lancamento":1434917833,"linhaDigitavel":"20890050091386715043892031005801614580000037200","nossoNumero":"51608138671504392","valorJuros":0},"service":"btg-baixa-titulos-service","timestamp":"2026-05-27T12:07:17.653Z"}
{"level":"info","message":"🌐 Millennium request: POST /MILLENIUM!JOIN_ONEUP.LANCAMENTOS.INSEREINFO","service":"btg-baixa-titulos-service","timestamp":"2026-05-27T12:07:17.653Z"}
{"lancamento":1434917833,"level":"info","message":"✅ Título atualizado com sucesso","numeroDocumento":"120611/B","service":"btg-baixa-titulos-service","timestamp":"2026-05-27T12:07:17.674Z","transId":340571841}
{"lancamento":1434917833,"level":"info","message":"💰 Iniciando baixa do título 120611/B","payload":{"CONCILIADO":true,"CONTA":1431333549,"DATA_PAGAMENTO":"2026-05-26","EFETUADO":true,"FILIAL":5,"GERA_OUTRO":false,"LANCAMENTO":1434917833,"OBS":"2026-05-27T12:07:17.674Z - Baixa por retorno automacao importacao excel","STATUS_BAIXA":"N","VALOR":372,"acres_decres":0,"valor_pago":372},"service":"btg-baixa-titulos-service","timestamp":"2026-05-27T12:07:17.674Z"}
{"dataPagamento":"2026-05-26","level":"info","message":"📅 Payload da baixa","service":"btg-baixa-titulos-service","timestamp":"2026-05-27T12:07:17.675Z"}
{"level":"info","message":"🌐 Millennium request: POST /millenium/titulos/baixa","service":"btg-baixa-titulos-service","timestamp":"2026-05-27T12:07:17.675Z"}
{"baixa":1435955980,"level":"info","message":"✅ Título baixado com sucesso","numeroDocumento":"120611/B","service":"btg-baixa-titulos-service","timestamp":"2026-05-27T12:07:17.759Z","valor":372}
{"level":"info","message":"✅ Fluxo concluído para 120611/B","service":"btg-baixa-titulos-service","timestamp":"2026-05-27T12:07:17.760Z"}
{"level":"info","message":"🔎 Processando título 120611/A","service":"btg-baixa-titulos-service","timestamp":"2026-05-27T12:07:17.765Z"}
{"level":"info","message":"🌐 Millennium request: GET /MILLENIUM!JOIN_ONEUP.LANCAMENTOS.CONSULTALANCAMENTOS?cnpj=50.649.490%2F0001-20&n_documento=120611%2FA","service":"btg-baixa-titulos-service","timestamp":"2026-05-27T12:07:17.765Z"}
{"lancamento":1434917832,"level":"info","message":"ℹ️ Título 120611/A já estava baixado. Processo ignorado.","service":"btg-baixa-titulos-service","situacao":"BAIXADO","timestamp":"2026-05-27T12:07:17.783Z"}
{"level":"info","message":"🔎 Processando título 120625/B","service":"btg-baixa-titulos-service","timestamp":"2026-05-27T12:07:17.785Z"}
{"level":"info","message":"🌐 Millennium request: GET /MILLENIUM!JOIN_ONEUP.LANCAMENTOS.CONSULTALANCAMENTOS?cnpj=44.999.259%2F0001-63&n_documento=120625%2FB","service":"btg-baixa-titulos-service","timestamp":"2026-05-27T12:07:17.785Z"}
{"lancamento":1434917872,"level":"info","message":"📝 Atualizando título 120625/B","payload":{"lancamento":1434917872,"linhaDigitavel":"20890050091302015024203031005808214580000640880","nossoNumero":"10716330201502403","valorJuros":0},"service":"btg-baixa-titulos-service","timestamp":"2026-05-27T12:07:17.886Z"}
{"level":"info","message":"🌐 Millennium request: POST /MILLENIUM!JOIN_ONEUP.LANCAMENTOS.INSEREINFO","service":"btg-baixa-titulos-service","timestamp":"2026-05-27T12:07:17.887Z"}
{"lancamento":1434917872,"level":"info","message":"✅ Título atualizado com sucesso","numeroDocumento":"120625/B","service":"btg-baixa-titulos-service","timestamp":"2026-05-27T12:07:17.923Z","transId":340571843}
{"lancamento":1434917872,"level":"info","message":"💰 Iniciando baixa do título 120625/B","payload":{"CONCILIADO":true,"CONTA":1431333549,"DATA_PAGAMENTO":"2026-05-26","EFETUADO":true,"FILIAL":5,"GERA_OUTRO":false,"LANCAMENTO":1434917872,"OBS":"2026-05-27T12:07:17.923Z - Baixa por retorno automacao importacao excel","STATUS_BAIXA":"N","VALOR":6408.8,"acres_decres":0,"valor_pago":6408.8},"service":"btg-baixa-titulos-service","timestamp":"2026-05-27T12:07:17.923Z"}
{"dataPagamento":"2026-05-26","level":"info","message":"📅 Payload da baixa","service":"btg-baixa-titulos-service","timestamp":"2026-05-27T12:07:17.923Z"}
{"level":"info","message":"🌐 Millennium request: POST /millenium/titulos/baixa","service":"btg-baixa-titulos-service","timestamp":"2026-05-27T12:07:17.924Z"}
{"baixa":1435955981,"level":"info","message":"✅ Título baixado com sucesso","numeroDocumento":"120625/B","service":"btg-baixa-titulos-service","timestamp":"2026-05-27T12:07:18.011Z","valor":6408.8}
{"level":"info","message":"✅ Fluxo concluído para 120625/B","service":"btg-baixa-titulos-service","timestamp":"2026-05-27T12:07:18.011Z"}
{"level":"info","message":"🔎 Processando título 119929/B","service":"btg-baixa-titulos-service","timestamp":"2026-05-27T12:07:18.015Z"}
{"level":"info","message":"🌐 Millennium request: GET /MILLENIUM!JOIN_ONEUP.LANCAMENTOS.CONSULTALANCAMENTOS?cnpj=03.247.651%2F0001-79&n_documento=119929%2FB","service":"btg-baixa-titulos-service","timestamp":"2026-05-27T12:07:18.015Z"}
{"lancamento":1434914751,"level":"info","message":"ℹ️ Título 119929/B já estava baixado. Processo ignorado.","service":"btg-baixa-titulos-service","situacao":"BAIXADO","timestamp":"2026-05-27T12:07:18.031Z"}
{"level":"info","message":"🔎 Processando título 120625/A","service":"btg-baixa-titulos-service","timestamp":"2026-05-27T12:07:18.034Z"}
{"level":"info","message":"🌐 Millennium request: GET /MILLENIUM!JOIN_ONEUP.LANCAMENTOS.CONSULTALANCAMENTOS?cnpj=44.999.259%2F0001-63&n_documento=120625%2FA","service":"btg-baixa-titulos-service","timestamp":"2026-05-27T12:07:18.034Z"}
{"lancamento":1434917871,"level":"info","message":"ℹ️ Título 120625/A já estava baixado. Processo ignorado.","service":"btg-baixa-titulos-service","situacao":"BAIXADO","timestamp":"2026-05-27T12:07:18.050Z"}
{"level":"info","message":"🔎 Processando título 119929/A","service":"btg-baixa-titulos-service","timestamp":"2026-05-27T12:07:18.053Z"}
{"level":"info","message":"🌐 Millennium request: GET /MILLENIUM!JOIN_ONEUP.LANCAMENTOS.CONSULTALANCAMENTOS?cnpj=03.247.651%2F0001-79&n_documento=119929%2FA","service":"btg-baixa-titulos-service","timestamp":"2026-05-27T12:07:18.053Z"}
{"lancamento":1434914750,"level":"info","message":"ℹ️ Título 119929/A já estava baixado. Processo ignorado.","service":"btg-baixa-titulos-service","situacao":"BAIXADO","timestamp":"2026-05-27T12:07:18.071Z"}
{"level":"info","message":"🔎 Processando título 119716/A","service":"btg-baixa-titulos-service","timestamp":"2026-05-27T12:07:18.074Z"}
{"level":"info","message":"🌐 Millennium request: GET /MILLENIUM!JOIN_ONEUP.LANCAMENTOS.CONSULTALANCAMENTOS?cnpj=57.408.548%2F0001-92&n_documento=119716%2FA","service":"btg-baixa-titulos-service","timestamp":"2026-05-27T12:07:18.074Z"}
{"lancamento":1434913667,"level":"info","message":"ℹ️ Título 119716/A já estava baixado. Processo ignorado.","service":"btg-baixa-titulos-service","situacao":"BAIXADO","timestamp":"2026-05-27T12:07:18.092Z"}
{"level":"info","message":"🔎 Processando título 119297/B","service":"btg-baixa-titulos-service","timestamp":"2026-05-27T12:07:18.093Z"}
{"level":"info","message":"🌐 Millennium request: GET /MILLENIUM!JOIN_ONEUP.LANCAMENTOS.CONSULTALANCAMENTOS?cnpj=73.652.158%2F0001-10&n_documento=119297%2FB","service":"btg-baixa-titulos-service","timestamp":"2026-05-27T12:07:18.093Z"}
{"lancamento":1434911786,"level":"info","message":"ℹ️ Título 119297/B já estava baixado. Processo ignorado.","service":"btg-baixa-titulos-service","situacao":"BAIXADO","timestamp":"2026-05-27T12:07:18.111Z"}
{"level":"info","message":"🔎 Processando título 119297/A","service":"btg-baixa-titulos-service","timestamp":"2026-05-27T12:07:18.112Z"}
{"level":"info","message":"🌐 Millennium request: GET /MILLENIUM!JOIN_ONEUP.LANCAMENTOS.CONSULTALANCAMENTOS?cnpj=73.652.158%2F0001-10&n_documento=119297%2FA","service":"btg-baixa-titulos-service","timestamp":"2026-05-27T12:07:18.112Z"}
{"lancamento":1434911785,"level":"info","message":"ℹ️ Título 119297/A já estava baixado. Processo ignorado.","service":"btg-baixa-titulos-service","situacao":"BAIXADO","timestamp":"2026-05-27T12:07:18.131Z"}
{"level":"info","message":"🔎 Processando título 119291","service":"btg-baixa-titulos-service","timestamp":"2026-05-27T12:07:18.132Z"}
{"level":"info","message":"🌐 Millennium request: GET /MILLENIUM!JOIN_ONEUP.LANCAMENTOS.CONSULTALANCAMENTOS?cnpj=01.009.793%2F0001-72&n_documento=119291","service":"btg-baixa-titulos-service","timestamp":"2026-05-27T12:07:18.132Z"}
{"lancamento":1434911781,"level":"info","message":"ℹ️ Título 119291 já estava baixado. Processo ignorado.","service":"btg-baixa-titulos-service","situacao":"BAIXADO","timestamp":"2026-05-27T12:07:18.153Z"}
{"level":"info","message":"🔎 Processando título 119290/B","service":"btg-baixa-titulos-service","timestamp":"2026-05-27T12:07:18.155Z"}
{"level":"info","message":"🌐 Millennium request: GET /MILLENIUM!JOIN_ONEUP.LANCAMENTOS.CONSULTALANCAMENTOS?cnpj=06.181.589%2F0001-58&n_documento=119290%2FB","service":"btg-baixa-titulos-service","timestamp":"2026-05-27T12:07:18.155Z"}
{"lancamento":1434911777,"level":"info","message":"ℹ️ Título 119290/B já estava baixado. Processo ignorado.","service":"btg-baixa-titulos-service","situacao":"BAIXADO","timestamp":"2026-05-27T12:07:18.171Z"}
{"level":"info","message":"🔎 Processando título 119290/A","service":"btg-baixa-titulos-service","timestamp":"2026-05-27T12:07:18.173Z"}
{"level":"info","message":"🌐 Millennium request: GET /MILLENIUM!JOIN_ONEUP.LANCAMENTOS.CONSULTALANCAMENTOS?cnpj=06.181.589%2F0001-58&n_documento=119290%2FA","service":"btg-baixa-titulos-service","timestamp":"2026-05-27T12:07:18.173Z"}
{"lancamento":1434911776,"level":"info","message":"ℹ️ Título 119290/A já estava baixado. Processo ignorado.","service":"btg-baixa-titulos-service","situacao":"BAIXADO","timestamp":"2026-05-27T12:07:18.190Z"}
{"level":"info","message":"🔎 Processando título 119347/B","service":"btg-baixa-titulos-service","timestamp":"2026-05-27T12:07:18.192Z"}
{"level":"info","message":"🌐 Millennium request: GET /MILLENIUM!JOIN_ONEUP.LANCAMENTOS.CONSULTALANCAMENTOS?cnpj=03.247.651%2F0001-79&n_documento=119347%2FB","service":"btg-baixa-titulos-service","timestamp":"2026-05-27T12:07:18.192Z"}
{"lancamento":1434911970,"level":"info","message":"ℹ️ Título 119347/B já estava baixado. Processo ignorado.","service":"btg-baixa-titulos-service","situacao":"BAIXADO","timestamp":"2026-05-27T12:07:18.207Z"}
{"level":"info","message":"🔎 Processando título 119289","service":"btg-baixa-titulos-service","timestamp":"2026-05-27T12:07:18.209Z"}
{"level":"info","message":"🌐 Millennium request: GET /MILLENIUM!JOIN_ONEUP.LANCAMENTOS.CONSULTALANCAMENTOS?cnpj=77.857.555%2F0009-36&n_documento=119289","service":"btg-baixa-titulos-service","timestamp":"2026-05-27T12:07:18.209Z"}
{"lancamento":1434911775,"level":"info","message":"ℹ️ Título 119289 já estava baixado. Processo ignorado.","service":"btg-baixa-titulos-service","situacao":"BAIXADO","timestamp":"2026-05-27T12:07:18.226Z"}
{"level":"info","message":"🔎 Processando título 119347/A","service":"btg-baixa-titulos-service","timestamp":"2026-05-27T12:07:18.228Z"}
{"level":"info","message":"🌐 Millennium request: GET /MILLENIUM!JOIN_ONEUP.LANCAMENTOS.CONSULTALANCAMENTOS?cnpj=03.247.651%2F0001-79&n_documento=119347%2FA","service":"btg-baixa-titulos-service","timestamp":"2026-05-27T12:07:18.228Z"}
{"lancamento":1434911969,"level":"info","message":"ℹ️ Título 119347/A já estava baixado. Processo ignorado.","service":"btg-baixa-titulos-service","situacao":"BAIXADO","timestamp":"2026-05-27T12:07:18.244Z"}
{"level":"info","message":"🔎 Processando título 119288/B","service":"btg-baixa-titulos-service","timestamp":"2026-05-27T12:07:18.245Z"}
{"level":"info","message":"🌐 Millennium request: GET /MILLENIUM!JOIN_ONEUP.LANCAMENTOS.CONSULTALANCAMENTOS?cnpj=59.205.187%2F0001-02&n_documento=119288%2FB","service":"btg-baixa-titulos-service","timestamp":"2026-05-27T12:07:18.245Z"}
{"lancamento":1434911773,"level":"info","message":"ℹ️ Título 119288/B já estava baixado. Processo ignorado.","service":"btg-baixa-titulos-service","situacao":"BAIXADO","timestamp":"2026-05-27T12:07:18.262Z"}
{"level":"info","message":"🔎 Processando título 119288/A","service":"btg-baixa-titulos-service","timestamp":"2026-05-27T12:07:18.263Z"}
{"level":"info","message":"🌐 Millennium request: GET /MILLENIUM!JOIN_ONEUP.LANCAMENTOS.CONSULTALANCAMENTOS?cnpj=59.205.187%2F0001-02&n_documento=119288%2FA","service":"btg-baixa-titulos-service","timestamp":"2026-05-27T12:07:18.264Z"}
{"lancamento":1434911772,"level":"info","message":"ℹ️ Título 119288/A já estava baixado. Processo ignorado.","service":"btg-baixa-titulos-service","situacao":"BAIXADO","timestamp":"2026-05-27T12:07:18.279Z"}
{"level":"info","message":"🔎 Processando título 119329/A","service":"btg-baixa-titulos-service","timestamp":"2026-05-27T12:07:18.281Z"}
{"level":"info","message":"🌐 Millennium request: GET /MILLENIUM!JOIN_ONEUP.LANCAMENTOS.CONSULTALANCAMENTOS?cnpj=57.408.548%2F0001-92&n_documento=119329%2FA","service":"btg-baixa-titulos-service","timestamp":"2026-05-27T12:07:18.281Z"}
{"lancamento":1434911894,"level":"info","message":"ℹ️ Título 119329/A já estava baixado. Processo ignorado.","service":"btg-baixa-titulos-service","situacao":"BAIXADO","timestamp":"2026-05-27T12:07:18.298Z"}
{"level":"info","message":"🔎 Processando título 119287/B","service":"btg-baixa-titulos-service","timestamp":"2026-05-27T12:07:18.302Z"}
{"level":"info","message":"🌐 Millennium request: GET /MILLENIUM!JOIN_ONEUP.LANCAMENTOS.CONSULTALANCAMENTOS?cnpj=01.934.454%2F0001-00&n_documento=119287%2FB","service":"btg-baixa-titulos-service","timestamp":"2026-05-27T12:07:18.302Z"}
{"lancamento":1434911770,"level":"info","message":"ℹ️ Título 119287/B já estava baixado. Processo ignorado.","service":"btg-baixa-titulos-service","situacao":"BAIXADO","timestamp":"2026-05-27T12:07:18.318Z"}
{"level":"info","message":"🔎 Processando título 119287/A","service":"btg-baixa-titulos-service","timestamp":"2026-05-27T12:07:18.319Z"}
{"level":"info","message":"🌐 Millennium request: GET /MILLENIUM!JOIN_ONEUP.LANCAMENTOS.CONSULTALANCAMENTOS?cnpj=01.934.454%2F0001-00&n_documento=119287%2FA","service":"btg-baixa-titulos-service","timestamp":"2026-05-27T12:07:18.319Z"}
{"lancamento":1434911769,"level":"info","message":"ℹ️ Título 119287/A já estava baixado. Processo ignorado.","service":"btg-baixa-titulos-service","situacao":"BAIXADO","timestamp":"2026-05-27T12:07:18.424Z"}
{"level":"info","message":"🔎 Processando título 119328/A","service":"btg-baixa-titulos-service","timestamp":"2026-05-27T12:07:18.428Z"}
{"level":"info","message":"🌐 Millennium request: GET /MILLENIUM!JOIN_ONEUP.LANCAMENTOS.CONSULTALANCAMENTOS?cnpj=57.408.548%2F0001-92&n_documento=119328%2FA","service":"btg-baixa-titulos-service","timestamp":"2026-05-27T12:07:18.429Z"}
{"lancamento":1434911890,"level":"info","message":"ℹ️ Título 119328/A já estava baixado. Processo ignorado.","service":"btg-baixa-titulos-service","situacao":"BAIXADO","timestamp":"2026-05-27T12:07:18.445Z"}
{"level":"info","message":"🔎 Processando título 119286/A","service":"btg-baixa-titulos-service","timestamp":"2026-05-27T12:07:18.448Z"}
{"level":"info","message":"🌐 Millennium request: GET /MILLENIUM!JOIN_ONEUP.LANCAMENTOS.CONSULTALANCAMENTOS?cnpj=21.067.137%2F0001-33&n_documento=119286%2FA","service":"btg-baixa-titulos-service","timestamp":"2026-05-27T12:07:18.449Z"}
{"lancamento":1434911766,"level":"info","message":"ℹ️ Título 119286/A já estava baixado. Processo ignorado.","service":"btg-baixa-titulos-service","situacao":"BAIXADO","timestamp":"2026-05-27T12:07:18.467Z"}
{"level":"info","message":"🔎 Processando título 119327/A","service":"btg-baixa-titulos-service","timestamp":"2026-05-27T12:07:18.469Z"}
{"level":"info","message":"🌐 Millennium request: GET /MILLENIUM!JOIN_ONEUP.LANCAMENTOS.CONSULTALANCAMENTOS?cnpj=57.408.548%2F0001-92&n_documento=119327%2FA","service":"btg-baixa-titulos-service","timestamp":"2026-05-27T12:07:18.470Z"}
{"lancamento":1434911885,"level":"info","message":"ℹ️ Título 119327/A já estava baixado. Processo ignorado.","service":"btg-baixa-titulos-service","situacao":"BAIXADO","timestamp":"2026-05-27T12:07:18.487Z"}
{"level":"info","message":"🔎 Processando título 119285/B","service":"btg-baixa-titulos-service","timestamp":"2026-05-27T12:07:18.488Z"}
{"level":"info","message":"🌐 Millennium request: GET /MILLENIUM!JOIN_ONEUP.LANCAMENTOS.CONSULTALANCAMENTOS?cnpj=00.768.271%2F0001-91&n_documento=119285%2FB","service":"btg-baixa-titulos-service","timestamp":"2026-05-27T12:07:18.488Z"}
{"lancamento":1434911760,"level":"info","message":"ℹ️ Título 119285/B já estava baixado. Processo ignorado.","service":"btg-baixa-titulos-service","situacao":"BAIXADO","timestamp":"2026-05-27T12:07:18.505Z"}
{"level":"info","message":"🔎 Processando título 119325","service":"btg-baixa-titulos-service","timestamp":"2026-05-27T12:07:18.507Z"}
{"level":"info","message":"🌐 Millennium request: GET /MILLENIUM!JOIN_ONEUP.LANCAMENTOS.CONSULTALANCAMENTOS?cnpj=02.355.679%2F0001-67&n_documento=119325","service":"btg-baixa-titulos-service","timestamp":"2026-05-27T12:07:18.507Z"}
{"lancamento":1434911882,"level":"info","message":"ℹ️ Título 119325 já estava baixado. Processo ignorado.","service":"btg-baixa-titulos-service","situacao":"BAIXADO","timestamp":"2026-05-27T12:07:18.526Z"}
{"level":"info","message":"🔎 Processando título 119285/A","service":"btg-baixa-titulos-service","timestamp":"2026-05-27T12:07:18.528Z"}
{"level":"info","message":"🌐 Millennium request: GET /MILLENIUM!JOIN_ONEUP.LANCAMENTOS.CONSULTALANCAMENTOS?cnpj=00.768.271%2F0001-91&n_documento=119285%2FA","service":"btg-baixa-titulos-service","timestamp":"2026-05-27T12:07:18.528Z"}
{"lancamento":1434911759,"level":"info","message":"ℹ️ Título 119285/A já estava baixado. Processo ignorado.","service":"btg-baixa-titulos-service","situacao":"BAIXADO","timestamp":"2026-05-27T12:07:18.551Z"}
{"level":"info","message":"🔎 Processando título 119324/B","service":"btg-baixa-titulos-service","timestamp":"2026-05-27T12:07:18.553Z"}
{"level":"info","message":"🌐 Millennium request: GET /MILLENIUM!JOIN_ONEUP.LANCAMENTOS.CONSULTALANCAMENTOS?cnpj=03.294.992%2F0001-03&n_documento=119324%2FB","service":"btg-baixa-titulos-service","timestamp":"2026-05-27T12:07:18.553Z"}
{"lancamento":1434911878,"level":"info","message":"📝 Atualizando título 119324/B","payload":{"lancamento":1434911878,"linhaDigitavel":"20890050091817621883437031005806514430000485488","nossoNumero":"77646081762188337","valorJuros":0},"service":"btg-baixa-titulos-service","timestamp":"2026-05-27T12:07:18.570Z"}
{"level":"info","message":"🌐 Millennium request: POST /MILLENIUM!JOIN_ONEUP.LANCAMENTOS.INSEREINFO","service":"btg-baixa-titulos-service","timestamp":"2026-05-27T12:07:18.570Z"}
{"lancamento":1434911878,"level":"info","message":"✅ Título atualizado com sucesso","numeroDocumento":"119324/B","service":"btg-baixa-titulos-service","timestamp":"2026-05-27T12:07:18.590Z","transId":340571845}
{"lancamento":1434911878,"level":"info","message":"💰 Iniciando baixa do título 119324/B","payload":{"CONCILIADO":true,"CONTA":1431333549,"DATA_PAGAMENTO":"2026-05-26","EFETUADO":true,"FILIAL":5,"GERA_OUTRO":false,"LANCAMENTO":1434911878,"OBS":"2026-05-27T12:07:18.591Z - Baixa por retorno automacao importacao excel","STATUS_BAIXA":"N","VALOR":4951.97,"acres_decres":97.09,"valor_pago":4951.97},"service":"btg-baixa-titulos-service","timestamp":"2026-05-27T12:07:18.591Z"}
{"dataPagamento":"2026-05-26","level":"info","message":"📅 Payload da baixa","service":"btg-baixa-titulos-service","timestamp":"2026-05-27T12:07:18.591Z"}
{"level":"info","message":"🌐 Millennium request: POST /millenium/titulos/baixa","service":"btg-baixa-titulos-service","timestamp":"2026-05-27T12:07:18.591Z"}
{"baixa":1435955982,"level":"info","message":"✅ Título baixado com sucesso","numeroDocumento":"119324/B","service":"btg-baixa-titulos-service","timestamp":"2026-05-27T12:07:18.689Z","valor":4951.97}
{"level":"info","message":"✅ Fluxo concluído para 119324/B","service":"btg-baixa-titulos-service","timestamp":"2026-05-27T12:07:18.689Z"}
{"level":"info","message":"🔎 Processando título 119084/B","service":"btg-baixa-titulos-service","timestamp":"2026-05-27T12:07:18.690Z"}
{"level":"info","message":"🌐 Millennium request: GET /MILLENIUM!JOIN_ONEUP.LANCAMENTOS.CONSULTALANCAMENTOS?cnpj=00.768.271%2F0001-91&n_documento=119084%2FB","service":"btg-baixa-titulos-service","timestamp":"2026-05-27T12:07:18.690Z"}
{"lancamento":1434910961,"level":"info","message":"ℹ️ Título 119084/B já estava baixado. Processo ignorado.","service":"btg-baixa-titulos-service","situacao":"BAIXADO","timestamp":"2026-05-27T12:07:18.713Z"}
{"level":"info","message":"🔎 Processando título 119084/A","service":"btg-baixa-titulos-service","timestamp":"2026-05-27T12:07:18.715Z"}
{"level":"info","message":"🌐 Millennium request: GET /MILLENIUM!JOIN_ONEUP.LANCAMENTOS.CONSULTALANCAMENTOS?cnpj=00.768.271%2F0001-91&n_documento=119084%2FA","service":"btg-baixa-titulos-service","timestamp":"2026-05-27T12:07:18.715Z"}
{"lancamento":1434910960,"level":"info","message":"ℹ️ Título 119084/A já estava baixado. Processo ignorado.","service":"btg-baixa-titulos-service","situacao":"BAIXADO","timestamp":"2026-05-27T12:07:18.735Z"}
{"level":"info","message":"🔎 Processando título 119324/A","service":"btg-baixa-titulos-service","timestamp":"2026-05-27T12:07:18.736Z"}
{"level":"info","message":"🌐 Millennium request: GET /MILLENIUM!JOIN_ONEUP.LANCAMENTOS.CONSULTALANCAMENTOS?cnpj=03.294.992%2F0001-03&n_documento=119324%2FA","service":"btg-baixa-titulos-service","timestamp":"2026-05-27T12:07:18.736Z"}
{"lancamento":1434911877,"level":"info","message":"ℹ️ Título 119324/A já estava baixado. Processo ignorado.","service":"btg-baixa-titulos-service","situacao":"BAIXADO","timestamp":"2026-05-27T12:07:18.753Z"}
{"level":"info","message":"🔎 Processando título 119302/B","service":"btg-baixa-titulos-service","timestamp":"2026-05-27T12:07:18.754Z"}
{"level":"info","message":"🌐 Millennium request: GET /MILLENIUM!JOIN_ONEUP.LANCAMENTOS.CONSULTALANCAMENTOS?cnpj=50.649.490%2F0001-20&n_documento=119302%2FB","service":"btg-baixa-titulos-service","timestamp":"2026-05-27T12:07:18.754Z"}
{"lancamento":1434911809,"level":"info","message":"ℹ️ Título 119302/B já estava baixado. Processo ignorado.","service":"btg-baixa-titulos-service","situacao":"BAIXADO","timestamp":"2026-05-27T12:07:18.771Z"}
{"level":"info","message":"🔎 Processando título 119284/B","service":"btg-baixa-titulos-service","timestamp":"2026-05-27T12:07:18.772Z"}
{"level":"info","message":"🌐 Millennium request: GET /MILLENIUM!JOIN_ONEUP.LANCAMENTOS.CONSULTALANCAMENTOS?cnpj=44.999.259%2F0001-63&n_documento=119284%2FB","service":"btg-baixa-titulos-service","timestamp":"2026-05-27T12:07:18.772Z"}
{"lancamento":1434911754,"level":"info","message":"ℹ️ Título 119284/B já estava baixado. Processo ignorado.","service":"btg-baixa-titulos-service","situacao":"BAIXADO","timestamp":"2026-05-27T12:07:18.789Z"}
{"level":"info","message":"🔎 Processando título 119302/A","service":"btg-baixa-titulos-service","timestamp":"2026-05-27T12:07:18.791Z"}
{"level":"info","message":"🌐 Millennium request: GET /MILLENIUM!JOIN_ONEUP.LANCAMENTOS.CONSULTALANCAMENTOS?cnpj=50.649.490%2F0001-20&n_documento=119302%2FA","service":"btg-baixa-titulos-service","timestamp":"2026-05-27T12:07:18.791Z"}
{"lancamento":1434911808,"level":"info","message":"ℹ️ Título 119302/A já estava baixado. Processo ignorado.","service":"btg-baixa-titulos-service","situacao":"BAIXADO","timestamp":"2026-05-27T12:07:18.807Z"}
{"level":"info","message":"🔎 Processando título 119284/A","service":"btg-baixa-titulos-service","timestamp":"2026-05-27T12:07:18.809Z"}
{"level":"info","message":"🌐 Millennium request: GET /MILLENIUM!JOIN_ONEUP.LANCAMENTOS.CONSULTALANCAMENTOS?cnpj=44.999.259%2F0001-63&n_documento=119284%2FA","service":"btg-baixa-titulos-service","timestamp":"2026-05-27T12:07:18.809Z"}
{"lancamento":1434911753,"level":"info","message":"ℹ️ Título 119284/A já estava baixado. Processo ignorado.","service":"btg-baixa-titulos-service","situacao":"BAIXADO","timestamp":"2026-05-27T12:07:18.827Z"}
{"level":"info","message":"🔎 Processando título 119300","service":"btg-baixa-titulos-service","timestamp":"2026-05-27T12:07:18.829Z"}
{"level":"info","message":"🌐 Millennium request: GET /MILLENIUM!JOIN_ONEUP.LANCAMENTOS.CONSULTALANCAMENTOS?cnpj=01.329.811%2F0001-01&n_documento=119300","service":"btg-baixa-titulos-service","timestamp":"2026-05-27T12:07:18.829Z"}
{"lancamento":1434911795,"level":"info","message":"ℹ️ Título 119300 já estava baixado. Processo ignorado.","service":"btg-baixa-titulos-service","situacao":"BAIXADO","timestamp":"2026-05-27T12:07:18.845Z"}
{"level":"info","message":"🔎 Processando título 118933","service":"btg-baixa-titulos-service","timestamp":"2026-05-27T12:07:18.847Z"}
{"level":"info","message":"🌐 Millennium request: GET /MILLENIUM!JOIN_ONEUP.LANCAMENTOS.CONSULTALANCAMENTOS?cnpj=01.009.793%2F0001-72&n_documento=118933","service":"btg-baixa-titulos-service","timestamp":"2026-05-27T12:07:18.847Z"}
{"lancamento":1434910010,"level":"info","message":"ℹ️ Título 118933 já estava baixado. Processo ignorado.","service":"btg-baixa-titulos-service","situacao":"BAIXADO","timestamp":"2026-05-27T12:07:18.945Z"}
{"level":"info","message":"🔎 Processando título 119299/B","service":"btg-baixa-titulos-service","timestamp":"2026-05-27T12:07:18.949Z"}
{"level":"info","message":"🌐 Millennium request: GET /MILLENIUM!JOIN_ONEUP.LANCAMENTOS.CONSULTALANCAMENTOS?cnpj=03.247.651%2F0001-79&n_documento=119299%2FB","service":"btg-baixa-titulos-service","timestamp":"2026-05-27T12:07:18.949Z"}
{"lancamento":1434911791,"level":"info","message":"ℹ️ Título 119299/B já estava baixado. Processo ignorado.","service":"btg-baixa-titulos-service","situacao":"BAIXADO","timestamp":"2026-05-27T12:07:18.967Z"}
{"level":"info","message":"🔎 Processando título 119299/A","service":"btg-baixa-titulos-service","timestamp":"2026-05-27T12:07:18.970Z"}
{"level":"info","message":"🌐 Millennium request: GET /MILLENIUM!JOIN_ONEUP.LANCAMENTOS.CONSULTALANCAMENTOS?cnpj=03.247.651%2F0001-79&n_documento=119299%2FA","service":"btg-baixa-titulos-service","timestamp":"2026-05-27T12:07:18.970Z"}
{"lancamento":1434911790,"level":"info","message":"ℹ️ Título 119299/A já estava baixado. Processo ignorado.","service":"btg-baixa-titulos-service","situacao":"BAIXADO","timestamp":"2026-05-27T12:07:18.988Z"}
{"level":"info","message":"🔎 Processando título 118297/B","service":"btg-baixa-titulos-service","timestamp":"2026-05-27T12:07:18.990Z"}
{"level":"info","message":"🌐 Millennium request: GET /MILLENIUM!JOIN_ONEUP.LANCAMENTOS.CONSULTALANCAMENTOS?cnpj=50.649.490%2F0001-20&n_documento=118297%2FB","service":"btg-baixa-titulos-service","timestamp":"2026-05-27T12:07:18.991Z"}
{"lancamento":1434908878,"level":"info","message":"ℹ️ Título 118297/B já estava baixado. Processo ignorado.","service":"btg-baixa-titulos-service","situacao":"BAIXADO","timestamp":"2026-05-27T12:07:19.007Z"}
{"level":"info","message":"🔎 Processando título 118297/A","service":"btg-baixa-titulos-service","timestamp":"2026-05-27T12:07:19.009Z"}
{"level":"info","message":"🌐 Millennium request: GET /MILLENIUM!JOIN_ONEUP.LANCAMENTOS.CONSULTALANCAMENTOS?cnpj=50.649.490%2F0001-20&n_documento=118297%2FA","service":"btg-baixa-titulos-service","timestamp":"2026-05-27T12:07:19.009Z"}
{"lancamento":1434908877,"level":"info","message":"ℹ️ Título 118297/A já estava baixado. Processo ignorado.","service":"btg-baixa-titulos-service","situacao":"BAIXADO","timestamp":"2026-05-27T12:07:19.027Z"}
{"level":"info","message":"🔎 Processando título 118124/B","service":"btg-baixa-titulos-service","timestamp":"2026-05-27T12:07:19.031Z"}
{"level":"info","message":"🌐 Millennium request: GET /MILLENIUM!JOIN_ONEUP.LANCAMENTOS.CONSULTALANCAMENTOS?cnpj=50.649.490%2F0001-20&n_documento=118124%2FB","service":"btg-baixa-titulos-service","timestamp":"2026-05-27T12:07:19.031Z"}
{"lancamento":1434907890,"level":"info","message":"ℹ️ Título 118124/B já estava baixado. Processo ignorado.","service":"btg-baixa-titulos-service","situacao":"BAIXADO","timestamp":"2026-05-27T12:07:19.049Z"}
{"level":"info","message":"🔎 Processando título 118124/A","service":"btg-baixa-titulos-service","timestamp":"2026-05-27T12:07:19.050Z"}
{"level":"info","message":"🌐 Millennium request: GET /MILLENIUM!JOIN_ONEUP.LANCAMENTOS.CONSULTALANCAMENTOS?cnpj=50.649.490%2F0001-20&n_documento=118124%2FA","service":"btg-baixa-titulos-service","timestamp":"2026-05-27T12:07:19.050Z"}
{"lancamento":1434907889,"level":"info","message":"ℹ️ Título 118124/A já estava baixado. Processo ignorado.","service":"btg-baixa-titulos-service","situacao":"BAIXADO","timestamp":"2026-05-27T12:07:19.066Z"}
{"level":"info","message":"🔎 Processando título 118123/B","service":"btg-baixa-titulos-service","timestamp":"2026-05-27T12:07:19.068Z"}
{"level":"info","message":"🌐 Millennium request: GET /MILLENIUM!JOIN_ONEUP.LANCAMENTOS.CONSULTALANCAMENTOS?cnpj=50.649.490%2F0001-20&n_documento=118123%2FB","service":"btg-baixa-titulos-service","timestamp":"2026-05-27T12:07:19.068Z"}
{"lancamento":1434907887,"level":"info","message":"ℹ️ Título 118123/B já estava baixado. Processo ignorado.","service":"btg-baixa-titulos-service","situacao":"BAIXADO","timestamp":"2026-05-27T12:07:19.084Z"}
{"level":"info","message":"🔎 Processando título 118123/A","service":"btg-baixa-titulos-service","timestamp":"2026-05-27T12:07:19.086Z"}
{"level":"info","message":"🌐 Millennium request: GET /MILLENIUM!JOIN_ONEUP.LANCAMENTOS.CONSULTALANCAMENTOS?cnpj=50.649.490%2F0001-20&n_documento=118123%2FA","service":"btg-baixa-titulos-service","timestamp":"2026-05-27T12:07:19.086Z"}
{"lancamento":1434907886,"level":"info","message":"ℹ️ Título 118123/A já estava baixado. Processo ignorado.","service":"btg-baixa-titulos-service","situacao":"BAIXADO","timestamp":"2026-05-27T12:07:19.103Z"}
{"level":"info","message":"🔎 Processando título 118121/B","service":"btg-baixa-titulos-service","timestamp":"2026-05-27T12:07:19.105Z"}
{"level":"info","message":"🌐 Millennium request: GET /MILLENIUM!JOIN_ONEUP.LANCAMENTOS.CONSULTALANCAMENTOS?cnpj=50.649.490%2F0001-20&n_documento=118121%2FB","service":"btg-baixa-titulos-service","timestamp":"2026-05-27T12:07:19.105Z"}
{"lancamento":1434907884,"level":"info","message":"ℹ️ Título 118121/B já estava baixado. Processo ignorado.","service":"btg-baixa-titulos-service","situacao":"BAIXADO","timestamp":"2026-05-27T12:07:19.123Z"}
{"level":"info","message":"🔎 Processando título 118121/A","service":"btg-baixa-titulos-service","timestamp":"2026-05-27T12:07:19.125Z"}
{"level":"info","message":"🌐 Millennium request: GET /MILLENIUM!JOIN_ONEUP.LANCAMENTOS.CONSULTALANCAMENTOS?cnpj=50.649.490%2F0001-20&n_documento=118121%2FA","service":"btg-baixa-titulos-service","timestamp":"2026-05-27T12:07:19.125Z"}
{"lancamento":1434907883,"level":"info","message":"ℹ️ Título 118121/A já estava baixado. Processo ignorado.","service":"btg-baixa-titulos-service","situacao":"BAIXADO","timestamp":"2026-05-27T12:07:19.143Z"}
{"level":"info","message":"🔎 Processando título 111256/A","service":"btg-baixa-titulos-service","timestamp":"2026-05-27T12:07:19.145Z"}
{"level":"info","message":"🌐 Millennium request: GET /MILLENIUM!JOIN_ONEUP.LANCAMENTOS.CONSULTALANCAMENTOS?cnpj=47.485.403%2F0001-31&n_documento=111256%2FA","service":"btg-baixa-titulos-service","timestamp":"2026-05-27T12:07:19.145Z"}
{"lancamento":1434870085,"level":"info","message":"ℹ️ Título 111256/A já estava baixado. Processo ignorado.","service":"btg-baixa-titulos-service","situacao":"BAIXADO","timestamp":"2026-05-27T12:07:19.162Z"}
{"level":"info","message":"🔎 Processando título 111255/A","service":"btg-baixa-titulos-service","timestamp":"2026-05-27T12:07:19.164Z"}
{"level":"info","message":"🌐 Millennium request: GET /MILLENIUM!JOIN_ONEUP.LANCAMENTOS.CONSULTALANCAMENTOS?cnpj=47.485.403%2F0001-31&n_documento=111255%2FA","service":"btg-baixa-titulos-service","timestamp":"2026-05-27T12:07:19.164Z"}
{"lancamento":1434870081,"level":"info","message":"ℹ️ Título 111255/A já estava baixado. Processo ignorado.","service":"btg-baixa-titulos-service","situacao":"BAIXADO","timestamp":"2026-05-27T12:07:19.179Z"}
{"level":"info","message":"🔎 Processando título 111252/A","service":"btg-baixa-titulos-service","timestamp":"2026-05-27T12:07:19.181Z"}
{"level":"info","message":"🌐 Millennium request: GET /MILLENIUM!JOIN_ONEUP.LANCAMENTOS.CONSULTALANCAMENTOS?cnpj=47.485.403%2F0001-31&n_documento=111252%2FA","service":"btg-baixa-titulos-service","timestamp":"2026-05-27T12:07:19.181Z"}
{"lancamento":1434870063,"level":"info","message":"ℹ️ Título 111252/A já estava baixado. Processo ignorado.","service":"btg-baixa-titulos-service","situacao":"BAIXADO","timestamp":"2026-05-27T12:07:19.197Z"}
{"level":"info","message":"🔎 Processando título 108322/B","service":"btg-baixa-titulos-service","timestamp":"2026-05-27T12:07:19.199Z"}
{"level":"info","message":"🌐 Millennium request: GET /MILLENIUM!JOIN_ONEUP.LANCAMENTOS.CONSULTALANCAMENTOS?cnpj=47.485.403%2F0001-31&n_documento=108322%2FB","service":"btg-baixa-titulos-service","timestamp":"2026-05-27T12:07:19.199Z"}
{"lancamento":1434850336,"level":"info","message":"ℹ️ Título 108322/B já estava baixado. Processo ignorado.","service":"btg-baixa-titulos-service","situacao":"BAIXADO","timestamp":"2026-05-27T12:07:19.225Z"}
{"level":"info","message":"🔎 Processando título 108321/B","service":"btg-baixa-titulos-service","timestamp":"2026-05-27T12:07:19.228Z"}
{"level":"info","message":"🌐 Millennium request: GET /MILLENIUM!JOIN_ONEUP.LANCAMENTOS.CONSULTALANCAMENTOS?cnpj=47.485.403%2F0001-31&n_documento=108321%2FB","service":"btg-baixa-titulos-service","timestamp":"2026-05-27T12:07:19.228Z"}
{"lancamento":1434850332,"level":"info","message":"ℹ️ Título 108321/B já estava baixado. Processo ignorado.","service":"btg-baixa-titulos-service","situacao":"BAIXADO","timestamp":"2026-05-27T12:07:19.244Z"}
{"level":"info","message":"🔎 Processando título 106115/C","service":"btg-baixa-titulos-service","timestamp":"2026-05-27T12:07:19.246Z"}
{"level":"info","message":"🌐 Millennium request: GET /MILLENIUM!JOIN_ONEUP.LANCAMENTOS.CONSULTALANCAMENTOS?cnpj=47.485.403%2F0001-31&n_documento=106115%2FC","service":"btg-baixa-titulos-service","timestamp":"2026-05-27T12:07:19.246Z"}
{"lancamento":1434801387,"level":"info","message":"ℹ️ Título 106115/C já estava baixado. Processo ignorado.","service":"btg-baixa-titulos-service","situacao":"BAIXADO","timestamp":"2026-05-27T12:07:19.264Z"}
{"level":"info","message":"🔎 Processando título 106103/C","service":"btg-baixa-titulos-service","timestamp":"2026-05-27T12:07:19.266Z"}
{"level":"info","message":"🌐 Millennium request: GET /MILLENIUM!JOIN_ONEUP.LANCAMENTOS.CONSULTALANCAMENTOS?cnpj=47.485.403%2F0001-31&n_documento=106103%2FC","service":"btg-baixa-titulos-service","timestamp":"2026-05-27T12:07:19.266Z"}
{"lancamento":1434801344,"level":"info","message":"ℹ️ Título 106103/C já estava baixado. Processo ignorado.","service":"btg-baixa-titulos-service","situacao":"BAIXADO","timestamp":"2026-05-27T12:07:19.281Z"}
{"level":"info","message":"🔎 Processando título 106103/B","service":"btg-baixa-titulos-service","timestamp":"2026-05-27T12:07:19.283Z"}
{"level":"info","message":"🌐 Millennium request: GET /MILLENIUM!JOIN_ONEUP.LANCAMENTOS.CONSULTALANCAMENTOS?cnpj=47.485.403%2F0001-31&n_documento=106103%2FB","service":"btg-baixa-titulos-service","timestamp":"2026-05-27T12:07:19.283Z"}
{"lancamento":1434801343,"level":"info","message":"ℹ️ Título 106103/B já estava baixado. Processo ignorado.","service":"btg-baixa-titulos-service","situacao":"BAIXADO","timestamp":"2026-05-27T12:07:19.296Z"}
{"level":"info","message":"🔎 Processando título FRE 116058","service":"btg-baixa-titulos-service","timestamp":"2026-05-27T12:07:19.298Z"}
{"level":"info","message":"🌐 Millennium request: GET /MILLENIUM!JOIN_ONEUP.LANCAMENTOS.CONSULTALANCAMENTOS?cnpj=02.355.679%2F0001-67&n_documento=FRE%20116058","service":"btg-baixa-titulos-service","timestamp":"2026-05-27T12:07:19.298Z"}
{"lancamento":1434907972,"level":"info","message":"ℹ️ Título FRE 116058 já estava baixado. Processo ignorado.","service":"btg-baixa-titulos-service","situacao":"BAIXADO","timestamp":"2026-05-27T12:07:19.314Z"}
{"level":"info","message":"🔎 Processando título CORRE 116072","service":"btg-baixa-titulos-service","timestamp":"2026-05-27T12:07:19.315Z"}
{"level":"info","message":"🌐 Millennium request: GET /MILLENIUM!JOIN_ONEUP.LANCAMENTOS.CONSULTALANCAMENTOS?cnpj=21.067.137%2F0001-33&n_documento=CORRE%20116072","service":"btg-baixa-titulos-service","timestamp":"2026-05-27T12:07:19.315Z"}
{"lancamento":1434908069,"level":"info","message":"ℹ️ Título CORRE 116072 já estava baixado. Processo ignorado.","service":"btg-baixa-titulos-service","situacao":"BAIXADO","timestamp":"2026-05-27T12:07:19.331Z"}
{"level":"info","message":"🔎 Processando título CORRE 114564","service":"btg-baixa-titulos-service","timestamp":"2026-05-27T12:07:19.333Z"}
{"level":"info","message":"🌐 Millennium request: GET /MILLENIUM!JOIN_ONEUP.LANCAMENTOS.CONSULTALANCAMENTOS?cnpj=21.067.137%2F0001-33&n_documento=CORRE%20114564","service":"btg-baixa-titulos-service","timestamp":"2026-05-27T12:07:19.333Z"}
{"lancamento":1434908052,"level":"info","message":"ℹ️ Título CORRE 114564 já estava baixado. Processo ignorado.","service":"btg-baixa-titulos-service","situacao":"BAIXADO","timestamp":"2026-05-27T12:07:19.349Z"}
{"level":"info","message":"🔎 Processando título FRE 116069","service":"btg-baixa-titulos-service","timestamp":"2026-05-27T12:07:19.350Z"}
{"level":"info","message":"🌐 Millennium request: GET /MILLENIUM!JOIN_ONEUP.LANCAMENTOS.CONSULTALANCAMENTOS?cnpj=03.294.992%2F0001-03&n_documento=FRE%20116069","service":"btg-baixa-titulos-service","timestamp":"2026-05-27T12:07:19.350Z"}
{"lancamento":1434907958,"level":"info","message":"ℹ️ Título FRE 116069 já estava baixado. Processo ignorado.","service":"btg-baixa-titulos-service","situacao":"BAIXADO","timestamp":"2026-05-27T12:07:19.370Z"}
{"level":"info","message":"🔎 Processando título CORRE 116729","service":"btg-baixa-titulos-service","timestamp":"2026-05-27T12:07:19.371Z"}
{"level":"info","message":"🌐 Millennium request: GET /MILLENIUM!JOIN_ONEUP.LANCAMENTOS.CONSULTALANCAMENTOS?cnpj=03.294.992%2F0001-03&n_documento=CORRE%20116729","service":"btg-baixa-titulos-service","timestamp":"2026-05-27T12:07:19.371Z"}
{"lancamento":1434908075,"level":"info","message":"ℹ️ Título CORRE 116729 já estava baixado. Processo ignorado.","service":"btg-baixa-titulos-service","situacao":"BAIXADO","timestamp":"2026-05-27T12:07:19.472Z"}
{"level":"info","message":"🔎 Processando título CORRE 116864","service":"btg-baixa-titulos-service","timestamp":"2026-05-27T12:07:19.476Z"}
{"level":"info","message":"🌐 Millennium request: GET /MILLENIUM!JOIN_ONEUP.LANCAMENTOS.CONSULTALANCAMENTOS?cnpj=57.408.548%2F0001-92&n_documento=CORRE%20116864","service":"btg-baixa-titulos-service","timestamp":"2026-05-27T12:07:19.476Z"}
{"lancamento":1434908088,"level":"info","message":"ℹ️ Título CORRE 116864 já estava baixado. Processo ignorado.","service":"btg-baixa-titulos-service","situacao":"BAIXADO","timestamp":"2026-05-27T12:07:19.494Z"}
{"level":"info","message":"🔎 Processando título 118027/C","service":"btg-baixa-titulos-service","timestamp":"2026-05-27T12:07:19.497Z"}
{"level":"info","message":"🌐 Millennium request: GET /MILLENIUM!JOIN_ONEUP.LANCAMENTOS.CONSULTALANCAMENTOS?cnpj=59.205.187%2F0001-02&n_documento=118027%2FC","service":"btg-baixa-titulos-service","timestamp":"2026-05-27T12:07:19.497Z"}
{"lancamento":1434907475,"level":"info","message":"ℹ️ Título 118027/C já estava baixado. Processo ignorado.","service":"btg-baixa-titulos-service","situacao":"BAIXADO","timestamp":"2026-05-27T12:07:19.515Z"}
{"level":"info","message":"🔎 Processando título 118018/C","service":"btg-baixa-titulos-service","timestamp":"2026-05-27T12:07:19.517Z"}
{"level":"info","message":"🌐 Millennium request: GET /MILLENIUM!JOIN_ONEUP.LANCAMENTOS.CONSULTALANCAMENTOS?cnpj=01.934.454%2F0001-00&n_documento=118018%2FC","service":"btg-baixa-titulos-service","timestamp":"2026-05-27T12:07:19.517Z"}
{"lancamento":1434907450,"level":"info","message":"ℹ️ Título 118018/C já estava baixado. Processo ignorado.","service":"btg-baixa-titulos-service","situacao":"BAIXADO","timestamp":"2026-05-27T12:07:19.532Z"}
{"level":"info","message":"🔎 Processando título 117917/C","service":"btg-baixa-titulos-service","timestamp":"2026-05-27T12:07:19.535Z"}
{"level":"info","message":"🌐 Millennium request: GET /MILLENIUM!JOIN_ONEUP.LANCAMENTOS.CONSULTALANCAMENTOS?cnpj=06.181.589%2F0001-58&n_documento=117917%2FC","service":"btg-baixa-titulos-service","timestamp":"2026-05-27T12:07:19.535Z"}
{"lancamento":1434907100,"level":"info","message":"ℹ️ Título 117917/C já estava baixado. Processo ignorado.","service":"btg-baixa-titulos-service","situacao":"BAIXADO","timestamp":"2026-05-27T12:07:19.552Z"}
{"level":"info","message":"🔎 Processando título 117916/C","service":"btg-baixa-titulos-service","timestamp":"2026-05-27T12:07:19.554Z"}
{"level":"info","message":"🌐 Millennium request: GET /MILLENIUM!JOIN_ONEUP.LANCAMENTOS.CONSULTALANCAMENTOS?cnpj=03.247.651%2F0001-79&n_documento=117916%2FC","service":"btg-baixa-titulos-service","timestamp":"2026-05-27T12:07:19.554Z"}
{"lancamento":1434907095,"level":"info","message":"ℹ️ Título 117916/C já estava baixado. Processo ignorado.","service":"btg-baixa-titulos-service","situacao":"BAIXADO","timestamp":"2026-05-27T12:07:19.576Z"}
{"level":"info","message":"🔎 Processando título 117814/C","service":"btg-baixa-titulos-service","timestamp":"2026-05-27T12:07:19.578Z"}
{"level":"info","message":"🌐 Millennium request: GET /MILLENIUM!JOIN_ONEUP.LANCAMENTOS.CONSULTALANCAMENTOS?cnpj=03.247.651%2F0001-79&n_documento=117814%2FC","service":"btg-baixa-titulos-service","timestamp":"2026-05-27T12:07:19.578Z"}
{"lancamento":1434906778,"level":"info","message":"ℹ️ Título 117814/C já estava baixado. Processo ignorado.","service":"btg-baixa-titulos-service","situacao":"BAIXADO","timestamp":"2026-05-27T12:07:19.594Z"}
{"level":"info","message":"🔎 Processando título 117812/C","service":"btg-baixa-titulos-service","timestamp":"2026-05-27T12:07:19.596Z"}
{"level":"info","message":"🌐 Millennium request: GET /MILLENIUM!JOIN_ONEUP.LANCAMENTOS.CONSULTALANCAMENTOS?cnpj=06.181.589%2F0001-58&n_documento=117812%2FC","service":"btg-baixa-titulos-service","timestamp":"2026-05-27T12:07:19.596Z"}
{"lancamento":1434906763,"level":"info","message":"ℹ️ Título 117812/C já estava baixado. Processo ignorado.","service":"btg-baixa-titulos-service","situacao":"BAIXADO","timestamp":"2026-05-27T12:07:19.611Z"}
{"level":"info","message":"🔎 Processando título 117490/C","service":"btg-baixa-titulos-service","timestamp":"2026-05-27T12:07:19.613Z"}
{"level":"info","message":"🌐 Millennium request: GET /MILLENIUM!JOIN_ONEUP.LANCAMENTOS.CONSULTALANCAMENTOS?cnpj=01.934.454%2F0001-00&n_documento=117490%2FC","service":"btg-baixa-titulos-service","timestamp":"2026-05-27T12:07:19.613Z"}
{"lancamento":1434904411,"level":"info","message":"ℹ️ Título 117490/C já estava baixado. Processo ignorado.","service":"btg-baixa-titulos-service","situacao":"BAIXADO","timestamp":"2026-05-27T12:07:19.630Z"}
{"level":"info","message":"🔎 Processando título 117183/C","service":"btg-baixa-titulos-service","timestamp":"2026-05-27T12:07:19.631Z"}
{"level":"info","message":"🌐 Millennium request: GET /MILLENIUM!JOIN_ONEUP.LANCAMENTOS.CONSULTALANCAMENTOS?cnpj=31.505.989%2F0001-19&n_documento=117183%2FC","service":"btg-baixa-titulos-service","timestamp":"2026-05-27T12:07:19.632Z"}
{"lancamento":1434902698,"level":"info","message":"ℹ️ Título 117183/C já estava baixado. Processo ignorado.","service":"btg-baixa-titulos-service","situacao":"BAIXADO","timestamp":"2026-05-27T12:07:19.649Z"}
{"level":"info","message":"🔎 Processando título 118027/B","service":"btg-baixa-titulos-service","timestamp":"2026-05-27T12:07:19.651Z"}
{"level":"info","message":"🌐 Millennium request: GET /MILLENIUM!JOIN_ONEUP.LANCAMENTOS.CONSULTALANCAMENTOS?cnpj=59.205.187%2F0001-02&n_documento=118027%2FB","service":"btg-baixa-titulos-service","timestamp":"2026-05-27T12:07:19.651Z"}
{"lancamento":1434907474,"level":"info","message":"ℹ️ Título 118027/B já estava baixado. Processo ignorado.","service":"btg-baixa-titulos-service","situacao":"BAIXADO","timestamp":"2026-05-27T12:07:19.669Z"}
{"level":"info","message":"🔎 Processando título 118018/B","service":"btg-baixa-titulos-service","timestamp":"2026-05-27T12:07:19.671Z"}
{"level":"info","message":"🌐 Millennium request: GET /MILLENIUM!JOIN_ONEUP.LANCAMENTOS.CONSULTALANCAMENTOS?cnpj=01.934.454%2F0001-00&n_documento=118018%2FB","service":"btg-baixa-titulos-service","timestamp":"2026-05-27T12:07:19.671Z"}
{"lancamento":1434907449,"level":"info","message":"ℹ️ Título 118018/B já estava baixado. Processo ignorado.","service":"btg-baixa-titulos-service","situacao":"BAIXADO","timestamp":"2026-05-27T12:07:19.690Z"}
{"level":"info","message":"🔎 Processando título 117917/B","service":"btg-baixa-titulos-service","timestamp":"2026-05-27T12:07:19.692Z"}
{"level":"info","message":"🌐 Millennium request: GET /MILLENIUM!JOIN_ONEUP.LANCAMENTOS.CONSULTALANCAMENTOS?cnpj=06.181.589%2F0001-58&n_documento=117917%2FB","service":"btg-baixa-titulos-service","timestamp":"2026-05-27T12:07:19.692Z"}
{"lancamento":1434907099,"level":"info","message":"ℹ️ Título 117917/B já estava baixado. Processo ignorado.","service":"btg-baixa-titulos-service","situacao":"BAIXADO","timestamp":"2026-05-27T12:07:19.710Z"}
{"level":"info","message":"🔎 Processando título 117916/B","service":"btg-baixa-titulos-service","timestamp":"2026-05-27T12:07:19.713Z"}
{"level":"info","message":"🌐 Millennium request: GET /MILLENIUM!JOIN_ONEUP.LANCAMENTOS.CONSULTALANCAMENTOS?cnpj=03.247.651%2F0001-79&n_documento=117916%2FB","service":"btg-baixa-titulos-service","timestamp":"2026-05-27T12:07:19.713Z"}
{"lancamento":1434907094,"level":"info","message":"ℹ️ Título 117916/B já estava baixado. Processo ignorado.","service":"btg-baixa-titulos-service","situacao":"BAIXADO","timestamp":"2026-05-27T12:07:19.731Z"}
{"level":"info","message":"🔎 Processando título 118027/A","service":"btg-baixa-titulos-service","timestamp":"2026-05-27T12:07:19.733Z"}
{"level":"info","message":"🌐 Millennium request: GET /MILLENIUM!JOIN_ONEUP.LANCAMENTOS.CONSULTALANCAMENTOS?cnpj=59.205.187%2F0001-02&n_documento=118027%2FA","service":"btg-baixa-titulos-service","timestamp":"2026-05-27T12:07:19.733Z"}
{"lancamento":1434907473,"level":"info","message":"ℹ️ Título 118027/A já estava baixado. Processo ignorado.","service":"btg-baixa-titulos-service","situacao":"BAIXADO","timestamp":"2026-05-27T12:07:19.751Z"}
{"level":"info","message":"🔎 Processando título 117814/B","service":"btg-baixa-titulos-service","timestamp":"2026-05-27T12:07:19.753Z"}
{"level":"info","message":"🌐 Millennium request: GET /MILLENIUM!JOIN_ONEUP.LANCAMENTOS.CONSULTALANCAMENTOS?cnpj=03.247.651%2F0001-79&n_documento=117814%2FB","service":"btg-baixa-titulos-service","timestamp":"2026-05-27T12:07:19.753Z"}
{"lancamento":1434906777,"level":"info","message":"ℹ️ Título 117814/B já estava baixado. Processo ignorado.","service":"btg-baixa-titulos-service","situacao":"BAIXADO","timestamp":"2026-05-27T12:07:19.768Z"}
{"level":"info","message":"🔎 Processando título 117916/A","service":"btg-baixa-titulos-service","timestamp":"2026-05-27T12:07:19.770Z"}
{"level":"info","message":"🌐 Millennium request: GET /MILLENIUM!JOIN_ONEUP.LANCAMENTOS.CONSULTALANCAMENTOS?cnpj=03.247.651%2F0001-79&n_documento=117916%2FA","service":"btg-baixa-titulos-service","timestamp":"2026-05-27T12:07:19.770Z"}
{"lancamento":1434907093,"level":"info","message":"ℹ️ Título 117916/A já estava baixado. Processo ignorado.","service":"btg-baixa-titulos-service","situacao":"BAIXADO","timestamp":"2026-05-27T12:07:19.788Z"}
{"level":"info","message":"🔎 Processando título 117814/A","service":"btg-baixa-titulos-service","timestamp":"2026-05-27T12:07:19.791Z"}
{"level":"info","message":"🌐 Millennium request: GET /MILLENIUM!JOIN_ONEUP.LANCAMENTOS.CONSULTALANCAMENTOS?cnpj=03.247.651%2F0001-79&n_documento=117814%2FA","service":"btg-baixa-titulos-service","timestamp":"2026-05-27T12:07:19.791Z"}
{"lancamento":1434906776,"level":"info","message":"ℹ️ Título 117814/A já estava baixado. Processo ignorado.","service":"btg-baixa-titulos-service","situacao":"BAIXADO","timestamp":"2026-05-27T12:07:19.806Z"}
{"level":"info","message":"🔎 Processando título 117812/B","service":"btg-baixa-titulos-service","timestamp":"2026-05-27T12:07:19.808Z"}
{"level":"info","message":"🌐 Millennium request: GET /MILLENIUM!JOIN_ONEUP.LANCAMENTOS.CONSULTALANCAMENTOS?cnpj=06.181.589%2F0001-58&n_documento=117812%2FB","service":"btg-baixa-titulos-service","timestamp":"2026-05-27T12:07:19.808Z"}
{"lancamento":1434906762,"level":"info","message":"ℹ️ Título 117812/B já estava baixado. Processo ignorado.","service":"btg-baixa-titulos-service","situacao":"BAIXADO","timestamp":"2026-05-27T12:07:19.825Z"}
{"level":"info","message":"🔎 Processando título 117917/A","service":"btg-baixa-titulos-service","timestamp":"2026-05-27T12:07:19.828Z"}
{"level":"info","message":"🌐 Millennium request: GET /MILLENIUM!JOIN_ONEUP.LANCAMENTOS.CONSULTALANCAMENTOS?cnpj=06.181.589%2F0001-58&n_documento=117917%2FA","service":"btg-baixa-titulos-service","timestamp":"2026-05-27T12:07:19.828Z"}
{"lancamento":1434907098,"level":"info","message":"ℹ️ Título 117917/A já estava baixado. Processo ignorado.","service":"btg-baixa-titulos-service","situacao":"BAIXADO","timestamp":"2026-05-27T12:07:19.842Z"}
{"level":"info","message":"🔎 Processando título 117812/A","service":"btg-baixa-titulos-service","timestamp":"2026-05-27T12:07:19.844Z"}
{"level":"info","message":"🌐 Millennium request: GET /MILLENIUM!JOIN_ONEUP.LANCAMENTOS.CONSULTALANCAMENTOS?cnpj=06.181.589%2F0001-58&n_documento=117812%2FA","service":"btg-baixa-titulos-service","timestamp":"2026-05-27T12:07:19.844Z"}
{"lancamento":1434906761,"level":"info","message":"ℹ️ Título 117812/A já estava baixado. Processo ignorado.","service":"btg-baixa-titulos-service","situacao":"BAIXADO","timestamp":"2026-05-27T12:07:19.861Z"}
{"level":"info","message":"🔎 Processando título 117490/B","service":"btg-baixa-titulos-service","timestamp":"2026-05-27T12:07:19.863Z"}
{"level":"info","message":"🌐 Millennium request: GET /MILLENIUM!JOIN_ONEUP.LANCAMENTOS.CONSULTALANCAMENTOS?cnpj=01.934.454%2F0001-00&n_documento=117490%2FB","service":"btg-baixa-titulos-service","timestamp":"2026-05-27T12:07:19.863Z"}
{"lancamento":1434904410,"level":"info","message":"ℹ️ Título 117490/B já estava baixado. Processo ignorado.","service":"btg-baixa-titulos-service","situacao":"BAIXADO","timestamp":"2026-05-27T12:07:19.881Z"}
{"level":"info","message":"🔎 Processando título 118018/A","service":"btg-baixa-titulos-service","timestamp":"2026-05-27T12:07:19.883Z"}
{"level":"info","message":"🌐 Millennium request: GET /MILLENIUM!JOIN_ONEUP.LANCAMENTOS.CONSULTALANCAMENTOS?cnpj=01.934.454%2F0001-00&n_documento=118018%2FA","service":"btg-baixa-titulos-service","timestamp":"2026-05-27T12:07:19.883Z"}
{"lancamento":1434907448,"level":"info","message":"ℹ️ Título 118018/A já estava baixado. Processo ignorado.","service":"btg-baixa-titulos-service","situacao":"BAIXADO","timestamp":"2026-05-27T12:07:19.983Z"}
{"level":"info","message":"🔎 Processando título 117490/A","service":"btg-baixa-titulos-service","timestamp":"2026-05-27T12:07:19.986Z"}
{"level":"info","message":"🌐 Millennium request: GET /MILLENIUM!JOIN_ONEUP.LANCAMENTOS.CONSULTALANCAMENTOS?cnpj=01.934.454%2F0001-00&n_documento=117490%2FA","service":"btg-baixa-titulos-service","timestamp":"2026-05-27T12:07:19.986Z"}
{"lancamento":1434904409,"level":"info","message":"ℹ️ Título 117490/A já estava baixado. Processo ignorado.","service":"btg-baixa-titulos-service","situacao":"BAIXADO","timestamp":"2026-05-27T12:07:20.003Z"}
{"level":"info","message":"🔎 Processando título 117183/B","service":"btg-baixa-titulos-service","timestamp":"2026-05-27T12:07:20.005Z"}
{"level":"info","message":"🌐 Millennium request: GET /MILLENIUM!JOIN_ONEUP.LANCAMENTOS.CONSULTALANCAMENTOS?cnpj=31.505.989%2F0001-19&n_documento=117183%2FB","service":"btg-baixa-titulos-service","timestamp":"2026-05-27T12:07:20.005Z"}
{"lancamento":1434902697,"level":"info","message":"ℹ️ Título 117183/B já estava baixado. Processo ignorado.","service":"btg-baixa-titulos-service","situacao":"BAIXADO","timestamp":"2026-05-27T12:07:20.026Z"}
{"level":"info","message":"🔎 Processando título 117183/A","service":"btg-baixa-titulos-service","timestamp":"2026-05-27T12:07:20.028Z"}
{"level":"info","message":"🌐 Millennium request: GET /MILLENIUM!JOIN_ONEUP.LANCAMENTOS.CONSULTALANCAMENTOS?cnpj=31.505.989%2F0001-19&n_documento=117183%2FA","service":"btg-baixa-titulos-service","timestamp":"2026-05-27T12:07:20.028Z"}
{"lancamento":1434902696,"level":"info","message":"ℹ️ Título 117183/A já estava baixado. Processo ignorado.","service":"btg-baixa-titulos-service","situacao":"BAIXADO","timestamp":"2026-05-27T12:07:20.044Z"}
{"level":"info","message":"🔎 Processando título 117915/C","service":"btg-baixa-titulos-service","timestamp":"2026-05-27T12:07:20.047Z"}
{"level":"info","message":"🌐 Millennium request: GET /MILLENIUM!JOIN_ONEUP.LANCAMENTOS.CONSULTALANCAMENTOS?cnpj=03.294.992%2F0001-03&n_documento=117915%2FC","service":"btg-baixa-titulos-service","timestamp":"2026-05-27T12:07:20.047Z"}
{"lancamento":1434907090,"level":"info","message":"ℹ️ Título 117915/C já estava baixado. Processo ignorado.","service":"btg-baixa-titulos-service","situacao":"BAIXADO","timestamp":"2026-05-27T12:07:20.063Z"}
{"level":"info","message":"🔎 Processando título 117914/C","service":"btg-baixa-titulos-service","timestamp":"2026-05-27T12:07:20.066Z"}
{"level":"info","message":"🌐 Millennium request: GET /MILLENIUM!JOIN_ONEUP.LANCAMENTOS.CONSULTALANCAMENTOS?cnpj=44.999.259%2F0001-63&n_documento=117914%2FC","service":"btg-baixa-titulos-service","timestamp":"2026-05-27T12:07:20.066Z"}
{"lancamento":1434907085,"level":"info","message":"ℹ️ Título 117914/C já estava baixado. Processo ignorado.","service":"btg-baixa-titulos-service","situacao":"BAIXADO","timestamp":"2026-05-27T12:07:20.084Z"}
{"level":"info","message":"🔎 Processando título 117911/B","service":"btg-baixa-titulos-service","timestamp":"2026-05-27T12:07:20.086Z"}
{"level":"info","message":"🌐 Millennium request: GET /MILLENIUM!JOIN_ONEUP.LANCAMENTOS.CONSULTALANCAMENTOS?cnpj=57.408.548%2F0001-92&n_documento=117911%2FB","service":"btg-baixa-titulos-service","timestamp":"2026-05-27T12:07:20.086Z"}
{"lancamento":1434907072,"level":"info","message":"ℹ️ Título 117911/B já estava baixado. Processo ignorado.","service":"btg-baixa-titulos-service","situacao":"BAIXADO","timestamp":"2026-05-27T12:07:20.102Z"}
{"level":"info","message":"🔎 Processando título 117909/C","service":"btg-baixa-titulos-service","timestamp":"2026-05-27T12:07:20.104Z"}
{"level":"info","message":"🌐 Millennium request: GET /MILLENIUM!JOIN_ONEUP.LANCAMENTOS.CONSULTALANCAMENTOS?cnpj=73.652.158%2F0001-10&n_documento=117909%2FC","service":"btg-baixa-titulos-service","timestamp":"2026-05-27T12:07:20.105Z"}
{"lancamento":1434907063,"level":"info","message":"ℹ️ Título 117909/C já estava baixado. Processo ignorado.","service":"btg-baixa-titulos-service","situacao":"BAIXADO","timestamp":"2026-05-27T12:07:20.122Z"}
{"level":"info","message":"🔎 Processando título 117893/C","service":"btg-baixa-titulos-service","timestamp":"2026-05-27T12:07:20.124Z"}
{"level":"info","message":"🌐 Millennium request: GET /MILLENIUM!JOIN_ONEUP.LANCAMENTOS.CONSULTALANCAMENTOS?cnpj=44.999.259%2F0001-63&n_documento=117893%2FC","service":"btg-baixa-titulos-service","timestamp":"2026-05-27T12:07:20.124Z"}
{"lancamento":1434906878,"level":"info","message":"ℹ️ Título 117893/C já estava baixado. Processo ignorado.","service":"btg-baixa-titulos-service","situacao":"BAIXADO","timestamp":"2026-05-27T12:07:20.140Z"}
{"level":"info","message":"🔎 Processando título 117763/C","service":"btg-baixa-titulos-service","timestamp":"2026-05-27T12:07:20.143Z"}
{"level":"info","message":"🌐 Millennium request: GET /MILLENIUM!JOIN_ONEUP.LANCAMENTOS.CONSULTALANCAMENTOS?cnpj=73.652.158%2F0001-10&n_documento=117763%2FC","service":"btg-baixa-titulos-service","timestamp":"2026-05-27T12:07:20.143Z"}
{"lancamento":1434906205,"level":"info","message":"ℹ️ Título 117763/C já estava baixado. Processo ignorado.","service":"btg-baixa-titulos-service","situacao":"BAIXADO","timestamp":"2026-05-27T12:07:20.159Z"}
{"level":"info","message":"🔎 Processando título 117766/B","service":"btg-baixa-titulos-service","timestamp":"2026-05-27T12:07:20.161Z"}
{"level":"info","message":"🌐 Millennium request: GET /MILLENIUM!JOIN_ONEUP.LANCAMENTOS.CONSULTALANCAMENTOS?cnpj=57.408.548%2F0001-92&n_documento=117766%2FB","service":"btg-baixa-titulos-service","timestamp":"2026-05-27T12:07:20.161Z"}
{"lancamento":1434906314,"level":"info","message":"ℹ️ Título 117766/B já estava baixado. Processo ignorado.","service":"btg-baixa-titulos-service","situacao":"BAIXADO","timestamp":"2026-05-27T12:07:20.178Z"}
{"level":"info","message":"🔎 Processando título 117241/C","service":"btg-baixa-titulos-service","timestamp":"2026-05-27T12:07:20.180Z"}
{"level":"info","message":"🌐 Millennium request: GET /MILLENIUM!JOIN_ONEUP.LANCAMENTOS.CONSULTALANCAMENTOS?cnpj=03.294.992%2F0001-03&n_documento=117241%2FC","service":"btg-baixa-titulos-service","timestamp":"2026-05-27T12:07:20.180Z"}
{"lancamento":1434902860,"level":"info","message":"ℹ️ Título 117241/C já estava baixado. Processo ignorado.","service":"btg-baixa-titulos-service","situacao":"BAIXADO","timestamp":"2026-05-27T12:07:20.196Z"}
{"level":"info","message":"🔎 Processando título 118044/B","service":"btg-baixa-titulos-service","timestamp":"2026-05-27T12:07:20.200Z"}
{"level":"info","message":"🌐 Millennium request: GET /MILLENIUM!JOIN_ONEUP.LANCAMENTOS.CONSULTALANCAMENTOS?cnpj=03.294.992%2F0001-03&n_documento=118044%2FB","service":"btg-baixa-titulos-service","timestamp":"2026-05-27T12:07:20.200Z"}
{"lancamento":1434907500,"level":"info","message":"ℹ️ Título 118044/B já estava baixado. Processo ignorado.","service":"btg-baixa-titulos-service","situacao":"BAIXADO","timestamp":"2026-05-27T12:07:20.217Z"}
{"level":"info","message":"🔎 Processando título 118023/B","service":"btg-baixa-titulos-service","timestamp":"2026-05-27T12:07:20.219Z"}
{"level":"info","message":"🌐 Millennium request: GET /MILLENIUM!JOIN_ONEUP.LANCAMENTOS.CONSULTALANCAMENTOS?cnpj=50.649.490%2F0001-20&n_documento=118023%2FB","service":"btg-baixa-titulos-service","timestamp":"2026-05-27T12:07:20.219Z"}
{"lancamento":1434907457,"level":"info","message":"ℹ️ Título 118023/B já estava baixado. Processo ignorado.","service":"btg-baixa-titulos-service","situacao":"BAIXADO","timestamp":"2026-05-27T12:07:20.236Z"}
{"level":"info","message":"🔎 Processando título 117915/B","service":"btg-baixa-titulos-service","timestamp":"2026-05-27T12:07:20.237Z"}
{"level":"info","message":"🌐 Millennium request: GET /MILLENIUM!JOIN_ONEUP.LANCAMENTOS.CONSULTALANCAMENTOS?cnpj=03.294.992%2F0001-03&n_documento=117915%2FB","service":"btg-baixa-titulos-service","timestamp":"2026-05-27T12:07:20.237Z"}
{"lancamento":1434907089,"level":"info","message":"ℹ️ Título 117915/B já estava baixado. Processo ignorado.","service":"btg-baixa-titulos-service","situacao":"BAIXADO","timestamp":"2026-05-27T12:07:20.255Z"}
{"level":"info","message":"🔎 Processando título 117914/B","service":"btg-baixa-titulos-service","timestamp":"2026-05-27T12:07:20.257Z"}
{"level":"info","message":"🌐 Millennium request: GET /MILLENIUM!JOIN_ONEUP.LANCAMENTOS.CONSULTALANCAMENTOS?cnpj=44.999.259%2F0001-63&n_documento=117914%2FB","service":"btg-baixa-titulos-service","timestamp":"2026-05-27T12:07:20.257Z"}
{"lancamento":1434907084,"level":"info","message":"ℹ️ Título 117914/B já estava baixado. Processo ignorado.","service":"btg-baixa-titulos-service","situacao":"BAIXADO","timestamp":"2026-05-27T12:07:20.278Z"}
{"level":"info","message":"🔎 Processando título 117911/A","service":"btg-baixa-titulos-service","timestamp":"2026-05-27T12:07:20.280Z"}
{"level":"info","message":"🌐 Millennium request: GET /MILLENIUM!JOIN_ONEUP.LANCAMENTOS.CONSULTALANCAMENTOS?cnpj=57.408.548%2F0001-92&n_documento=117911%2FA","service":"btg-baixa-titulos-service","timestamp":"2026-05-27T12:07:20.280Z"}
{"lancamento":1434907071,"level":"info","message":"ℹ️ Título 117911/A já estava baixado. Processo ignorado.","service":"btg-baixa-titulos-service","situacao":"BAIXADO","timestamp":"2026-05-27T12:07:20.297Z"}
{"level":"info","message":"🔎 Processando título 117766/A","service":"btg-baixa-titulos-service","timestamp":"2026-05-27T12:07:20.299Z"}
{"level":"info","message":"🌐 Millennium request: GET /MILLENIUM!JOIN_ONEUP.LANCAMENTOS.CONSULTALANCAMENTOS?cnpj=57.408.548%2F0001-92&n_documento=117766%2FA","service":"btg-baixa-titulos-service","timestamp":"2026-05-27T12:07:20.299Z"}
{"lancamento":1434906313,"level":"info","message":"ℹ️ Título 117766/A já estava baixado. Processo ignorado.","service":"btg-baixa-titulos-service","situacao":"BAIXADO","timestamp":"2026-05-27T12:07:20.317Z"}
{"level":"info","message":"🔎 Processando título 117893/B","service":"btg-baixa-titulos-service","timestamp":"2026-05-27T12:07:20.319Z"}
{"level":"info","message":"🌐 Millennium request: GET /MILLENIUM!JOIN_ONEUP.LANCAMENTOS.CONSULTALANCAMENTOS?cnpj=44.999.259%2F0001-63&n_documento=117893%2FB","service":"btg-baixa-titulos-service","timestamp":"2026-05-27T12:07:20.319Z"}
{"lancamento":1434906877,"level":"info","message":"ℹ️ Título 117893/B já estava baixado. Processo ignorado.","service":"btg-baixa-titulos-service","situacao":"BAIXADO","timestamp":"2026-05-27T12:07:20.334Z"}
{"level":"info","message":"🔎 Processando título 117914/A","service":"btg-baixa-titulos-service","timestamp":"2026-05-27T12:07:20.336Z"}
{"level":"info","message":"🌐 Millennium request: GET /MILLENIUM!JOIN_ONEUP.LANCAMENTOS.CONSULTALANCAMENTOS?cnpj=44.999.259%2F0001-63&n_documento=117914%2FA","service":"btg-baixa-titulos-service","timestamp":"2026-05-27T12:07:20.337Z"}
{"lancamento":1434907083,"level":"info","message":"ℹ️ Título 117914/A já estava baixado. Processo ignorado.","service":"btg-baixa-titulos-service","situacao":"BAIXADO","timestamp":"2026-05-27T12:07:20.353Z"}
{"level":"info","message":"🔎 Processando título 117893/A","service":"btg-baixa-titulos-service","timestamp":"2026-05-27T12:07:20.355Z"}
{"level":"info","message":"🌐 Millennium request: GET /MILLENIUM!JOIN_ONEUP.LANCAMENTOS.CONSULTALANCAMENTOS?cnpj=44.999.259%2F0001-63&n_documento=117893%2FA","service":"btg-baixa-titulos-service","timestamp":"2026-05-27T12:07:20.355Z"}
{"lancamento":1434906876,"level":"info","message":"ℹ️ Título 117893/A já estava baixado. Processo ignorado.","service":"btg-baixa-titulos-service","situacao":"BAIXADO","timestamp":"2026-05-27T12:07:20.369Z"}
{"level":"info","message":"🔎 Processando título 117845/B","service":"btg-baixa-titulos-service","timestamp":"2026-05-27T12:07:20.371Z"}
{"level":"info","message":"🌐 Millennium request: GET /MILLENIUM!JOIN_ONEUP.LANCAMENTOS.CONSULTALANCAMENTOS?cnpj=03.294.992%2F0001-03&n_documento=117845%2FB","service":"btg-baixa-titulos-service","timestamp":"2026-05-27T12:07:20.371Z"}
{"lancamento":1434906819,"level":"info","message":"ℹ️ Título 117845/B já estava baixado. Processo ignorado.","service":"btg-baixa-titulos-service","situacao":"BAIXADO","timestamp":"2026-05-27T12:07:20.391Z"}
{"level":"info","message":"🔎 Processando título 117241/B","service":"btg-baixa-titulos-service","timestamp":"2026-05-27T12:07:20.393Z"}
{"level":"info","message":"🌐 Millennium request: GET /MILLENIUM!JOIN_ONEUP.LANCAMENTOS.CONSULTALANCAMENTOS?cnpj=03.294.992%2F0001-03&n_documento=117241%2FB","service":"btg-baixa-titulos-service","timestamp":"2026-05-27T12:07:20.393Z"}
{"lancamento":1434902859,"level":"info","message":"ℹ️ Título 117241/B já estava baixado. Processo ignorado.","service":"btg-baixa-titulos-service","situacao":"BAIXADO","timestamp":"2026-05-27T12:07:20.409Z"}
{"level":"info","message":"🔎 Processando título 118044/A","service":"btg-baixa-titulos-service","timestamp":"2026-05-27T12:07:20.411Z"}
{"level":"info","message":"🌐 Millennium request: GET /MILLENIUM!JOIN_ONEUP.LANCAMENTOS.CONSULTALANCAMENTOS?cnpj=03.294.992%2F0001-03&n_documento=118044%2FA","service":"btg-baixa-titulos-service","timestamp":"2026-05-27T12:07:20.411Z"}
{"lancamento":1434907499,"level":"info","message":"ℹ️ Título 118044/A já estava baixado. Processo ignorado.","service":"btg-baixa-titulos-service","situacao":"BAIXADO","timestamp":"2026-05-27T12:07:20.508Z"}
{"level":"info","message":"🔎 Processando título 117915/A","service":"btg-baixa-titulos-service","timestamp":"2026-05-27T12:07:20.512Z"}
{"level":"info","message":"🌐 Millennium request: GET /MILLENIUM!JOIN_ONEUP.LANCAMENTOS.CONSULTALANCAMENTOS?cnpj=03.294.992%2F0001-03&n_documento=117915%2FA","service":"btg-baixa-titulos-service","timestamp":"2026-05-27T12:07:20.513Z"}
{"lancamento":1434907088,"level":"info","message":"ℹ️ Título 117915/A já estava baixado. Processo ignorado.","service":"btg-baixa-titulos-service","situacao":"BAIXADO","timestamp":"2026-05-27T12:07:20.530Z"}
{"level":"info","message":"🔎 Processando título 117845/A","service":"btg-baixa-titulos-service","timestamp":"2026-05-27T12:07:20.533Z"}
{"level":"info","message":"🌐 Millennium request: GET /MILLENIUM!JOIN_ONEUP.LANCAMENTOS.CONSULTALANCAMENTOS?cnpj=03.294.992%2F0001-03&n_documento=117845%2FA","service":"btg-baixa-titulos-service","timestamp":"2026-05-27T12:07:20.533Z"}
{"lancamento":1434906818,"level":"info","message":"ℹ️ Título 117845/A já estava baixado. Processo ignorado.","service":"btg-baixa-titulos-service","situacao":"BAIXADO","timestamp":"2026-05-27T12:07:20.548Z"}
{"level":"info","message":"🔎 Processando título 117241/A","service":"btg-baixa-titulos-service","timestamp":"2026-05-27T12:07:20.550Z"}
{"level":"info","message":"🌐 Millennium request: GET /MILLENIUM!JOIN_ONEUP.LANCAMENTOS.CONSULTALANCAMENTOS?cnpj=03.294.992%2F0001-03&n_documento=117241%2FA","service":"btg-baixa-titulos-service","timestamp":"2026-05-27T12:07:20.550Z"}
{"lancamento":1434902858,"level":"info","message":"ℹ️ Título 117241/A já estava baixado. Processo ignorado.","service":"btg-baixa-titulos-service","situacao":"BAIXADO","timestamp":"2026-05-27T12:07:20.565Z"}
{"level":"info","message":"🔎 Processando título 118023/A","service":"btg-baixa-titulos-service","timestamp":"2026-05-27T12:07:20.567Z"}
{"level":"info","message":"🌐 Millennium request: GET /MILLENIUM!JOIN_ONEUP.LANCAMENTOS.CONSULTALANCAMENTOS?cnpj=50.649.490%2F0001-20&n_documento=118023%2FA","service":"btg-baixa-titulos-service","timestamp":"2026-05-27T12:07:20.567Z"}
{"lancamento":1434907456,"level":"info","message":"ℹ️ Título 118023/A já estava baixado. Processo ignorado.","service":"btg-baixa-titulos-service","situacao":"BAIXADO","timestamp":"2026-05-27T12:07:20.582Z"}
{"level":"info","message":"🔎 Processando título 117909/B","service":"btg-baixa-titulos-service","timestamp":"2026-05-27T12:07:20.583Z"}
{"level":"info","message":"🌐 Millennium request: GET /MILLENIUM!JOIN_ONEUP.LANCAMENTOS.CONSULTALANCAMENTOS?cnpj=73.652.158%2F0001-10&n_documento=117909%2FB","service":"btg-baixa-titulos-service","timestamp":"2026-05-27T12:07:20.583Z"}
{"lancamento":1434907062,"level":"info","message":"ℹ️ Título 117909/B já estava baixado. Processo ignorado.","service":"btg-baixa-titulos-service","situacao":"BAIXADO","timestamp":"2026-05-27T12:07:20.599Z"}
{"level":"info","message":"🔎 Processando título 117763/B","service":"btg-baixa-titulos-service","timestamp":"2026-05-27T12:07:20.602Z"}
{"level":"info","message":"🌐 Millennium request: GET /MILLENIUM!JOIN_ONEUP.LANCAMENTOS.CONSULTALANCAMENTOS?cnpj=73.652.158%2F0001-10&n_documento=117763%2FB","service":"btg-baixa-titulos-service","timestamp":"2026-05-27T12:07:20.602Z"}
{"lancamento":1434906204,"level":"info","message":"ℹ️ Título 117763/B já estava baixado. Processo ignorado.","service":"btg-baixa-titulos-service","situacao":"BAIXADO","timestamp":"2026-05-27T12:07:20.618Z"}
{"level":"info","message":"🔎 Processando título 117909/A","service":"btg-baixa-titulos-service","timestamp":"2026-05-27T12:07:20.620Z"}
{"level":"info","message":"🌐 Millennium request: GET /MILLENIUM!JOIN_ONEUP.LANCAMENTOS.CONSULTALANCAMENTOS?cnpj=73.652.158%2F0001-10&n_documento=117909%2FA","service":"btg-baixa-titulos-service","timestamp":"2026-05-27T12:07:20.620Z"}
{"lancamento":1434907061,"level":"info","message":"ℹ️ Título 117909/A já estava baixado. Processo ignorado.","service":"btg-baixa-titulos-service","situacao":"BAIXADO","timestamp":"2026-05-27T12:07:20.638Z"}
{"level":"info","message":"🔎 Processando título 117763/A","service":"btg-baixa-titulos-service","timestamp":"2026-05-27T12:07:20.641Z"}
{"level":"info","message":"🌐 Millennium request: GET /MILLENIUM!JOIN_ONEUP.LANCAMENTOS.CONSULTALANCAMENTOS?cnpj=73.652.158%2F0001-10&n_documento=117763%2FA","service":"btg-baixa-titulos-service","timestamp":"2026-05-27T12:07:20.641Z"}
{"lancamento":1434906203,"level":"info","message":"ℹ️ Título 117763/A já estava baixado. Processo ignorado.","service":"btg-baixa-titulos-service","situacao":"BAIXADO","timestamp":"2026-05-27T12:07:20.666Z"}
{"level":"info","message":"🔎 Processando título 117913","service":"btg-baixa-titulos-service","timestamp":"2026-05-27T12:07:20.669Z"}
{"level":"info","message":"🌐 Millennium request: GET /MILLENIUM!JOIN_ONEUP.LANCAMENTOS.CONSULTALANCAMENTOS?cnpj=77.857.555%2F0009-36&n_documento=117913","service":"btg-baixa-titulos-service","timestamp":"2026-05-27T12:07:20.669Z"}
{"lancamento":1434907081,"level":"info","message":"ℹ️ Título 117913 já estava baixado. Processo ignorado.","service":"btg-baixa-titulos-service","situacao":"BAIXADO","timestamp":"2026-05-27T12:07:20.687Z"}
{"level":"info","message":"🔎 Processando título 117810","service":"btg-baixa-titulos-service","timestamp":"2026-05-27T12:07:20.690Z"}
{"level":"info","message":"🌐 Millennium request: GET /MILLENIUM!JOIN_ONEUP.LANCAMENTOS.CONSULTALANCAMENTOS?cnpj=77.857.555%2F0009-36&n_documento=117810","service":"btg-baixa-titulos-service","timestamp":"2026-05-27T12:07:20.690Z"}
{"lancamento":1434906758,"level":"info","message":"ℹ️ Título 117810 já estava baixado. Processo ignorado.","service":"btg-baixa-titulos-service","situacao":"BAIXADO","timestamp":"2026-05-27T12:07:20.704Z"}
{"level":"info","message":"🔎 Processando título 118022","service":"btg-baixa-titulos-service","timestamp":"2026-05-27T12:07:20.706Z"}
{"level":"info","message":"🌐 Millennium request: GET /MILLENIUM!JOIN_ONEUP.LANCAMENTOS.CONSULTALANCAMENTOS?cnpj=01.009.793%2F0001-72&n_documento=118022","service":"btg-baixa-titulos-service","timestamp":"2026-05-27T12:07:20.706Z"}
{"lancamento":1434907460,"level":"info","message":"ℹ️ Título 118022 já estava baixado. Processo ignorado.","service":"btg-baixa-titulos-service","situacao":"BAIXADO","timestamp":"2026-05-27T12:07:20.723Z"}
{"level":"info","message":"🔎 Processando título 118020","service":"btg-baixa-titulos-service","timestamp":"2026-05-27T12:07:20.727Z"}
{"level":"info","message":"🌐 Millennium request: GET /MILLENIUM!JOIN_ONEUP.LANCAMENTOS.CONSULTALANCAMENTOS?cnpj=02.355.679%2F0001-67&n_documento=118020","service":"btg-baixa-titulos-service","timestamp":"2026-05-27T12:07:20.727Z"}
{"lancamento":1434907451,"level":"info","message":"ℹ️ Título 118020 já estava baixado. Processo ignorado.","service":"btg-baixa-titulos-service","situacao":"BAIXADO","timestamp":"2026-05-27T12:07:20.742Z"}
{"level":"info","message":"🔎 Processando título 116729/C","service":"btg-baixa-titulos-service","timestamp":"2026-05-27T12:07:20.744Z"}
{"level":"info","message":"🌐 Millennium request: GET /MILLENIUM!JOIN_ONEUP.LANCAMENTOS.CONSULTALANCAMENTOS?cnpj=03.294.992%2F0001-03&n_documento=116729%2FC","service":"btg-baixa-titulos-service","timestamp":"2026-05-27T12:07:20.744Z"}
{"lancamento":1434900397,"level":"info","message":"ℹ️ Título 116729/C já estava baixado. Processo ignorado.","service":"btg-baixa-titulos-service","situacao":"BAIXADO","timestamp":"2026-05-27T12:07:20.761Z"}
{"level":"info","message":"🔎 Processando título 116729/B","service":"btg-baixa-titulos-service","timestamp":"2026-05-27T12:07:20.766Z"}
{"level":"info","message":"🌐 Millennium request: GET /MILLENIUM!JOIN_ONEUP.LANCAMENTOS.CONSULTALANCAMENTOS?cnpj=03.294.992%2F0001-03&n_documento=116729%2FB","service":"btg-baixa-titulos-service","timestamp":"2026-05-27T12:07:20.767Z"}
{"lancamento":1434900396,"level":"info","message":"ℹ️ Título 116729/B já estava baixado. Processo ignorado.","service":"btg-baixa-titulos-service","situacao":"BAIXADO","timestamp":"2026-05-27T12:07:20.782Z"}
{"level":"info","message":"🔎 Processando título 116729/A","service":"btg-baixa-titulos-service","timestamp":"2026-05-27T12:07:20.784Z"}
{"level":"info","message":"🌐 Millennium request: GET /MILLENIUM!JOIN_ONEUP.LANCAMENTOS.CONSULTALANCAMENTOS?cnpj=03.294.992%2F0001-03&n_documento=116729%2FA","service":"btg-baixa-titulos-service","timestamp":"2026-05-27T12:07:20.784Z"}
{"lancamento":1434900395,"level":"info","message":"ℹ️ Título 116729/A já estava baixado. Processo ignorado.","service":"btg-baixa-titulos-service","situacao":"BAIXADO","timestamp":"2026-05-27T12:07:20.799Z"}
{"level":"info","message":"🔎 Processando título 116864/B","service":"btg-baixa-titulos-service","timestamp":"2026-05-27T12:07:20.801Z"}
{"level":"info","message":"🌐 Millennium request: GET /MILLENIUM!JOIN_ONEUP.LANCAMENTOS.CONSULTALANCAMENTOS?cnpj=57.408.548%2F0001-92&n_documento=116864%2FB","service":"btg-baixa-titulos-service","timestamp":"2026-05-27T12:07:20.801Z"}
{"lancamento":1434901258,"level":"info","message":"ℹ️ Título 116864/B já estava baixado. Processo ignorado.","service":"btg-baixa-titulos-service","situacao":"BAIXADO","timestamp":"2026-05-27T12:07:20.818Z"}
{"level":"info","message":"🔎 Processando título 116864/A","service":"btg-baixa-titulos-service","timestamp":"2026-05-27T12:07:20.820Z"}
{"level":"info","message":"🌐 Millennium request: GET /MILLENIUM!JOIN_ONEUP.LANCAMENTOS.CONSULTALANCAMENTOS?cnpj=57.408.548%2F0001-92&n_documento=116864%2FA","service":"btg-baixa-titulos-service","timestamp":"2026-05-27T12:07:20.820Z"}
{"lancamento":1434901257,"level":"info","message":"ℹ️ Título 116864/A já estava baixado. Processo ignorado.","service":"btg-baixa-titulos-service","situacao":"BAIXADO","timestamp":"2026-05-27T12:07:20.836Z"}
{"level":"info","message":"🔎 Processando título 116617/C","service":"btg-baixa-titulos-service","timestamp":"2026-05-27T12:07:20.838Z"}
{"level":"info","message":"🌐 Millennium request: GET /MILLENIUM!JOIN_ONEUP.LANCAMENTOS.CONSULTALANCAMENTOS?cnpj=44.999.259%2F0001-63&n_documento=116617%2FC","service":"btg-baixa-titulos-service","timestamp":"2026-05-27T12:07:20.838Z"}
{"lancamento":1434899999,"level":"info","message":"ℹ️ Título 116617/C já estava baixado. Processo ignorado.","service":"btg-baixa-titulos-service","situacao":"BAIXADO","timestamp":"2026-05-27T12:07:20.853Z"}
{"level":"info","message":"🔎 Processando título 116617/B","service":"btg-baixa-titulos-service","timestamp":"2026-05-27T12:07:20.855Z"}
{"level":"info","message":"🌐 Millennium request: GET /MILLENIUM!JOIN_ONEUP.LANCAMENTOS.CONSULTALANCAMENTOS?cnpj=44.999.259%2F0001-63&n_documento=116617%2FB","service":"btg-baixa-titulos-service","timestamp":"2026-05-27T12:07:20.855Z"}
{"lancamento":1434899998,"level":"info","message":"ℹ️ Título 116617/B já estava baixado. Processo ignorado.","service":"btg-baixa-titulos-service","situacao":"BAIXADO","timestamp":"2026-05-27T12:07:20.871Z"}
{"level":"info","message":"🔎 Processando título 116617/A","service":"btg-baixa-titulos-service","timestamp":"2026-05-27T12:07:20.873Z"}
{"level":"info","message":"🌐 Millennium request: GET /MILLENIUM!JOIN_ONEUP.LANCAMENTOS.CONSULTALANCAMENTOS?cnpj=44.999.259%2F0001-63&n_documento=116617%2FA","service":"btg-baixa-titulos-service","timestamp":"2026-05-27T12:07:20.873Z"}
{"lancamento":1434899997,"level":"info","message":"ℹ️ Título 116617/A já estava baixado. Processo ignorado.","service":"btg-baixa-titulos-service","situacao":"BAIXADO","timestamp":"2026-05-27T12:07:20.887Z"}
{"level":"info","message":"🔎 Processando título 116058","service":"btg-baixa-titulos-service","timestamp":"2026-05-27T12:07:20.889Z"}
{"level":"info","message":"🌐 Millennium request: GET /MILLENIUM!JOIN_ONEUP.LANCAMENTOS.CONSULTALANCAMENTOS?cnpj=02.355.679%2F0001-67&n_documento=116058","service":"btg-baixa-titulos-service","timestamp":"2026-05-27T12:07:20.889Z"}
{"lancamento":1434897658,"level":"info","message":"ℹ️ Título 116058 já estava baixado. Processo ignorado.","service":"btg-baixa-titulos-service","situacao":"BAIXADO","timestamp":"2026-05-27T12:07:20.906Z"}
{"level":"info","message":"🔎 Processando título 116055","service":"btg-baixa-titulos-service","timestamp":"2026-05-27T12:07:20.908Z"}
{"level":"info","message":"🌐 Millennium request: GET /MILLENIUM!JOIN_ONEUP.LANCAMENTOS.CONSULTALANCAMENTOS?cnpj=01.009.793%2F0001-72&n_documento=116055","service":"btg-baixa-titulos-service","timestamp":"2026-05-27T12:07:20.908Z"}
{"lancamento":1434897633,"level":"info","message":"ℹ️ Título 116055 já estava baixado. Processo ignorado.","service":"btg-baixa-titulos-service","situacao":"BAIXADO","timestamp":"2026-05-27T12:07:20.924Z"}
{"level":"info","message":"🔎 Processando título 116074/B","service":"btg-baixa-titulos-service","timestamp":"2026-05-27T12:07:20.926Z"}
{"level":"info","message":"🌐 Millennium request: GET /MILLENIUM!JOIN_ONEUP.LANCAMENTOS.CONSULTALANCAMENTOS?cnpj=59.205.187%2F0001-02&n_documento=116074%2FB","service":"btg-baixa-titulos-service","timestamp":"2026-05-27T12:07:20.926Z"}
{"lancamento":1434897763,"level":"info","message":"ℹ️ Título 116074/B já estava baixado. Processo ignorado.","service":"btg-baixa-titulos-service","situacao":"BAIXADO","timestamp":"2026-05-27T12:07:21.034Z"}
{"level":"info","message":"🔎 Processando título 116072/B","service":"btg-baixa-titulos-service","timestamp":"2026-05-27T12:07:21.040Z"}
{"level":"info","message":"🌐 Millennium request: GET /MILLENIUM!JOIN_ONEUP.LANCAMENTOS.CONSULTALANCAMENTOS?cnpj=21.067.137%2F0001-33&n_documento=116072%2FB","service":"btg-baixa-titulos-service","timestamp":"2026-05-27T12:07:21.040Z"}
{"lancamento":1434897756,"level":"info","message":"ℹ️ Título 116072/B já estava baixado. Processo ignorado.","service":"btg-baixa-titulos-service","situacao":"BAIXADO","timestamp":"2026-05-27T12:07:21.056Z"}
{"level":"info","message":"🔎 Processando título 116071/B","service":"btg-baixa-titulos-service","timestamp":"2026-05-27T12:07:21.059Z"}
{"level":"info","message":"🌐 Millennium request: GET /MILLENIUM!JOIN_ONEUP.LANCAMENTOS.CONSULTALANCAMENTOS?cnpj=06.181.589%2F0001-58&n_documento=116071%2FB","service":"btg-baixa-titulos-service","timestamp":"2026-05-27T12:07:21.059Z"}
{"lancamento":1434897748,"level":"info","message":"ℹ️ Título 116071/B já estava baixado. Processo ignorado.","service":"btg-baixa-titulos-service","situacao":"BAIXADO","timestamp":"2026-05-27T12:07:21.074Z"}
{"level":"info","message":"🔎 Processando título 116070/B","service":"btg-baixa-titulos-service","timestamp":"2026-05-27T12:07:21.077Z"}
{"level":"info","message":"🌐 Millennium request: GET /MILLENIUM!JOIN_ONEUP.LANCAMENTOS.CONSULTALANCAMENTOS?cnpj=03.247.651%2F0001-79&n_documento=116070%2FB","service":"btg-baixa-titulos-service","timestamp":"2026-05-27T12:07:21.077Z"}
{"lancamento":1434897741,"level":"info","message":"ℹ️ Título 116070/B já estava baixado. Processo ignorado.","service":"btg-baixa-titulos-service","situacao":"BAIXADO","timestamp":"2026-05-27T12:07:21.092Z"}
{"level":"info","message":"🔎 Processando título 116059/D","service":"btg-baixa-titulos-service","timestamp":"2026-05-27T12:07:21.095Z"}
{"level":"info","message":"🌐 Millennium request: GET /MILLENIUM!JOIN_ONEUP.LANCAMENTOS.CONSULTALANCAMENTOS?cnpj=00.768.271%2F0001-91&n_documento=116059%2FD","service":"btg-baixa-titulos-service","timestamp":"2026-05-27T12:07:21.095Z"}
{"lancamento":1434897663,"level":"info","message":"ℹ️ Título 116059/D já estava baixado. Processo ignorado.","service":"btg-baixa-titulos-service","situacao":"BAIXADO","timestamp":"2026-05-27T12:07:21.117Z"}
{"level":"info","message":"🔎 Processando título 116069/B","service":"btg-baixa-titulos-service","timestamp":"2026-05-27T12:07:21.120Z"}
{"level":"info","message":"🌐 Millennium request: GET /MILLENIUM!JOIN_ONEUP.LANCAMENTOS.CONSULTALANCAMENTOS?cnpj=03.294.992%2F0001-03&n_documento=116069%2FB","service":"btg-baixa-titulos-service","timestamp":"2026-05-27T12:07:21.120Z"}
{"lancamento":1434897736,"level":"info","message":"ℹ️ Título 116069/B já estava baixado. Processo ignorado.","service":"btg-baixa-titulos-service","situacao":"BAIXADO","timestamp":"2026-05-27T12:07:21.136Z"}
{"level":"info","message":"🔎 Processando título 116068/B","service":"btg-baixa-titulos-service","timestamp":"2026-05-27T12:07:21.138Z"}
{"level":"info","message":"🌐 Millennium request: GET /MILLENIUM!JOIN_ONEUP.LANCAMENTOS.CONSULTALANCAMENTOS?cnpj=44.999.259%2F0001-63&n_documento=116068%2FB","service":"btg-baixa-titulos-service","timestamp":"2026-05-27T12:07:21.138Z"}
{"lancamento":1434897731,"level":"info","message":"ℹ️ Título 116068/B já estava baixado. Processo ignorado.","service":"btg-baixa-titulos-service","situacao":"BAIXADO","timestamp":"2026-05-27T12:07:21.153Z"}
{"level":"info","message":"🔎 Processando título 114867/D","service":"btg-baixa-titulos-service","timestamp":"2026-05-27T12:07:21.156Z"}
{"level":"info","message":"🌐 Millennium request: GET /MILLENIUM!JOIN_ONEUP.LANCAMENTOS.CONSULTALANCAMENTOS?cnpj=44.999.259%2F0001-63&n_documento=114867%2FD","service":"btg-baixa-titulos-service","timestamp":"2026-05-27T12:07:21.156Z"}
{"lancamento":1434892199,"level":"info","message":"ℹ️ Título 114867/D já estava baixado. Processo ignorado.","service":"btg-baixa-titulos-service","situacao":"BAIXADO","timestamp":"2026-05-27T12:07:21.170Z"}
{"level":"info","message":"🔎 Processando título 116059/B","service":"btg-baixa-titulos-service","timestamp":"2026-05-27T12:07:21.172Z"}
{"level":"info","message":"🌐 Millennium request: GET /MILLENIUM!JOIN_ONEUP.LANCAMENTOS.CONSULTALANCAMENTOS?cnpj=00.768.271%2F0001-91&n_documento=116059%2FB","service":"btg-baixa-titulos-service","timestamp":"2026-05-27T12:07:21.173Z"}
{"lancamento":1434897661,"level":"info","message":"ℹ️ Título 116059/B já estava baixado. Processo ignorado.","service":"btg-baixa-titulos-service","situacao":"BAIXADO","timestamp":"2026-05-27T12:07:21.225Z"}
{"level":"info","message":"🔎 Processando título 116057/B","service":"btg-baixa-titulos-service","timestamp":"2026-05-27T12:07:21.231Z"}
{"level":"info","message":"🌐 Millennium request: GET /MILLENIUM!JOIN_ONEUP.LANCAMENTOS.CONSULTALANCAMENTOS?cnpj=73.652.158%2F0001-10&n_documento=116057%2FB","service":"btg-baixa-titulos-service","timestamp":"2026-05-27T12:07:21.231Z"}
{"lancamento":1434897654,"level":"info","message":"ℹ️ Título 116057/B já estava baixado. Processo ignorado.","service":"btg-baixa-titulos-service","situacao":"BAIXADO","timestamp":"2026-05-27T12:07:21.261Z"}
{"level":"info","message":"🔎 Processando título 116078/C","service":"btg-baixa-titulos-service","timestamp":"2026-05-27T12:07:21.263Z"}
{"level":"info","message":"🌐 Millennium request: GET /MILLENIUM!JOIN_ONEUP.LANCAMENTOS.CONSULTALANCAMENTOS?cnpj=01.934.454%2F0001-00&n_documento=116078%2FC","service":"btg-baixa-titulos-service","timestamp":"2026-05-27T12:07:21.263Z"}
{"lancamento":1434897839,"level":"info","message":"ℹ️ Título 116078/C já estava baixado. Processo ignorado.","service":"btg-baixa-titulos-service","situacao":"BAIXADO","timestamp":"2026-05-27T12:07:21.278Z"}
{"level":"info","message":"🔎 Processando título 116036/B","service":"btg-baixa-titulos-service","timestamp":"2026-05-27T12:07:21.281Z"}
{"level":"info","message":"🌐 Millennium request: GET /MILLENIUM!JOIN_ONEUP.LANCAMENTOS.CONSULTALANCAMENTOS?cnpj=50.649.490%2F0001-20&n_documento=116036%2FB","service":"btg-baixa-titulos-service","timestamp":"2026-05-27T12:07:21.281Z"}
{"lancamento":1434897515,"level":"info","message":"ℹ️ Título 116036/B já estava baixado. Processo ignorado.","service":"btg-baixa-titulos-service","situacao":"BAIXADO","timestamp":"2026-05-27T12:07:21.297Z"}
{"level":"info","message":"🔎 Processando título 116077/B","service":"btg-baixa-titulos-service","timestamp":"2026-05-27T12:07:21.300Z"}
{"level":"info","message":"🌐 Millennium request: GET /MILLENIUM!JOIN_ONEUP.LANCAMENTOS.CONSULTALANCAMENTOS?cnpj=57.408.548%2F0001-92&n_documento=116077%2FB","service":"btg-baixa-titulos-service","timestamp":"2026-05-27T12:07:21.300Z"}
{"lancamento":1434897775,"level":"info","message":"ℹ️ Título 116077/B já estava baixado. Processo ignorado.","service":"btg-baixa-titulos-service","situacao":"BAIXADO","timestamp":"2026-05-27T12:07:21.318Z"}
{"level":"info","message":"🔎 Processando título 115849/B","service":"btg-baixa-titulos-service","timestamp":"2026-05-27T12:07:21.321Z"}
{"level":"info","message":"🌐 Millennium request: GET /MILLENIUM!JOIN_ONEUP.LANCAMENTOS.CONSULTALANCAMENTOS?cnpj=50.649.490%2F0001-20&n_documento=115849%2FB","service":"btg-baixa-titulos-service","timestamp":"2026-05-27T12:07:21.321Z"}
{"lancamento":1434896985,"level":"info","message":"ℹ️ Título 115849/B já estava baixado. Processo ignorado.","service":"btg-baixa-titulos-service","situacao":"BAIXADO","timestamp":"2026-05-27T12:07:21.337Z"}
{"level":"info","message":"🔎 Processando título 116074/C","service":"btg-baixa-titulos-service","timestamp":"2026-05-27T12:07:21.340Z"}
{"level":"info","message":"🌐 Millennium request: GET /MILLENIUM!JOIN_ONEUP.LANCAMENTOS.CONSULTALANCAMENTOS?cnpj=59.205.187%2F0001-02&n_documento=116074%2FC","service":"btg-baixa-titulos-service","timestamp":"2026-05-27T12:07:21.340Z"}
{"lancamento":1434897764,"level":"info","message":"ℹ️ Título 116074/C já estava baixado. Processo ignorado.","service":"btg-baixa-titulos-service","situacao":"BAIXADO","timestamp":"2026-05-27T12:07:21.358Z"}
{"level":"info","message":"🔎 Processando título 115848/B","service":"btg-baixa-titulos-service","timestamp":"2026-05-27T12:07:21.360Z"}
{"level":"info","message":"🌐 Millennium request: GET /MILLENIUM!JOIN_ONEUP.LANCAMENTOS.CONSULTALANCAMENTOS?cnpj=50.649.490%2F0001-20&n_documento=115848%2FB","service":"btg-baixa-titulos-service","timestamp":"2026-05-27T12:07:21.360Z"}
{"lancamento":1434896981,"level":"info","message":"ℹ️ Título 115848/B já estava baixado. Processo ignorado.","service":"btg-baixa-titulos-service","situacao":"BAIXADO","timestamp":"2026-05-27T12:07:21.377Z"}
{"level":"info","message":"🔎 Processando título 116071/A","service":"btg-baixa-titulos-service","timestamp":"2026-05-27T12:07:21.379Z"}
{"level":"info","message":"🌐 Millennium request: GET /MILLENIUM!JOIN_ONEUP.LANCAMENTOS.CONSULTALANCAMENTOS?cnpj=06.181.589%2F0001-58&n_documento=116071%2FA","service":"btg-baixa-titulos-service","timestamp":"2026-05-27T12:07:21.379Z"}
{"lancamento":1434897747,"level":"info","message":"ℹ️ Título 116071/A já estava baixado. Processo ignorado.","service":"btg-baixa-titulos-service","situacao":"BAIXADO","timestamp":"2026-05-27T12:07:21.398Z"}
{"level":"info","message":"🔎 Processando título 116070/A","service":"btg-baixa-titulos-service","timestamp":"2026-05-27T12:07:21.401Z"}
{"level":"info","message":"🌐 Millennium request: GET /MILLENIUM!JOIN_ONEUP.LANCAMENTOS.CONSULTALANCAMENTOS?cnpj=03.247.651%2F0001-79&n_documento=116070%2FA","service":"btg-baixa-titulos-service","timestamp":"2026-05-27T12:07:21.401Z"}
{"lancamento":1434897740,"level":"info","message":"ℹ️ Título 116070/A já estava baixado. Processo ignorado.","service":"btg-baixa-titulos-service","situacao":"BAIXADO","timestamp":"2026-05-27T12:07:21.431Z"}
{"level":"info","message":"🔎 Processando título 116071/C","service":"btg-baixa-titulos-service","timestamp":"2026-05-27T12:07:21.433Z"}
{"level":"info","message":"🌐 Millennium request: GET /MILLENIUM!JOIN_ONEUP.LANCAMENTOS.CONSULTALANCAMENTOS?cnpj=06.181.589%2F0001-58&n_documento=116071%2FC","service":"btg-baixa-titulos-service","timestamp":"2026-05-27T12:07:21.433Z"}
{"lancamento":1434897749,"level":"info","message":"ℹ️ Título 116071/C já estava baixado. Processo ignorado.","service":"btg-baixa-titulos-service","situacao":"BAIXADO","timestamp":"2026-05-27T12:07:21.451Z"}
{"level":"info","message":"🔎 Processando título 116069/A","service":"btg-baixa-titulos-service","timestamp":"2026-05-27T12:07:21.455Z"}
{"level":"info","message":"🌐 Millennium request: GET /MILLENIUM!JOIN_ONEUP.LANCAMENTOS.CONSULTALANCAMENTOS?cnpj=03.294.992%2F0001-03&n_documento=116069%2FA","service":"btg-baixa-titulos-service","timestamp":"2026-05-27T12:07:21.455Z"}
{"lancamento":1434897735,"level":"info","message":"ℹ️ Título 116069/A já estava baixado. Processo ignorado.","service":"btg-baixa-titulos-service","situacao":"BAIXADO","timestamp":"2026-05-27T12:07:21.558Z"}
{"level":"info","message":"🔎 Processando título 116070/C","service":"btg-baixa-titulos-service","timestamp":"2026-05-27T12:07:21.564Z"}
{"level":"info","message":"🌐 Millennium request: GET /MILLENIUM!JOIN_ONEUP.LANCAMENTOS.CONSULTALANCAMENTOS?cnpj=03.247.651%2F0001-79&n_documento=116070%2FC","service":"btg-baixa-titulos-service","timestamp":"2026-05-27T12:07:21.564Z"}
{"lancamento":1434897742,"level":"info","message":"ℹ️ Título 116070/C já estava baixado. Processo ignorado.","service":"btg-baixa-titulos-service","situacao":"BAIXADO","timestamp":"2026-05-27T12:07:21.583Z"}
{"level":"info","message":"🔎 Processando título 116078/A","service":"btg-baixa-titulos-service","timestamp":"2026-05-27T12:07:21.585Z"}
{"level":"info","message":"🌐 Millennium request: GET /MILLENIUM!JOIN_ONEUP.LANCAMENTOS.CONSULTALANCAMENTOS?cnpj=01.934.454%2F0001-00&n_documento=116078%2FA","service":"btg-baixa-titulos-service","timestamp":"2026-05-27T12:07:21.585Z"}
{"lancamento":1434897837,"level":"info","message":"ℹ️ Título 116078/A já estava baixado. Processo ignorado.","service":"btg-baixa-titulos-service","situacao":"BAIXADO","timestamp":"2026-05-27T12:07:21.611Z"}
{"level":"info","message":"🔎 Processando título 116069/C","service":"btg-baixa-titulos-service","timestamp":"2026-05-27T12:07:21.614Z"}
{"level":"info","message":"🌐 Millennium request: GET /MILLENIUM!JOIN_ONEUP.LANCAMENTOS.CONSULTALANCAMENTOS?cnpj=03.294.992%2F0001-03&n_documento=116069%2FC","service":"btg-baixa-titulos-service","timestamp":"2026-05-27T12:07:21.614Z"}
{"lancamento":1434897737,"level":"info","message":"ℹ️ Título 116069/C já estava baixado. Processo ignorado.","service":"btg-baixa-titulos-service","situacao":"BAIXADO","timestamp":"2026-05-27T12:07:21.630Z"}
{"level":"info","message":"🔎 Processando título 116074/A","service":"btg-baixa-titulos-service","timestamp":"2026-05-27T12:07:21.633Z"}
{"level":"info","message":"🌐 Millennium request: GET /MILLENIUM!JOIN_ONEUP.LANCAMENTOS.CONSULTALANCAMENTOS?cnpj=59.205.187%2F0001-02&n_documento=116074%2FA","service":"btg-baixa-titulos-service","timestamp":"2026-05-27T12:07:21.633Z"}
{"lancamento":1434897762,"level":"info","message":"ℹ️ Título 116074/A já estava baixado. Processo ignorado.","service":"btg-baixa-titulos-service","situacao":"BAIXADO","timestamp":"2026-05-27T12:07:21.650Z"}
{"level":"info","message":"🔎 Processando título 116059/A","service":"btg-baixa-titulos-service","timestamp":"2026-05-27T12:07:21.653Z"}
{"level":"info","message":"🌐 Millennium request: GET /MILLENIUM!JOIN_ONEUP.LANCAMENTOS.CONSULTALANCAMENTOS?cnpj=00.768.271%2F0001-91&n_documento=116059%2FA","service":"btg-baixa-titulos-service","timestamp":"2026-05-27T12:07:21.653Z"}
{"lancamento":1434897660,"level":"info","message":"ℹ️ Título 116059/A já estava baixado. Processo ignorado.","service":"btg-baixa-titulos-service","situacao":"BAIXADO","timestamp":"2026-05-27T12:07:21.669Z"}
{"level":"info","message":"🔎 Processando título 116068/C","service":"btg-baixa-titulos-service","timestamp":"2026-05-27T12:07:21.673Z"}
{"level":"info","message":"🌐 Millennium request: GET /MILLENIUM!JOIN_ONEUP.LANCAMENTOS.CONSULTALANCAMENTOS?cnpj=44.999.259%2F0001-63&n_documento=116068%2FC","service":"btg-baixa-titulos-service","timestamp":"2026-05-27T12:07:21.673Z"}
{"lancamento":1434897732,"level":"info","message":"ℹ️ Título 116068/C já estava baixado. Processo ignorado.","service":"btg-baixa-titulos-service","situacao":"BAIXADO","timestamp":"2026-05-27T12:07:21.689Z"}
{"level":"info","message":"🔎 Processando título 114867/B","service":"btg-baixa-titulos-service","timestamp":"2026-05-27T12:07:21.691Z"}
{"level":"info","message":"🌐 Millennium request: GET /MILLENIUM!JOIN_ONEUP.LANCAMENTOS.CONSULTALANCAMENTOS?cnpj=44.999.259%2F0001-63&n_documento=114867%2FB","service":"btg-baixa-titulos-service","timestamp":"2026-05-27T12:07:21.691Z"}
{"lancamento":1434892197,"level":"info","message":"ℹ️ Título 114867/B já estava baixado. Processo ignorado.","service":"btg-baixa-titulos-service","situacao":"BAIXADO","timestamp":"2026-05-27T12:07:21.706Z"}
{"level":"info","message":"🔎 Processando título 116068/A","service":"btg-baixa-titulos-service","timestamp":"2026-05-27T12:07:21.708Z"}
{"level":"info","message":"🌐 Millennium request: GET /MILLENIUM!JOIN_ONEUP.LANCAMENTOS.CONSULTALANCAMENTOS?cnpj=44.999.259%2F0001-63&n_documento=116068%2FA","service":"btg-baixa-titulos-service","timestamp":"2026-05-27T12:07:21.708Z"}
{"lancamento":1434897730,"level":"info","message":"ℹ️ Título 116068/A já estava baixado. Processo ignorado.","service":"btg-baixa-titulos-service","situacao":"BAIXADO","timestamp":"2026-05-27T12:07:21.723Z"}
{"level":"info","message":"🔎 Processando título 114867/A","service":"btg-baixa-titulos-service","timestamp":"2026-05-27T12:07:21.726Z"}
{"level":"info","message":"🌐 Millennium request: GET /MILLENIUM!JOIN_ONEUP.LANCAMENTOS.CONSULTALANCAMENTOS?cnpj=44.999.259%2F0001-63&n_documento=114867%2FA","service":"btg-baixa-titulos-service","timestamp":"2026-05-27T12:07:21.726Z"}
{"lancamento":1434892196,"level":"info","message":"ℹ️ Título 114867/A já estava baixado. Processo ignorado.","service":"btg-baixa-titulos-service","situacao":"BAIXADO","timestamp":"2026-05-27T12:07:21.742Z"}
{"level":"info","message":"🔎 Processando título 116059/C","service":"btg-baixa-titulos-service","timestamp":"2026-05-27T12:07:21.746Z"}
{"level":"info","message":"🌐 Millennium request: GET /MILLENIUM!JOIN_ONEUP.LANCAMENTOS.CONSULTALANCAMENTOS?cnpj=00.768.271%2F0001-91&n_documento=116059%2FC","service":"btg-baixa-titulos-service","timestamp":"2026-05-27T12:07:21.746Z"}
{"lancamento":1434897662,"level":"info","message":"ℹ️ Título 116059/C já estava baixado. Processo ignorado.","service":"btg-baixa-titulos-service","situacao":"BAIXADO","timestamp":"2026-05-27T12:07:21.762Z"}
{"level":"info","message":"🔎 Processando título 115847/B","service":"btg-baixa-titulos-service","timestamp":"2026-05-27T12:07:21.764Z"}
{"level":"info","message":"🌐 Millennium request: GET /MILLENIUM!JOIN_ONEUP.LANCAMENTOS.CONSULTALANCAMENTOS?cnpj=50.649.490%2F0001-20&n_documento=115847%2FB","service":"btg-baixa-titulos-service","timestamp":"2026-05-27T12:07:21.764Z"}
{"lancamento":1434896977,"level":"info","message":"ℹ️ Título 115847/B já estava baixado. Processo ignorado.","service":"btg-baixa-titulos-service","situacao":"BAIXADO","timestamp":"2026-05-27T12:07:21.781Z"}
{"level":"info","message":"🔎 Processando título 116057/C","service":"btg-baixa-titulos-service","timestamp":"2026-05-27T12:07:21.784Z"}
{"level":"info","message":"🌐 Millennium request: GET /MILLENIUM!JOIN_ONEUP.LANCAMENTOS.CONSULTALANCAMENTOS?cnpj=73.652.158%2F0001-10&n_documento=116057%2FC","service":"btg-baixa-titulos-service","timestamp":"2026-05-27T12:07:21.784Z"}
{"lancamento":1434897655,"level":"info","message":"ℹ️ Título 116057/C já estava baixado. Processo ignorado.","service":"btg-baixa-titulos-service","situacao":"BAIXADO","timestamp":"2026-05-27T12:07:21.799Z"}
{"level":"info","message":"🔎 Processando título 115846/B","service":"btg-baixa-titulos-service","timestamp":"2026-05-27T12:07:21.802Z"}
{"level":"info","message":"🌐 Millennium request: GET /MILLENIUM!JOIN_ONEUP.LANCAMENTOS.CONSULTALANCAMENTOS?cnpj=50.649.490%2F0001-20&n_documento=115846%2FB","service":"btg-baixa-titulos-service","timestamp":"2026-05-27T12:07:21.802Z"}
{"lancamento":1434896973,"level":"info","message":"ℹ️ Título 115846/B já estava baixado. Processo ignorado.","service":"btg-baixa-titulos-service","situacao":"BAIXADO","timestamp":"2026-05-27T12:07:21.816Z"}
{"level":"info","message":"🔎 Processando título 116036/C","service":"btg-baixa-titulos-service","timestamp":"2026-05-27T12:07:21.818Z"}
{"level":"info","message":"🌐 Millennium request: GET /MILLENIUM!JOIN_ONEUP.LANCAMENTOS.CONSULTALANCAMENTOS?cnpj=50.649.490%2F0001-20&n_documento=116036%2FC","service":"btg-baixa-titulos-service","timestamp":"2026-05-27T12:07:21.818Z"}
{"lancamento":1434897516,"level":"info","message":"ℹ️ Título 116036/C já estava baixado. Processo ignorado.","service":"btg-baixa-titulos-service","situacao":"BAIXADO","timestamp":"2026-05-27T12:07:21.834Z"}
{"level":"info","message":"🔎 Processando título 115845/B","service":"btg-baixa-titulos-service","timestamp":"2026-05-27T12:07:21.839Z"}
{"level":"info","message":"🌐 Millennium request: GET /MILLENIUM!JOIN_ONEUP.LANCAMENTOS.CONSULTALANCAMENTOS?cnpj=50.649.490%2F0001-20&n_documento=115845%2FB","service":"btg-baixa-titulos-service","timestamp":"2026-05-27T12:07:21.839Z"}
{"lancamento":1434896969,"level":"info","message":"ℹ️ Título 115845/B já estava baixado. Processo ignorado.","service":"btg-baixa-titulos-service","situacao":"BAIXADO","timestamp":"2026-05-27T12:07:21.855Z"}
{"level":"info","message":"🔎 Processando título 115849/C","service":"btg-baixa-titulos-service","timestamp":"2026-05-27T12:07:21.858Z"}
{"level":"info","message":"🌐 Millennium request: GET /MILLENIUM!JOIN_ONEUP.LANCAMENTOS.CONSULTALANCAMENTOS?cnpj=50.649.490%2F0001-20&n_documento=115849%2FC","service":"btg-baixa-titulos-service","timestamp":"2026-05-27T12:07:21.858Z"}
{"lancamento":1434896986,"level":"info","message":"ℹ️ Título 115849/C já estava baixado. Processo ignorado.","service":"btg-baixa-titulos-service","situacao":"BAIXADO","timestamp":"2026-05-27T12:07:21.881Z"}
{"level":"info","message":"🔎 Processando título 115843/B","service":"btg-baixa-titulos-service","timestamp":"2026-05-27T12:07:21.884Z"}
{"level":"info","message":"🌐 Millennium request: GET /MILLENIUM!JOIN_ONEUP.LANCAMENTOS.CONSULTALANCAMENTOS?cnpj=50.649.490%2F0001-20&n_documento=115843%2FB","service":"btg-baixa-titulos-service","timestamp":"2026-05-27T12:07:21.884Z"}
{"lancamento":1434896966,"level":"info","message":"ℹ️ Título 115843/B já estava baixado. Processo ignorado.","service":"btg-baixa-titulos-service","situacao":"BAIXADO","timestamp":"2026-05-27T12:07:21.901Z"}
{"level":"info","message":"🔎 Processando título 115848/C","service":"btg-baixa-titulos-service","timestamp":"2026-05-27T12:07:21.905Z"}
{"level":"info","message":"🌐 Millennium request: GET /MILLENIUM!JOIN_ONEUP.LANCAMENTOS.CONSULTALANCAMENTOS?cnpj=50.649.490%2F0001-20&n_documento=115848%2FC","service":"btg-baixa-titulos-service","timestamp":"2026-05-27T12:07:21.905Z"}
{"lancamento":1434896982,"level":"info","message":"ℹ️ Título 115848/C já estava baixado. Processo ignorado.","service":"btg-baixa-titulos-service","situacao":"BAIXADO","timestamp":"2026-05-27T12:07:21.921Z"}
{"level":"info","message":"🔎 Processando título 116036/A","service":"btg-baixa-titulos-service","timestamp":"2026-05-27T12:07:21.923Z"}
{"level":"info","message":"🌐 Millennium request: GET /MILLENIUM!JOIN_ONEUP.LANCAMENTOS.CONSULTALANCAMENTOS?cnpj=50.649.490%2F0001-20&n_documento=116036%2FA","service":"btg-baixa-titulos-service","timestamp":"2026-05-27T12:07:21.923Z"}
{"lancamento":1434897514,"level":"info","message":"ℹ️ Título 116036/A já estava baixado. Processo ignorado.","service":"btg-baixa-titulos-service","situacao":"BAIXADO","timestamp":"2026-05-27T12:07:21.938Z"}
{"level":"info","message":"🔎 Processando título 115847/C","service":"btg-baixa-titulos-service","timestamp":"2026-05-27T12:07:21.941Z"}
{"level":"info","message":"🌐 Millennium request: GET /MILLENIUM!JOIN_ONEUP.LANCAMENTOS.CONSULTALANCAMENTOS?cnpj=50.649.490%2F0001-20&n_documento=115847%2FC","service":"btg-baixa-titulos-service","timestamp":"2026-05-27T12:07:21.941Z"}
{"lancamento":1434896978,"level":"info","message":"ℹ️ Título 115847/C já estava baixado. Processo ignorado.","service":"btg-baixa-titulos-service","situacao":"BAIXADO","timestamp":"2026-05-27T12:07:21.957Z"}
{"level":"info","message":"🔎 Processando título 115849/A","service":"btg-baixa-titulos-service","timestamp":"2026-05-27T12:07:21.960Z"}
{"level":"info","message":"🌐 Millennium request: GET /MILLENIUM!JOIN_ONEUP.LANCAMENTOS.CONSULTALANCAMENTOS?cnpj=50.649.490%2F0001-20&n_documento=115849%2FA","service":"btg-baixa-titulos-service","timestamp":"2026-05-27T12:07:21.960Z"}
{"lancamento":1434896984,"level":"info","message":"ℹ️ Título 115849/A já estava baixado. Processo ignorado.","service":"btg-baixa-titulos-service","situacao":"BAIXADO","timestamp":"2026-05-27T12:07:21.976Z"}
{"level":"info","message":"🔎 Processando título 115846/C","service":"btg-baixa-titulos-service","timestamp":"2026-05-27T12:07:21.979Z"}
{"level":"info","message":"🌐 Millennium request: GET /MILLENIUM!JOIN_ONEUP.LANCAMENTOS.CONSULTALANCAMENTOS?cnpj=50.649.490%2F0001-20&n_documento=115846%2FC","service":"btg-baixa-titulos-service","timestamp":"2026-05-27T12:07:21.980Z"}
{"lancamento":1434896974,"level":"info","message":"ℹ️ Título 115846/C já estava baixado. Processo ignorado.","service":"btg-baixa-titulos-service","situacao":"BAIXADO","timestamp":"2026-05-27T12:07:22.082Z"}
{"level":"info","message":"🔎 Processando título 115848/A","service":"btg-baixa-titulos-service","timestamp":"2026-05-27T12:07:22.087Z"}
{"level":"info","message":"🌐 Millennium request: GET /MILLENIUM!JOIN_ONEUP.LANCAMENTOS.CONSULTALANCAMENTOS?cnpj=50.649.490%2F0001-20&n_documento=115848%2FA","service":"btg-baixa-titulos-service","timestamp":"2026-05-27T12:07:22.087Z"}
{"lancamento":1434896980,"level":"info","message":"ℹ️ Título 115848/A já estava baixado. Processo ignorado.","service":"btg-baixa-titulos-service","situacao":"BAIXADO","timestamp":"2026-05-27T12:07:22.105Z"}
{"level":"info","message":"🔎 Processando título 115847/A","service":"btg-baixa-titulos-service","timestamp":"2026-05-27T12:07:22.109Z"}
{"level":"info","message":"🌐 Millennium request: GET /MILLENIUM!JOIN_ONEUP.LANCAMENTOS.CONSULTALANCAMENTOS?cnpj=50.649.490%2F0001-20&n_documento=115847%2FA","service":"btg-baixa-titulos-service","timestamp":"2026-05-27T12:07:22.109Z"}
{"lancamento":1434896976,"level":"info","message":"ℹ️ Título 115847/A já estava baixado. Processo ignorado.","service":"btg-baixa-titulos-service","situacao":"BAIXADO","timestamp":"2026-05-27T12:07:22.127Z"}
{"level":"info","message":"🔎 Processando título 115846/A","service":"btg-baixa-titulos-service","timestamp":"2026-05-27T12:07:22.129Z"}
{"level":"info","message":"🌐 Millennium request: GET /MILLENIUM!JOIN_ONEUP.LANCAMENTOS.CONSULTALANCAMENTOS?cnpj=50.649.490%2F0001-20&n_documento=115846%2FA","service":"btg-baixa-titulos-service","timestamp":"2026-05-27T12:07:22.130Z"}
{"lancamento":1434896972,"level":"info","message":"ℹ️ Título 115846/A já estava baixado. Processo ignorado.","service":"btg-baixa-titulos-service","situacao":"BAIXADO","timestamp":"2026-05-27T12:07:22.150Z"}
{"level":"info","message":"🔎 Processando título 115845/C","service":"btg-baixa-titulos-service","timestamp":"2026-05-27T12:07:22.153Z"}
{"level":"info","message":"🌐 Millennium request: GET /MILLENIUM!JOIN_ONEUP.LANCAMENTOS.CONSULTALANCAMENTOS?cnpj=50.649.490%2F0001-20&n_documento=115845%2FC","service":"btg-baixa-titulos-service","timestamp":"2026-05-27T12:07:22.153Z"}
{"lancamento":1434896970,"level":"info","message":"ℹ️ Título 115845/C já estava baixado. Processo ignorado.","service":"btg-baixa-titulos-service","situacao":"BAIXADO","timestamp":"2026-05-27T12:07:22.170Z"}
{"level":"info","message":"🔎 Processando título 115845/A","service":"btg-baixa-titulos-service","timestamp":"2026-05-27T12:07:22.172Z"}
{"level":"info","message":"🌐 Millennium request: GET /MILLENIUM!JOIN_ONEUP.LANCAMENTOS.CONSULTALANCAMENTOS?cnpj=50.649.490%2F0001-20&n_documento=115845%2FA","service":"btg-baixa-titulos-service","timestamp":"2026-05-27T12:07:22.172Z"}
{"lancamento":1434896968,"level":"info","message":"ℹ️ Título 115845/A já estava baixado. Processo ignorado.","service":"btg-baixa-titulos-service","situacao":"BAIXADO","timestamp":"2026-05-27T12:07:22.190Z"}
{"level":"info","message":"🔎 Processando título 115843/A","service":"btg-baixa-titulos-service","timestamp":"2026-05-27T12:07:22.193Z"}
{"level":"info","message":"🌐 Millennium request: GET /MILLENIUM!JOIN_ONEUP.LANCAMENTOS.CONSULTALANCAMENTOS?cnpj=50.649.490%2F0001-20&n_documento=115843%2FA","service":"btg-baixa-titulos-service","timestamp":"2026-05-27T12:07:22.193Z"}
{"lancamento":1434896965,"level":"info","message":"ℹ️ Título 115843/A já estava baixado. Processo ignorado.","service":"btg-baixa-titulos-service","situacao":"BAIXADO","timestamp":"2026-05-27T12:07:22.211Z"}
{"level":"info","message":"🔎 Processando título 115843/C","service":"btg-baixa-titulos-service","timestamp":"2026-05-27T12:07:22.214Z"}
{"level":"info","message":"🌐 Millennium request: GET /MILLENIUM!JOIN_ONEUP.LANCAMENTOS.CONSULTALANCAMENTOS?cnpj=50.649.490%2F0001-20&n_documento=115843%2FC","service":"btg-baixa-titulos-service","timestamp":"2026-05-27T12:07:22.214Z"}
{"lancamento":1434896967,"level":"info","message":"ℹ️ Título 115843/C já estava baixado. Processo ignorado.","service":"btg-baixa-titulos-service","situacao":"BAIXADO","timestamp":"2026-05-27T12:07:22.233Z"}
{"level":"info","message":"🔎 Processando título 116057/A","service":"btg-baixa-titulos-service","timestamp":"2026-05-27T12:07:22.236Z"}
{"level":"info","message":"🌐 Millennium request: GET /MILLENIUM!JOIN_ONEUP.LANCAMENTOS.CONSULTALANCAMENTOS?cnpj=73.652.158%2F0001-10&n_documento=116057%2FA","service":"btg-baixa-titulos-service","timestamp":"2026-05-27T12:07:22.236Z"}
{"lancamento":1434897653,"level":"info","message":"ℹ️ Título 116057/A já estava baixado. Processo ignorado.","service":"btg-baixa-titulos-service","situacao":"BAIXADO","timestamp":"2026-05-27T12:07:22.250Z"}
{"level":"info","message":"🔎 Processando título 115021/C","service":"btg-baixa-titulos-service","timestamp":"2026-05-27T12:07:22.253Z"}
{"level":"info","message":"🌐 Millennium request: GET /MILLENIUM!JOIN_ONEUP.LANCAMENTOS.CONSULTALANCAMENTOS?cnpj=47.485.403%2F0001-31&n_documento=115021%2FC","service":"btg-baixa-titulos-service","timestamp":"2026-05-27T12:07:22.253Z"}
{"lancamento":1434892802,"level":"info","message":"ℹ️ Título 115021/C já estava baixado. Processo ignorado.","service":"btg-baixa-titulos-service","situacao":"BAIXADO","timestamp":"2026-05-27T12:07:22.270Z"}
{"level":"info","message":"🔎 Processando título 115021/B","service":"btg-baixa-titulos-service","timestamp":"2026-05-27T12:07:22.273Z"}
{"level":"info","message":"🌐 Millennium request: GET /MILLENIUM!JOIN_ONEUP.LANCAMENTOS.CONSULTALANCAMENTOS?cnpj=47.485.403%2F0001-31&n_documento=115021%2FB","service":"btg-baixa-titulos-service","timestamp":"2026-05-27T12:07:22.273Z"}
{"lancamento":1434892801,"level":"info","message":"ℹ️ Título 115021/B já estava baixado. Processo ignorado.","service":"btg-baixa-titulos-service","situacao":"BAIXADO","timestamp":"2026-05-27T12:07:22.288Z"}
{"level":"info","message":"🔎 Processando título 115020/C","service":"btg-baixa-titulos-service","timestamp":"2026-05-27T12:07:22.290Z"}
{"level":"info","message":"🌐 Millennium request: GET /MILLENIUM!JOIN_ONEUP.LANCAMENTOS.CONSULTALANCAMENTOS?cnpj=47.485.403%2F0001-31&n_documento=115020%2FC","service":"btg-baixa-titulos-service","timestamp":"2026-05-27T12:07:22.290Z"}
{"lancamento":1434892799,"level":"info","message":"ℹ️ Título 115020/C já estava baixado. Processo ignorado.","service":"btg-baixa-titulos-service","situacao":"BAIXADO","timestamp":"2026-05-27T12:07:22.306Z"}
{"level":"info","message":"🔎 Processando título 115020/B","service":"btg-baixa-titulos-service","timestamp":"2026-05-27T12:07:22.308Z"}
{"level":"info","message":"🌐 Millennium request: GET /MILLENIUM!JOIN_ONEUP.LANCAMENTOS.CONSULTALANCAMENTOS?cnpj=47.485.403%2F0001-31&n_documento=115020%2FB","service":"btg-baixa-titulos-service","timestamp":"2026-05-27T12:07:22.308Z"}
{"lancamento":1434892798,"level":"info","message":"ℹ️ Título 115020/B já estava baixado. Processo ignorado.","service":"btg-baixa-titulos-service","situacao":"BAIXADO","timestamp":"2026-05-27T12:07:22.322Z"}
{"level":"info","message":"🔎 Processando título 115019/C","service":"btg-baixa-titulos-service","timestamp":"2026-05-27T12:07:22.325Z"}
{"level":"info","message":"🌐 Millennium request: GET /MILLENIUM!JOIN_ONEUP.LANCAMENTOS.CONSULTALANCAMENTOS?cnpj=47.485.403%2F0001-31&n_documento=115019%2FC","service":"btg-baixa-titulos-service","timestamp":"2026-05-27T12:07:22.325Z"}
{"lancamento":1434892794,"level":"info","message":"ℹ️ Título 115019/C já estava baixado. Processo ignorado.","service":"btg-baixa-titulos-service","situacao":"BAIXADO","timestamp":"2026-05-27T12:07:22.340Z"}
{"level":"info","message":"🔎 Processando título 115019/B","service":"btg-baixa-titulos-service","timestamp":"2026-05-27T12:07:22.343Z"}
{"level":"info","message":"🌐 Millennium request: GET /MILLENIUM!JOIN_ONEUP.LANCAMENTOS.CONSULTALANCAMENTOS?cnpj=47.485.403%2F0001-31&n_documento=115019%2FB","service":"btg-baixa-titulos-service","timestamp":"2026-05-27T12:07:22.343Z"}
{"lancamento":1434892793,"level":"info","message":"ℹ️ Título 115019/B já estava baixado. Processo ignorado.","service":"btg-baixa-titulos-service","situacao":"BAIXADO","timestamp":"2026-05-27T12:07:22.358Z"}
{"level":"info","message":"🔎 Processando título 115018/C","service":"btg-baixa-titulos-service","timestamp":"2026-05-27T12:07:22.361Z"}
{"level":"info","message":"🌐 Millennium request: GET /MILLENIUM!JOIN_ONEUP.LANCAMENTOS.CONSULTALANCAMENTOS?cnpj=47.485.403%2F0001-31&n_documento=115018%2FC","service":"btg-baixa-titulos-service","timestamp":"2026-05-27T12:07:22.361Z"}
{"lancamento":1434892791,"level":"info","message":"ℹ️ Título 115018/C já estava baixado. Processo ignorado.","service":"btg-baixa-titulos-service","situacao":"BAIXADO","timestamp":"2026-05-27T12:07:22.375Z"}
{"level":"info","message":"🔎 Processando título 115018/B","service":"btg-baixa-titulos-service","timestamp":"2026-05-27T12:07:22.378Z"}
{"level":"info","message":"🌐 Millennium request: GET /MILLENIUM!JOIN_ONEUP.LANCAMENTOS.CONSULTALANCAMENTOS?cnpj=47.485.403%2F0001-31&n_documento=115018%2FB","service":"btg-baixa-titulos-service","timestamp":"2026-05-27T12:07:22.378Z"}
{"lancamento":1434892790,"level":"info","message":"ℹ️ Título 115018/B já estava baixado. Processo ignorado.","service":"btg-baixa-titulos-service","situacao":"BAIXADO","timestamp":"2026-05-27T12:07:22.395Z"}
{"level":"info","message":"🔎 Processando título 115017/C","service":"btg-baixa-titulos-service","timestamp":"2026-05-27T12:07:22.397Z"}
{"level":"info","message":"🌐 Millennium request: GET /MILLENIUM!JOIN_ONEUP.LANCAMENTOS.CONSULTALANCAMENTOS?cnpj=47.485.403%2F0001-31&n_documento=115017%2FC","service":"btg-baixa-titulos-service","timestamp":"2026-05-27T12:07:22.397Z"}
{"lancamento":1434892788,"level":"info","message":"ℹ️ Título 115017/C já estava baixado. Processo ignorado.","service":"btg-baixa-titulos-service","situacao":"BAIXADO","timestamp":"2026-05-27T12:07:22.415Z"}
{"level":"info","message":"🔎 Processando título 115017/B","service":"btg-baixa-titulos-service","timestamp":"2026-05-27T12:07:22.418Z"}
{"level":"info","message":"🌐 Millennium request: GET /MILLENIUM!JOIN_ONEUP.LANCAMENTOS.CONSULTALANCAMENTOS?cnpj=47.485.403%2F0001-31&n_documento=115017%2FB","service":"btg-baixa-titulos-service","timestamp":"2026-05-27T12:07:22.418Z"}
{"lancamento":1434892787,"level":"info","message":"ℹ️ Título 115017/B já estava baixado. Processo ignorado.","service":"btg-baixa-titulos-service","situacao":"BAIXADO","timestamp":"2026-05-27T12:07:22.433Z"}
{"level":"info","message":"🔎 Processando título 114867/C","service":"btg-baixa-titulos-service","timestamp":"2026-05-27T12:07:22.435Z"}
{"level":"info","message":"🌐 Millennium request: GET /MILLENIUM!JOIN_ONEUP.LANCAMENTOS.CONSULTALANCAMENTOS?cnpj=44.999.259%2F0001-63&n_documento=114867%2FC","service":"btg-baixa-titulos-service","timestamp":"2026-05-27T12:07:22.435Z"}
{"lancamento":1434892198,"level":"info","message":"ℹ️ Título 114867/C já estava baixado. Processo ignorado.","service":"btg-baixa-titulos-service","situacao":"BAIXADO","timestamp":"2026-05-27T12:07:22.465Z"}
{"level":"info","message":"🔎 Processando título 114564/C","service":"btg-baixa-titulos-service","timestamp":"2026-05-27T12:07:22.468Z"}
{"level":"info","message":"🌐 Millennium request: GET /MILLENIUM!JOIN_ONEUP.LANCAMENTOS.CONSULTALANCAMENTOS?cnpj=21.067.137%2F0001-33&n_documento=114564%2FC","service":"btg-baixa-titulos-service","timestamp":"2026-05-27T12:07:22.468Z"}
{"lancamento":1434891153,"level":"info","message":"ℹ️ Título 114564/C já estava baixado. Processo ignorado.","service":"btg-baixa-titulos-service","situacao":"BAIXADO","timestamp":"2026-05-27T12:07:22.497Z"}
{"level":"info","message":"🔎 Processando título 79825/C","service":"btg-baixa-titulos-service","timestamp":"2026-05-27T12:07:22.501Z"}
{"level":"info","message":"🌐 Millennium request: GET /MILLENIUM!JOIN_ONEUP.LANCAMENTOS.CONSULTALANCAMENTOS?n_documento=79825%2FC&cpf=208.249.121-87","service":"btg-baixa-titulos-service","timestamp":"2026-05-27T12:07:22.501Z"}
{"lancamento":1434888955,"level":"info","message":"ℹ️ Título 79825/C já estava baixado. Processo ignorado.","service":"btg-baixa-titulos-service","situacao":"BAIXADO","timestamp":"2026-05-27T12:07:22.606Z"}
{"level":"info","message":"🔎 Processando título 116078/B","service":"btg-baixa-titulos-service","timestamp":"2026-05-27T12:07:22.612Z"}
{"level":"info","message":"🌐 Millennium request: GET /MILLENIUM!JOIN_ONEUP.LANCAMENTOS.CONSULTALANCAMENTOS?cnpj=01.934.454%2F0001-00&n_documento=116078%2FB","service":"btg-baixa-titulos-service","timestamp":"2026-05-27T12:07:22.612Z"}
{"lancamento":1434897838,"level":"info","message":"ℹ️ Título 116078/B já estava baixado. Processo ignorado.","service":"btg-baixa-titulos-service","situacao":"BAIXADO","timestamp":"2026-05-27T12:07:22.630Z"}
{"level":"info","message":"🔎 Processando título 114564/B","service":"btg-baixa-titulos-service","timestamp":"2026-05-27T12:07:22.633Z"}
{"level":"info","message":"🌐 Millennium request: GET /MILLENIUM!JOIN_ONEUP.LANCAMENTOS.CONSULTALANCAMENTOS?cnpj=21.067.137%2F0001-33&n_documento=114564%2FB","service":"btg-baixa-titulos-service","timestamp":"2026-05-27T12:07:22.633Z"}
{"lancamento":1434891152,"level":"info","message":"ℹ️ Título 114564/B já estava baixado. Processo ignorado.","service":"btg-baixa-titulos-service","situacao":"BAIXADO","timestamp":"2026-05-27T12:07:22.647Z"}
{"level":"info","message":"🔎 Processando título 116077/A","service":"btg-baixa-titulos-service","timestamp":"2026-05-27T12:07:22.651Z"}
{"level":"info","message":"🌐 Millennium request: GET /MILLENIUM!JOIN_ONEUP.LANCAMENTOS.CONSULTALANCAMENTOS?cnpj=57.408.548%2F0001-92&n_documento=116077%2FA","service":"btg-baixa-titulos-service","timestamp":"2026-05-27T12:07:22.651Z"}
{"lancamento":1434897774,"level":"info","message":"ℹ️ Título 116077/A já estava baixado. Processo ignorado.","service":"btg-baixa-titulos-service","situacao":"BAIXADO","timestamp":"2026-05-27T12:07:22.664Z"}
{"level":"info","message":"🔎 Processando título 114564/A","service":"btg-baixa-titulos-service","timestamp":"2026-05-27T12:07:22.667Z"}
{"level":"info","message":"🌐 Millennium request: GET /MILLENIUM!JOIN_ONEUP.LANCAMENTOS.CONSULTALANCAMENTOS?cnpj=21.067.137%2F0001-33&n_documento=114564%2FA","service":"btg-baixa-titulos-service","timestamp":"2026-05-27T12:07:22.667Z"}
{"lancamento":1434891151,"level":"info","message":"ℹ️ Título 114564/A já estava baixado. Processo ignorado.","service":"btg-baixa-titulos-service","situacao":"BAIXADO","timestamp":"2026-05-27T12:07:22.683Z"}
{"level":"info","message":"🔎 Processando título 79831/B","service":"btg-baixa-titulos-service","timestamp":"2026-05-27T12:07:22.685Z"}
{"level":"info","message":"🌐 Millennium request: GET /MILLENIUM!JOIN_ONEUP.LANCAMENTOS.CONSULTALANCAMENTOS?n_documento=79831%2FB&cpf=208.249.121-87","service":"btg-baixa-titulos-service","timestamp":"2026-05-27T12:07:22.685Z"}
{"lancamento":1434889035,"level":"info","message":"ℹ️ Título 79831/B já estava baixado. Processo ignorado.","service":"btg-baixa-titulos-service","situacao":"BAIXADO","timestamp":"2026-05-27T12:07:22.702Z"}
{"level":"info","message":"🔎 Processando título 79825/B","service":"btg-baixa-titulos-service","timestamp":"2026-05-27T12:07:22.704Z"}
{"level":"info","message":"🌐 Millennium request: GET /MILLENIUM!JOIN_ONEUP.LANCAMENTOS.CONSULTALANCAMENTOS?n_documento=79825%2FB&cpf=208.249.121-87","service":"btg-baixa-titulos-service","timestamp":"2026-05-27T12:07:22.704Z"}
{"lancamento":1434888954,"level":"info","message":"ℹ️ Título 79825/B já estava baixado. Processo ignorado.","service":"btg-baixa-titulos-service","situacao":"BAIXADO","timestamp":"2026-05-27T12:07:22.719Z"}
{"level":"info","message":"🔎 Processando título 79831/A","service":"btg-baixa-titulos-service","timestamp":"2026-05-27T12:07:22.722Z"}
{"level":"info","message":"🌐 Millennium request: GET /MILLENIUM!JOIN_ONEUP.LANCAMENTOS.CONSULTALANCAMENTOS?n_documento=79831%2FA&cpf=208.249.121-87","service":"btg-baixa-titulos-service","timestamp":"2026-05-27T12:07:22.722Z"}
{"lancamento":1434889032,"level":"info","message":"ℹ️ Título 79831/A já estava baixado. Processo ignorado.","service":"btg-baixa-titulos-service","situacao":"BAIXADO","timestamp":"2026-05-27T12:07:22.741Z"}
{"level":"info","message":"🔎 Processando título 79825/A","service":"btg-baixa-titulos-service","timestamp":"2026-05-27T12:07:22.743Z"}
{"level":"info","message":"🌐 Millennium request: GET /MILLENIUM!JOIN_ONEUP.LANCAMENTOS.CONSULTALANCAMENTOS?n_documento=79825%2FA&cpf=208.249.121-87","service":"btg-baixa-titulos-service","timestamp":"2026-05-27T12:07:22.743Z"}
{"lancamento":1434888953,"level":"info","message":"ℹ️ Título 79825/A já estava baixado. Processo ignorado.","service":"btg-baixa-titulos-service","situacao":"BAIXADO","timestamp":"2026-05-27T12:07:22.759Z"}
{"level":"info","message":"🔎 Processando título 116065","service":"btg-baixa-titulos-service","timestamp":"2026-05-27T12:07:22.765Z"}
{"level":"info","message":"🌐 Millennium request: GET /MILLENIUM!JOIN_ONEUP.LANCAMENTOS.CONSULTALANCAMENTOS?cnpj=77.857.555%2F0009-36&n_documento=116065","service":"btg-baixa-titulos-service","timestamp":"2026-05-27T12:07:22.765Z"}
{"lancamento":1434897716,"level":"info","message":"ℹ️ Título 116065 já estava baixado. Processo ignorado.","service":"btg-baixa-titulos-service","situacao":"BAIXADO","timestamp":"2026-05-27T12:07:22.783Z"}
{"level":"info","message":"🔎 Processando título 111992","service":"btg-baixa-titulos-service","timestamp":"2026-05-27T12:07:22.786Z"}
{"level":"info","message":"🌐 Millennium request: GET /MILLENIUM!JOIN_ONEUP.LANCAMENTOS.CONSULTALANCAMENTOS?cnpj=01.009.793%2F0001-72&n_documento=111992","service":"btg-baixa-titulos-service","timestamp":"2026-05-27T12:07:22.786Z"}
{"lancamento":1434875843,"level":"info","message":"ℹ️ Título 111992 já estava baixado. Processo ignorado.","service":"btg-baixa-titulos-service","situacao":"BAIXADO","timestamp":"2026-05-27T12:07:22.801Z"}
{"level":"info","message":"🔎 Processando título 113581/C","service":"btg-baixa-titulos-service","timestamp":"2026-05-27T12:07:22.804Z"}
{"level":"info","message":"🌐 Millennium request: GET /MILLENIUM!JOIN_ONEUP.LANCAMENTOS.CONSULTALANCAMENTOS?cnpj=50.649.490%2F0001-20&n_documento=113581%2FC","service":"btg-baixa-titulos-service","timestamp":"2026-05-27T12:07:22.804Z"}
{"lancamento":1434886240,"level":"info","message":"ℹ️ Título 113581/C já estava baixado. Processo ignorado.","service":"btg-baixa-titulos-service","situacao":"BAIXADO","timestamp":"2026-05-27T12:07:22.820Z"}
{"level":"info","message":"🔎 Processando título 113581/B","service":"btg-baixa-titulos-service","timestamp":"2026-05-27T12:07:22.822Z"}
{"level":"info","message":"🌐 Millennium request: GET /MILLENIUM!JOIN_ONEUP.LANCAMENTOS.CONSULTALANCAMENTOS?cnpj=50.649.490%2F0001-20&n_documento=113581%2FB","service":"btg-baixa-titulos-service","timestamp":"2026-05-27T12:07:22.822Z"}
{"lancamento":1434886239,"level":"info","message":"ℹ️ Título 113581/B já estava baixado. Processo ignorado.","service":"btg-baixa-titulos-service","situacao":"BAIXADO","timestamp":"2026-05-27T12:07:22.847Z"}
{"level":"info","message":"🔎 Processando título 113581/A","service":"btg-baixa-titulos-service","timestamp":"2026-05-27T12:07:22.850Z"}
{"level":"info","message":"🌐 Millennium request: GET /MILLENIUM!JOIN_ONEUP.LANCAMENTOS.CONSULTALANCAMENTOS?cnpj=50.649.490%2F0001-20&n_documento=113581%2FA","service":"btg-baixa-titulos-service","timestamp":"2026-05-27T12:07:22.850Z"}
{"lancamento":1434886238,"level":"info","message":"ℹ️ Título 113581/A já estava baixado. Processo ignorado.","service":"btg-baixa-titulos-service","situacao":"BAIXADO","timestamp":"2026-05-27T12:07:22.866Z"}
{"level":"info","message":"🔎 Processando título 113580/C","service":"btg-baixa-titulos-service","timestamp":"2026-05-27T12:07:22.869Z"}
{"level":"info","message":"🌐 Millennium request: GET /MILLENIUM!JOIN_ONEUP.LANCAMENTOS.CONSULTALANCAMENTOS?cnpj=50.649.490%2F0001-20&n_documento=113580%2FC","service":"btg-baixa-titulos-service","timestamp":"2026-05-27T12:07:22.869Z"}
{"lancamento":1434886236,"level":"info","message":"ℹ️ Título 113580/C já estava baixado. Processo ignorado.","service":"btg-baixa-titulos-service","situacao":"BAIXADO","timestamp":"2026-05-27T12:07:22.884Z"}
{"level":"info","message":"🔎 Processando título 113580/B","service":"btg-baixa-titulos-service","timestamp":"2026-05-27T12:07:22.887Z"}
{"level":"info","message":"🌐 Millennium request: GET /MILLENIUM!JOIN_ONEUP.LANCAMENTOS.CONSULTALANCAMENTOS?cnpj=50.649.490%2F0001-20&n_documento=113580%2FB","service":"btg-baixa-titulos-service","timestamp":"2026-05-27T12:07:22.887Z"}
{"lancamento":1434886235,"level":"info","message":"ℹ️ Título 113580/B já estava baixado. Processo ignorado.","service":"btg-baixa-titulos-service","situacao":"BAIXADO","timestamp":"2026-05-27T12:07:22.904Z"}
{"level":"info","message":"🔎 Processando título 113580/A","service":"btg-baixa-titulos-service","timestamp":"2026-05-27T12:07:22.907Z"}
{"level":"info","message":"🌐 Millennium request: GET /MILLENIUM!JOIN_ONEUP.LANCAMENTOS.CONSULTALANCAMENTOS?cnpj=50.649.490%2F0001-20&n_documento=113580%2FA","service":"btg-baixa-titulos-service","timestamp":"2026-05-27T12:07:22.907Z"}
{"lancamento":1434886234,"level":"info","message":"ℹ️ Título 113580/A já estava baixado. Processo ignorado.","service":"btg-baixa-titulos-service","situacao":"BAIXADO","timestamp":"2026-05-27T12:07:22.924Z"}
{"level":"info","message":"🔎 Processando título 113579/C","service":"btg-baixa-titulos-service","timestamp":"2026-05-27T12:07:22.927Z"}
{"level":"info","message":"🌐 Millennium request: GET /MILLENIUM!JOIN_ONEUP.LANCAMENTOS.CONSULTALANCAMENTOS?cnpj=50.649.490%2F0001-20&n_documento=113579%2FC","service":"btg-baixa-titulos-service","timestamp":"2026-05-27T12:07:22.927Z"}
{"lancamento":1434886228,"level":"info","message":"ℹ️ Título 113579/C já estava baixado. Processo ignorado.","service":"btg-baixa-titulos-service","situacao":"BAIXADO","timestamp":"2026-05-27T12:07:22.945Z"}
{"level":"info","message":"🔎 Processando título 113579/B","service":"btg-baixa-titulos-service","timestamp":"2026-05-27T12:07:22.948Z"}
{"level":"info","message":"🌐 Millennium request: GET /MILLENIUM!JOIN_ONEUP.LANCAMENTOS.CONSULTALANCAMENTOS?cnpj=50.649.490%2F0001-20&n_documento=113579%2FB","service":"btg-baixa-titulos-service","timestamp":"2026-05-27T12:07:22.948Z"}
{"lancamento":1434886227,"level":"info","message":"ℹ️ Título 113579/B já estava baixado. Processo ignorado.","service":"btg-baixa-titulos-service","situacao":"BAIXADO","timestamp":"2026-05-27T12:07:22.966Z"}
{"level":"info","message":"🔎 Processando título 113579/A","service":"btg-baixa-titulos-service","timestamp":"2026-05-27T12:07:22.969Z"}
{"level":"info","message":"🌐 Millennium request: GET /MILLENIUM!JOIN_ONEUP.LANCAMENTOS.CONSULTALANCAMENTOS?cnpj=50.649.490%2F0001-20&n_documento=113579%2FA","service":"btg-baixa-titulos-service","timestamp":"2026-05-27T12:07:22.969Z"}
{"lancamento":1434886226,"level":"info","message":"ℹ️ Título 113579/A já estava baixado. Processo ignorado.","service":"btg-baixa-titulos-service","situacao":"BAIXADO","timestamp":"2026-05-27T12:07:22.987Z"}
{"level":"info","message":"🔎 Processando título 113578/C","service":"btg-baixa-titulos-service","timestamp":"2026-05-27T12:07:22.989Z"}
{"level":"info","message":"🌐 Millennium request: GET /MILLENIUM!JOIN_ONEUP.LANCAMENTOS.CONSULTALANCAMENTOS?cnpj=50.649.490%2F0001-20&n_documento=113578%2FC","service":"btg-baixa-titulos-service","timestamp":"2026-05-27T12:07:22.989Z"}
{"lancamento":1434886212,"level":"info","message":"ℹ️ Título 113578/C já estava baixado. Processo ignorado.","service":"btg-baixa-titulos-service","situacao":"BAIXADO","timestamp":"2026-05-27T12:07:23.008Z"}
{"level":"info","message":"🔎 Processando título 113578/B","service":"btg-baixa-titulos-service","timestamp":"2026-05-27T12:07:23.010Z"}
{"level":"info","message":"🌐 Millennium request: GET /MILLENIUM!JOIN_ONEUP.LANCAMENTOS.CONSULTALANCAMENTOS?cnpj=50.649.490%2F0001-20&n_documento=113578%2FB","service":"btg-baixa-titulos-service","timestamp":"2026-05-27T12:07:23.010Z"}
{"lancamento":1434886211,"level":"info","message":"ℹ️ Título 113578/B já estava baixado. Processo ignorado.","service":"btg-baixa-titulos-service","situacao":"BAIXADO","timestamp":"2026-05-27T12:07:23.030Z"}
{"level":"info","message":"🔎 Processando título 113578/A","service":"btg-baixa-titulos-service","timestamp":"2026-05-27T12:07:23.033Z"}
{"level":"info","message":"🌐 Millennium request: GET /MILLENIUM!JOIN_ONEUP.LANCAMENTOS.CONSULTALANCAMENTOS?cnpj=50.649.490%2F0001-20&n_documento=113578%2FA","service":"btg-baixa-titulos-service","timestamp":"2026-05-27T12:07:23.033Z"}
{"lancamento":1434886210,"level":"info","message":"ℹ️ Título 113578/A já estava baixado. Processo ignorado.","service":"btg-baixa-titulos-service","situacao":"BAIXADO","timestamp":"2026-05-27T12:07:23.131Z"}
{"level":"info","message":"🔎 Processando título 113577/C","service":"btg-baixa-titulos-service","timestamp":"2026-05-27T12:07:23.138Z"}
{"level":"info","message":"🌐 Millennium request: GET /MILLENIUM!JOIN_ONEUP.LANCAMENTOS.CONSULTALANCAMENTOS?cnpj=50.649.490%2F0001-20&n_documento=113577%2FC","service":"btg-baixa-titulos-service","timestamp":"2026-05-27T12:07:23.139Z"}
{"lancamento":1434886206,"level":"info","message":"ℹ️ Título 113577/C já estava baixado. Processo ignorado.","service":"btg-baixa-titulos-service","situacao":"BAIXADO","timestamp":"2026-05-27T12:07:23.160Z"}
{"level":"info","message":"🔎 Processando título 113577/B","service":"btg-baixa-titulos-service","timestamp":"2026-05-27T12:07:23.163Z"}
{"level":"info","message":"🌐 Millennium request: GET /MILLENIUM!JOIN_ONEUP.LANCAMENTOS.CONSULTALANCAMENTOS?cnpj=50.649.490%2F0001-20&n_documento=113577%2FB","service":"btg-baixa-titulos-service","timestamp":"2026-05-27T12:07:23.164Z"}
{"lancamento":1434886205,"level":"info","message":"ℹ️ Título 113577/B já estava baixado. Processo ignorado.","service":"btg-baixa-titulos-service","situacao":"BAIXADO","timestamp":"2026-05-27T12:07:23.180Z"}
{"level":"info","message":"🔎 Processando título 113577/A","service":"btg-baixa-titulos-service","timestamp":"2026-05-27T12:07:23.183Z"}
{"level":"info","message":"🌐 Millennium request: GET /MILLENIUM!JOIN_ONEUP.LANCAMENTOS.CONSULTALANCAMENTOS?cnpj=50.649.490%2F0001-20&n_documento=113577%2FA","service":"btg-baixa-titulos-service","timestamp":"2026-05-27T12:07:23.183Z"}
{"lancamento":1434886204,"level":"info","message":"ℹ️ Título 113577/A já estava baixado. Processo ignorado.","service":"btg-baixa-titulos-service","situacao":"BAIXADO","timestamp":"2026-05-27T12:07:23.200Z"}
{"level":"info","message":"🔎 Processando título 113576/C","service":"btg-baixa-titulos-service","timestamp":"2026-05-27T12:07:23.202Z"}
{"level":"info","message":"🌐 Millennium request: GET /MILLENIUM!JOIN_ONEUP.LANCAMENTOS.CONSULTALANCAMENTOS?cnpj=50.649.490%2F0001-20&n_documento=113576%2FC","service":"btg-baixa-titulos-service","timestamp":"2026-05-27T12:07:23.202Z"}
{"lancamento":1434886200,"level":"info","message":"ℹ️ Título 113576/C já estava baixado. Processo ignorado.","service":"btg-baixa-titulos-service","situacao":"BAIXADO","timestamp":"2026-05-27T12:07:23.218Z"}
{"level":"info","message":"🔎 Processando título 113576/B","service":"btg-baixa-titulos-service","timestamp":"2026-05-27T12:07:23.221Z"}
{"level":"info","message":"🌐 Millennium request: GET /MILLENIUM!JOIN_ONEUP.LANCAMENTOS.CONSULTALANCAMENTOS?cnpj=50.649.490%2F0001-20&n_documento=113576%2FB","service":"btg-baixa-titulos-service","timestamp":"2026-05-27T12:07:23.221Z"}
{"lancamento":1434886199,"level":"info","message":"ℹ️ Título 113576/B já estava baixado. Processo ignorado.","service":"btg-baixa-titulos-service","situacao":"BAIXADO","timestamp":"2026-05-27T12:07:23.239Z"}
{"level":"info","message":"🔎 Processando título 113576/A","service":"btg-baixa-titulos-service","timestamp":"2026-05-27T12:07:23.242Z"}
{"level":"info","message":"🌐 Millennium request: GET /MILLENIUM!JOIN_ONEUP.LANCAMENTOS.CONSULTALANCAMENTOS?cnpj=50.649.490%2F0001-20&n_documento=113576%2FA","service":"btg-baixa-titulos-service","timestamp":"2026-05-27T12:07:23.243Z"}
{"lancamento":1434886198,"level":"info","message":"ℹ️ Título 113576/A já estava baixado. Processo ignorado.","service":"btg-baixa-titulos-service","situacao":"BAIXADO","timestamp":"2026-05-27T12:07:23.262Z"}
{"level":"info","message":"🔎 Processando título 113575/C","service":"btg-baixa-titulos-service","timestamp":"2026-05-27T12:07:23.266Z"}
{"level":"info","message":"🌐 Millennium request: GET /MILLENIUM!JOIN_ONEUP.LANCAMENTOS.CONSULTALANCAMENTOS?cnpj=50.649.490%2F0001-20&n_documento=113575%2FC","service":"btg-baixa-titulos-service","timestamp":"2026-05-27T12:07:23.266Z"}
{"lancamento":1434886196,"level":"info","message":"ℹ️ Título 113575/C já estava baixado. Processo ignorado.","service":"btg-baixa-titulos-service","situacao":"BAIXADO","timestamp":"2026-05-27T12:07:23.288Z"}
{"level":"info","message":"🔎 Processando título 113575/B","service":"btg-baixa-titulos-service","timestamp":"2026-05-27T12:07:23.291Z"}
{"level":"info","message":"🌐 Millennium request: GET /MILLENIUM!JOIN_ONEUP.LANCAMENTOS.CONSULTALANCAMENTOS?cnpj=50.649.490%2F0001-20&n_documento=113575%2FB","service":"btg-baixa-titulos-service","timestamp":"2026-05-27T12:07:23.291Z"}
{"lancamento":1434886195,"level":"info","message":"ℹ️ Título 113575/B já estava baixado. Processo ignorado.","service":"btg-baixa-titulos-service","situacao":"BAIXADO","timestamp":"2026-05-27T12:07:23.307Z"}
{"level":"info","message":"🔎 Processando título 113575/A","service":"btg-baixa-titulos-service","timestamp":"2026-05-27T12:07:23.310Z"}
{"level":"info","message":"🌐 Millennium request: GET /MILLENIUM!JOIN_ONEUP.LANCAMENTOS.CONSULTALANCAMENTOS?cnpj=50.649.490%2F0001-20&n_documento=113575%2FA","service":"btg-baixa-titulos-service","timestamp":"2026-05-27T12:07:23.310Z"}
{"lancamento":1434886194,"level":"info","message":"ℹ️ Título 113575/A já estava baixado. Processo ignorado.","service":"btg-baixa-titulos-service","situacao":"BAIXADO","timestamp":"2026-05-27T12:07:23.327Z"}
{"level":"info","message":"🔎 Processando título 113574/C","service":"btg-baixa-titulos-service","timestamp":"2026-05-27T12:07:23.330Z"}
{"level":"info","message":"🌐 Millennium request: GET /MILLENIUM!JOIN_ONEUP.LANCAMENTOS.CONSULTALANCAMENTOS?cnpj=50.649.490%2F0001-20&n_documento=113574%2FC","service":"btg-baixa-titulos-service","timestamp":"2026-05-27T12:07:23.330Z"}
{"lancamento":1434886192,"level":"info","message":"ℹ️ Título 113574/C já estava baixado. Processo ignorado.","service":"btg-baixa-titulos-service","situacao":"BAIXADO","timestamp":"2026-05-27T12:07:23.348Z"}
{"level":"info","message":"🔎 Processando título 113574/B","service":"btg-baixa-titulos-service","timestamp":"2026-05-27T12:07:23.351Z"}
{"level":"info","message":"🌐 Millennium request: GET /MILLENIUM!JOIN_ONEUP.LANCAMENTOS.CONSULTALANCAMENTOS?cnpj=50.649.490%2F0001-20&n_documento=113574%2FB","service":"btg-baixa-titulos-service","timestamp":"2026-05-27T12:07:23.351Z"}
{"lancamento":1434886191,"level":"info","message":"ℹ️ Título 113574/B já estava baixado. Processo ignorado.","service":"btg-baixa-titulos-service","situacao":"BAIXADO","timestamp":"2026-05-27T12:07:23.366Z"}
{"level":"info","message":"🔎 Processando título 113574/A","service":"btg-baixa-titulos-service","timestamp":"2026-05-27T12:07:23.369Z"}
{"level":"info","message":"🌐 Millennium request: GET /MILLENIUM!JOIN_ONEUP.LANCAMENTOS.CONSULTALANCAMENTOS?cnpj=50.649.490%2F0001-20&n_documento=113574%2FA","service":"btg-baixa-titulos-service","timestamp":"2026-05-27T12:07:23.369Z"}
{"lancamento":1434886190,"level":"info","message":"ℹ️ Título 113574/A já estava baixado. Processo ignorado.","service":"btg-baixa-titulos-service","situacao":"BAIXADO","timestamp":"2026-05-27T12:07:23.385Z"}
{"level":"info","message":"🔎 Processando título 113573/C","service":"btg-baixa-titulos-service","timestamp":"2026-05-27T12:07:23.388Z"}
{"level":"info","message":"🌐 Millennium request: GET /MILLENIUM!JOIN_ONEUP.LANCAMENTOS.CONSULTALANCAMENTOS?cnpj=50.649.490%2F0001-20&n_documento=113573%2FC","service":"btg-baixa-titulos-service","timestamp":"2026-05-27T12:07:23.388Z"}
{"lancamento":1434886189,"level":"info","message":"ℹ️ Título 113573/C já estava baixado. Processo ignorado.","service":"btg-baixa-titulos-service","situacao":"BAIXADO","timestamp":"2026-05-27T12:07:23.402Z"}
{"level":"info","message":"🔎 Processando título 113573/B","service":"btg-baixa-titulos-service","timestamp":"2026-05-27T12:07:23.406Z"}
{"level":"info","message":"🌐 Millennium request: GET /MILLENIUM!JOIN_ONEUP.LANCAMENTOS.CONSULTALANCAMENTOS?cnpj=50.649.490%2F0001-20&n_documento=113573%2FB","service":"btg-baixa-titulos-service","timestamp":"2026-05-27T12:07:23.406Z"}
{"lancamento":1434886188,"level":"info","message":"ℹ️ Título 113573/B já estava baixado. Processo ignorado.","service":"btg-baixa-titulos-service","situacao":"BAIXADO","timestamp":"2026-05-27T12:07:23.422Z"}
{"level":"info","message":"🔎 Processando título 113573/A","service":"btg-baixa-titulos-service","timestamp":"2026-05-27T12:07:23.426Z"}
{"level":"info","message":"🌐 Millennium request: GET /MILLENIUM!JOIN_ONEUP.LANCAMENTOS.CONSULTALANCAMENTOS?cnpj=50.649.490%2F0001-20&n_documento=113573%2FA","service":"btg-baixa-titulos-service","timestamp":"2026-05-27T12:07:23.426Z"}
{"lancamento":1434886187,"level":"info","message":"ℹ️ Título 113573/A já estava baixado. Processo ignorado.","service":"btg-baixa-titulos-service","situacao":"BAIXADO","timestamp":"2026-05-27T12:07:23.441Z"}
{"level":"info","message":"🔎 Processando título 38105/B","service":"btg-baixa-titulos-service","timestamp":"2026-05-27T12:07:23.445Z"}
{"level":"info","message":"🌐 Millennium request: GET /MILLENIUM!JOIN_ONEUP.LANCAMENTOS.CONSULTALANCAMENTOS?n_documento=38105%2FB&cpf=231.048.214-53","service":"btg-baixa-titulos-service","timestamp":"2026-05-27T12:07:23.445Z"}
{"lancamento":1434883535,"level":"info","message":"ℹ️ Título 38105/B já estava baixado. Processo ignorado.","service":"btg-baixa-titulos-service","situacao":"BAIXADO","timestamp":"2026-05-27T12:07:23.463Z"}
{"level":"info","message":"🔎 Processando título 38105/A","service":"btg-baixa-titulos-service","timestamp":"2026-05-27T12:07:23.467Z"}
{"level":"info","message":"🌐 Millennium request: GET /MILLENIUM!JOIN_ONEUP.LANCAMENTOS.CONSULTALANCAMENTOS?n_documento=38105%2FA&cpf=231.048.214-53","service":"btg-baixa-titulos-service","timestamp":"2026-05-27T12:07:23.467Z"}
{"lancamento":1434883534,"level":"info","message":"ℹ️ Título 38105/A já estava baixado. Processo ignorado.","service":"btg-baixa-titulos-service","situacao":"BAIXADO","timestamp":"2026-05-27T12:07:23.483Z"}
{"level":"info","message":"🔎 Processando título 113474/D","service":"btg-baixa-titulos-service","timestamp":"2026-05-27T12:07:23.487Z"}
{"level":"info","message":"🌐 Millennium request: GET /MILLENIUM!JOIN_ONEUP.LANCAMENTOS.CONSULTALANCAMENTOS?cnpj=57.408.548%2F0001-92&n_documento=113474%2FD","service":"btg-baixa-titulos-service","timestamp":"2026-05-27T12:07:23.487Z"}
{"lancamento":1434884928,"level":"info","message":"ℹ️ Título 113474/D já estava baixado. Processo ignorado.","service":"btg-baixa-titulos-service","situacao":"BAIXADO","timestamp":"2026-05-27T12:07:23.503Z"}
{"level":"info","message":"🔎 Processando título 113474/C","service":"btg-baixa-titulos-service","timestamp":"2026-05-27T12:07:23.507Z"}
{"level":"info","message":"🌐 Millennium request: GET /MILLENIUM!JOIN_ONEUP.LANCAMENTOS.CONSULTALANCAMENTOS?cnpj=57.408.548%2F0001-92&n_documento=113474%2FC","service":"btg-baixa-titulos-service","timestamp":"2026-05-27T12:07:23.508Z"}
{"lancamento":1434884927,"level":"info","message":"ℹ️ Título 113474/C já estava baixado. Processo ignorado.","service":"btg-baixa-titulos-service","situacao":"BAIXADO","timestamp":"2026-05-27T12:07:23.523Z"}
{"level":"info","message":"🔎 Processando título 113474/B","service":"btg-baixa-titulos-service","timestamp":"2026-05-27T12:07:23.525Z"}
{"level":"info","message":"🌐 Millennium request: GET /MILLENIUM!JOIN_ONEUP.LANCAMENTOS.CONSULTALANCAMENTOS?cnpj=57.408.548%2F0001-92&n_documento=113474%2FB","service":"btg-baixa-titulos-service","timestamp":"2026-05-27T12:07:23.526Z"}
{"lancamento":1434884926,"level":"info","message":"ℹ️ Título 113474/B já estava baixado. Processo ignorado.","service":"btg-baixa-titulos-service","situacao":"BAIXADO","timestamp":"2026-05-27T12:07:23.541Z"}
{"level":"info","message":"🔎 Processando título 113474/A","service":"btg-baixa-titulos-service","timestamp":"2026-05-27T12:07:23.543Z"}
{"level":"info","message":"🌐 Millennium request: GET /MILLENIUM!JOIN_ONEUP.LANCAMENTOS.CONSULTALANCAMENTOS?cnpj=57.408.548%2F0001-92&n_documento=113474%2FA","service":"btg-baixa-titulos-service","timestamp":"2026-05-27T12:07:23.544Z"}
{"lancamento":1434884925,"level":"info","message":"ℹ️ Título 113474/A já estava baixado. Processo ignorado.","service":"btg-baixa-titulos-service","situacao":"BAIXADO","timestamp":"2026-05-27T12:07:23.559Z"}
{"level":"info","message":"🔎 Processando título 113329/D","service":"btg-baixa-titulos-service","timestamp":"2026-05-27T12:07:23.562Z"}
{"level":"info","message":"🌐 Millennium request: GET /MILLENIUM!JOIN_ONEUP.LANCAMENTOS.CONSULTALANCAMENTOS?cnpj=57.408.548%2F0001-92&n_documento=113329%2FD","service":"btg-baixa-titulos-service","timestamp":"2026-05-27T12:07:23.562Z"}
{"lancamento":1434884028,"level":"info","message":"ℹ️ Título 113329/D já estava baixado. Processo ignorado.","service":"btg-baixa-titulos-service","situacao":"BAIXADO","timestamp":"2026-05-27T12:07:23.668Z"}
{"level":"info","message":"🔎 Processando título 113329/C","service":"btg-baixa-titulos-service","timestamp":"2026-05-27T12:07:23.677Z"}
{"level":"info","message":"🌐 Millennium request: GET /MILLENIUM!JOIN_ONEUP.LANCAMENTOS.CONSULTALANCAMENTOS?cnpj=57.408.548%2F0001-92&n_documento=113329%2FC","service":"btg-baixa-titulos-service","timestamp":"2026-05-27T12:07:23.678Z"}
{"lancamento":1434884027,"level":"info","message":"ℹ️ Título 113329/C já estava baixado. Processo ignorado.","service":"btg-baixa-titulos-service","situacao":"BAIXADO","timestamp":"2026-05-27T12:07:23.720Z"}
{"level":"info","message":"🔎 Processando título 113329/B","service":"btg-baixa-titulos-service","timestamp":"2026-05-27T12:07:23.723Z"}
{"level":"info","message":"🌐 Millennium request: GET /MILLENIUM!JOIN_ONEUP.LANCAMENTOS.CONSULTALANCAMENTOS?cnpj=57.408.548%2F0001-92&n_documento=113329%2FB","service":"btg-baixa-titulos-service","timestamp":"2026-05-27T12:07:23.723Z"}
{"lancamento":1434884026,"level":"info","message":"ℹ️ Título 113329/B já estava baixado. Processo ignorado.","service":"btg-baixa-titulos-service","situacao":"BAIXADO","timestamp":"2026-05-27T12:07:23.741Z"}
{"level":"info","message":"🔎 Processando título 113329/A","service":"btg-baixa-titulos-service","timestamp":"2026-05-27T12:07:23.745Z"}
{"level":"info","message":"🌐 Millennium request: GET /MILLENIUM!JOIN_ONEUP.LANCAMENTOS.CONSULTALANCAMENTOS?cnpj=57.408.548%2F0001-92&n_documento=113329%2FA","service":"btg-baixa-titulos-service","timestamp":"2026-05-27T12:07:23.745Z"}
{"lancamento":1434884025,"level":"info","message":"ℹ️ Título 113329/A já estava baixado. Processo ignorado.","service":"btg-baixa-titulos-service","situacao":"BAIXADO","timestamp":"2026-05-27T12:07:23.762Z"}
{"level":"info","message":"🔎 Processando título 113269/D","service":"btg-baixa-titulos-service","timestamp":"2026-05-27T12:07:23.764Z"}
{"level":"info","message":"🌐 Millennium request: GET /MILLENIUM!JOIN_ONEUP.LANCAMENTOS.CONSULTALANCAMENTOS?cnpj=57.408.548%2F0001-92&n_documento=113269%2FD","service":"btg-baixa-titulos-service","timestamp":"2026-05-27T12:07:23.765Z"}
{"lancamento":1434882837,"level":"info","message":"ℹ️ Título 113269/D já estava baixado. Processo ignorado.","service":"btg-baixa-titulos-service","situacao":"BAIXADO","timestamp":"2026-05-27T12:07:23.782Z"}
{"level":"info","message":"🔎 Processando título 113269/C","service":"btg-baixa-titulos-service","timestamp":"2026-05-27T12:07:23.785Z"}
{"level":"info","message":"🌐 Millennium request: GET /MILLENIUM!JOIN_ONEUP.LANCAMENTOS.CONSULTALANCAMENTOS?cnpj=57.408.548%2F0001-92&n_documento=113269%2FC","service":"btg-baixa-titulos-service","timestamp":"2026-05-27T12:07:23.785Z"}
{"lancamento":1434882836,"level":"info","message":"ℹ️ Título 113269/C já estava baixado. Processo ignorado.","service":"btg-baixa-titulos-service","situacao":"BAIXADO","timestamp":"2026-05-27T12:07:23.800Z"}
{"level":"info","message":"🔎 Processando título 113269/B","service":"btg-baixa-titulos-service","timestamp":"2026-05-27T12:07:23.803Z"}
{"level":"info","message":"🌐 Millennium request: GET /MILLENIUM!JOIN_ONEUP.LANCAMENTOS.CONSULTALANCAMENTOS?cnpj=57.408.548%2F0001-92&n_documento=113269%2FB","service":"btg-baixa-titulos-service","timestamp":"2026-05-27T12:07:23.803Z"}
{"lancamento":1434882835,"level":"info","message":"ℹ️ Título 113269/B já estava baixado. Processo ignorado.","service":"btg-baixa-titulos-service","situacao":"BAIXADO","timestamp":"2026-05-27T12:07:23.819Z"}
{"level":"info","message":"🔎 Processando título 113269/A","service":"btg-baixa-titulos-service","timestamp":"2026-05-27T12:07:23.823Z"}
{"level":"info","message":"🌐 Millennium request: GET /MILLENIUM!JOIN_ONEUP.LANCAMENTOS.CONSULTALANCAMENTOS?cnpj=57.408.548%2F0001-92&n_documento=113269%2FA","service":"btg-baixa-titulos-service","timestamp":"2026-05-27T12:07:23.823Z"}
{"lancamento":1434882834,"level":"info","message":"ℹ️ Título 113269/A já estava baixado. Processo ignorado.","service":"btg-baixa-titulos-service","situacao":"BAIXADO","timestamp":"2026-05-27T12:07:23.841Z"}
{"level":"info","message":"🔎 Processando título 113264/D","service":"btg-baixa-titulos-service","timestamp":"2026-05-27T12:07:23.844Z"}
{"level":"info","message":"🌐 Millennium request: GET /MILLENIUM!JOIN_ONEUP.LANCAMENTOS.CONSULTALANCAMENTOS?cnpj=57.408.548%2F0001-92&n_documento=113264%2FD","service":"btg-baixa-titulos-service","timestamp":"2026-05-27T12:07:23.844Z"}
{"lancamento":1434882821,"level":"info","message":"ℹ️ Título 113264/D já estava baixado. Processo ignorado.","service":"btg-baixa-titulos-service","situacao":"BAIXADO","timestamp":"2026-05-27T12:07:23.861Z"}
{"level":"info","message":"🔎 Processando título 113264/C","service":"btg-baixa-titulos-service","timestamp":"2026-05-27T12:07:23.865Z"}
{"level":"info","message":"🌐 Millennium request: GET /MILLENIUM!JOIN_ONEUP.LANCAMENTOS.CONSULTALANCAMENTOS?cnpj=57.408.548%2F0001-92&n_documento=113264%2FC","service":"btg-baixa-titulos-service","timestamp":"2026-05-27T12:07:23.865Z"}
{"lancamento":1434882820,"level":"info","message":"ℹ️ Título 113264/C já estava baixado. Processo ignorado.","service":"btg-baixa-titulos-service","situacao":"BAIXADO","timestamp":"2026-05-27T12:07:23.880Z"}
{"level":"info","message":"🔎 Processando título 113264/B","service":"btg-baixa-titulos-service","timestamp":"2026-05-27T12:07:23.884Z"}
{"level":"info","message":"🌐 Millennium request: GET /MILLENIUM!JOIN_ONEUP.LANCAMENTOS.CONSULTALANCAMENTOS?cnpj=57.408.548%2F0001-92&n_documento=113264%2FB","service":"btg-baixa-titulos-service","timestamp":"2026-05-27T12:07:23.884Z"}
{"lancamento":1434882819,"level":"info","message":"ℹ️ Título 113264/B já estava baixado. Processo ignorado.","service":"btg-baixa-titulos-service","situacao":"BAIXADO","timestamp":"2026-05-27T12:07:23.902Z"}
{"level":"info","message":"🔎 Processando título 113264/A","service":"btg-baixa-titulos-service","timestamp":"2026-05-27T12:07:23.905Z"}
{"level":"info","message":"🌐 Millennium request: GET /MILLENIUM!JOIN_ONEUP.LANCAMENTOS.CONSULTALANCAMENTOS?cnpj=57.408.548%2F0001-92&n_documento=113264%2FA","service":"btg-baixa-titulos-service","timestamp":"2026-05-27T12:07:23.905Z"}
{"lancamento":1434882818,"level":"info","message":"ℹ️ Título 113264/A já estava baixado. Processo ignorado.","service":"btg-baixa-titulos-service","situacao":"BAIXADO","timestamp":"2026-05-27T12:07:23.919Z"}
{"level":"info","message":"🔎 Processando título 112947/D","service":"btg-baixa-titulos-service","timestamp":"2026-05-27T12:07:23.922Z"}
{"level":"info","message":"🌐 Millennium request: GET /MILLENIUM!JOIN_ONEUP.LANCAMENTOS.CONSULTALANCAMENTOS?cnpj=57.408.548%2F0001-92&n_documento=112947%2FD","service":"btg-baixa-titulos-service","timestamp":"2026-05-27T12:07:23.922Z"}
{"lancamento":1434881462,"level":"info","message":"ℹ️ Título 112947/D já estava baixado. Processo ignorado.","service":"btg-baixa-titulos-service","situacao":"BAIXADO","timestamp":"2026-05-27T12:07:23.938Z"}
{"level":"info","message":"🔎 Processando título 112947/C","service":"btg-baixa-titulos-service","timestamp":"2026-05-27T12:07:23.941Z"}
{"level":"info","message":"🌐 Millennium request: GET /MILLENIUM!JOIN_ONEUP.LANCAMENTOS.CONSULTALANCAMENTOS?cnpj=57.408.548%2F0001-92&n_documento=112947%2FC","service":"btg-baixa-titulos-service","timestamp":"2026-05-27T12:07:23.941Z"}
{"lancamento":1434881461,"level":"info","message":"ℹ️ Título 112947/C já estava baixado. Processo ignorado.","service":"btg-baixa-titulos-service","situacao":"BAIXADO","timestamp":"2026-05-27T12:07:23.959Z"}
{"level":"info","message":"🔎 Processando título 112947/B","service":"btg-baixa-titulos-service","timestamp":"2026-05-27T12:07:23.962Z"}
{"level":"info","message":"🌐 Millennium request: GET /MILLENIUM!JOIN_ONEUP.LANCAMENTOS.CONSULTALANCAMENTOS?cnpj=57.408.548%2F0001-92&n_documento=112947%2FB","service":"btg-baixa-titulos-service","timestamp":"2026-05-27T12:07:23.962Z"}
{"lancamento":1434881460,"level":"info","message":"ℹ️ Título 112947/B já estava baixado. Processo ignorado.","service":"btg-baixa-titulos-service","situacao":"BAIXADO","timestamp":"2026-05-27T12:07:23.977Z"}
{"level":"info","message":"🔎 Processando título 112947/A","service":"btg-baixa-titulos-service","timestamp":"2026-05-27T12:07:23.980Z"}
{"level":"info","message":"🌐 Millennium request: GET /MILLENIUM!JOIN_ONEUP.LANCAMENTOS.CONSULTALANCAMENTOS?cnpj=57.408.548%2F0001-92&n_documento=112947%2FA","service":"btg-baixa-titulos-service","timestamp":"2026-05-27T12:07:23.980Z"}
{"lancamento":1434881459,"level":"info","message":"ℹ️ Título 112947/A já estava baixado. Processo ignorado.","service":"btg-baixa-titulos-service","situacao":"BAIXADO","timestamp":"2026-05-27T12:07:24.003Z"}
{"level":"info","message":"🔎 Processando título 112761/C","service":"btg-baixa-titulos-service","timestamp":"2026-05-27T12:07:24.007Z"}
{"level":"info","message":"🌐 Millennium request: GET /MILLENIUM!JOIN_ONEUP.LANCAMENTOS.CONSULTALANCAMENTOS?cnpj=21.067.137%2F0001-33&n_documento=112761%2FC","service":"btg-baixa-titulos-service","timestamp":"2026-05-27T12:07:24.007Z"}
{"lancamento":1434880541,"level":"info","message":"ℹ️ Título 112761/C já estava baixado. Processo ignorado.","service":"btg-baixa-titulos-service","situacao":"BAIXADO","timestamp":"2026-05-27T12:07:24.023Z"}
{"level":"info","message":"🔎 Processando título 112761/B","service":"btg-baixa-titulos-service","timestamp":"2026-05-27T12:07:24.027Z"}
{"level":"info","message":"🌐 Millennium request: GET /MILLENIUM!JOIN_ONEUP.LANCAMENTOS.CONSULTALANCAMENTOS?cnpj=21.067.137%2F0001-33&n_documento=112761%2FB","service":"btg-baixa-titulos-service","timestamp":"2026-05-27T12:07:24.027Z"}
{"lancamento":1434880540,"level":"info","message":"ℹ️ Título 112761/B já estava baixado. Processo ignorado.","service":"btg-baixa-titulos-service","situacao":"BAIXADO","timestamp":"2026-05-27T12:07:24.046Z"}
{"level":"info","message":"🔎 Processando título 112761/A","service":"btg-baixa-titulos-service","timestamp":"2026-05-27T12:07:24.049Z"}
{"level":"info","message":"🌐 Millennium request: GET /MILLENIUM!JOIN_ONEUP.LANCAMENTOS.CONSULTALANCAMENTOS?cnpj=21.067.137%2F0001-33&n_documento=112761%2FA","service":"btg-baixa-titulos-service","timestamp":"2026-05-27T12:07:24.049Z"}
{"lancamento":1434880539,"level":"info","message":"ℹ️ Título 112761/A já estava baixado. Processo ignorado.","service":"btg-baixa-titulos-service","situacao":"BAIXADO","timestamp":"2026-05-27T12:07:24.065Z"}
{"level":"info","message":"🔎 Processando título 113263/E","service":"btg-baixa-titulos-service","timestamp":"2026-05-27T12:07:24.067Z"}
{"level":"info","message":"🌐 Millennium request: GET /MILLENIUM!JOIN_ONEUP.LANCAMENTOS.CONSULTALANCAMENTOS?cnpj=73.652.158%2F0001-10&n_documento=113263%2FE","service":"btg-baixa-titulos-service","timestamp":"2026-05-27T12:07:24.068Z"}
{"lancamento":1434882810,"level":"info","message":"ℹ️ Título 113263/E já estava baixado. Processo ignorado.","service":"btg-baixa-titulos-service","situacao":"BAIXADO","timestamp":"2026-05-27T12:07:24.083Z"}
{"level":"info","message":"🔎 Processando título 113263/D","service":"btg-baixa-titulos-service","timestamp":"2026-05-27T12:07:24.086Z"}
{"level":"info","message":"🌐 Millennium request: GET /MILLENIUM!JOIN_ONEUP.LANCAMENTOS.CONSULTALANCAMENTOS?cnpj=73.652.158%2F0001-10&n_documento=113263%2FD","service":"btg-baixa-titulos-service","timestamp":"2026-05-27T12:07:24.086Z"}
{"lancamento":1434882809,"level":"info","message":"ℹ️ Título 113263/D já estava baixado. Processo ignorado.","service":"btg-baixa-titulos-service","situacao":"BAIXADO","timestamp":"2026-05-27T12:07:24.193Z"}
{"level":"info","message":"🔎 Processando título 113263/C","service":"btg-baixa-titulos-service","timestamp":"2026-05-27T12:07:24.199Z"}
{"level":"info","message":"🌐 Millennium request: GET /MILLENIUM!JOIN_ONEUP.LANCAMENTOS.CONSULTALANCAMENTOS?cnpj=73.652.158%2F0001-10&n_documento=113263%2FC","service":"btg-baixa-titulos-service","timestamp":"2026-05-27T12:07:24.199Z"}
{"lancamento":1434882808,"level":"info","message":"ℹ️ Título 113263/C já estava baixado. Processo ignorado.","service":"btg-baixa-titulos-service","situacao":"BAIXADO","timestamp":"2026-05-27T12:07:24.216Z"}
{"level":"info","message":"🔎 Processando título 113263/B","service":"btg-baixa-titulos-service","timestamp":"2026-05-27T12:07:24.219Z"}
{"level":"info","message":"🌐 Millennium request: GET /MILLENIUM!JOIN_ONEUP.LANCAMENTOS.CONSULTALANCAMENTOS?cnpj=73.652.158%2F0001-10&n_documento=113263%2FB","service":"btg-baixa-titulos-service","timestamp":"2026-05-27T12:07:24.219Z"}
{"lancamento":1434882807,"level":"info","message":"ℹ️ Título 113263/B já estava baixado. Processo ignorado.","service":"btg-baixa-titulos-service","situacao":"BAIXADO","timestamp":"2026-05-27T12:07:24.236Z"}
{"level":"info","message":"🔎 Processando título 113263/A","service":"btg-baixa-titulos-service","timestamp":"2026-05-27T12:07:24.239Z"}
{"level":"info","message":"🌐 Millennium request: GET /MILLENIUM!JOIN_ONEUP.LANCAMENTOS.CONSULTALANCAMENTOS?cnpj=73.652.158%2F0001-10&n_documento=113263%2FA","service":"btg-baixa-titulos-service","timestamp":"2026-05-27T12:07:24.239Z"}
{"lancamento":1434882806,"level":"info","message":"ℹ️ Título 113263/A já estava baixado. Processo ignorado.","service":"btg-baixa-titulos-service","situacao":"BAIXADO","timestamp":"2026-05-27T12:07:24.254Z"}
{"level":"info","message":"🔎 Processando título 112648/E","service":"btg-baixa-titulos-service","timestamp":"2026-05-27T12:07:24.256Z"}
{"level":"info","message":"🌐 Millennium request: GET /MILLENIUM!JOIN_ONEUP.LANCAMENTOS.CONSULTALANCAMENTOS?cnpj=03.247.651%2F0001-79&n_documento=112648%2FE","service":"btg-baixa-titulos-service","timestamp":"2026-05-27T12:07:24.256Z"}
{"lancamento":1434880183,"level":"info","message":"ℹ️ Título 112648/E já estava baixado. Processo ignorado.","service":"btg-baixa-titulos-service","situacao":"BAIXADO","timestamp":"2026-05-27T12:07:24.274Z"}
{"level":"info","message":"🔎 Processando título 112648/D","service":"btg-baixa-titulos-service","timestamp":"2026-05-27T12:07:24.277Z"}
{"level":"info","message":"🌐 Millennium request: GET /MILLENIUM!JOIN_ONEUP.LANCAMENTOS.CONSULTALANCAMENTOS?cnpj=03.247.651%2F0001-79&n_documento=112648%2FD","service":"btg-baixa-titulos-service","timestamp":"2026-05-27T12:07:24.277Z"}
{"lancamento":1434880182,"level":"info","message":"ℹ️ Título 112648/D já estava baixado. Processo ignorado.","service":"btg-baixa-titulos-service","situacao":"BAIXADO","timestamp":"2026-05-27T12:07:24.299Z"}
{"level":"info","message":"🔎 Processando título 112648/C","service":"btg-baixa-titulos-service","timestamp":"2026-05-27T12:07:24.303Z"}
{"level":"info","message":"🌐 Millennium request: GET /MILLENIUM!JOIN_ONEUP.LANCAMENTOS.CONSULTALANCAMENTOS?cnpj=03.247.651%2F0001-79&n_documento=112648%2FC","service":"btg-baixa-titulos-service","timestamp":"2026-05-27T12:07:24.303Z"}
{"lancamento":1434880181,"level":"info","message":"ℹ️ Título 112648/C já estava baixado. Processo ignorado.","service":"btg-baixa-titulos-service","situacao":"BAIXADO","timestamp":"2026-05-27T12:07:24.318Z"}
{"level":"info","message":"🔎 Processando título 112648/B","service":"btg-baixa-titulos-service","timestamp":"2026-05-27T12:07:24.324Z"}
{"level":"info","message":"🌐 Millennium request: GET /MILLENIUM!JOIN_ONEUP.LANCAMENTOS.CONSULTALANCAMENTOS?cnpj=03.247.651%2F0001-79&n_documento=112648%2FB","service":"btg-baixa-titulos-service","timestamp":"2026-05-27T12:07:24.324Z"}
{"lancamento":1434880180,"level":"info","message":"ℹ️ Título 112648/B já estava baixado. Processo ignorado.","service":"btg-baixa-titulos-service","situacao":"BAIXADO","timestamp":"2026-05-27T12:07:24.341Z"}
{"level":"info","message":"🔎 Processando título 112648/A","service":"btg-baixa-titulos-service","timestamp":"2026-05-27T12:07:24.344Z"}
{"level":"info","message":"🌐 Millennium request: GET /MILLENIUM!JOIN_ONEUP.LANCAMENTOS.CONSULTALANCAMENTOS?cnpj=03.247.651%2F0001-79&n_documento=112648%2FA","service":"btg-baixa-titulos-service","timestamp":"2026-05-27T12:07:24.344Z"}
{"lancamento":1434880179,"level":"info","message":"ℹ️ Título 112648/A já estava baixado. Processo ignorado.","service":"btg-baixa-titulos-service","situacao":"BAIXADO","timestamp":"2026-05-27T12:07:24.358Z"}
{"level":"info","message":"🔎 Processando título FRE 111087","service":"btg-baixa-titulos-service","timestamp":"2026-05-27T12:07:24.361Z"}
{"level":"info","message":"🌐 Millennium request: GET /MILLENIUM!JOIN_ONEUP.LANCAMENTOS.CONSULTALANCAMENTOS?cnpj=09.598.379%2F0001-58&n_documento=FRE%20111087","service":"btg-baixa-titulos-service","timestamp":"2026-05-27T12:07:24.362Z"}
{"lancamento":1434878962,"level":"info","message":"ℹ️ Título FRE 111087 já estava baixado. Processo ignorado.","service":"btg-baixa-titulos-service","situacao":"BAIXADO","timestamp":"2026-05-27T12:07:24.378Z"}
{"level":"info","message":"🔎 Processando título 112541/C","service":"btg-baixa-titulos-service","timestamp":"2026-05-27T12:07:24.381Z"}
{"level":"info","message":"🌐 Millennium request: GET /MILLENIUM!JOIN_ONEUP.LANCAMENTOS.CONSULTALANCAMENTOS?cnpj=59.205.187%2F0001-02&n_documento=112541%2FC","service":"btg-baixa-titulos-service","timestamp":"2026-05-27T12:07:24.381Z"}
{"lancamento":1434878806,"level":"info","message":"ℹ️ Título 112541/C já estava baixado. Processo ignorado.","service":"btg-baixa-titulos-service","situacao":"BAIXADO","timestamp":"2026-05-27T12:07:24.400Z"}
{"level":"info","message":"🔎 Processando título 112541/B","service":"btg-baixa-titulos-service","timestamp":"2026-05-27T12:07:24.404Z"}
{"level":"info","message":"🌐 Millennium request: GET /MILLENIUM!JOIN_ONEUP.LANCAMENTOS.CONSULTALANCAMENTOS?cnpj=59.205.187%2F0001-02&n_documento=112541%2FB","service":"btg-baixa-titulos-service","timestamp":"2026-05-27T12:07:24.404Z"}
{"lancamento":1434878805,"level":"info","message":"ℹ️ Título 112541/B já estava baixado. Processo ignorado.","service":"btg-baixa-titulos-service","situacao":"BAIXADO","timestamp":"2026-05-27T12:07:24.422Z"}
{"level":"info","message":"🔎 Processando título 112541/A","service":"btg-baixa-titulos-service","timestamp":"2026-05-27T12:07:24.426Z"}
{"level":"info","message":"🌐 Millennium request: GET /MILLENIUM!JOIN_ONEUP.LANCAMENTOS.CONSULTALANCAMENTOS?cnpj=59.205.187%2F0001-02&n_documento=112541%2FA","service":"btg-baixa-titulos-service","timestamp":"2026-05-27T12:07:24.426Z"}
{"lancamento":1434878804,"level":"info","message":"ℹ️ Título 112541/A já estava baixado. Processo ignorado.","service":"btg-baixa-titulos-service","situacao":"BAIXADO","timestamp":"2026-05-27T12:07:24.443Z"}
{"level":"info","message":"🔎 Processando título CORRE 109505","service":"btg-baixa-titulos-service","timestamp":"2026-05-27T12:07:24.447Z"}
{"level":"info","message":"🌐 Millennium request: GET /MILLENIUM!JOIN_ONEUP.LANCAMENTOS.CONSULTALANCAMENTOS?cnpj=21.067.137%2F0001-33&n_documento=CORRE%20109505","service":"btg-baixa-titulos-service","timestamp":"2026-05-27T12:07:24.447Z"}
{"lancamento":1434878942,"level":"info","message":"ℹ️ Título CORRE 109505 já estava baixado. Processo ignorado.","service":"btg-baixa-titulos-service","situacao":"BAIXADO","timestamp":"2026-05-27T12:07:24.465Z"}
{"level":"info","message":"🔎 Processando título 112542/C","service":"btg-baixa-titulos-service","timestamp":"2026-05-27T12:07:24.468Z"}
{"level":"info","message":"🌐 Millennium request: GET /MILLENIUM!JOIN_ONEUP.LANCAMENTOS.CONSULTALANCAMENTOS?cnpj=21.067.137%2F0001-33&n_documento=112542%2FC","service":"btg-baixa-titulos-service","timestamp":"2026-05-27T12:07:24.468Z"}
{"lancamento":1434878816,"level":"info","message":"ℹ️ Título 112542/C já estava baixado. Processo ignorado.","service":"btg-baixa-titulos-service","situacao":"BAIXADO","timestamp":"2026-05-27T12:07:24.503Z"}
{"level":"info","message":"🔎 Processando título 112542/B","service":"btg-baixa-titulos-service","timestamp":"2026-05-27T12:07:24.507Z"}
{"level":"info","message":"🌐 Millennium request: GET /MILLENIUM!JOIN_ONEUP.LANCAMENTOS.CONSULTALANCAMENTOS?cnpj=21.067.137%2F0001-33&n_documento=112542%2FB","service":"btg-baixa-titulos-service","timestamp":"2026-05-27T12:07:24.507Z"}
{"lancamento":1434878815,"level":"info","message":"ℹ️ Título 112542/B já estava baixado. Processo ignorado.","service":"btg-baixa-titulos-service","situacao":"BAIXADO","timestamp":"2026-05-27T12:07:24.521Z"}
{"level":"info","message":"🔎 Processando título 112542/A","service":"btg-baixa-titulos-service","timestamp":"2026-05-27T12:07:24.525Z"}
{"level":"info","message":"🌐 Millennium request: GET /MILLENIUM!JOIN_ONEUP.LANCAMENTOS.CONSULTALANCAMENTOS?cnpj=21.067.137%2F0001-33&n_documento=112542%2FA","service":"btg-baixa-titulos-service","timestamp":"2026-05-27T12:07:24.525Z"}
{"lancamento":1434878814,"level":"info","message":"ℹ️ Título 112542/A já estava baixado. Processo ignorado.","service":"btg-baixa-titulos-service","situacao":"BAIXADO","timestamp":"2026-05-27T12:07:24.540Z"}
{"level":"info","message":"🔎 Processando título FRE 110754","service":"btg-baixa-titulos-service","timestamp":"2026-05-27T12:07:24.544Z"}
{"level":"info","message":"🌐 Millennium request: GET /MILLENIUM!JOIN_ONEUP.LANCAMENTOS.CONSULTALANCAMENTOS?cnpj=03.294.992%2F0001-03&n_documento=FRE%20110754","service":"btg-baixa-titulos-service","timestamp":"2026-05-27T12:07:24.544Z"}
{"lancamento":1434878959,"level":"info","message":"ℹ️ Título FRE 110754 já estava baixado. Processo ignorado.","service":"btg-baixa-titulos-service","situacao":"BAIXADO","timestamp":"2026-05-27T12:07:24.560Z"}
{"level":"info","message":"🔎 Processando título FRE 110595","service":"btg-baixa-titulos-service","timestamp":"2026-05-27T12:07:24.564Z"}
{"level":"info","message":"🌐 Millennium request: GET /MILLENIUM!JOIN_ONEUP.LANCAMENTOS.CONSULTALANCAMENTOS?cnpj=57.408.548%2F0001-92&n_documento=FRE%20110595","service":"btg-baixa-titulos-service","timestamp":"2026-05-27T12:07:24.564Z"}
{"lancamento":1434878956,"level":"info","message":"ℹ️ Título FRE 110595 já estava baixado. Processo ignorado.","service":"btg-baixa-titulos-service","situacao":"BAIXADO","timestamp":"2026-05-27T12:07:24.583Z"}
{"level":"info","message":"🔎 Processando título CORRE 111369","service":"btg-baixa-titulos-service","timestamp":"2026-05-27T12:07:24.586Z"}
{"level":"info","message":"🌐 Millennium request: GET /MILLENIUM!JOIN_ONEUP.LANCAMENTOS.CONSULTALANCAMENTOS?cnpj=57.408.548%2F0001-92&n_documento=CORRE%20111369","service":"btg-baixa-titulos-service","timestamp":"2026-05-27T12:07:24.586Z"}
{"lancamento":1434878955,"level":"info","message":"ℹ️ Título CORRE 111369 já estava baixado. Processo ignorado.","service":"btg-baixa-titulos-service","situacao":"BAIXADO","timestamp":"2026-05-27T12:07:24.602Z"}
{"level":"info","message":"🔎 Processando título CORRE 111088","service":"btg-baixa-titulos-service","timestamp":"2026-05-27T12:07:24.606Z"}
{"level":"info","message":"🌐 Millennium request: GET /MILLENIUM!JOIN_ONEUP.LANCAMENTOS.CONSULTALANCAMENTOS?cnpj=57.408.548%2F0001-92&n_documento=CORRE%20111088","service":"btg-baixa-titulos-service","timestamp":"2026-05-27T12:07:24.606Z"}
{"lancamento":1434878952,"level":"info","message":"ℹ️ Título CORRE 111088 já estava baixado. Processo ignorado.","service":"btg-baixa-titulos-service","situacao":"BAIXADO","timestamp":"2026-05-27T12:07:24.703Z"}
{"level":"info","message":"🔎 Processando título CORRE 110166","service":"btg-baixa-titulos-service","timestamp":"2026-05-27T12:07:24.709Z"}
{"level":"info","message":"🌐 Millennium request: GET /MILLENIUM!JOIN_ONEUP.LANCAMENTOS.CONSULTALANCAMENTOS?cnpj=57.408.548%2F0001-92&n_documento=CORRE%20110166","service":"btg-baixa-titulos-service","timestamp":"2026-05-27T12:07:24.709Z"}
{"lancamento":1434878948,"level":"info","message":"ℹ️ Título CORRE 110166 já estava baixado. Processo ignorado.","service":"btg-baixa-titulos-service","situacao":"BAIXADO","timestamp":"2026-05-27T12:07:24.726Z"}
{"level":"info","message":"🔎 Processando título CORRE 110251","service":"btg-baixa-titulos-service","timestamp":"2026-05-27T12:07:24.731Z"}
{"level":"info","message":"🌐 Millennium request: GET /MILLENIUM!JOIN_ONEUP.LANCAMENTOS.CONSULTALANCAMENTOS?cnpj=01.329.811%2F0001-01&n_documento=CORRE%20110251","service":"btg-baixa-titulos-service","timestamp":"2026-05-27T12:07:24.731Z"}
{"lancamento":1434878949,"level":"info","message":"ℹ️ Título CORRE 110251 já estava baixado. Processo ignorado.","service":"btg-baixa-titulos-service","situacao":"BAIXADO","timestamp":"2026-05-27T12:07:24.749Z"}
{"level":"info","message":"🔎 Processando título CORRE 111399","service":"btg-baixa-titulos-service","timestamp":"2026-05-27T12:07:24.752Z"}
{"level":"info","message":"🌐 Millennium request: GET /MILLENIUM!JOIN_ONEUP.LANCAMENTOS.CONSULTALANCAMENTOS?cnpj=01.009.793%2F0001-72&n_documento=CORRE%20111399","service":"btg-baixa-titulos-service","timestamp":"2026-05-27T12:07:24.752Z"}
{"lancamento":1434878953,"level":"info","message":"ℹ️ Título CORRE 111399 já estava baixado. Processo ignorado.","service":"btg-baixa-titulos-service","situacao":"BAIXADO","timestamp":"2026-05-27T12:07:24.768Z"}
{"level":"info","message":"🔎 Processando título CORRE 110761","service":"btg-baixa-titulos-service","timestamp":"2026-05-27T12:07:24.771Z"}
{"level":"info","message":"🌐 Millennium request: GET /MILLENIUM!JOIN_ONEUP.LANCAMENTOS.CONSULTALANCAMENTOS?cnpj=01.009.793%2F0001-72&n_documento=CORRE%20110761","service":"btg-baixa-titulos-service","timestamp":"2026-05-27T12:07:24.771Z"}
{"lancamento":1434878951,"level":"info","message":"ℹ️ Título CORRE 110761 já estava baixado. Processo ignorado.","service":"btg-baixa-titulos-service","situacao":"BAIXADO","timestamp":"2026-05-27T12:07:24.789Z"}
{"level":"info","message":"🔎 Processando título 111423/C","service":"btg-baixa-titulos-service","timestamp":"2026-05-27T12:07:24.793Z"}
{"level":"info","message":"🌐 Millennium request: GET /MILLENIUM!JOIN_ONEUP.LANCAMENTOS.CONSULTALANCAMENTOS?cnpj=96.609.490%2F0001-05&n_documento=111423%2FC","service":"btg-baixa-titulos-service","timestamp":"2026-05-27T12:07:24.793Z"}
{"lancamento":1434871829,"level":"info","message":"ℹ️ Título 111423/C já estava baixado. Processo ignorado.","service":"btg-baixa-titulos-service","situacao":"BAIXADO","timestamp":"2026-05-27T12:07:24.809Z"}
{"level":"info","message":"🔎 Processando título 111423/B","service":"btg-baixa-titulos-service","timestamp":"2026-05-27T12:07:24.812Z"}
{"level":"info","message":"🌐 Millennium request: GET /MILLENIUM!JOIN_ONEUP.LANCAMENTOS.CONSULTALANCAMENTOS?cnpj=96.609.490%2F0001-05&n_documento=111423%2FB","service":"btg-baixa-titulos-service","timestamp":"2026-05-27T12:07:24.812Z"}
{"lancamento":1434871828,"level":"info","message":"ℹ️ Título 111423/B já estava baixado. Processo ignorado.","service":"btg-baixa-titulos-service","situacao":"BAIXADO","timestamp":"2026-05-27T12:07:24.828Z"}
{"level":"info","message":"🔎 Processando título 111423/A","service":"btg-baixa-titulos-service","timestamp":"2026-05-27T12:07:24.831Z"}
{"level":"info","message":"🌐 Millennium request: GET /MILLENIUM!JOIN_ONEUP.LANCAMENTOS.CONSULTALANCAMENTOS?cnpj=96.609.490%2F0001-05&n_documento=111423%2FA","service":"btg-baixa-titulos-service","timestamp":"2026-05-27T12:07:24.831Z"}
{"lancamento":1434871827,"level":"info","message":"ℹ️ Título 111423/A já estava baixado. Processo ignorado.","service":"btg-baixa-titulos-service","situacao":"BAIXADO","timestamp":"2026-05-27T12:07:24.848Z"}
{"level":"info","message":"🔎 Processando título 111852","service":"btg-baixa-titulos-service","timestamp":"2026-05-27T12:07:24.850Z"}
{"level":"info","message":"🌐 Millennium request: GET /MILLENIUM!JOIN_ONEUP.LANCAMENTOS.CONSULTALANCAMENTOS?cnpj=09.598.379%2F0001-58&n_documento=111852","service":"btg-baixa-titulos-service","timestamp":"2026-05-27T12:07:24.851Z"}
{"lancamento":1434874737,"level":"info","message":"ℹ️ Título 111852 já estava baixado. Processo ignorado.","service":"btg-baixa-titulos-service","situacao":"BAIXADO","timestamp":"2026-05-27T12:07:24.868Z"}
{"level":"info","message":"🔎 Processando título 111857/C","service":"btg-baixa-titulos-service","timestamp":"2026-05-27T12:07:24.871Z"}
{"level":"info","message":"🌐 Millennium request: GET /MILLENIUM!JOIN_ONEUP.LANCAMENTOS.CONSULTALANCAMENTOS?cnpj=21.067.137%2F0001-33&n_documento=111857%2FC","service":"btg-baixa-titulos-service","timestamp":"2026-05-27T12:07:24.871Z"}
{"lancamento":1434874752,"level":"info","message":"ℹ️ Título 111857/C já estava baixado. Processo ignorado.","service":"btg-baixa-titulos-service","situacao":"BAIXADO","timestamp":"2026-05-27T12:07:24.888Z"}
{"level":"info","message":"🔎 Processando título 111857/B","service":"btg-baixa-titulos-service","timestamp":"2026-05-27T12:07:24.890Z"}
{"level":"info","message":"🌐 Millennium request: GET /MILLENIUM!JOIN_ONEUP.LANCAMENTOS.CONSULTALANCAMENTOS?cnpj=21.067.137%2F0001-33&n_documento=111857%2FB","service":"btg-baixa-titulos-service","timestamp":"2026-05-27T12:07:24.890Z"}
{"lancamento":1434874751,"level":"info","message":"ℹ️ Título 111857/B já estava baixado. Processo ignorado.","service":"btg-baixa-titulos-service","situacao":"BAIXADO","timestamp":"2026-05-27T12:07:24.906Z"}
{"level":"info","message":"🔎 Processando título 111857/A","service":"btg-baixa-titulos-service","timestamp":"2026-05-27T12:07:24.908Z"}
{"level":"info","message":"🌐 Millennium request: GET /MILLENIUM!JOIN_ONEUP.LANCAMENTOS.CONSULTALANCAMENTOS?cnpj=21.067.137%2F0001-33&n_documento=111857%2FA","service":"btg-baixa-titulos-service","timestamp":"2026-05-27T12:07:24.908Z"}
{"lancamento":1434874750,"level":"info","message":"ℹ️ Título 111857/A já estava baixado. Processo ignorado.","service":"btg-baixa-titulos-service","situacao":"BAIXADO","timestamp":"2026-05-27T12:07:24.924Z"}
{"level":"info","message":"🔎 Processando título 111595","service":"btg-baixa-titulos-service","timestamp":"2026-05-27T12:07:24.926Z"}
{"level":"info","message":"🌐 Millennium request: GET /MILLENIUM!JOIN_ONEUP.LANCAMENTOS.CONSULTALANCAMENTOS?cnpj=01.329.811%2F0001-01&n_documento=111595","service":"btg-baixa-titulos-service","timestamp":"2026-05-27T12:07:24.926Z"}
{"lancamento":1434873150,"level":"info","message":"ℹ️ Título 111595 já estava baixado. Processo ignorado.","service":"btg-baixa-titulos-service","situacao":"BAIXADO","timestamp":"2026-05-27T12:07:24.944Z"}
{"level":"info","message":"🔎 Processando título 111850/E","service":"btg-baixa-titulos-service","timestamp":"2026-05-27T12:07:24.946Z"}
{"level":"info","message":"🌐 Millennium request: GET /MILLENIUM!JOIN_ONEUP.LANCAMENTOS.CONSULTALANCAMENTOS?cnpj=73.652.158%2F0001-10&n_documento=111850%2FE","service":"btg-baixa-titulos-service","timestamp":"2026-05-27T12:07:24.946Z"}
{"lancamento":1434874734,"level":"info","message":"ℹ️ Título 111850/E já estava baixado. Processo ignorado.","service":"btg-baixa-titulos-service","situacao":"BAIXADO","timestamp":"2026-05-27T12:07:24.963Z"}
{"level":"info","message":"🔎 Processando título 111850/D","service":"btg-baixa-titulos-service","timestamp":"2026-05-27T12:07:24.967Z"}
{"level":"info","message":"🌐 Millennium request: GET /MILLENIUM!JOIN_ONEUP.LANCAMENTOS.CONSULTALANCAMENTOS?cnpj=73.652.158%2F0001-10&n_documento=111850%2FD","service":"btg-baixa-titulos-service","timestamp":"2026-05-27T12:07:24.967Z"}
{"lancamento":1434874733,"level":"info","message":"ℹ️ Título 111850/D já estava baixado. Processo ignorado.","service":"btg-baixa-titulos-service","situacao":"BAIXADO","timestamp":"2026-05-27T12:07:24.985Z"}
{"level":"info","message":"🔎 Processando título 111850/C","service":"btg-baixa-titulos-service","timestamp":"2026-05-27T12:07:24.987Z"}
{"level":"info","message":"🌐 Millennium request: GET /MILLENIUM!JOIN_ONEUP.LANCAMENTOS.CONSULTALANCAMENTOS?cnpj=73.652.158%2F0001-10&n_documento=111850%2FC","service":"btg-baixa-titulos-service","timestamp":"2026-05-27T12:07:24.987Z"}
{"lancamento":1434874732,"level":"info","message":"ℹ️ Título 111850/C já estava baixado. Processo ignorado.","service":"btg-baixa-titulos-service","situacao":"BAIXADO","timestamp":"2026-05-27T12:07:25.005Z"}
{"level":"info","message":"🔎 Processando título 111850/B","service":"btg-baixa-titulos-service","timestamp":"2026-05-27T12:07:25.007Z"}
{"level":"info","message":"🌐 Millennium request: GET /MILLENIUM!JOIN_ONEUP.LANCAMENTOS.CONSULTALANCAMENTOS?cnpj=73.652.158%2F0001-10&n_documento=111850%2FB","service":"btg-baixa-titulos-service","timestamp":"2026-05-27T12:07:25.007Z"}
{"lancamento":1434874731,"level":"info","message":"ℹ️ Título 111850/B já estava baixado. Processo ignorado.","service":"btg-baixa-titulos-service","situacao":"BAIXADO","timestamp":"2026-05-27T12:07:25.025Z"}
{"level":"info","message":"🔎 Processando título 111850/A","service":"btg-baixa-titulos-service","timestamp":"2026-05-27T12:07:25.028Z"}
{"level":"info","message":"🌐 Millennium request: GET /MILLENIUM!JOIN_ONEUP.LANCAMENTOS.CONSULTALANCAMENTOS?cnpj=73.652.158%2F0001-10&n_documento=111850%2FA","service":"btg-baixa-titulos-service","timestamp":"2026-05-27T12:07:25.028Z"}
{"lancamento":1434874730,"level":"info","message":"ℹ️ Título 111850/A já estava baixado. Processo ignorado.","service":"btg-baixa-titulos-service","situacao":"BAIXADO","timestamp":"2026-05-27T12:07:25.043Z"}
{"level":"info","message":"🔎 Processando título 111596/D","service":"btg-baixa-titulos-service","timestamp":"2026-05-27T12:07:25.046Z"}
{"level":"info","message":"🌐 Millennium request: GET /MILLENIUM!JOIN_ONEUP.LANCAMENTOS.CONSULTALANCAMENTOS?cnpj=47.485.403%2F0001-31&n_documento=111596%2FD","service":"btg-baixa-titulos-service","timestamp":"2026-05-27T12:07:25.046Z"}
{"lancamento":1434873154,"level":"info","message":"ℹ️ Título 111596/D já estava baixado. Processo ignorado.","service":"btg-baixa-titulos-service","situacao":"BAIXADO","timestamp":"2026-05-27T12:07:25.062Z"}
{"level":"info","message":"🔎 Processando título 111596/C","service":"btg-baixa-titulos-service","timestamp":"2026-05-27T12:07:25.065Z"}
{"level":"info","message":"🌐 Millennium request: GET /MILLENIUM!JOIN_ONEUP.LANCAMENTOS.CONSULTALANCAMENTOS?cnpj=47.485.403%2F0001-31&n_documento=111596%2FC","service":"btg-baixa-titulos-service","timestamp":"2026-05-27T12:07:25.065Z"}
{"lancamento":1434873153,"level":"info","message":"ℹ️ Título 111596/C já estava baixado. Processo ignorado.","service":"btg-baixa-titulos-service","situacao":"BAIXADO","timestamp":"2026-05-27T12:07:25.081Z"}
{"level":"info","message":"🔎 Processando título 111596/B","service":"btg-baixa-titulos-service","timestamp":"2026-05-27T12:07:25.084Z"}
{"level":"info","message":"🌐 Millennium request: GET /MILLENIUM!JOIN_ONEUP.LANCAMENTOS.CONSULTALANCAMENTOS?cnpj=47.485.403%2F0001-31&n_documento=111596%2FB","service":"btg-baixa-titulos-service","timestamp":"2026-05-27T12:07:25.084Z"}
{"lancamento":1434873152,"level":"info","message":"ℹ️ Título 111596/B já estava baixado. Processo ignorado.","service":"btg-baixa-titulos-service","situacao":"BAIXADO","timestamp":"2026-05-27T12:07:25.100Z"}
{"level":"info","message":"🔎 Processando título 111596/A","service":"btg-baixa-titulos-service","timestamp":"2026-05-27T12:07:25.103Z"}
{"level":"info","message":"🌐 Millennium request: GET /MILLENIUM!JOIN_ONEUP.LANCAMENTOS.CONSULTALANCAMENTOS?cnpj=47.485.403%2F0001-31&n_documento=111596%2FA","service":"btg-baixa-titulos-service","timestamp":"2026-05-27T12:07:25.103Z"}
{"lancamento":1434873151,"level":"info","message":"ℹ️ Título 111596/A já estava baixado. Processo ignorado.","service":"btg-baixa-titulos-service","situacao":"BAIXADO","timestamp":"2026-05-27T12:07:25.119Z"}
{"level":"info","message":"🔎 Processando título 111399","service":"btg-baixa-titulos-service","timestamp":"2026-05-27T12:07:25.122Z"}
{"level":"info","message":"🌐 Millennium request: GET /MILLENIUM!JOIN_ONEUP.LANCAMENTOS.CONSULTALANCAMENTOS?cnpj=01.009.793%2F0001-72&n_documento=111399","service":"btg-baixa-titulos-service","timestamp":"2026-05-27T12:07:25.122Z"}
{"lancamento":1434871265,"level":"info","message":"ℹ️ Título 111399 já estava baixado. Processo ignorado.","service":"btg-baixa-titulos-service","situacao":"BAIXADO","timestamp":"2026-05-27T12:07:25.240Z"}
{"level":"info","message":"🔎 Processando título 111854/D","service":"btg-baixa-titulos-service","timestamp":"2026-05-27T12:07:25.248Z"}
{"level":"info","message":"🌐 Millennium request: GET /MILLENIUM!JOIN_ONEUP.LANCAMENTOS.CONSULTALANCAMENTOS?cnpj=57.408.548%2F0001-92&n_documento=111854%2FD","service":"btg-baixa-titulos-service","timestamp":"2026-05-27T12:07:25.248Z"}
{"lancamento":1434874744,"level":"info","message":"ℹ️ Título 111854/D já estava baixado. Processo ignorado.","service":"btg-baixa-titulos-service","situacao":"BAIXADO","timestamp":"2026-05-27T12:07:25.265Z"}
{"level":"info","message":"🔎 Processando título 111854/C","service":"btg-baixa-titulos-service","timestamp":"2026-05-27T12:07:25.269Z"}
{"level":"info","message":"🌐 Millennium request: GET /MILLENIUM!JOIN_ONEUP.LANCAMENTOS.CONSULTALANCAMENTOS?cnpj=57.408.548%2F0001-92&n_documento=111854%2FC","service":"btg-baixa-titulos-service","timestamp":"2026-05-27T12:07:25.269Z"}
{"lancamento":1434874743,"level":"info","message":"ℹ️ Título 111854/C já estava baixado. Processo ignorado.","service":"btg-baixa-titulos-service","situacao":"BAIXADO","timestamp":"2026-05-27T12:07:25.286Z"}
{"level":"info","message":"🔎 Processando título 111854/B","service":"btg-baixa-titulos-service","timestamp":"2026-05-27T12:07:25.290Z"}
{"level":"info","message":"🌐 Millennium request: GET /MILLENIUM!JOIN_ONEUP.LANCAMENTOS.CONSULTALANCAMENTOS?cnpj=57.408.548%2F0001-92&n_documento=111854%2FB","service":"btg-baixa-titulos-service","timestamp":"2026-05-27T12:07:25.290Z"}
{"lancamento":1434874742,"level":"info","message":"ℹ️ Título 111854/B já estava baixado. Processo ignorado.","service":"btg-baixa-titulos-service","situacao":"BAIXADO","timestamp":"2026-05-27T12:07:25.307Z"}
{"level":"info","message":"🔎 Processando título 111854/A","service":"btg-baixa-titulos-service","timestamp":"2026-05-27T12:07:25.311Z"}
{"level":"info","message":"🌐 Millennium request: GET /MILLENIUM!JOIN_ONEUP.LANCAMENTOS.CONSULTALANCAMENTOS?cnpj=57.408.548%2F0001-92&n_documento=111854%2FA","service":"btg-baixa-titulos-service","timestamp":"2026-05-27T12:07:25.311Z"}
{"lancamento":1434874741,"level":"info","message":"ℹ️ Título 111854/A já estava baixado. Processo ignorado.","service":"btg-baixa-titulos-service","situacao":"BAIXADO","timestamp":"2026-05-27T12:07:25.328Z"}
{"level":"info","message":"🔎 Processando título 111394/D","service":"btg-baixa-titulos-service","timestamp":"2026-05-27T12:07:25.331Z"}
{"level":"info","message":"🌐 Millennium request: GET /MILLENIUM!JOIN_ONEUP.LANCAMENTOS.CONSULTALANCAMENTOS?cnpj=57.408.548%2F0001-92&n_documento=111394%2FD","service":"btg-baixa-titulos-service","timestamp":"2026-05-27T12:07:25.331Z"}
{"lancamento":1434871224,"level":"info","message":"ℹ️ Título 111394/D já estava baixado. Processo ignorado.","service":"btg-baixa-titulos-service","situacao":"BAIXADO","timestamp":"2026-05-27T12:07:25.348Z"}
{"level":"info","message":"🔎 Processando título 111394/C","service":"btg-baixa-titulos-service","timestamp":"2026-05-27T12:07:25.351Z"}
{"level":"info","message":"🌐 Millennium request: GET /MILLENIUM!JOIN_ONEUP.LANCAMENTOS.CONSULTALANCAMENTOS?cnpj=57.408.548%2F0001-92&n_documento=111394%2FC","service":"btg-baixa-titulos-service","timestamp":"2026-05-27T12:07:25.351Z"}
{"lancamento":1434871223,"level":"info","message":"ℹ️ Título 111394/C já estava baixado. Processo ignorado.","service":"btg-baixa-titulos-service","situacao":"BAIXADO","timestamp":"2026-05-27T12:07:25.367Z"}
{"level":"info","message":"🔎 Processando título 111394/B","service":"btg-baixa-titulos-service","timestamp":"2026-05-27T12:07:25.370Z"}
{"level":"info","message":"🌐 Millennium request: GET /MILLENIUM!JOIN_ONEUP.LANCAMENTOS.CONSULTALANCAMENTOS?cnpj=57.408.548%2F0001-92&n_documento=111394%2FB","service":"btg-baixa-titulos-service","timestamp":"2026-05-27T12:07:25.370Z"}
{"lancamento":1434871222,"level":"info","message":"ℹ️ Título 111394/B já estava baixado. Processo ignorado.","service":"btg-baixa-titulos-service","situacao":"BAIXADO","timestamp":"2026-05-27T12:07:25.392Z"}
{"level":"info","message":"🔎 Processando título 111394/A","service":"btg-baixa-titulos-service","timestamp":"2026-05-27T12:07:25.396Z"}
{"level":"info","message":"🌐 Millennium request: GET /MILLENIUM!JOIN_ONEUP.LANCAMENTOS.CONSULTALANCAMENTOS?cnpj=57.408.548%2F0001-92&n_documento=111394%2FA","service":"btg-baixa-titulos-service","timestamp":"2026-05-27T12:07:25.396Z"}
{"lancamento":1434871221,"level":"info","message":"ℹ️ Título 111394/A já estava baixado. Processo ignorado.","service":"btg-baixa-titulos-service","situacao":"BAIXADO","timestamp":"2026-05-27T12:07:25.412Z"}
{"level":"info","message":"🔎 Processando título 111250/A","service":"btg-baixa-titulos-service","timestamp":"2026-05-27T12:07:25.416Z"}
{"level":"info","message":"🌐 Millennium request: GET /MILLENIUM!JOIN_ONEUP.LANCAMENTOS.CONSULTALANCAMENTOS?cnpj=47.485.403%2F0001-31&n_documento=111250%2FA","service":"btg-baixa-titulos-service","timestamp":"2026-05-27T12:07:25.416Z"}
{"lancamento":1434870043,"level":"info","message":"ℹ️ Título 111250/A já estava baixado. Processo ignorado.","service":"btg-baixa-titulos-service","situacao":"BAIXADO","timestamp":"2026-05-27T12:07:25.434Z"}
{"level":"info","message":"🔎 Processando título 111249/C","service":"btg-baixa-titulos-service","timestamp":"2026-05-27T12:07:25.441Z"}
{"level":"info","message":"🌐 Millennium request: GET /MILLENIUM!JOIN_ONEUP.LANCAMENTOS.CONSULTALANCAMENTOS?cnpj=47.485.403%2F0001-31&n_documento=111249%2FC","service":"btg-baixa-titulos-service","timestamp":"2026-05-27T12:07:25.441Z"}
{"lancamento":1434870035,"level":"info","message":"ℹ️ Título 111249/C já estava baixado. Processo ignorado.","service":"btg-baixa-titulos-service","situacao":"BAIXADO","timestamp":"2026-05-27T12:07:25.457Z"}
{"level":"info","message":"🔎 Processando título 111249/B","service":"btg-baixa-titulos-service","timestamp":"2026-05-27T12:07:25.460Z"}
{"level":"info","message":"🌐 Millennium request: GET /MILLENIUM!JOIN_ONEUP.LANCAMENTOS.CONSULTALANCAMENTOS?cnpj=47.485.403%2F0001-31&n_documento=111249%2FB","service":"btg-baixa-titulos-service","timestamp":"2026-05-27T12:07:25.460Z"}
{"lancamento":1434870034,"level":"info","message":"ℹ️ Título 111249/B já estava baixado. Processo ignorado.","service":"btg-baixa-titulos-service","situacao":"BAIXADO","timestamp":"2026-05-27T12:07:25.474Z"}
{"level":"info","message":"🔎 Processando título 111089/B","service":"btg-baixa-titulos-service","timestamp":"2026-05-27T12:07:25.476Z"}
{"level":"info","message":"🌐 Millennium request: GET /MILLENIUM!JOIN_ONEUP.LANCAMENTOS.CONSULTALANCAMENTOS?cnpj=47.485.403%2F0001-31&n_documento=111089%2FB","service":"btg-baixa-titulos-service","timestamp":"2026-05-27T12:07:25.476Z"}
{"lancamento":1434868843,"level":"info","message":"ℹ️ Título 111089/B já estava baixado. Processo ignorado.","service":"btg-baixa-titulos-service","situacao":"BAIXADO","timestamp":"2026-05-27T12:07:25.491Z"}
{"level":"info","message":"🔎 Processando título 111088/D","service":"btg-baixa-titulos-service","timestamp":"2026-05-27T12:07:25.494Z"}
{"level":"info","message":"🌐 Millennium request: GET /MILLENIUM!JOIN_ONEUP.LANCAMENTOS.CONSULTALANCAMENTOS?cnpj=57.408.548%2F0001-92&n_documento=111088%2FD","service":"btg-baixa-titulos-service","timestamp":"2026-05-27T12:07:25.494Z"}
{"lancamento":1434868822,"level":"info","message":"ℹ️ Título 111088/D já estava baixado. Processo ignorado.","service":"btg-baixa-titulos-service","situacao":"BAIXADO","timestamp":"2026-05-27T12:07:25.513Z"}
{"level":"info","message":"🔎 Processando título 111088/C","service":"btg-baixa-titulos-service","timestamp":"2026-05-27T12:07:25.516Z"}
{"level":"info","message":"🌐 Millennium request: GET /MILLENIUM!JOIN_ONEUP.LANCAMENTOS.CONSULTALANCAMENTOS?cnpj=57.408.548%2F0001-92&n_documento=111088%2FC","service":"btg-baixa-titulos-service","timestamp":"2026-05-27T12:07:25.516Z"}
{"lancamento":1434868821,"level":"info","message":"ℹ️ Título 111088/C já estava baixado. Processo ignorado.","service":"btg-baixa-titulos-service","situacao":"BAIXADO","timestamp":"2026-05-27T12:07:25.530Z"}
{"level":"info","message":"🔎 Processando título 111088/B","service":"btg-baixa-titulos-service","timestamp":"2026-05-27T12:07:25.533Z"}
{"level":"info","message":"🌐 Millennium request: GET /MILLENIUM!JOIN_ONEUP.LANCAMENTOS.CONSULTALANCAMENTOS?cnpj=57.408.548%2F0001-92&n_documento=111088%2FB","service":"btg-baixa-titulos-service","timestamp":"2026-05-27T12:07:25.533Z"}
{"lancamento":1434868820,"level":"info","message":"ℹ️ Título 111088/B já estava baixado. Processo ignorado.","service":"btg-baixa-titulos-service","situacao":"BAIXADO","timestamp":"2026-05-27T12:07:25.547Z"}
{"level":"info","message":"🔎 Processando título 111088/A","service":"btg-baixa-titulos-service","timestamp":"2026-05-27T12:07:25.550Z"}
{"level":"info","message":"🌐 Millennium request: GET /MILLENIUM!JOIN_ONEUP.LANCAMENTOS.CONSULTALANCAMENTOS?cnpj=57.408.548%2F0001-92&n_documento=111088%2FA","service":"btg-baixa-titulos-service","timestamp":"2026-05-27T12:07:25.550Z"}
{"lancamento":1434868819,"level":"info","message":"ℹ️ Título 111088/A já estava baixado. Processo ignorado.","service":"btg-baixa-titulos-service","situacao":"BAIXADO","timestamp":"2026-05-27T12:07:25.563Z"}
{"level":"info","message":"🔎 Processando título 111087","service":"btg-baixa-titulos-service","timestamp":"2026-05-27T12:07:25.568Z"}
{"level":"info","message":"🌐 Millennium request: GET /MILLENIUM!JOIN_ONEUP.LANCAMENTOS.CONSULTALANCAMENTOS?cnpj=09.598.379%2F0001-58&n_documento=111087","service":"btg-baixa-titulos-service","timestamp":"2026-05-27T12:07:25.568Z"}
{"lancamento":1434868811,"level":"info","message":"ℹ️ Título 111087 já estava baixado. Processo ignorado.","service":"btg-baixa-titulos-service","situacao":"BAIXADO","timestamp":"2026-05-27T12:07:25.581Z"}
{"level":"info","message":"🔎 Processando título 109783/C","service":"btg-baixa-titulos-service","timestamp":"2026-05-27T12:07:25.584Z"}
{"level":"info","message":"🌐 Millennium request: GET /MILLENIUM!JOIN_ONEUP.LANCAMENTOS.CONSULTALANCAMENTOS?cnpj=59.205.187%2F0001-02&n_documento=109783%2FC","service":"btg-baixa-titulos-service","timestamp":"2026-05-27T12:07:25.584Z"}
{"lancamento":1434857853,"level":"info","message":"ℹ️ Título 109783/C já estava baixado. Processo ignorado.","service":"btg-baixa-titulos-service","situacao":"BAIXADO","timestamp":"2026-05-27T12:07:25.603Z"}
{"level":"info","message":"🔎 Processando título 109783/B","service":"btg-baixa-titulos-service","timestamp":"2026-05-27T12:07:25.606Z"}
{"level":"info","message":"🌐 Millennium request: GET /MILLENIUM!JOIN_ONEUP.LANCAMENTOS.CONSULTALANCAMENTOS?cnpj=59.205.187%2F0001-02&n_documento=109783%2FB","service":"btg-baixa-titulos-service","timestamp":"2026-05-27T12:07:25.606Z"}
{"lancamento":1434857852,"level":"info","message":"ℹ️ Título 109783/B já estava baixado. Processo ignorado.","service":"btg-baixa-titulos-service","situacao":"BAIXADO","timestamp":"2026-05-27T12:07:25.621Z"}
{"level":"info","message":"🔎 Processando título 109783/A","service":"btg-baixa-titulos-service","timestamp":"2026-05-27T12:07:25.623Z"}
{"level":"info","message":"🌐 Millennium request: GET /MILLENIUM!JOIN_ONEUP.LANCAMENTOS.CONSULTALANCAMENTOS?cnpj=59.205.187%2F0001-02&n_documento=109783%2FA","service":"btg-baixa-titulos-service","timestamp":"2026-05-27T12:07:25.623Z"}
{"lancamento":1434857851,"level":"info","message":"ℹ️ Título 109783/A já estava baixado. Processo ignorado.","service":"btg-baixa-titulos-service","situacao":"BAIXADO","timestamp":"2026-05-27T12:07:25.639Z"}
{"level":"info","message":"🔎 Processando título 109505/C","service":"btg-baixa-titulos-service","timestamp":"2026-05-27T12:07:25.642Z"}
{"level":"info","message":"🌐 Millennium request: GET /MILLENIUM!JOIN_ONEUP.LANCAMENTOS.CONSULTALANCAMENTOS?cnpj=21.067.137%2F0001-33&n_documento=109505%2FC","service":"btg-baixa-titulos-service","timestamp":"2026-05-27T12:07:25.642Z"}
{"lancamento":1434856382,"level":"info","message":"ℹ️ Título 109505/C já estava baixado. Processo ignorado.","service":"btg-baixa-titulos-service","situacao":"BAIXADO","timestamp":"2026-05-27T12:07:25.659Z"}
{"level":"info","message":"🔎 Processando título 109505/B","service":"btg-baixa-titulos-service","timestamp":"2026-05-27T12:07:25.661Z"}
{"level":"info","message":"🌐 Millennium request: GET /MILLENIUM!JOIN_ONEUP.LANCAMENTOS.CONSULTALANCAMENTOS?cnpj=21.067.137%2F0001-33&n_documento=109505%2FB","service":"btg-baixa-titulos-service","timestamp":"2026-05-27T12:07:25.661Z"}
{"lancamento":1434856381,"level":"info","message":"ℹ️ Título 109505/B já estava baixado. Processo ignorado.","service":"btg-baixa-titulos-service","situacao":"BAIXADO","timestamp":"2026-05-27T12:07:25.763Z"}
{"level":"info","message":"🔎 Processando título 109505/A","service":"btg-baixa-titulos-service","timestamp":"2026-05-27T12:07:25.770Z"}
{"level":"info","message":"🌐 Millennium request: GET /MILLENIUM!JOIN_ONEUP.LANCAMENTOS.CONSULTALANCAMENTOS?cnpj=21.067.137%2F0001-33&n_documento=109505%2FA","service":"btg-baixa-titulos-service","timestamp":"2026-05-27T12:07:25.771Z"}
{"lancamento":1434856380,"level":"info","message":"ℹ️ Título 109505/A já estava baixado. Processo ignorado.","service":"btg-baixa-titulos-service","situacao":"BAIXADO","timestamp":"2026-05-27T12:07:25.787Z"}
{"level":"info","message":"🔎 Processando título 109795/E","service":"btg-baixa-titulos-service","timestamp":"2026-05-27T12:07:25.791Z"}
{"level":"info","message":"🌐 Millennium request: GET /MILLENIUM!JOIN_ONEUP.LANCAMENTOS.CONSULTALANCAMENTOS?cnpj=44.999.259%2F0001-63&n_documento=109795%2FE","service":"btg-baixa-titulos-service","timestamp":"2026-05-27T12:07:25.791Z"}
{"lancamento":1434857920,"level":"info","message":"ℹ️ Título 109795/E já estava baixado. Processo ignorado.","service":"btg-baixa-titulos-service","situacao":"BAIXADO","timestamp":"2026-05-27T12:07:25.809Z"}
{"level":"info","message":"🔎 Processando título 109795/D","service":"btg-baixa-titulos-service","timestamp":"2026-05-27T12:07:25.812Z"}
{"level":"info","message":"🌐 Millennium request: GET /MILLENIUM!JOIN_ONEUP.LANCAMENTOS.CONSULTALANCAMENTOS?cnpj=44.999.259%2F0001-63&n_documento=109795%2FD","service":"btg-baixa-titulos-service","timestamp":"2026-05-27T12:07:25.812Z"}
{"lancamento":1434857919,"level":"info","message":"ℹ️ Título 109795/D já estava baixado. Processo ignorado.","service":"btg-baixa-titulos-service","situacao":"BAIXADO","timestamp":"2026-05-27T12:07:25.828Z"}
{"level":"info","message":"🔎 Processando título 109795/C","service":"btg-baixa-titulos-service","timestamp":"2026-05-27T12:07:25.831Z"}
{"level":"info","message":"🌐 Millennium request: GET /MILLENIUM!JOIN_ONEUP.LANCAMENTOS.CONSULTALANCAMENTOS?cnpj=44.999.259%2F0001-63&n_documento=109795%2FC","service":"btg-baixa-titulos-service","timestamp":"2026-05-27T12:07:25.831Z"}
{"lancamento":1434857918,"level":"info","message":"ℹ️ Título 109795/C já estava baixado. Processo ignorado.","service":"btg-baixa-titulos-service","situacao":"BAIXADO","timestamp":"2026-05-27T12:07:25.853Z"}
{"level":"info","message":"🔎 Processando título 111369/D","service":"btg-baixa-titulos-service","timestamp":"2026-05-27T12:07:25.856Z"}
{"level":"info","message":"🌐 Millennium request: GET /MILLENIUM!JOIN_ONEUP.LANCAMENTOS.CONSULTALANCAMENTOS?cnpj=57.408.548%2F0001-92&n_documento=111369%2FD","service":"btg-baixa-titulos-service","timestamp":"2026-05-27T12:07:25.856Z"}
{"lancamento":1434871086,"level":"info","message":"ℹ️ Título 111369/D já estava baixado. Processo ignorado.","service":"btg-baixa-titulos-service","situacao":"BAIXADO","timestamp":"2026-05-27T12:07:25.870Z"}
{"level":"info","message":"🔎 Processando título 109795/B","service":"btg-baixa-titulos-service","timestamp":"2026-05-27T12:07:25.874Z"}
{"level":"info","message":"🌐 Millennium request: GET /MILLENIUM!JOIN_ONEUP.LANCAMENTOS.CONSULTALANCAMENTOS?cnpj=44.999.259%2F0001-63&n_documento=109795%2FB","service":"btg-baixa-titulos-service","timestamp":"2026-05-27T12:07:25.874Z"}
{"lancamento":1434857917,"level":"info","message":"ℹ️ Título 109795/B já estava baixado. Processo ignorado.","service":"btg-baixa-titulos-service","situacao":"BAIXADO","timestamp":"2026-05-27T12:07:25.890Z"}
{"level":"info","message":"🔎 Processando título 111369/C","service":"btg-baixa-titulos-service","timestamp":"2026-05-27T12:07:25.893Z"}
{"level":"info","message":"🌐 Millennium request: GET /MILLENIUM!JOIN_ONEUP.LANCAMENTOS.CONSULTALANCAMENTOS?cnpj=57.408.548%2F0001-92&n_documento=111369%2FC","service":"btg-baixa-titulos-service","timestamp":"2026-05-27T12:07:25.893Z"}
{"lancamento":1434871085,"level":"info","message":"ℹ️ Título 111369/C já estava baixado. Processo ignorado.","service":"btg-baixa-titulos-service","situacao":"BAIXADO","timestamp":"2026-05-27T12:07:25.911Z"}
{"level":"info","message":"🔎 Processando título 109795/A","service":"btg-baixa-titulos-service","timestamp":"2026-05-27T12:07:25.914Z"}
{"level":"info","message":"🌐 Millennium request: GET /MILLENIUM!JOIN_ONEUP.LANCAMENTOS.CONSULTALANCAMENTOS?cnpj=44.999.259%2F0001-63&n_documento=109795%2FA","service":"btg-baixa-titulos-service","timestamp":"2026-05-27T12:07:25.914Z"}
{"lancamento":1434857916,"level":"info","message":"ℹ️ Título 109795/A já estava baixado. Processo ignorado.","service":"btg-baixa-titulos-service","situacao":"BAIXADO","timestamp":"2026-05-27T12:07:25.943Z"}
{"level":"info","message":"🔎 Processando título 111369/B","service":"btg-baixa-titulos-service","timestamp":"2026-05-27T12:07:25.949Z"}
{"level":"info","message":"🌐 Millennium request: GET /MILLENIUM!JOIN_ONEUP.LANCAMENTOS.CONSULTALANCAMENTOS?cnpj=57.408.548%2F0001-92&n_documento=111369%2FB","service":"btg-baixa-titulos-service","timestamp":"2026-05-27T12:07:25.949Z"}
{"lancamento":1434871084,"level":"info","message":"ℹ️ Título 111369/B já estava baixado. Processo ignorado.","service":"btg-baixa-titulos-service","situacao":"BAIXADO","timestamp":"2026-05-27T12:07:25.977Z"}
{"level":"info","message":"🔎 Processando título 111369/A","service":"btg-baixa-titulos-service","timestamp":"2026-05-27T12:07:25.980Z"}
{"level":"info","message":"🌐 Millennium request: GET /MILLENIUM!JOIN_ONEUP.LANCAMENTOS.CONSULTALANCAMENTOS?cnpj=57.408.548%2F0001-92&n_documento=111369%2FA","service":"btg-baixa-titulos-service","timestamp":"2026-05-27T12:07:25.980Z"}
{"lancamento":1434871083,"level":"info","message":"ℹ️ Título 111369/A já estava baixado. Processo ignorado.","service":"btg-baixa-titulos-service","situacao":"BAIXADO","timestamp":"2026-05-27T12:07:25.996Z"}
{"level":"info","message":"🔎 Processando título 109417/D","service":"btg-baixa-titulos-service","timestamp":"2026-05-27T12:07:25.999Z"}
{"level":"info","message":"🌐 Millennium request: GET /MILLENIUM!JOIN_ONEUP.LANCAMENTOS.CONSULTALANCAMENTOS?cnpj=00.768.271%2F0001-91&n_documento=109417%2FD","service":"btg-baixa-titulos-service","timestamp":"2026-05-27T12:07:25.999Z"}
{"lancamento":1434856131,"level":"info","message":"ℹ️ Título 109417/D já estava baixado. Processo ignorado.","service":"btg-baixa-titulos-service","situacao":"BAIXADO","timestamp":"2026-05-27T12:07:26.015Z"}
{"level":"info","message":"🔎 Processando título 109417/C","service":"btg-baixa-titulos-service","timestamp":"2026-05-27T12:07:26.018Z"}
{"level":"info","message":"🌐 Millennium request: GET /MILLENIUM!JOIN_ONEUP.LANCAMENTOS.CONSULTALANCAMENTOS?cnpj=00.768.271%2F0001-91&n_documento=109417%2FC","service":"btg-baixa-titulos-service","timestamp":"2026-05-27T12:07:26.018Z"}
{"lancamento":1434856130,"level":"info","message":"ℹ️ Título 109417/C já estava baixado. Processo ignorado.","service":"btg-baixa-titulos-service","situacao":"BAIXADO","timestamp":"2026-05-27T12:07:26.032Z"}
{"level":"info","message":"🔎 Processando título 111257/C","service":"btg-baixa-titulos-service","timestamp":"2026-05-27T12:07:26.036Z"}
{"level":"info","message":"🌐 Millennium request: GET /MILLENIUM!JOIN_ONEUP.LANCAMENTOS.CONSULTALANCAMENTOS?cnpj=47.485.403%2F0001-31&n_documento=111257%2FC","service":"btg-baixa-titulos-service","timestamp":"2026-05-27T12:07:26.036Z"}
{"lancamento":1434870092,"level":"info","message":"ℹ️ Título 111257/C já estava baixado. Processo ignorado.","service":"btg-baixa-titulos-service","situacao":"BAIXADO","timestamp":"2026-05-27T12:07:26.052Z"}
{"level":"info","message":"🔎 Processando título 109417/B","service":"btg-baixa-titulos-service","timestamp":"2026-05-27T12:07:26.055Z"}
{"level":"info","message":"🌐 Millennium request: GET /MILLENIUM!JOIN_ONEUP.LANCAMENTOS.CONSULTALANCAMENTOS?cnpj=00.768.271%2F0001-91&n_documento=109417%2FB","service":"btg-baixa-titulos-service","timestamp":"2026-05-27T12:07:26.055Z"}
{"lancamento":1434856129,"level":"info","message":"ℹ️ Título 109417/B já estava baixado. Processo ignorado.","service":"btg-baixa-titulos-service","situacao":"BAIXADO","timestamp":"2026-05-27T12:07:26.073Z"}
{"level":"info","message":"🔎 Processando título 111257/B","service":"btg-baixa-titulos-service","timestamp":"2026-05-27T12:07:26.076Z"}
{"level":"info","message":"🌐 Millennium request: GET /MILLENIUM!JOIN_ONEUP.LANCAMENTOS.CONSULTALANCAMENTOS?cnpj=47.485.403%2F0001-31&n_documento=111257%2FB","service":"btg-baixa-titulos-service","timestamp":"2026-05-27T12:07:26.076Z"}
{"lancamento":1434870091,"level":"info","message":"ℹ️ Título 111257/B já estava baixado. Processo ignorado.","service":"btg-baixa-titulos-service","situacao":"BAIXADO","timestamp":"2026-05-27T12:07:26.091Z"}
{"level":"info","message":"🔎 Processando título 111257/A","service":"btg-baixa-titulos-service","timestamp":"2026-05-27T12:07:26.095Z"}
{"level":"info","message":"🌐 Millennium request: GET /MILLENIUM!JOIN_ONEUP.LANCAMENTOS.CONSULTALANCAMENTOS?cnpj=47.485.403%2F0001-31&n_documento=111257%2FA","service":"btg-baixa-titulos-service","timestamp":"2026-05-27T12:07:26.095Z"}
{"lancamento":1434870090,"level":"info","message":"ℹ️ Título 111257/A já estava baixado. Processo ignorado.","service":"btg-baixa-titulos-service","situacao":"BAIXADO","timestamp":"2026-05-27T12:07:26.112Z"}
{"level":"info","message":"🔎 Processando título 109417/A","service":"btg-baixa-titulos-service","timestamp":"2026-05-27T12:07:26.115Z"}
{"level":"info","message":"🌐 Millennium request: GET /MILLENIUM!JOIN_ONEUP.LANCAMENTOS.CONSULTALANCAMENTOS?cnpj=00.768.271%2F0001-91&n_documento=109417%2FA","service":"btg-baixa-titulos-service","timestamp":"2026-05-27T12:07:26.115Z"}
{"lancamento":1434856128,"level":"info","message":"ℹ️ Título 109417/A já estava baixado. Processo ignorado.","service":"btg-baixa-titulos-service","situacao":"BAIXADO","timestamp":"2026-05-27T12:07:26.133Z"}
{"level":"info","message":"🔎 Processando título 111256/C","service":"btg-baixa-titulos-service","timestamp":"2026-05-27T12:07:26.137Z"}
{"level":"info","message":"🌐 Millennium request: GET /MILLENIUM!JOIN_ONEUP.LANCAMENTOS.CONSULTALANCAMENTOS?cnpj=47.485.403%2F0001-31&n_documento=111256%2FC","service":"btg-baixa-titulos-service","timestamp":"2026-05-27T12:07:26.137Z"}
{"lancamento":1434870087,"level":"info","message":"ℹ️ Título 111256/C já estava baixado. Processo ignorado.","service":"btg-baixa-titulos-service","situacao":"BAIXADO","timestamp":"2026-05-27T12:07:26.154Z"}
{"level":"info","message":"🔎 Processando título 111256/B","service":"btg-baixa-titulos-service","timestamp":"2026-05-27T12:07:26.159Z"}
{"level":"info","message":"🌐 Millennium request: GET /MILLENIUM!JOIN_ONEUP.LANCAMENTOS.CONSULTALANCAMENTOS?cnpj=47.485.403%2F0001-31&n_documento=111256%2FB","service":"btg-baixa-titulos-service","timestamp":"2026-05-27T12:07:26.159Z"}
{"lancamento":1434870086,"level":"info","message":"ℹ️ Título 111256/B já estava baixado. Processo ignorado.","service":"btg-baixa-titulos-service","situacao":"BAIXADO","timestamp":"2026-05-27T12:07:26.175Z"}
{"level":"info","message":"🔎 Processando título 109244/E","service":"btg-baixa-titulos-service","timestamp":"2026-05-27T12:07:26.178Z"}
{"level":"info","message":"🌐 Millennium request: GET /MILLENIUM!JOIN_ONEUP.LANCAMENTOS.CONSULTALANCAMENTOS?cnpj=03.247.651%2F0001-79&n_documento=109244%2FE","service":"btg-baixa-titulos-service","timestamp":"2026-05-27T12:07:26.179Z"}
{"lancamento":1434855325,"level":"info","message":"ℹ️ Título 109244/E já estava baixado. Processo ignorado.","service":"btg-baixa-titulos-service","situacao":"BAIXADO","timestamp":"2026-05-27T12:07:26.274Z"}
{"level":"info","message":"🔎 Processando título 109244/D","service":"btg-baixa-titulos-service","timestamp":"2026-05-27T12:07:26.281Z"}
{"level":"info","message":"🌐 Millennium request: GET /MILLENIUM!JOIN_ONEUP.LANCAMENTOS.CONSULTALANCAMENTOS?cnpj=03.247.651%2F0001-79&n_documento=109244%2FD","service":"btg-baixa-titulos-service","timestamp":"2026-05-27T12:07:26.281Z"}
{"lancamento":1434855324,"level":"info","message":"ℹ️ Título 109244/D já estava baixado. Processo ignorado.","service":"btg-baixa-titulos-service","situacao":"BAIXADO","timestamp":"2026-05-27T12:07:26.299Z"}
{"level":"info","message":"🔎 Processando título 111254/C","service":"btg-baixa-titulos-service","timestamp":"2026-05-27T12:07:26.303Z"}
{"level":"info","message":"🌐 Millennium request: GET /MILLENIUM!JOIN_ONEUP.LANCAMENTOS.CONSULTALANCAMENTOS?cnpj=47.485.403%2F0001-31&n_documento=111254%2FC","service":"btg-baixa-titulos-service","timestamp":"2026-05-27T12:07:26.304Z"}
{"lancamento":1434870073,"level":"info","message":"ℹ️ Título 111254/C já estava baixado. Processo ignorado.","service":"btg-baixa-titulos-service","situacao":"BAIXADO","timestamp":"2026-05-27T12:07:26.321Z"}
{"level":"info","message":"🔎 Processando título 111254/B","service":"btg-baixa-titulos-service","timestamp":"2026-05-27T12:07:26.325Z"}
{"level":"info","message":"🌐 Millennium request: GET /MILLENIUM!JOIN_ONEUP.LANCAMENTOS.CONSULTALANCAMENTOS?cnpj=47.485.403%2F0001-31&n_documento=111254%2FB","service":"btg-baixa-titulos-service","timestamp":"2026-05-27T12:07:26.325Z"}
{"lancamento":1434870072,"level":"info","message":"ℹ️ Título 111254/B já estava baixado. Processo ignorado.","service":"btg-baixa-titulos-service","situacao":"BAIXADO","timestamp":"2026-05-27T12:07:26.345Z"}
{"level":"info","message":"🔎 Processando título 109244/C","service":"btg-baixa-titulos-service","timestamp":"2026-05-27T12:07:26.349Z"}
{"level":"info","message":"🌐 Millennium request: GET /MILLENIUM!JOIN_ONEUP.LANCAMENTOS.CONSULTALANCAMENTOS?cnpj=03.247.651%2F0001-79&n_documento=109244%2FC","service":"btg-baixa-titulos-service","timestamp":"2026-05-27T12:07:26.349Z"}
{"lancamento":1434855323,"level":"info","message":"ℹ️ Título 109244/C já estava baixado. Processo ignorado.","service":"btg-baixa-titulos-service","situacao":"BAIXADO","timestamp":"2026-05-27T12:07:26.395Z"}
{"level":"info","message":"🔎 Processando título 109244/B","service":"btg-baixa-titulos-service","timestamp":"2026-05-27T12:07:26.401Z"}
{"level":"info","message":"🌐 Millennium request: GET /MILLENIUM!JOIN_ONEUP.LANCAMENTOS.CONSULTALANCAMENTOS?cnpj=03.247.651%2F0001-79&n_documento=109244%2FB","service":"btg-baixa-titulos-service","timestamp":"2026-05-27T12:07:26.401Z"}
{"lancamento":1434855322,"level":"info","message":"ℹ️ Título 109244/B já estava baixado. Processo ignorado.","service":"btg-baixa-titulos-service","situacao":"BAIXADO","timestamp":"2026-05-27T12:07:26.427Z"}
{"level":"info","message":"🔎 Processando título 111254/A","service":"btg-baixa-titulos-service","timestamp":"2026-05-27T12:07:26.431Z"}
{"level":"info","message":"🌐 Millennium request: GET /MILLENIUM!JOIN_ONEUP.LANCAMENTOS.CONSULTALANCAMENTOS?cnpj=47.485.403%2F0001-31&n_documento=111254%2FA","service":"btg-baixa-titulos-service","timestamp":"2026-05-27T12:07:26.431Z"}
{"lancamento":1434870071,"level":"info","message":"ℹ️ Título 111254/A já estava baixado. Processo ignorado.","service":"btg-baixa-titulos-service","situacao":"BAIXADO","timestamp":"2026-05-27T12:07:26.449Z"}
{"level":"info","message":"🔎 Processando título 109244/A","service":"btg-baixa-titulos-service","timestamp":"2026-05-27T12:07:26.452Z"}
{"level":"info","message":"🌐 Millennium request: GET /MILLENIUM!JOIN_ONEUP.LANCAMENTOS.CONSULTALANCAMENTOS?cnpj=03.247.651%2F0001-79&n_documento=109244%2FA","service":"btg-baixa-titulos-service","timestamp":"2026-05-27T12:07:26.452Z"}
{"lancamento":1434855321,"level":"info","message":"ℹ️ Título 109244/A já estava baixado. Processo ignorado.","service":"btg-baixa-titulos-service","situacao":"BAIXADO","timestamp":"2026-05-27T12:07:26.470Z"}
{"level":"info","message":"🔎 Processando título 111043/D","service":"btg-baixa-titulos-service","timestamp":"2026-05-27T12:07:26.474Z"}
{"level":"info","message":"🌐 Millennium request: GET /MILLENIUM!JOIN_ONEUP.LANCAMENTOS.CONSULTALANCAMENTOS?cnpj=57.408.548%2F0001-92&n_documento=111043%2FD","service":"btg-baixa-titulos-service","timestamp":"2026-05-27T12:07:26.474Z"}
{"lancamento":1434868706,"level":"info","message":"ℹ️ Título 111043/D já estava baixado. Processo ignorado.","service":"btg-baixa-titulos-service","situacao":"BAIXADO","timestamp":"2026-05-27T12:07:26.492Z"}
{"level":"info","message":"🔎 Processando título 111043/C","service":"btg-baixa-titulos-service","timestamp":"2026-05-27T12:07:26.495Z"}
{"level":"info","message":"🌐 Millennium request: GET /MILLENIUM!JOIN_ONEUP.LANCAMENTOS.CONSULTALANCAMENTOS?cnpj=57.408.548%2F0001-92&n_documento=111043%2FC","service":"btg-baixa-titulos-service","timestamp":"2026-05-27T12:07:26.495Z"}
{"lancamento":1434868705,"level":"info","message":"ℹ️ Título 111043/C já estava baixado. Processo ignorado.","service":"btg-baixa-titulos-service","situacao":"BAIXADO","timestamp":"2026-05-27T12:07:26.514Z"}
{"level":"info","message":"🔎 Processando título 111043/B","service":"btg-baixa-titulos-service","timestamp":"2026-05-27T12:07:26.517Z"}
{"level":"info","message":"🌐 Millennium request: GET /MILLENIUM!JOIN_ONEUP.LANCAMENTOS.CONSULTALANCAMENTOS?cnpj=57.408.548%2F0001-92&n_documento=111043%2FB","service":"btg-baixa-titulos-service","timestamp":"2026-05-27T12:07:26.517Z"}
{"lancamento":1434868704,"level":"info","message":"ℹ️ Título 111043/B já estava baixado. Processo ignorado.","service":"btg-baixa-titulos-service","situacao":"BAIXADO","timestamp":"2026-05-27T12:07:26.533Z"}
{"level":"info","message":"🔎 Processando título 111043/A","service":"btg-baixa-titulos-service","timestamp":"2026-05-27T12:07:26.536Z"}
{"level":"info","message":"🌐 Millennium request: GET /MILLENIUM!JOIN_ONEUP.LANCAMENTOS.CONSULTALANCAMENTOS?cnpj=57.408.548%2F0001-92&n_documento=111043%2FA","service":"btg-baixa-titulos-service","timestamp":"2026-05-27T12:07:26.536Z"}
{"lancamento":1434868703,"level":"info","message":"ℹ️ Título 111043/A já estava baixado. Processo ignorado.","service":"btg-baixa-titulos-service","situacao":"BAIXADO","timestamp":"2026-05-27T12:07:26.552Z"}
{"level":"info","message":"🔎 Processando título 110977/D","service":"btg-baixa-titulos-service","timestamp":"2026-05-27T12:07:26.555Z"}
{"level":"info","message":"🌐 Millennium request: GET /MILLENIUM!JOIN_ONEUP.LANCAMENTOS.CONSULTALANCAMENTOS?cnpj=57.408.548%2F0001-92&n_documento=110977%2FD","service":"btg-baixa-titulos-service","timestamp":"2026-05-27T12:07:26.555Z"}
{"lancamento":1434868583,"level":"info","message":"ℹ️ Título 110977/D já estava baixado. Processo ignorado.","service":"btg-baixa-titulos-service","situacao":"BAIXADO","timestamp":"2026-05-27T12:07:26.571Z"}
{"level":"info","message":"🔎 Processando título 110977/C","service":"btg-baixa-titulos-service","timestamp":"2026-05-27T12:07:26.575Z"}
{"level":"info","message":"🌐 Millennium request: GET /MILLENIUM!JOIN_ONEUP.LANCAMENTOS.CONSULTALANCAMENTOS?cnpj=57.408.548%2F0001-92&n_documento=110977%2FC","service":"btg-baixa-titulos-service","timestamp":"2026-05-27T12:07:26.575Z"}
{"lancamento":1434868582,"level":"info","message":"ℹ️ Título 110977/C já estava baixado. Processo ignorado.","service":"btg-baixa-titulos-service","situacao":"BAIXADO","timestamp":"2026-05-27T12:07:26.591Z"}
{"level":"info","message":"🔎 Processando título 110977/B","service":"btg-baixa-titulos-service","timestamp":"2026-05-27T12:07:26.594Z"}
{"level":"info","message":"🌐 Millennium request: GET /MILLENIUM!JOIN_ONEUP.LANCAMENTOS.CONSULTALANCAMENTOS?cnpj=57.408.548%2F0001-92&n_documento=110977%2FB","service":"btg-baixa-titulos-service","timestamp":"2026-05-27T12:07:26.594Z"}
{"lancamento":1434868581,"level":"info","message":"ℹ️ Título 110977/B já estava baixado. Processo ignorado.","service":"btg-baixa-titulos-service","situacao":"BAIXADO","timestamp":"2026-05-27T12:07:26.608Z"}
{"level":"info","message":"🔎 Processando título 111253/B","service":"btg-baixa-titulos-service","timestamp":"2026-05-27T12:07:26.612Z"}
{"level":"info","message":"🌐 Millennium request: GET /MILLENIUM!JOIN_ONEUP.LANCAMENTOS.CONSULTALANCAMENTOS?cnpj=47.485.403%2F0001-31&n_documento=111253%2FB","service":"btg-baixa-titulos-service","timestamp":"2026-05-27T12:07:26.612Z"}
{"lancamento":1434870067,"level":"info","message":"ℹ️ Título 111253/B já estava baixado. Processo ignorado.","service":"btg-baixa-titulos-service","situacao":"BAIXADO","timestamp":"2026-05-27T12:07:26.637Z"}
{"level":"info","message":"🔎 Processando título 111253/A","service":"btg-baixa-titulos-service","timestamp":"2026-05-27T12:07:26.641Z"}
{"level":"info","message":"🌐 Millennium request: GET /MILLENIUM!JOIN_ONEUP.LANCAMENTOS.CONSULTALANCAMENTOS?cnpj=47.485.403%2F0001-31&n_documento=111253%2FA","service":"btg-baixa-titulos-service","timestamp":"2026-05-27T12:07:26.641Z"}
{"lancamento":1434870066,"level":"info","message":"ℹ️ Título 111253/A já estava baixado. Processo ignorado.","service":"btg-baixa-titulos-service","situacao":"BAIXADO","timestamp":"2026-05-27T12:07:26.657Z"}
{"level":"info","message":"🔎 Processando título 111252/C","service":"btg-baixa-titulos-service","timestamp":"2026-05-27T12:07:26.660Z"}
{"level":"info","message":"🌐 Millennium request: GET /MILLENIUM!JOIN_ONEUP.LANCAMENTOS.CONSULTALANCAMENTOS?cnpj=47.485.403%2F0001-31&n_documento=111252%2FC","service":"btg-baixa-titulos-service","timestamp":"2026-05-27T12:07:26.660Z"}
{"lancamento":1434870065,"level":"info","message":"ℹ️ Título 111252/C já estava baixado. Processo ignorado.","service":"btg-baixa-titulos-service","situacao":"BAIXADO","timestamp":"2026-05-27T12:07:26.676Z"}
{"level":"info","message":"🔎 Processando título 110977/A","service":"btg-baixa-titulos-service","timestamp":"2026-05-27T12:07:26.680Z"}
{"level":"info","message":"🌐 Millennium request: GET /MILLENIUM!JOIN_ONEUP.LANCAMENTOS.CONSULTALANCAMENTOS?cnpj=57.408.548%2F0001-92&n_documento=110977%2FA","service":"btg-baixa-titulos-service","timestamp":"2026-05-27T12:07:26.680Z"}
{"lancamento":1434868580,"level":"info","message":"ℹ️ Título 110977/A já estava baixado. Processo ignorado.","service":"btg-baixa-titulos-service","situacao":"BAIXADO","timestamp":"2026-05-27T12:07:26.697Z"}
{"level":"info","message":"🔎 Processando título 111251/C","service":"btg-baixa-titulos-service","timestamp":"2026-05-27T12:07:26.701Z"}
{"level":"info","message":"🌐 Millennium request: GET /MILLENIUM!JOIN_ONEUP.LANCAMENTOS.CONSULTALANCAMENTOS?cnpj=47.485.403%2F0001-31&n_documento=111251%2FC","service":"btg-baixa-titulos-service","timestamp":"2026-05-27T12:07:26.701Z"}
{"lancamento":1434870059,"level":"info","message":"ℹ️ Título 111251/C já estava baixado. Processo ignorado.","service":"btg-baixa-titulos-service","situacao":"BAIXADO","timestamp":"2026-05-27T12:07:26.801Z"}
{"level":"info","message":"🔎 Processando título 111251/B","service":"btg-baixa-titulos-service","timestamp":"2026-05-27T12:07:26.809Z"}
{"level":"info","message":"🌐 Millennium request: GET /MILLENIUM!JOIN_ONEUP.LANCAMENTOS.CONSULTALANCAMENTOS?cnpj=47.485.403%2F0001-31&n_documento=111251%2FB","service":"btg-baixa-titulos-service","timestamp":"2026-05-27T12:07:26.809Z"}
{"lancamento":1434870058,"level":"info","message":"ℹ️ Título 111251/B já estava baixado. Processo ignorado.","service":"btg-baixa-titulos-service","situacao":"BAIXADO","timestamp":"2026-05-27T12:07:26.824Z"}
{"level":"info","message":"🔎 Processando título 109093/D","service":"btg-baixa-titulos-service","timestamp":"2026-05-27T12:07:26.828Z"}
{"level":"info","message":"🌐 Millennium request: GET /MILLENIUM!JOIN_ONEUP.LANCAMENTOS.CONSULTALANCAMENTOS?cnpj=57.408.548%2F0001-92&n_documento=109093%2FD","service":"btg-baixa-titulos-service","timestamp":"2026-05-27T12:07:26.828Z"}
{"lancamento":1434854194,"level":"info","message":"ℹ️ Título 109093/D já estava baixado. Processo ignorado.","service":"btg-baixa-titulos-service","situacao":"BAIXADO","timestamp":"2026-05-27T12:07:26.847Z"}
{"level":"info","message":"🔎 Processando título 111251/A","service":"btg-baixa-titulos-service","timestamp":"2026-05-27T12:07:26.853Z"}
{"level":"info","message":"🌐 Millennium request: GET /MILLENIUM!JOIN_ONEUP.LANCAMENTOS.CONSULTALANCAMENTOS?cnpj=47.485.403%2F0001-31&n_documento=111251%2FA","service":"btg-baixa-titulos-service","timestamp":"2026-05-27T12:07:26.853Z"}
{"lancamento":1434870057,"level":"info","message":"ℹ️ Título 111251/A já estava baixado. Processo ignorado.","service":"btg-baixa-titulos-service","situacao":"BAIXADO","timestamp":"2026-05-27T12:07:26.868Z"}
{"level":"info","message":"🔎 Processando título 109093/C","service":"btg-baixa-titulos-service","timestamp":"2026-05-27T12:07:26.871Z"}
{"level":"info","message":"🌐 Millennium request: GET /MILLENIUM!JOIN_ONEUP.LANCAMENTOS.CONSULTALANCAMENTOS?cnpj=57.408.548%2F0001-92&n_documento=109093%2FC","service":"btg-baixa-titulos-service","timestamp":"2026-05-27T12:07:26.871Z"}
{"lancamento":1434854193,"level":"info","message":"ℹ️ Título 109093/C já estava baixado. Processo ignorado.","service":"btg-baixa-titulos-service","situacao":"BAIXADO","timestamp":"2026-05-27T12:07:26.888Z"}
{"level":"info","message":"🔎 Processando título 111250/C","service":"btg-baixa-titulos-service","timestamp":"2026-05-27T12:07:26.892Z"}
{"level":"info","message":"🌐 Millennium request: GET /MILLENIUM!JOIN_ONEUP.LANCAMENTOS.CONSULTALANCAMENTOS?cnpj=47.485.403%2F0001-31&n_documento=111250%2FC","service":"btg-baixa-titulos-service","timestamp":"2026-05-27T12:07:26.892Z"}
{"lancamento":1434870045,"level":"info","message":"ℹ️ Título 111250/C já estava baixado. Processo ignorado.","service":"btg-baixa-titulos-service","situacao":"BAIXADO","timestamp":"2026-05-27T12:07:26.911Z"}
{"level":"info","message":"🔎 Processando título 109093/B","service":"btg-baixa-titulos-service","timestamp":"2026-05-27T12:07:26.914Z"}
{"level":"info","message":"🌐 Millennium request: GET /MILLENIUM!JOIN_ONEUP.LANCAMENTOS.CONSULTALANCAMENTOS?cnpj=57.408.548%2F0001-92&n_documento=109093%2FB","service":"btg-baixa-titulos-service","timestamp":"2026-05-27T12:07:26.914Z"}
{"lancamento":1434854192,"level":"info","message":"ℹ️ Título 109093/B já estava baixado. Processo ignorado.","service":"btg-baixa-titulos-service","situacao":"BAIXADO","timestamp":"2026-05-27T12:07:26.932Z"}
{"level":"info","message":"🔎 Processando título 109093/A","service":"btg-baixa-titulos-service","timestamp":"2026-05-27T12:07:26.935Z"}
{"level":"info","message":"🌐 Millennium request: GET /MILLENIUM!JOIN_ONEUP.LANCAMENTOS.CONSULTALANCAMENTOS?cnpj=57.408.548%2F0001-92&n_documento=109093%2FA","service":"btg-baixa-titulos-service","timestamp":"2026-05-27T12:07:26.935Z"}
{"lancamento":1434854191,"level":"info","message":"ℹ️ Título 109093/A já estava baixado. Processo ignorado.","service":"btg-baixa-titulos-service","situacao":"BAIXADO","timestamp":"2026-05-27T12:07:26.953Z"}
{"level":"info","message":"🔎 Processando título 111250/B","service":"btg-baixa-titulos-service","timestamp":"2026-05-27T12:07:26.957Z"}
{"level":"info","message":"🌐 Millennium request: GET /MILLENIUM!JOIN_ONEUP.LANCAMENTOS.CONSULTALANCAMENTOS?cnpj=47.485.403%2F0001-31&n_documento=111250%2FB","service":"btg-baixa-titulos-service","timestamp":"2026-05-27T12:07:26.957Z"}
{"lancamento":1434870044,"level":"info","message":"ℹ️ Título 111250/B já estava baixado. Processo ignorado.","service":"btg-baixa-titulos-service","situacao":"BAIXADO","timestamp":"2026-05-27T12:07:26.972Z"}
{"level":"info","message":"🔎 Processando título 110976","service":"btg-baixa-titulos-service","timestamp":"2026-05-27T12:07:26.975Z"}
{"level":"info","message":"🌐 Millennium request: GET /MILLENIUM!JOIN_ONEUP.LANCAMENTOS.CONSULTALANCAMENTOS?cnpj=77.857.555%2F0009-36&n_documento=110976","service":"btg-baixa-titulos-service","timestamp":"2026-05-27T12:07:26.975Z"}
{"lancamento":1434868578,"level":"info","message":"ℹ️ Título 110976 já estava baixado. Processo ignorado.","service":"btg-baixa-titulos-service","situacao":"BAIXADO","timestamp":"2026-05-27T12:07:26.994Z"}
{"level":"info","message":"🔎 Processando título 110946","service":"btg-baixa-titulos-service","timestamp":"2026-05-27T12:07:26.997Z"}
{"level":"info","message":"🌐 Millennium request: GET /MILLENIUM!JOIN_ONEUP.LANCAMENTOS.CONSULTALANCAMENTOS?cnpj=01.329.811%2F0001-01&n_documento=110946","service":"btg-baixa-titulos-service","timestamp":"2026-05-27T12:07:26.997Z"}
{"lancamento":1434868117,"level":"info","message":"ℹ️ Título 110946 já estava baixado. Processo ignorado.","service":"btg-baixa-titulos-service","situacao":"BAIXADO","timestamp":"2026-05-27T12:07:27.014Z"}
{"level":"info","message":"🔎 Processando título 110759/C","service":"btg-baixa-titulos-service","timestamp":"2026-05-27T12:07:27.018Z"}
{"level":"info","message":"🌐 Millennium request: GET /MILLENIUM!JOIN_ONEUP.LANCAMENTOS.CONSULTALANCAMENTOS?cnpj=73.652.158%2F0001-10&n_documento=110759%2FC","service":"btg-baixa-titulos-service","timestamp":"2026-05-27T12:07:27.018Z"}
{"lancamento":1434866525,"level":"info","message":"ℹ️ Título 110759/C já estava baixado. Processo ignorado.","service":"btg-baixa-titulos-service","situacao":"BAIXADO","timestamp":"2026-05-27T12:07:27.035Z"}
{"level":"info","message":"🔎 Processando título 110759/B","service":"btg-baixa-titulos-service","timestamp":"2026-05-27T12:07:27.039Z"}
{"level":"info","message":"🌐 Millennium request: GET /MILLENIUM!JOIN_ONEUP.LANCAMENTOS.CONSULTALANCAMENTOS?cnpj=73.652.158%2F0001-10&n_documento=110759%2FB","service":"btg-baixa-titulos-service","timestamp":"2026-05-27T12:07:27.039Z"}
{"lancamento":1434866524,"level":"info","message":"ℹ️ Título 110759/B já estava baixado. Processo ignorado.","service":"btg-baixa-titulos-service","situacao":"BAIXADO","timestamp":"2026-05-27T12:07:27.055Z"}
{"level":"info","message":"🔎 Processando título 110759/A","service":"btg-baixa-titulos-service","timestamp":"2026-05-27T12:07:27.058Z"}
{"level":"info","message":"🌐 Millennium request: GET /MILLENIUM!JOIN_ONEUP.LANCAMENTOS.CONSULTALANCAMENTOS?cnpj=73.652.158%2F0001-10&n_documento=110759%2FA","service":"btg-baixa-titulos-service","timestamp":"2026-05-27T12:07:27.058Z"}
{"lancamento":1434866523,"level":"info","message":"ℹ️ Título 110759/A já estava baixado. Processo ignorado.","service":"btg-baixa-titulos-service","situacao":"BAIXADO","timestamp":"2026-05-27T12:07:27.071Z"}
{"level":"info","message":"🔎 Processando título 110757/C","service":"btg-baixa-titulos-service","timestamp":"2026-05-27T12:07:27.075Z"}
{"level":"info","message":"🌐 Millennium request: GET /MILLENIUM!JOIN_ONEUP.LANCAMENTOS.CONSULTALANCAMENTOS?cnpj=59.205.187%2F0001-02&n_documento=110757%2FC","service":"btg-baixa-titulos-service","timestamp":"2026-05-27T12:07:27.075Z"}
{"lancamento":1434866522,"level":"info","message":"ℹ️ Título 110757/C já estava baixado. Processo ignorado.","service":"btg-baixa-titulos-service","situacao":"BAIXADO","timestamp":"2026-05-27T12:07:27.091Z"}
{"level":"info","message":"🔎 Processando título 110757/B","service":"btg-baixa-titulos-service","timestamp":"2026-05-27T12:07:27.095Z"}
{"level":"info","message":"🌐 Millennium request: GET /MILLENIUM!JOIN_ONEUP.LANCAMENTOS.CONSULTALANCAMENTOS?cnpj=59.205.187%2F0001-02&n_documento=110757%2FB","service":"btg-baixa-titulos-service","timestamp":"2026-05-27T12:07:27.095Z"}
{"lancamento":1434866521,"level":"info","message":"ℹ️ Título 110757/B já estava baixado. Processo ignorado.","service":"btg-baixa-titulos-service","situacao":"BAIXADO","timestamp":"2026-05-27T12:07:27.111Z"}
{"level":"info","message":"🔎 Processando título 110757/A","service":"btg-baixa-titulos-service","timestamp":"2026-05-27T12:07:27.114Z"}
{"level":"info","message":"🌐 Millennium request: GET /MILLENIUM!JOIN_ONEUP.LANCAMENTOS.CONSULTALANCAMENTOS?cnpj=59.205.187%2F0001-02&n_documento=110757%2FA","service":"btg-baixa-titulos-service","timestamp":"2026-05-27T12:07:27.114Z"}
{"lancamento":1434866520,"level":"info","message":"ℹ️ Título 110757/A já estava baixado. Processo ignorado.","service":"btg-baixa-titulos-service","situacao":"BAIXADO","timestamp":"2026-05-27T12:07:27.132Z"}
{"level":"info","message":"🔎 Processando título 110754/H","service":"btg-baixa-titulos-service","timestamp":"2026-05-27T12:07:27.135Z"}
{"level":"info","message":"🌐 Millennium request: GET /MILLENIUM!JOIN_ONEUP.LANCAMENTOS.CONSULTALANCAMENTOS?cnpj=03.294.992%2F0001-03&n_documento=110754%2FH","service":"btg-baixa-titulos-service","timestamp":"2026-05-27T12:07:27.135Z"}
{"lancamento":1434866518,"level":"info","message":"ℹ️ Título 110754/H já estava baixado. Processo ignorado.","service":"btg-baixa-titulos-service","situacao":"BAIXADO","timestamp":"2026-05-27T12:07:27.153Z"}
{"level":"info","message":"🔎 Processando título 110754/G","service":"btg-baixa-titulos-service","timestamp":"2026-05-27T12:07:27.156Z"}
{"level":"info","message":"🌐 Millennium request: GET /MILLENIUM!JOIN_ONEUP.LANCAMENTOS.CONSULTALANCAMENTOS?cnpj=03.294.992%2F0001-03&n_documento=110754%2FG","service":"btg-baixa-titulos-service","timestamp":"2026-05-27T12:07:27.157Z"}
{"lancamento":1434866517,"level":"info","message":"ℹ️ Título 110754/G já estava baixado. Processo ignorado.","service":"btg-baixa-titulos-service","situacao":"BAIXADO","timestamp":"2026-05-27T12:07:27.174Z"}
{"level":"info","message":"🔎 Processando título 110754/F","service":"btg-baixa-titulos-service","timestamp":"2026-05-27T12:07:27.178Z"}
{"level":"info","message":"🌐 Millennium request: GET /MILLENIUM!JOIN_ONEUP.LANCAMENTOS.CONSULTALANCAMENTOS?cnpj=03.294.992%2F0001-03&n_documento=110754%2FF","service":"btg-baixa-titulos-service","timestamp":"2026-05-27T12:07:27.178Z"}
{"lancamento":1434866516,"level":"info","message":"ℹ️ Título 110754/F já estava baixado. Processo ignorado.","service":"btg-baixa-titulos-service","situacao":"BAIXADO","timestamp":"2026-05-27T12:07:27.193Z"}
{"level":"info","message":"🔎 Processando título 110754/E","service":"btg-baixa-titulos-service","timestamp":"2026-05-27T12:07:27.196Z"}
{"level":"info","message":"🌐 Millennium request: GET /MILLENIUM!JOIN_ONEUP.LANCAMENTOS.CONSULTALANCAMENTOS?cnpj=03.294.992%2F0001-03&n_documento=110754%2FE","service":"btg-baixa-titulos-service","timestamp":"2026-05-27T12:07:27.196Z"}
{"lancamento":1434866515,"level":"info","message":"ℹ️ Título 110754/E já estava baixado. Processo ignorado.","service":"btg-baixa-titulos-service","situacao":"BAIXADO","timestamp":"2026-05-27T12:07:27.214Z"}
{"level":"info","message":"🔎 Processando título 110754/D","service":"btg-baixa-titulos-service","timestamp":"2026-05-27T12:07:27.217Z"}
{"level":"info","message":"🌐 Millennium request: GET /MILLENIUM!JOIN_ONEUP.LANCAMENTOS.CONSULTALANCAMENTOS?cnpj=03.294.992%2F0001-03&n_documento=110754%2FD","service":"btg-baixa-titulos-service","timestamp":"2026-05-27T12:07:27.217Z"}
{"lancamento":1434866514,"level":"info","message":"ℹ️ Título 110754/D já estava baixado. Processo ignorado.","service":"btg-baixa-titulos-service","situacao":"BAIXADO","timestamp":"2026-05-27T12:07:27.233Z"}
{"level":"info","message":"🔎 Processando título 110754/C","service":"btg-baixa-titulos-service","timestamp":"2026-05-27T12:07:27.236Z"}
{"level":"info","message":"🌐 Millennium request: GET /MILLENIUM!JOIN_ONEUP.LANCAMENTOS.CONSULTALANCAMENTOS?cnpj=03.294.992%2F0001-03&n_documento=110754%2FC","service":"btg-baixa-titulos-service","timestamp":"2026-05-27T12:07:27.236Z"}
{"lancamento":1434866513,"level":"info","message":"ℹ️ Título 110754/C já estava baixado. Processo ignorado.","service":"btg-baixa-titulos-service","situacao":"BAIXADO","timestamp":"2026-05-27T12:07:27.337Z"}
{"level":"info","message":"🔎 Processando título 110754/B","service":"btg-baixa-titulos-service","timestamp":"2026-05-27T12:07:27.346Z"}
{"level":"info","message":"🌐 Millennium request: GET /MILLENIUM!JOIN_ONEUP.LANCAMENTOS.CONSULTALANCAMENTOS?cnpj=03.294.992%2F0001-03&n_documento=110754%2FB","service":"btg-baixa-titulos-service","timestamp":"2026-05-27T12:07:27.346Z"}
{"lancamento":1434866512,"level":"info","message":"ℹ️ Título 110754/B já estava baixado. Processo ignorado.","service":"btg-baixa-titulos-service","situacao":"BAIXADO","timestamp":"2026-05-27T12:07:27.364Z"}
{"level":"info","message":"🔎 Processando título 110597/E","service":"btg-baixa-titulos-service","timestamp":"2026-05-27T12:07:27.371Z"}
{"level":"info","message":"🌐 Millennium request: GET /MILLENIUM!JOIN_ONEUP.LANCAMENTOS.CONSULTALANCAMENTOS?cnpj=03.247.651%2F0001-79&n_documento=110597%2FE","service":"btg-baixa-titulos-service","timestamp":"2026-05-27T12:07:27.371Z"}
{"lancamento":1434863697,"level":"info","message":"ℹ️ Título 110597/E já estava baixado. Processo ignorado.","service":"btg-baixa-titulos-service","situacao":"BAIXADO","timestamp":"2026-05-27T12:07:27.391Z"}
{"level":"info","message":"🔎 Processando título 110597/D","service":"btg-baixa-titulos-service","timestamp":"2026-05-27T12:07:27.397Z"}
{"level":"info","message":"🌐 Millennium request: GET /MILLENIUM!JOIN_ONEUP.LANCAMENTOS.CONSULTALANCAMENTOS?cnpj=03.247.651%2F0001-79&n_documento=110597%2FD","service":"btg-baixa-titulos-service","timestamp":"2026-05-27T12:07:27.397Z"}
{"lancamento":1434863696,"level":"info","message":"ℹ️ Título 110597/D já estava baixado. Processo ignorado.","service":"btg-baixa-titulos-service","situacao":"BAIXADO","timestamp":"2026-05-27T12:07:27.413Z"}
{"level":"info","message":"🔎 Processando título 110597/C","service":"btg-baixa-titulos-service","timestamp":"2026-05-27T12:07:27.416Z"}
{"level":"info","message":"🌐 Millennium request: GET /MILLENIUM!JOIN_ONEUP.LANCAMENTOS.CONSULTALANCAMENTOS?cnpj=03.247.651%2F0001-79&n_documento=110597%2FC","service":"btg-baixa-titulos-service","timestamp":"2026-05-27T12:07:27.416Z"}
{"lancamento":1434863695,"level":"info","message":"ℹ️ Título 110597/C já estava baixado. Processo ignorado.","service":"btg-baixa-titulos-service","situacao":"BAIXADO","timestamp":"2026-05-27T12:07:27.435Z"}
{"level":"info","message":"🔎 Processando título 110597/B","service":"btg-baixa-titulos-service","timestamp":"2026-05-27T12:07:27.439Z"}
{"level":"info","message":"🌐 Millennium request: GET /MILLENIUM!JOIN_ONEUP.LANCAMENTOS.CONSULTALANCAMENTOS?cnpj=03.247.651%2F0001-79&n_documento=110597%2FB","service":"btg-baixa-titulos-service","timestamp":"2026-05-27T12:07:27.439Z"}
{"lancamento":1434863694,"level":"info","message":"ℹ️ Título 110597/B já estava baixado. Processo ignorado.","service":"btg-baixa-titulos-service","situacao":"BAIXADO","timestamp":"2026-05-27T12:07:27.454Z"}
{"level":"info","message":"🔎 Processando título 110597/A","service":"btg-baixa-titulos-service","timestamp":"2026-05-27T12:07:27.458Z"}
{"level":"info","message":"🌐 Millennium request: GET /MILLENIUM!JOIN_ONEUP.LANCAMENTOS.CONSULTALANCAMENTOS?cnpj=03.247.651%2F0001-79&n_documento=110597%2FA","service":"btg-baixa-titulos-service","timestamp":"2026-05-27T12:07:27.458Z"}
{"lancamento":1434863693,"level":"info","message":"ℹ️ Título 110597/A já estava baixado. Processo ignorado.","service":"btg-baixa-titulos-service","situacao":"BAIXADO","timestamp":"2026-05-27T12:07:27.473Z"}
{"level":"info","message":"🔎 Processando título 110754/A","service":"btg-baixa-titulos-service","timestamp":"2026-05-27T12:07:27.477Z"}
{"level":"info","message":"🌐 Millennium request: GET /MILLENIUM!JOIN_ONEUP.LANCAMENTOS.CONSULTALANCAMENTOS?cnpj=03.294.992%2F0001-03&n_documento=110754%2FA","service":"btg-baixa-titulos-service","timestamp":"2026-05-27T12:07:27.477Z"}
{"lancamento":1434866511,"level":"info","message":"ℹ️ Título 110754/A já estava baixado. Processo ignorado.","service":"btg-baixa-titulos-service","situacao":"BAIXADO","timestamp":"2026-05-27T12:07:27.495Z"}
{"level":"info","message":"🔎 Processando título 110596/E","service":"btg-baixa-titulos-service","timestamp":"2026-05-27T12:07:27.498Z"}
{"level":"info","message":"🌐 Millennium request: GET /MILLENIUM!JOIN_ONEUP.LANCAMENTOS.CONSULTALANCAMENTOS?cnpj=44.999.259%2F0001-63&n_documento=110596%2FE","service":"btg-baixa-titulos-service","timestamp":"2026-05-27T12:07:27.498Z"}
{"lancamento":1434863676,"level":"info","message":"ℹ️ Título 110596/E já estava baixado. Processo ignorado.","service":"btg-baixa-titulos-service","situacao":"BAIXADO","timestamp":"2026-05-27T12:07:27.516Z"}
{"level":"info","message":"🔎 Processando título 110596/D","service":"btg-baixa-titulos-service","timestamp":"2026-05-27T12:07:27.519Z"}
{"level":"info","message":"🌐 Millennium request: GET /MILLENIUM!JOIN_ONEUP.LANCAMENTOS.CONSULTALANCAMENTOS?cnpj=44.999.259%2F0001-63&n_documento=110596%2FD","service":"btg-baixa-titulos-service","timestamp":"2026-05-27T12:07:27.519Z"}
{"lancamento":1434863675,"level":"info","message":"ℹ️ Título 110596/D já estava baixado. Processo ignorado.","service":"btg-baixa-titulos-service","situacao":"BAIXADO","timestamp":"2026-05-27T12:07:27.535Z"}
{"level":"info","message":"🔎 Processando título 110596/C","service":"btg-baixa-titulos-service","timestamp":"2026-05-27T12:07:27.539Z"}
{"level":"info","message":"🌐 Millennium request: GET /MILLENIUM!JOIN_ONEUP.LANCAMENTOS.CONSULTALANCAMENTOS?cnpj=44.999.259%2F0001-63&n_documento=110596%2FC","service":"btg-baixa-titulos-service","timestamp":"2026-05-27T12:07:27.539Z"}
{"lancamento":1434863674,"level":"info","message":"ℹ️ Título 110596/C já estava baixado. Processo ignorado.","service":"btg-baixa-titulos-service","situacao":"BAIXADO","timestamp":"2026-05-27T12:07:27.554Z"}
{"level":"info","message":"🔎 Processando título 110596/B","service":"btg-baixa-titulos-service","timestamp":"2026-05-27T12:07:27.558Z"}
{"level":"info","message":"🌐 Millennium request: GET /MILLENIUM!JOIN_ONEUP.LANCAMENTOS.CONSULTALANCAMENTOS?cnpj=44.999.259%2F0001-63&n_documento=110596%2FB","service":"btg-baixa-titulos-service","timestamp":"2026-05-27T12:07:27.558Z"}
{"lancamento":1434863673,"level":"info","message":"ℹ️ Título 110596/B já estava baixado. Processo ignorado.","service":"btg-baixa-titulos-service","situacao":"BAIXADO","timestamp":"2026-05-27T12:07:27.575Z"}
{"level":"info","message":"🔎 Processando título 110596/A","service":"btg-baixa-titulos-service","timestamp":"2026-05-27T12:07:27.579Z"}
{"level":"info","message":"🌐 Millennium request: GET /MILLENIUM!JOIN_ONEUP.LANCAMENTOS.CONSULTALANCAMENTOS?cnpj=44.999.259%2F0001-63&n_documento=110596%2FA","service":"btg-baixa-titulos-service","timestamp":"2026-05-27T12:07:27.579Z"}
{"lancamento":1434863672,"level":"info","message":"ℹ️ Título 110596/A já estava baixado. Processo ignorado.","service":"btg-baixa-titulos-service","situacao":"BAIXADO","timestamp":"2026-05-27T12:07:27.596Z"}
{"level":"info","message":"🔎 Processando título 37614/F","service":"btg-baixa-titulos-service","timestamp":"2026-05-27T12:07:27.599Z"}
{"level":"info","message":"🌐 Millennium request: GET /MILLENIUM!JOIN_ONEUP.LANCAMENTOS.CONSULTALANCAMENTOS?n_documento=37614%2FF&cpf=906.260.791-87","service":"btg-baixa-titulos-service","timestamp":"2026-05-27T12:07:27.599Z"}
{"lancamento":1434861828,"level":"info","message":"ℹ️ Título 37614/F já estava baixado. Processo ignorado.","service":"btg-baixa-titulos-service","situacao":"BAIXADO","timestamp":"2026-05-27T12:07:27.616Z"}
{"level":"info","message":"🔎 Processando título 37614/E","service":"btg-baixa-titulos-service","timestamp":"2026-05-27T12:07:27.620Z"}
{"level":"info","message":"🌐 Millennium request: GET /MILLENIUM!JOIN_ONEUP.LANCAMENTOS.CONSULTALANCAMENTOS?n_documento=37614%2FE&cpf=906.260.791-87","service":"btg-baixa-titulos-service","timestamp":"2026-05-27T12:07:27.620Z"}
{"lancamento":1434861827,"level":"info","message":"ℹ️ Título 37614/E já estava baixado. Processo ignorado.","service":"btg-baixa-titulos-service","situacao":"BAIXADO","timestamp":"2026-05-27T12:07:27.637Z"}
{"level":"info","message":"🔎 Processando título 110233/A","service":"btg-baixa-titulos-service","timestamp":"2026-05-27T12:07:27.641Z"}
{"level":"info","message":"🌐 Millennium request: GET /MILLENIUM!JOIN_ONEUP.LANCAMENTOS.CONSULTALANCAMENTOS?cnpj=07.030.508%2F0001-81&n_documento=110233%2FA","service":"btg-baixa-titulos-service","timestamp":"2026-05-27T12:07:27.641Z"}
{"lancamento":1434861382,"level":"info","message":"ℹ️ Título 110233/A já estava baixado. Processo ignorado.","service":"btg-baixa-titulos-service","situacao":"BAIXADO","timestamp":"2026-05-27T12:07:27.657Z"}
{"level":"info","message":"🔎 Processando título 37614/D","service":"btg-baixa-titulos-service","timestamp":"2026-05-27T12:07:27.660Z"}
{"level":"info","message":"🌐 Millennium request: GET /MILLENIUM!JOIN_ONEUP.LANCAMENTOS.CONSULTALANCAMENTOS?n_documento=37614%2FD&cpf=906.260.791-87","service":"btg-baixa-titulos-service","timestamp":"2026-05-27T12:07:27.660Z"}
{"lancamento":1434861826,"level":"info","message":"ℹ️ Título 37614/D já estava baixado. Processo ignorado.","service":"btg-baixa-titulos-service","situacao":"BAIXADO","timestamp":"2026-05-27T12:07:27.683Z"}
{"level":"info","message":"🔎 Processando título 37614/C","service":"btg-baixa-titulos-service","timestamp":"2026-05-27T12:07:27.687Z"}
{"level":"info","message":"🌐 Millennium request: GET /MILLENIUM!JOIN_ONEUP.LANCAMENTOS.CONSULTALANCAMENTOS?n_documento=37614%2FC&cpf=906.260.791-87","service":"btg-baixa-titulos-service","timestamp":"2026-05-27T12:07:27.687Z"}
{"lancamento":1434861825,"level":"info","message":"ℹ️ Título 37614/C já estava baixado. Processo ignorado.","service":"btg-baixa-titulos-service","situacao":"BAIXADO","timestamp":"2026-05-27T12:07:27.700Z"}
{"level":"info","message":"🔎 Processando título 110594/E","service":"btg-baixa-titulos-service","timestamp":"2026-05-27T12:07:27.704Z"}
{"level":"info","message":"🌐 Millennium request: GET /MILLENIUM!JOIN_ONEUP.LANCAMENTOS.CONSULTALANCAMENTOS?cnpj=00.768.271%2F0001-91&n_documento=110594%2FE","service":"btg-baixa-titulos-service","timestamp":"2026-05-27T12:07:27.704Z"}
{"lancamento":1434863645,"level":"info","message":"ℹ️ Título 110594/E já estava baixado. Processo ignorado.","service":"btg-baixa-titulos-service","situacao":"BAIXADO","timestamp":"2026-05-27T12:07:27.722Z"}
{"level":"info","message":"🔎 Processando título 37614/B","service":"btg-baixa-titulos-service","timestamp":"2026-05-27T12:07:27.726Z"}
{"level":"info","message":"🌐 Millennium request: GET /MILLENIUM!JOIN_ONEUP.LANCAMENTOS.CONSULTALANCAMENTOS?n_documento=37614%2FB&cpf=906.260.791-87","service":"btg-baixa-titulos-service","timestamp":"2026-05-27T12:07:27.727Z"}
{"lancamento":1434861824,"level":"info","message":"ℹ️ Título 37614/B já estava baixado. Processo ignorado.","service":"btg-baixa-titulos-service","situacao":"BAIXADO","timestamp":"2026-05-27T12:07:27.744Z"}
{"level":"info","message":"🔎 Processando título 110594/D","service":"btg-baixa-titulos-service","timestamp":"2026-05-27T12:07:27.748Z"}
{"level":"info","message":"🌐 Millennium request: GET /MILLENIUM!JOIN_ONEUP.LANCAMENTOS.CONSULTALANCAMENTOS?cnpj=00.768.271%2F0001-91&n_documento=110594%2FD","service":"btg-baixa-titulos-service","timestamp":"2026-05-27T12:07:27.748Z"}
{"lancamento":1434863644,"level":"info","message":"ℹ️ Título 110594/D já estava baixado. Processo ignorado.","service":"btg-baixa-titulos-service","situacao":"BAIXADO","timestamp":"2026-05-27T12:07:27.850Z"}
{"level":"info","message":"🔎 Processando título 37614/A","service":"btg-baixa-titulos-service","timestamp":"2026-05-27T12:07:27.859Z"}
{"level":"info","message":"🌐 Millennium request: GET /MILLENIUM!JOIN_ONEUP.LANCAMENTOS.CONSULTALANCAMENTOS?n_documento=37614%2FA&cpf=906.260.791-87","service":"btg-baixa-titulos-service","timestamp":"2026-05-27T12:07:27.859Z"}
{"lancamento":1434861823,"level":"info","message":"ℹ️ Título 37614/A já estava baixado. Processo ignorado.","service":"btg-baixa-titulos-service","situacao":"BAIXADO","timestamp":"2026-05-27T12:07:27.877Z"}
{"level":"info","message":"🔎 Processando título 110594/C","service":"btg-baixa-titulos-service","timestamp":"2026-05-27T12:07:27.882Z"}
{"level":"info","message":"🌐 Millennium request: GET /MILLENIUM!JOIN_ONEUP.LANCAMENTOS.CONSULTALANCAMENTOS?cnpj=00.768.271%2F0001-91&n_documento=110594%2FC","service":"btg-baixa-titulos-service","timestamp":"2026-05-27T12:07:27.882Z"}
{"lancamento":1434863643,"level":"info","message":"ℹ️ Título 110594/C já estava baixado. Processo ignorado.","service":"btg-baixa-titulos-service","situacao":"BAIXADO","timestamp":"2026-05-27T12:07:27.901Z"}
{"level":"info","message":"🔎 Processando título 110942/C","service":"btg-baixa-titulos-service","timestamp":"2026-05-27T12:07:27.908Z"}
{"level":"info","message":"🌐 Millennium request: GET /MILLENIUM!JOIN_ONEUP.LANCAMENTOS.CONSULTALANCAMENTOS?cnpj=50.649.490%2F0001-20&n_documento=110942%2FC","service":"btg-baixa-titulos-service","timestamp":"2026-05-27T12:07:27.908Z"}
{"lancamento":1434868107,"level":"info","message":"ℹ️ Título 110942/C já estava baixado. Processo ignorado.","service":"btg-baixa-titulos-service","situacao":"BAIXADO","timestamp":"2026-05-27T12:07:27.926Z"}
{"level":"info","message":"🔎 Processando título 110594/B","service":"btg-baixa-titulos-service","timestamp":"2026-05-27T12:07:27.930Z"}
{"level":"info","message":"🌐 Millennium request: GET /MILLENIUM!JOIN_ONEUP.LANCAMENTOS.CONSULTALANCAMENTOS?cnpj=00.768.271%2F0001-91&n_documento=110594%2FB","service":"btg-baixa-titulos-service","timestamp":"2026-05-27T12:07:27.930Z"}
{"lancamento":1434863642,"level":"info","message":"ℹ️ Título 110594/B já estava baixado. Processo ignorado.","service":"btg-baixa-titulos-service","situacao":"BAIXADO","timestamp":"2026-05-27T12:07:27.948Z"}
{"level":"info","message":"🔎 Processando título 110942/B","service":"btg-baixa-titulos-service","timestamp":"2026-05-27T12:07:27.951Z"}
{"level":"info","message":"🌐 Millennium request: GET /MILLENIUM!JOIN_ONEUP.LANCAMENTOS.CONSULTALANCAMENTOS?cnpj=50.649.490%2F0001-20&n_documento=110942%2FB","service":"btg-baixa-titulos-service","timestamp":"2026-05-27T12:07:27.951Z"}
{"lancamento":1434868106,"level":"info","message":"ℹ️ Título 110942/B já estava baixado. Processo ignorado.","service":"btg-baixa-titulos-service","situacao":"BAIXADO","timestamp":"2026-05-27T12:07:27.970Z"}
{"level":"info","message":"🔎 Processando título 110942/A","service":"btg-baixa-titulos-service","timestamp":"2026-05-27T12:07:27.973Z"}
{"level":"info","message":"🌐 Millennium request: GET /MILLENIUM!JOIN_ONEUP.LANCAMENTOS.CONSULTALANCAMENTOS?cnpj=50.649.490%2F0001-20&n_documento=110942%2FA","service":"btg-baixa-titulos-service","timestamp":"2026-05-27T12:07:27.973Z"}
{"lancamento":1434868105,"level":"info","message":"ℹ️ Título 110942/A já estava baixado. Processo ignorado.","service":"btg-baixa-titulos-service","situacao":"BAIXADO","timestamp":"2026-05-27T12:07:27.990Z"}
{"level":"info","message":"🔎 Processando título 110594/A","service":"btg-baixa-titulos-service","timestamp":"2026-05-27T12:07:27.994Z"}
{"level":"info","message":"🌐 Millennium request: GET /MILLENIUM!JOIN_ONEUP.LANCAMENTOS.CONSULTALANCAMENTOS?cnpj=00.768.271%2F0001-91&n_documento=110594%2FA","service":"btg-baixa-titulos-service","timestamp":"2026-05-27T12:07:27.994Z"}
{"lancamento":1434863641,"level":"info","message":"ℹ️ Título 110594/A já estava baixado. Processo ignorado.","service":"btg-baixa-titulos-service","situacao":"BAIXADO","timestamp":"2026-05-27T12:07:28.011Z"}
{"level":"info","message":"🔎 Processando título 110941/C","service":"btg-baixa-titulos-service","timestamp":"2026-05-27T12:07:28.015Z"}
{"level":"info","message":"🌐 Millennium request: GET /MILLENIUM!JOIN_ONEUP.LANCAMENTOS.CONSULTALANCAMENTOS?cnpj=50.649.490%2F0001-20&n_documento=110941%2FC","service":"btg-baixa-titulos-service","timestamp":"2026-05-27T12:07:28.015Z"}
{"lancamento":1434868102,"level":"info","message":"ℹ️ Título 110941/C já estava baixado. Processo ignorado.","service":"btg-baixa-titulos-service","situacao":"BAIXADO","timestamp":"2026-05-27T12:07:28.031Z"}
{"level":"info","message":"🔎 Processando título 110168/C","service":"btg-baixa-titulos-service","timestamp":"2026-05-27T12:07:28.034Z"}
{"level":"info","message":"🌐 Millennium request: GET /MILLENIUM!JOIN_ONEUP.LANCAMENTOS.CONSULTALANCAMENTOS?cnpj=59.205.187%2F0001-02&n_documento=110168%2FC","service":"btg-baixa-titulos-service","timestamp":"2026-05-27T12:07:28.034Z"}
{"lancamento":1434860998,"level":"info","message":"ℹ️ Título 110168/C já estava baixado. Processo ignorado.","service":"btg-baixa-titulos-service","situacao":"BAIXADO","timestamp":"2026-05-27T12:07:28.053Z"}
{"level":"info","message":"🔎 Processando título 110941/B","service":"btg-baixa-titulos-service","timestamp":"2026-05-27T12:07:28.057Z"}
{"level":"info","message":"🌐 Millennium request: GET /MILLENIUM!JOIN_ONEUP.LANCAMENTOS.CONSULTALANCAMENTOS?cnpj=50.649.490%2F0001-20&n_documento=110941%2FB","service":"btg-baixa-titulos-service","timestamp":"2026-05-27T12:07:28.057Z"}
{"lancamento":1434868101,"level":"info","message":"ℹ️ Título 110941/B já estava baixado. Processo ignorado.","service":"btg-baixa-titulos-service","situacao":"BAIXADO","timestamp":"2026-05-27T12:07:28.072Z"}
{"level":"info","message":"🔎 Processando título 110168/B","service":"btg-baixa-titulos-service","timestamp":"2026-05-27T12:07:28.076Z"}
{"level":"info","message":"🌐 Millennium request: GET /MILLENIUM!JOIN_ONEUP.LANCAMENTOS.CONSULTALANCAMENTOS?cnpj=59.205.187%2F0001-02&n_documento=110168%2FB","service":"btg-baixa-titulos-service","timestamp":"2026-05-27T12:07:28.076Z"}
{"lancamento":1434860997,"level":"info","message":"ℹ️ Título 110168/B já estava baixado. Processo ignorado.","service":"btg-baixa-titulos-service","situacao":"BAIXADO","timestamp":"2026-05-27T12:07:28.094Z"}
{"level":"info","message":"🔎 Processando título 110941/A","service":"btg-baixa-titulos-service","timestamp":"2026-05-27T12:07:28.097Z"}
{"level":"info","message":"🌐 Millennium request: GET /MILLENIUM!JOIN_ONEUP.LANCAMENTOS.CONSULTALANCAMENTOS?cnpj=50.649.490%2F0001-20&n_documento=110941%2FA","service":"btg-baixa-titulos-service","timestamp":"2026-05-27T12:07:28.097Z"}
{"lancamento":1434868100,"level":"info","message":"ℹ️ Título 110941/A já estava baixado. Processo ignorado.","service":"btg-baixa-titulos-service","situacao":"BAIXADO","timestamp":"2026-05-27T12:07:28.114Z"}
{"level":"info","message":"🔎 Processando título 110168/A","service":"btg-baixa-titulos-service","timestamp":"2026-05-27T12:07:28.117Z"}
{"level":"info","message":"🌐 Millennium request: GET /MILLENIUM!JOIN_ONEUP.LANCAMENTOS.CONSULTALANCAMENTOS?cnpj=59.205.187%2F0001-02&n_documento=110168%2FA","service":"btg-baixa-titulos-service","timestamp":"2026-05-27T12:07:28.117Z"}
{"lancamento":1434860996,"level":"info","message":"ℹ️ Título 110168/A já estava baixado. Processo ignorado.","service":"btg-baixa-titulos-service","situacao":"BAIXADO","timestamp":"2026-05-27T12:07:28.134Z"}
{"level":"info","message":"🔎 Processando título 110939/C","service":"btg-baixa-titulos-service","timestamp":"2026-05-27T12:07:28.139Z"}
{"level":"info","message":"🌐 Millennium request: GET /MILLENIUM!JOIN_ONEUP.LANCAMENTOS.CONSULTALANCAMENTOS?cnpj=50.649.490%2F0001-20&n_documento=110939%2FC","service":"btg-baixa-titulos-service","timestamp":"2026-05-27T12:07:28.139Z"}
{"lancamento":1434868098,"level":"info","message":"ℹ️ Título 110939/C já estava baixado. Processo ignorado.","service":"btg-baixa-titulos-service","situacao":"BAIXADO","timestamp":"2026-05-27T12:07:28.156Z"}
{"level":"info","message":"🔎 Processando título 110591","service":"btg-baixa-titulos-service","timestamp":"2026-05-27T12:07:28.159Z"}
{"level":"info","message":"🌐 Millennium request: GET /MILLENIUM!JOIN_ONEUP.LANCAMENTOS.CONSULTALANCAMENTOS?cnpj=01.329.811%2F0001-01&n_documento=110591","service":"btg-baixa-titulos-service","timestamp":"2026-05-27T12:07:28.159Z"}
{"lancamento":1434863544,"level":"info","message":"ℹ️ Título 110591 já estava baixado. Processo ignorado.","service":"btg-baixa-titulos-service","situacao":"BAIXADO","timestamp":"2026-05-27T12:07:28.174Z"}
{"level":"info","message":"🔎 Processando título 110939/B","service":"btg-baixa-titulos-service","timestamp":"2026-05-27T12:07:28.178Z"}
{"level":"info","message":"🌐 Millennium request: GET /MILLENIUM!JOIN_ONEUP.LANCAMENTOS.CONSULTALANCAMENTOS?cnpj=50.649.490%2F0001-20&n_documento=110939%2FB","service":"btg-baixa-titulos-service","timestamp":"2026-05-27T12:07:28.178Z"}
{"lancamento":1434868097,"level":"info","message":"ℹ️ Título 110939/B já estava baixado. Processo ignorado.","service":"btg-baixa-titulos-service","situacao":"BAIXADO","timestamp":"2026-05-27T12:07:28.199Z"}
{"level":"info","message":"🔎 Processando título 110595/D","service":"btg-baixa-titulos-service","timestamp":"2026-05-27T12:07:28.202Z"}
{"level":"info","message":"🌐 Millennium request: GET /MILLENIUM!JOIN_ONEUP.LANCAMENTOS.CONSULTALANCAMENTOS?cnpj=57.408.548%2F0001-92&n_documento=110595%2FD","service":"btg-baixa-titulos-service","timestamp":"2026-05-27T12:07:28.202Z"}
{"lancamento":1434863649,"level":"info","message":"ℹ️ Título 110595/D já estava baixado. Processo ignorado.","service":"btg-baixa-titulos-service","situacao":"BAIXADO","timestamp":"2026-05-27T12:07:28.220Z"}
{"level":"info","message":"🔎 Processando título 110939/A","service":"btg-baixa-titulos-service","timestamp":"2026-05-27T12:07:28.223Z"}
{"level":"info","message":"🌐 Millennium request: GET /MILLENIUM!JOIN_ONEUP.LANCAMENTOS.CONSULTALANCAMENTOS?cnpj=50.649.490%2F0001-20&n_documento=110939%2FA","service":"btg-baixa-titulos-service","timestamp":"2026-05-27T12:07:28.223Z"}
{"lancamento":1434868096,"level":"info","message":"ℹ️ Título 110939/A já estava baixado. Processo ignorado.","service":"btg-baixa-titulos-service","situacao":"BAIXADO","timestamp":"2026-05-27T12:07:28.240Z"}
{"level":"info","message":"🔎 Processando título 110595/C","service":"btg-baixa-titulos-service","timestamp":"2026-05-27T12:07:28.244Z"}
{"level":"info","message":"🌐 Millennium request: GET /MILLENIUM!JOIN_ONEUP.LANCAMENTOS.CONSULTALANCAMENTOS?cnpj=57.408.548%2F0001-92&n_documento=110595%2FC","service":"btg-baixa-titulos-service","timestamp":"2026-05-27T12:07:28.244Z"}
{"lancamento":1434863648,"level":"info","message":"ℹ️ Título 110595/C já estava baixado. Processo ignorado.","service":"btg-baixa-titulos-service","situacao":"BAIXADO","timestamp":"2026-05-27T12:07:28.262Z"}
{"level":"info","message":"🔎 Processando título 110938/C","service":"btg-baixa-titulos-service","timestamp":"2026-05-27T12:07:28.266Z"}
{"level":"info","message":"🌐 Millennium request: GET /MILLENIUM!JOIN_ONEUP.LANCAMENTOS.CONSULTALANCAMENTOS?cnpj=50.649.490%2F0001-20&n_documento=110938%2FC","service":"btg-baixa-titulos-service","timestamp":"2026-05-27T12:07:28.267Z"}
{"lancamento":1434868095,"level":"info","message":"ℹ️ Título 110938/C já estava baixado. Processo ignorado.","service":"btg-baixa-titulos-service","situacao":"BAIXADO","timestamp":"2026-05-27T12:07:28.281Z"}
{"level":"info","message":"🔎 Processando título 110595/B","service":"btg-baixa-titulos-service","timestamp":"2026-05-27T12:07:28.284Z"}
{"level":"info","message":"🌐 Millennium request: GET /MILLENIUM!JOIN_ONEUP.LANCAMENTOS.CONSULTALANCAMENTOS?cnpj=57.408.548%2F0001-92&n_documento=110595%2FB","service":"btg-baixa-titulos-service","timestamp":"2026-05-27T12:07:28.284Z"}
{"lancamento":1434863647,"level":"info","message":"ℹ️ Título 110595/B já estava baixado. Processo ignorado.","service":"btg-baixa-titulos-service","situacao":"BAIXADO","timestamp":"2026-05-27T12:07:28.385Z"}
{"level":"info","message":"🔎 Processando título 110938/B","service":"btg-baixa-titulos-service","timestamp":"2026-05-27T12:07:28.394Z"}
{"level":"info","message":"🌐 Millennium request: GET /MILLENIUM!JOIN_ONEUP.LANCAMENTOS.CONSULTALANCAMENTOS?cnpj=50.649.490%2F0001-20&n_documento=110938%2FB","service":"btg-baixa-titulos-service","timestamp":"2026-05-27T12:07:28.395Z"}
{"lancamento":1434868094,"level":"info","message":"ℹ️ Título 110938/B já estava baixado. Processo ignorado.","service":"btg-baixa-titulos-service","situacao":"BAIXADO","timestamp":"2026-05-27T12:07:28.413Z"}
{"level":"info","message":"🔎 Processando título 110595/A","service":"btg-baixa-titulos-service","timestamp":"2026-05-27T12:07:28.421Z"}
{"level":"info","message":"🌐 Millennium request: GET /MILLENIUM!JOIN_ONEUP.LANCAMENTOS.CONSULTALANCAMENTOS?cnpj=57.408.548%2F0001-92&n_documento=110595%2FA","service":"btg-baixa-titulos-service","timestamp":"2026-05-27T12:07:28.421Z"}
{"lancamento":1434863646,"level":"info","message":"ℹ️ Título 110595/A já estava baixado. Processo ignorado.","service":"btg-baixa-titulos-service","situacao":"BAIXADO","timestamp":"2026-05-27T12:07:28.442Z"}
{"level":"info","message":"🔎 Processando título 110938/A","service":"btg-baixa-titulos-service","timestamp":"2026-05-27T12:07:28.447Z"}
{"level":"info","message":"🌐 Millennium request: GET /MILLENIUM!JOIN_ONEUP.LANCAMENTOS.CONSULTALANCAMENTOS?cnpj=50.649.490%2F0001-20&n_documento=110938%2FA","service":"btg-baixa-titulos-service","timestamp":"2026-05-27T12:07:28.447Z"}
{"lancamento":1434868093,"level":"info","message":"ℹ️ Título 110938/A já estava baixado. Processo ignorado.","service":"btg-baixa-titulos-service","situacao":"BAIXADO","timestamp":"2026-05-27T12:07:28.467Z"}
{"level":"info","message":"🔎 Processando título 110166/D","service":"btg-baixa-titulos-service","timestamp":"2026-05-27T12:07:28.471Z"}
{"level":"info","message":"🌐 Millennium request: GET /MILLENIUM!JOIN_ONEUP.LANCAMENTOS.CONSULTALANCAMENTOS?cnpj=57.408.548%2F0001-92&n_documento=110166%2FD","service":"btg-baixa-titulos-service","timestamp":"2026-05-27T12:07:28.471Z"}
{"lancamento":1434860994,"level":"info","message":"ℹ️ Título 110166/D já estava baixado. Processo ignorado.","service":"btg-baixa-titulos-service","situacao":"BAIXADO","timestamp":"2026-05-27T12:07:28.492Z"}
{"level":"info","message":"🔎 Processando título 110937/C","service":"btg-baixa-titulos-service","timestamp":"2026-05-27T12:07:28.496Z"}
{"level":"info","message":"🌐 Millennium request: GET /MILLENIUM!JOIN_ONEUP.LANCAMENTOS.CONSULTALANCAMENTOS?cnpj=50.649.490%2F0001-20&n_documento=110937%2FC","service":"btg-baixa-titulos-service","timestamp":"2026-05-27T12:07:28.496Z"}
{"lancamento":1434868091,"level":"info","message":"ℹ️ Título 110937/C já estava baixado. Processo ignorado.","service":"btg-baixa-titulos-service","situacao":"BAIXADO","timestamp":"2026-05-27T12:07:28.514Z"}
{"level":"info","message":"🔎 Processando título 110166/C","service":"btg-baixa-titulos-service","timestamp":"2026-05-27T12:07:28.517Z"}
{"level":"info","message":"🌐 Millennium request: GET /MILLENIUM!JOIN_ONEUP.LANCAMENTOS.CONSULTALANCAMENTOS?cnpj=57.408.548%2F0001-92&n_documento=110166%2FC","service":"btg-baixa-titulos-service","timestamp":"2026-05-27T12:07:28.517Z"}
{"lancamento":1434860993,"level":"info","message":"ℹ️ Título 110166/C já estava baixado. Processo ignorado.","service":"btg-baixa-titulos-service","situacao":"BAIXADO","timestamp":"2026-05-27T12:07:28.535Z"}
{"level":"info","message":"🔎 Processando título 110937/B","service":"btg-baixa-titulos-service","timestamp":"2026-05-27T12:07:28.539Z"}
{"level":"info","message":"🌐 Millennium request: GET /MILLENIUM!JOIN_ONEUP.LANCAMENTOS.CONSULTALANCAMENTOS?cnpj=50.649.490%2F0001-20&n_documento=110937%2FB","service":"btg-baixa-titulos-service","timestamp":"2026-05-27T12:07:28.539Z"}
{"lancamento":1434868090,"level":"info","message":"ℹ️ Título 110937/B já estava baixado. Processo ignorado.","service":"btg-baixa-titulos-service","situacao":"BAIXADO","timestamp":"2026-05-27T12:07:28.556Z"}
{"level":"info","message":"🔎 Processando título 110166/B","service":"btg-baixa-titulos-service","timestamp":"2026-05-27T12:07:28.559Z"}
{"level":"info","message":"🌐 Millennium request: GET /MILLENIUM!JOIN_ONEUP.LANCAMENTOS.CONSULTALANCAMENTOS?cnpj=57.408.548%2F0001-92&n_documento=110166%2FB","service":"btg-baixa-titulos-service","timestamp":"2026-05-27T12:07:28.559Z"}
{"lancamento":1434860992,"level":"info","message":"ℹ️ Título 110166/B já estava baixado. Processo ignorado.","service":"btg-baixa-titulos-service","situacao":"BAIXADO","timestamp":"2026-05-27T12:07:28.573Z"}
{"level":"info","message":"🔎 Processando título 110937/A","service":"btg-baixa-titulos-service","timestamp":"2026-05-27T12:07:28.577Z"}
{"level":"info","message":"🌐 Millennium request: GET /MILLENIUM!JOIN_ONEUP.LANCAMENTOS.CONSULTALANCAMENTOS?cnpj=50.649.490%2F0001-20&n_documento=110937%2FA","service":"btg-baixa-titulos-service","timestamp":"2026-05-27T12:07:28.577Z"}
{"lancamento":1434868089,"level":"info","message":"ℹ️ Título 110937/A já estava baixado. Processo ignorado.","service":"btg-baixa-titulos-service","situacao":"BAIXADO","timestamp":"2026-05-27T12:07:28.599Z"}
{"level":"info","message":"🔎 Processando título 110166/A","service":"btg-baixa-titulos-service","timestamp":"2026-05-27T12:07:28.603Z"}
{"level":"info","message":"🌐 Millennium request: GET /MILLENIUM!JOIN_ONEUP.LANCAMENTOS.CONSULTALANCAMENTOS?cnpj=57.408.548%2F0001-92&n_documento=110166%2FA","service":"btg-baixa-titulos-service","timestamp":"2026-05-27T12:07:28.603Z"}
{"lancamento":1434860991,"level":"info","message":"ℹ️ Título 110166/A já estava baixado. Processo ignorado.","service":"btg-baixa-titulos-service","situacao":"BAIXADO","timestamp":"2026-05-27T12:07:28.620Z"}
{"level":"info","message":"🔎 Processando título 110936/C","service":"btg-baixa-titulos-service","timestamp":"2026-05-27T12:07:28.624Z"}
{"level":"info","message":"🌐 Millennium request: GET /MILLENIUM!JOIN_ONEUP.LANCAMENTOS.CONSULTALANCAMENTOS?cnpj=50.649.490%2F0001-20&n_documento=110936%2FC","service":"btg-baixa-titulos-service","timestamp":"2026-05-27T12:07:28.624Z"}
{"lancamento":1434868084,"level":"info","message":"ℹ️ Título 110936/C já estava baixado. Processo ignorado.","service":"btg-baixa-titulos-service","situacao":"BAIXADO","timestamp":"2026-05-27T12:07:28.638Z"}
{"level":"info","message":"🔎 Processando título 109911/D","service":"btg-baixa-titulos-service","timestamp":"2026-05-27T12:07:28.642Z"}
{"level":"info","message":"🌐 Millennium request: GET /MILLENIUM!JOIN_ONEUP.LANCAMENTOS.CONSULTALANCAMENTOS?cnpj=56.961.472%2F0001-65&n_documento=109911%2FD","service":"btg-baixa-titulos-service","timestamp":"2026-05-27T12:07:28.642Z"}
{"lancamento":1434858494,"level":"info","message":"ℹ️ Título 109911/D já estava baixado. Processo ignorado.","service":"btg-baixa-titulos-service","situacao":"BAIXADO","timestamp":"2026-05-27T12:07:28.659Z"}
{"level":"info","message":"🔎 Processando título 110936/B","service":"btg-baixa-titulos-service","timestamp":"2026-05-27T12:07:28.662Z"}
{"level":"info","message":"🌐 Millennium request: GET /MILLENIUM!JOIN_ONEUP.LANCAMENTOS.CONSULTALANCAMENTOS?cnpj=50.649.490%2F0001-20&n_documento=110936%2FB","service":"btg-baixa-titulos-service","timestamp":"2026-05-27T12:07:28.662Z"}
{"lancamento":1434868083,"level":"info","message":"ℹ️ Título 110936/B já estava baixado. Processo ignorado.","service":"btg-baixa-titulos-service","situacao":"BAIXADO","timestamp":"2026-05-27T12:07:28.677Z"}
{"level":"info","message":"🔎 Processando título 109911/C","service":"btg-baixa-titulos-service","timestamp":"2026-05-27T12:07:28.681Z"}
{"level":"info","message":"🌐 Millennium request: GET /MILLENIUM!JOIN_ONEUP.LANCAMENTOS.CONSULTALANCAMENTOS?cnpj=56.961.472%2F0001-65&n_documento=109911%2FC","service":"btg-baixa-titulos-service","timestamp":"2026-05-27T12:07:28.681Z"}
{"lancamento":1434858493,"level":"info","message":"ℹ️ Título 109911/C já estava baixado. Processo ignorado.","service":"btg-baixa-titulos-service","situacao":"BAIXADO","timestamp":"2026-05-27T12:07:28.698Z"}
{"level":"info","message":"🔎 Processando título 110936/A","service":"btg-baixa-titulos-service","timestamp":"2026-05-27T12:07:28.701Z"}
{"level":"info","message":"🌐 Millennium request: GET /MILLENIUM!JOIN_ONEUP.LANCAMENTOS.CONSULTALANCAMENTOS?cnpj=50.649.490%2F0001-20&n_documento=110936%2FA","service":"btg-baixa-titulos-service","timestamp":"2026-05-27T12:07:28.701Z"}
{"lancamento":1434868082,"level":"info","message":"ℹ️ Título 110936/A já estava baixado. Processo ignorado.","service":"btg-baixa-titulos-service","situacao":"BAIXADO","timestamp":"2026-05-27T12:07:28.714Z"}
{"level":"info","message":"🔎 Processando título 109911/B","service":"btg-baixa-titulos-service","timestamp":"2026-05-27T12:07:28.719Z"}
{"level":"info","message":"🌐 Millennium request: GET /MILLENIUM!JOIN_ONEUP.LANCAMENTOS.CONSULTALANCAMENTOS?cnpj=56.961.472%2F0001-65&n_documento=109911%2FB","service":"btg-baixa-titulos-service","timestamp":"2026-05-27T12:07:28.719Z"}
{"lancamento":1434858492,"level":"info","message":"ℹ️ Título 109911/B já estava baixado. Processo ignorado.","service":"btg-baixa-titulos-service","situacao":"BAIXADO","timestamp":"2026-05-27T12:07:28.736Z"}
{"level":"info","message":"🔎 Processando título 110935/C","service":"btg-baixa-titulos-service","timestamp":"2026-05-27T12:07:28.739Z"}
{"level":"info","message":"🌐 Millennium request: GET /MILLENIUM!JOIN_ONEUP.LANCAMENTOS.CONSULTALANCAMENTOS?cnpj=50.649.490%2F0001-20&n_documento=110935%2FC","service":"btg-baixa-titulos-service","timestamp":"2026-05-27T12:07:28.739Z"}
{"lancamento":1434868081,"level":"info","message":"ℹ️ Título 110935/C já estava baixado. Processo ignorado.","service":"btg-baixa-titulos-service","situacao":"BAIXADO","timestamp":"2026-05-27T12:07:28.754Z"}
{"level":"info","message":"🔎 Processando título 110935/B","service":"btg-baixa-titulos-service","timestamp":"2026-05-27T12:07:28.758Z"}
{"level":"info","message":"🌐 Millennium request: GET /MILLENIUM!JOIN_ONEUP.LANCAMENTOS.CONSULTALANCAMENTOS?cnpj=50.649.490%2F0001-20&n_documento=110935%2FB","service":"btg-baixa-titulos-service","timestamp":"2026-05-27T12:07:28.758Z"}
{"lancamento":1434868080,"level":"info","message":"ℹ️ Título 110935/B já estava baixado. Processo ignorado.","service":"btg-baixa-titulos-service","situacao":"BAIXADO","timestamp":"2026-05-27T12:07:28.776Z"}
{"level":"info","message":"🔎 Processando título 109911/A","service":"btg-baixa-titulos-service","timestamp":"2026-05-27T12:07:28.780Z"}
{"level":"info","message":"🌐 Millennium request: GET /MILLENIUM!JOIN_ONEUP.LANCAMENTOS.CONSULTALANCAMENTOS?cnpj=56.961.472%2F0001-65&n_documento=109911%2FA","service":"btg-baixa-titulos-service","timestamp":"2026-05-27T12:07:28.780Z"}
{"lancamento":1434858491,"level":"info","message":"ℹ️ Título 109911/A já estava baixado. Processo ignorado.","service":"btg-baixa-titulos-service","situacao":"BAIXADO","timestamp":"2026-05-27T12:07:28.798Z"}
{"level":"info","message":"🔎 Processando título 110935/A","service":"btg-baixa-titulos-service","timestamp":"2026-05-27T12:07:28.801Z"}
{"level":"info","message":"🌐 Millennium request: GET /MILLENIUM!JOIN_ONEUP.LANCAMENTOS.CONSULTALANCAMENTOS?cnpj=50.649.490%2F0001-20&n_documento=110935%2FA","service":"btg-baixa-titulos-service","timestamp":"2026-05-27T12:07:28.801Z"}
{"lancamento":1434868079,"level":"info","message":"ℹ️ Título 110935/A já estava baixado. Processo ignorado.","service":"btg-baixa-titulos-service","situacao":"BAIXADO","timestamp":"2026-05-27T12:07:28.899Z"}
{"level":"info","message":"🔎 Processando título 110934/C","service":"btg-baixa-titulos-service","timestamp":"2026-05-27T12:07:28.913Z"}
{"level":"info","message":"🌐 Millennium request: GET /MILLENIUM!JOIN_ONEUP.LANCAMENTOS.CONSULTALANCAMENTOS?cnpj=50.649.490%2F0001-20&n_documento=110934%2FC","service":"btg-baixa-titulos-service","timestamp":"2026-05-27T12:07:28.913Z"}
{"lancamento":1434868074,"level":"info","message":"ℹ️ Título 110934/C já estava baixado. Processo ignorado.","service":"btg-baixa-titulos-service","situacao":"BAIXADO","timestamp":"2026-05-27T12:07:28.930Z"}
{"level":"info","message":"🔎 Processando título 110934/B","service":"btg-baixa-titulos-service","timestamp":"2026-05-27T12:07:28.935Z"}
{"level":"info","message":"🌐 Millennium request: GET /MILLENIUM!JOIN_ONEUP.LANCAMENTOS.CONSULTALANCAMENTOS?cnpj=50.649.490%2F0001-20&n_documento=110934%2FB","service":"btg-baixa-titulos-service","timestamp":"2026-05-27T12:07:28.935Z"}
{"lancamento":1434868073,"level":"info","message":"ℹ️ Título 110934/B já estava baixado. Processo ignorado.","service":"btg-baixa-titulos-service","situacao":"BAIXADO","timestamp":"2026-05-27T12:07:28.950Z"}
{"level":"info","message":"🔎 Processando título 110934/A","service":"btg-baixa-titulos-service","timestamp":"2026-05-27T12:07:28.954Z"}
{"level":"info","message":"🌐 Millennium request: GET /MILLENIUM!JOIN_ONEUP.LANCAMENTOS.CONSULTALANCAMENTOS?cnpj=50.649.490%2F0001-20&n_documento=110934%2FA","service":"btg-baixa-titulos-service","timestamp":"2026-05-27T12:07:28.954Z"}
{"lancamento":1434868072,"level":"info","message":"ℹ️ Título 110934/A já estava baixado. Processo ignorado.","service":"btg-baixa-titulos-service","situacao":"BAIXADO","timestamp":"2026-05-27T12:07:28.972Z"}
{"level":"info","message":"🔎 Processando título 110761","service":"btg-baixa-titulos-service","timestamp":"2026-05-27T12:07:28.976Z"}
{"level":"info","message":"🌐 Millennium request: GET /MILLENIUM!JOIN_ONEUP.LANCAMENTOS.CONSULTALANCAMENTOS?cnpj=01.009.793%2F0001-72&n_documento=110761","service":"btg-baixa-titulos-service","timestamp":"2026-05-27T12:07:28.976Z"}
{"lancamento":1434866540,"level":"info","message":"ℹ️ Título 110761 já estava baixado. Processo ignorado.","service":"btg-baixa-titulos-service","situacao":"BAIXADO","timestamp":"2026-05-27T12:07:28.994Z"}
{"level":"info","message":"🔎 Processando título 110759/E","service":"btg-baixa-titulos-service","timestamp":"2026-05-27T12:07:28.998Z"}
{"level":"info","message":"🌐 Millennium request: GET /MILLENIUM!JOIN_ONEUP.LANCAMENTOS.CONSULTALANCAMENTOS?cnpj=73.652.158%2F0001-10&n_documento=110759%2FE","service":"btg-baixa-titulos-service","timestamp":"2026-05-27T12:07:28.998Z"}
{"lancamento":1434866527,"level":"info","message":"ℹ️ Título 110759/E já estava baixado. Processo ignorado.","service":"btg-baixa-titulos-service","situacao":"BAIXADO","timestamp":"2026-05-27T12:07:29.016Z"}
{"level":"info","message":"🔎 Processando título 110759/D","service":"btg-baixa-titulos-service","timestamp":"2026-05-27T12:07:29.020Z"}
{"level":"info","message":"🌐 Millennium request: GET /MILLENIUM!JOIN_ONEUP.LANCAMENTOS.CONSULTALANCAMENTOS?cnpj=73.652.158%2F0001-10&n_documento=110759%2FD","service":"btg-baixa-titulos-service","timestamp":"2026-05-27T12:07:29.020Z"}
{"lancamento":1434866526,"level":"info","message":"ℹ️ Título 110759/D já estava baixado. Processo ignorado.","service":"btg-baixa-titulos-service","situacao":"BAIXADO","timestamp":"2026-05-27T12:07:29.036Z"}
{"level":"info","message":"🔎 Processando título CORRE 108314","service":"btg-baixa-titulos-service","timestamp":"2026-05-27T12:07:29.040Z"}
{"level":"info","message":"🌐 Millennium request: GET /MILLENIUM!JOIN_ONEUP.LANCAMENTOS.CONSULTALANCAMENTOS?cnpj=02.355.679%2F0001-67&n_documento=CORRE%20108314","service":"btg-baixa-titulos-service","timestamp":"2026-05-27T12:07:29.040Z"}
{"lancamento":1434857620,"level":"info","message":"ℹ️ Título CORRE 108314 já estava baixado. Processo ignorado.","service":"btg-baixa-titulos-service","situacao":"BAIXADO","timestamp":"2026-05-27T12:07:29.058Z"}
{"level":"info","message":"🔎 Processando título CORRE 108313","service":"btg-baixa-titulos-service","timestamp":"2026-05-27T12:07:29.061Z"}
{"level":"info","message":"🌐 Millennium request: GET /MILLENIUM!JOIN_ONEUP.LANCAMENTOS.CONSULTALANCAMENTOS?cnpj=22.031.998%2F0001-24&n_documento=CORRE%20108313","service":"btg-baixa-titulos-service","timestamp":"2026-05-27T12:07:29.061Z"}
{"lancamento":1434857617,"level":"info","message":"ℹ️ Título CORRE 108313 já estava baixado. Processo ignorado.","service":"btg-baixa-titulos-service","situacao":"BAIXADO","timestamp":"2026-05-27T12:07:29.078Z"}
{"level":"info","message":"🔎 Processando título FRE 108317","service":"btg-baixa-titulos-service","timestamp":"2026-05-27T12:07:29.082Z"}
{"level":"info","message":"🌐 Millennium request: GET /MILLENIUM!JOIN_ONEUP.LANCAMENTOS.CONSULTALANCAMENTOS?cnpj=03.294.992%2F0001-03&n_documento=FRE%20108317","service":"btg-baixa-titulos-service","timestamp":"2026-05-27T12:07:29.082Z"}
{"lancamento":1434857396,"level":"info","message":"ℹ️ Título FRE 108317 já estava baixado. Processo ignorado.","service":"btg-baixa-titulos-service","situacao":"BAIXADO","timestamp":"2026-05-27T12:07:29.098Z"}
{"level":"info","message":"🔎 Processando título FRE 108253","service":"btg-baixa-titulos-service","timestamp":"2026-05-27T12:07:29.102Z"}
{"level":"info","message":"🌐 Millennium request: GET /MILLENIUM!JOIN_ONEUP.LANCAMENTOS.CONSULTALANCAMENTOS?cnpj=57.408.548%2F0001-92&n_documento=FRE%20108253","service":"btg-baixa-titulos-service","timestamp":"2026-05-27T12:07:29.102Z"}
{"lancamento":1434857394,"level":"info","message":"ℹ️ Título FRE 108253 já estava baixado. Processo ignorado.","service":"btg-baixa-titulos-service","situacao":"BAIXADO","timestamp":"2026-05-27T12:07:29.121Z"}
{"level":"info","message":"🔎 Processando título CORRE 109093","service":"btg-baixa-titulos-service","timestamp":"2026-05-27T12:07:29.125Z"}
{"level":"info","message":"🌐 Millennium request: GET /MILLENIUM!JOIN_ONEUP.LANCAMENTOS.CONSULTALANCAMENTOS?cnpj=57.408.548%2F0001-92&n_documento=CORRE%20109093","service":"btg-baixa-titulos-service","timestamp":"2026-05-27T12:07:29.125Z"}
{"lancamento":1434857622,"level":"info","message":"ℹ️ Título CORRE 109093 já estava baixado. Processo ignorado.","service":"btg-baixa-titulos-service","situacao":"BAIXADO","timestamp":"2026-05-27T12:07:29.143Z"}
{"level":"info","message":"🔎 Processando título CORRE 108156","service":"btg-baixa-titulos-service","timestamp":"2026-05-27T12:07:29.148Z"}
{"level":"info","message":"🌐 Millennium request: GET /MILLENIUM!JOIN_ONEUP.LANCAMENTOS.CONSULTALANCAMENTOS?cnpj=57.408.548%2F0001-92&n_documento=CORRE%20108156","service":"btg-baixa-titulos-service","timestamp":"2026-05-27T12:07:29.148Z"}
{"lancamento":1434857602,"level":"info","message":"ℹ️ Título CORRE 108156 já estava baixado. Processo ignorado.","service":"btg-baixa-titulos-service","situacao":"BAIXADO","timestamp":"2026-05-27T12:07:29.165Z"}
{"level":"info","message":"🔎 Processando título CORRE 108020","service":"btg-baixa-titulos-service","timestamp":"2026-05-27T12:07:29.168Z"}
{"level":"info","message":"🌐 Millennium request: GET /MILLENIUM!JOIN_ONEUP.LANCAMENTOS.CONSULTALANCAMENTOS?cnpj=57.408.548%2F0001-92&n_documento=CORRE%20108020","service":"btg-baixa-titulos-service","timestamp":"2026-05-27T12:07:29.168Z"}
{"lancamento":1434857442,"level":"info","message":"ℹ️ Título CORRE 108020 já estava baixado. Processo ignorado.","service":"btg-baixa-titulos-service","situacao":"BAIXADO","timestamp":"2026-05-27T12:07:29.183Z"}
{"level":"info","message":"🔎 Processando título CORRE 107627","service":"btg-baixa-titulos-service","timestamp":"2026-05-27T12:07:29.187Z"}
{"level":"info","message":"🌐 Millennium request: GET /MILLENIUM!JOIN_ONEUP.LANCAMENTOS.CONSULTALANCAMENTOS?cnpj=57.408.548%2F0001-92&n_documento=CORRE%20107627","service":"btg-baixa-titulos-service","timestamp":"2026-05-27T12:07:29.187Z"}
{"lancamento":1434857433,"level":"info","message":"ℹ️ Título CORRE 107627 já estava baixado. Processo ignorado.","service":"btg-baixa-titulos-service","situacao":"BAIXADO","timestamp":"2026-05-27T12:07:29.205Z"}
{"level":"info","message":"🔎 Processando título FRE 108251","service":"btg-baixa-titulos-service","timestamp":"2026-05-27T12:07:29.209Z"}
{"level":"info","message":"🌐 Millennium request: GET /MILLENIUM!JOIN_ONEUP.LANCAMENTOS.CONSULTALANCAMENTOS?cnpj=01.009.793%2F0001-72&n_documento=FRE%20108251","service":"btg-baixa-titulos-service","timestamp":"2026-05-27T12:07:29.209Z"}
{"lancamento":1434857395,"level":"info","message":"ℹ️ Título FRE 108251 já estava baixado. Processo ignorado.","service":"btg-baixa-titulos-service","situacao":"BAIXADO","timestamp":"2026-05-27T12:07:29.226Z"}
{"level":"info","message":"🔎 Processando título 108304","service":"btg-baixa-titulos-service","timestamp":"2026-05-27T12:07:29.230Z"}
{"level":"info","message":"🌐 Millennium request: GET /MILLENIUM!JOIN_ONEUP.LANCAMENTOS.CONSULTALANCAMENTOS?cnpj=07.409.302%2F0001-67&n_documento=108304","service":"btg-baixa-titulos-service","timestamp":"2026-05-27T12:07:29.230Z"}
{"lancamento":1434857621,"level":"info","message":"ℹ️ Título 108304 já estava baixado. Processo ignorado.","service":"btg-baixa-titulos-service","situacao":"BAIXADO","timestamp":"2026-05-27T12:07:29.246Z"}
{"level":"info","message":"🔎 Processando título 106147/B","service":"btg-baixa-titulos-service","timestamp":"2026-05-27T12:07:29.250Z"}
{"level":"info","message":"🌐 Millennium request: GET /MILLENIUM!JOIN_ONEUP.LANCAMENTOS.CONSULTALANCAMENTOS?cnpj=50.649.490%2F0001-20&n_documento=106147%2FB","service":"btg-baixa-titulos-service","timestamp":"2026-05-27T12:07:29.250Z"}
{"lancamento":1434801563,"level":"info","message":"ℹ️ Título 106147/B já estava baixado. Processo ignorado.","service":"btg-baixa-titulos-service","situacao":"BAIXADO","timestamp":"2026-05-27T12:07:29.269Z"}
{"level":"info","message":"🔎 Processando título 106147/C","service":"btg-baixa-titulos-service","timestamp":"2026-05-27T12:07:29.274Z"}
{"level":"info","message":"🌐 Millennium request: GET /MILLENIUM!JOIN_ONEUP.LANCAMENTOS.CONSULTALANCAMENTOS?cnpj=50.649.490%2F0001-20&n_documento=106147%2FC","service":"btg-baixa-titulos-service","timestamp":"2026-05-27T12:07:29.274Z"}
{"lancamento":1434801564,"level":"info","message":"ℹ️ Título 106147/C já estava baixado. Processo ignorado.","service":"btg-baixa-titulos-service","situacao":"BAIXADO","timestamp":"2026-05-27T12:07:29.290Z"}
{"level":"info","message":"🔎 Processando título 106139/B","service":"btg-baixa-titulos-service","timestamp":"2026-05-27T12:07:29.295Z"}
{"level":"info","message":"🌐 Millennium request: GET /MILLENIUM!JOIN_ONEUP.LANCAMENTOS.CONSULTALANCAMENTOS?cnpj=50.649.490%2F0001-20&n_documento=106139%2FB","service":"btg-baixa-titulos-service","timestamp":"2026-05-27T12:07:29.295Z"}
{"lancamento":1434801525,"level":"info","message":"ℹ️ Título 106139/B já estava baixado. Processo ignorado.","service":"btg-baixa-titulos-service","situacao":"BAIXADO","timestamp":"2026-05-27T12:07:29.312Z"}
{"level":"info","message":"🔎 Processando título 106135/C","service":"btg-baixa-titulos-service","timestamp":"2026-05-27T12:07:29.318Z"}
{"level":"info","message":"🌐 Millennium request: GET /MILLENIUM!JOIN_ONEUP.LANCAMENTOS.CONSULTALANCAMENTOS?cnpj=50.649.490%2F0001-20&n_documento=106135%2FC","service":"btg-baixa-titulos-service","timestamp":"2026-05-27T12:07:29.318Z"}
{"lancamento":1434801481,"level":"info","message":"ℹ️ Título 106135/C já estava baixado. Processo ignorado.","service":"btg-baixa-titulos-service","situacao":"BAIXADO","timestamp":"2026-05-27T12:07:29.421Z"}
{"level":"info","message":"🔎 Processando título 106141/B","service":"btg-baixa-titulos-service","timestamp":"2026-05-27T12:07:29.430Z"}
{"level":"info","message":"🌐 Millennium request: GET /MILLENIUM!JOIN_ONEUP.LANCAMENTOS.CONSULTALANCAMENTOS?cnpj=50.649.490%2F0001-20&n_documento=106141%2FB","service":"btg-baixa-titulos-service","timestamp":"2026-05-27T12:07:29.430Z"}
{"lancamento":1434801534,"level":"info","message":"ℹ️ Título 106141/B já estava baixado. Processo ignorado.","service":"btg-baixa-titulos-service","situacao":"BAIXADO","timestamp":"2026-05-27T12:07:29.451Z"}
{"level":"info","message":"🔎 Processando título 106143/C","service":"btg-baixa-titulos-service","timestamp":"2026-05-27T12:07:29.455Z"}
{"level":"info","message":"🌐 Millennium request: GET /MILLENIUM!JOIN_ONEUP.LANCAMENTOS.CONSULTALANCAMENTOS?cnpj=50.649.490%2F0001-20&n_documento=106143%2FC","service":"btg-baixa-titulos-service","timestamp":"2026-05-27T12:07:29.455Z"}
{"lancamento":1434801552,"level":"info","message":"ℹ️ Título 106143/C já estava baixado. Processo ignorado.","service":"btg-baixa-titulos-service","situacao":"BAIXADO","timestamp":"2026-05-27T12:07:29.474Z"}
{"level":"info","message":"🔎 Processando título 106143/B","service":"btg-baixa-titulos-service","timestamp":"2026-05-27T12:07:29.479Z"}
{"level":"info","message":"🌐 Millennium request: GET /MILLENIUM!JOIN_ONEUP.LANCAMENTOS.CONSULTALANCAMENTOS?cnpj=50.649.490%2F0001-20&n_documento=106143%2FB","service":"btg-baixa-titulos-service","timestamp":"2026-05-27T12:07:29.479Z"}
{"lancamento":1434801551,"level":"info","message":"ℹ️ Título 106143/B já estava baixado. Processo ignorado.","service":"btg-baixa-titulos-service","situacao":"BAIXADO","timestamp":"2026-05-27T12:07:29.495Z"}
{"level":"info","message":"🔎 Processando título 106145/B","service":"btg-baixa-titulos-service","timestamp":"2026-05-27T12:07:29.500Z"}
{"level":"info","message":"🌐 Millennium request: GET /MILLENIUM!JOIN_ONEUP.LANCAMENTOS.CONSULTALANCAMENTOS?cnpj=50.649.490%2F0001-20&n_documento=106145%2FB","service":"btg-baixa-titulos-service","timestamp":"2026-05-27T12:07:29.500Z"}
{"lancamento":1434801556,"level":"info","message":"ℹ️ Título 106145/B já estava baixado. Processo ignorado.","service":"btg-baixa-titulos-service","situacao":"BAIXADO","timestamp":"2026-05-27T12:07:29.517Z"}
{"level":"info","message":"🔎 Processando título 106130/B","service":"btg-baixa-titulos-service","timestamp":"2026-05-27T12:07:29.522Z"}
{"level":"info","message":"🌐 Millennium request: GET /MILLENIUM!JOIN_ONEUP.LANCAMENTOS.CONSULTALANCAMENTOS?cnpj=50.649.490%2F0001-20&n_documento=106130%2FB","service":"btg-baixa-titulos-service","timestamp":"2026-05-27T12:07:29.522Z"}
{"lancamento":1434801462,"level":"info","message":"ℹ️ Título 106130/B já estava baixado. Processo ignorado.","service":"btg-baixa-titulos-service","situacao":"BAIXADO","timestamp":"2026-05-27T12:07:29.539Z"}
{"level":"info","message":"🔎 Processando título 106115/A","service":"btg-baixa-titulos-service","timestamp":"2026-05-27T12:07:29.543Z"}
{"level":"info","message":"🌐 Millennium request: GET /MILLENIUM!JOIN_ONEUP.LANCAMENTOS.CONSULTALANCAMENTOS?cnpj=47.485.403%2F0001-31&n_documento=106115%2FA","service":"btg-baixa-titulos-service","timestamp":"2026-05-27T12:07:29.543Z"}
{"lancamento":1434801385,"level":"info","message":"ℹ️ Título 106115/A já estava baixado. Processo ignorado.","service":"btg-baixa-titulos-service","situacao":"BAIXADO","timestamp":"2026-05-27T12:07:29.561Z"}
{"level":"info","message":"🔎 Processando título 106115/B","service":"btg-baixa-titulos-service","timestamp":"2026-05-27T12:07:29.564Z"}
{"level":"info","message":"🌐 Millennium request: GET /MILLENIUM!JOIN_ONEUP.LANCAMENTOS.CONSULTALANCAMENTOS?cnpj=47.485.403%2F0001-31&n_documento=106115%2FB","service":"btg-baixa-titulos-service","timestamp":"2026-05-27T12:07:29.564Z"}
{"lancamento":1434801386,"level":"info","message":"ℹ️ Título 106115/B já estava baixado. Processo ignorado.","service":"btg-baixa-titulos-service","situacao":"BAIXADO","timestamp":"2026-05-27T12:07:29.580Z"}
{"level":"info","message":"🔎 Processando título 106117/B","service":"btg-baixa-titulos-service","timestamp":"2026-05-27T12:07:29.584Z"}
{"level":"info","message":"🌐 Millennium request: GET /MILLENIUM!JOIN_ONEUP.LANCAMENTOS.CONSULTALANCAMENTOS?cnpj=47.485.403%2F0001-31&n_documento=106117%2FB","service":"btg-baixa-titulos-service","timestamp":"2026-05-27T12:07:29.584Z"}
{"lancamento":1434801392,"level":"info","message":"ℹ️ Título 106117/B já estava baixado. Processo ignorado.","service":"btg-baixa-titulos-service","situacao":"BAIXADO","timestamp":"2026-05-27T12:07:29.603Z"}
{"level":"info","message":"🔎 Processando título 106121/C","service":"btg-baixa-titulos-service","timestamp":"2026-05-27T12:07:29.607Z"}
{"level":"info","message":"🌐 Millennium request: GET /MILLENIUM!JOIN_ONEUP.LANCAMENTOS.CONSULTALANCAMENTOS?cnpj=47.485.403%2F0001-31&n_documento=106121%2FC","service":"btg-baixa-titulos-service","timestamp":"2026-05-27T12:07:29.607Z"}
{"lancamento":1434801426,"level":"info","message":"ℹ️ Título 106121/C já estava baixado. Processo ignorado.","service":"btg-baixa-titulos-service","situacao":"BAIXADO","timestamp":"2026-05-27T12:07:29.623Z"}
{"level":"info","message":"🔎 Processando título 106121/B","service":"btg-baixa-titulos-service","timestamp":"2026-05-27T12:07:29.628Z"}
{"level":"info","message":"🌐 Millennium request: GET /MILLENIUM!JOIN_ONEUP.LANCAMENTOS.CONSULTALANCAMENTOS?cnpj=47.485.403%2F0001-31&n_documento=106121%2FB","service":"btg-baixa-titulos-service","timestamp":"2026-05-27T12:07:29.628Z"}
{"lancamento":1434801425,"level":"info","message":"ℹ️ Título 106121/B já estava baixado. Processo ignorado.","service":"btg-baixa-titulos-service","situacao":"BAIXADO","timestamp":"2026-05-27T12:07:29.645Z"}
{"level":"info","message":"🔎 Processando título 106120/B","service":"btg-baixa-titulos-service","timestamp":"2026-05-27T12:07:29.648Z"}
{"level":"info","message":"🌐 Millennium request: GET /MILLENIUM!JOIN_ONEUP.LANCAMENTOS.CONSULTALANCAMENTOS?cnpj=47.485.403%2F0001-31&n_documento=106120%2FB","service":"btg-baixa-titulos-service","timestamp":"2026-05-27T12:07:29.649Z"}
{"lancamento":1434801418,"level":"info","message":"ℹ️ Título 106120/B já estava baixado. Processo ignorado.","service":"btg-baixa-titulos-service","situacao":"BAIXADO","timestamp":"2026-05-27T12:07:29.671Z"}
{"level":"info","message":"🔎 Processando título 109075/C","service":"btg-baixa-titulos-service","timestamp":"2026-05-27T12:07:29.674Z"}
{"level":"info","message":"🌐 Millennium request: GET /MILLENIUM!JOIN_ONEUP.LANCAMENTOS.CONSULTALANCAMENTOS?cnpj=01.329.811%2F0001-01&n_documento=109075%2FC","service":"btg-baixa-titulos-service","timestamp":"2026-05-27T12:07:29.674Z"}
{"erro":"Título não localizado: 109075/C","level":"error","message":"❌ Erro no título 109075/C","service":"btg-baixa-titulos-service","status":"ERRO_CONSULTA","timestamp":"2026-05-27T12:07:29.687Z"}
{"level":"info","message":"🔎 Processando título RA-06-11","service":"btg-baixa-titulos-service","timestamp":"2026-05-27T12:07:29.691Z"}
{"level":"info","message":"🌐 Millennium request: GET /MILLENIUM!JOIN_ONEUP.LANCAMENTOS.CONSULTALANCAMENTOS?cnpj=01.329.811%2F0001-01&n_documento=RA-06-11","service":"btg-baixa-titulos-service","timestamp":"2026-05-27T12:07:29.691Z"}
{"erro":"Título não localizado: RA-06-11","level":"error","message":"❌ Erro no título RA-06-11","service":"btg-baixa-titulos-service","status":"ERRO_CONSULTA","timestamp":"2026-05-27T12:07:29.709Z"}
{"level":"info","message":"🔎 Processando título 107627/D","service":"btg-baixa-titulos-service","timestamp":"2026-05-27T12:07:29.714Z"}
{"level":"info","message":"🌐 Millennium request: GET /MILLENIUM!JOIN_ONEUP.LANCAMENTOS.CONSULTALANCAMENTOS?cnpj=57.408.548%2F0001-92&n_documento=107627%2FD","service":"btg-baixa-titulos-service","timestamp":"2026-05-27T12:07:29.714Z"}
{"lancamento":1434808247,"level":"info","message":"ℹ️ Título 107627/D já estava baixado. Processo ignorado.","service":"btg-baixa-titulos-service","situacao":"BAIXADO","timestamp":"2026-05-27T12:07:29.732Z"}
{"level":"info","message":"🔎 Processando título 108317/F","service":"btg-baixa-titulos-service","timestamp":"2026-05-27T12:07:29.735Z"}
{"level":"info","message":"🌐 Millennium request: GET /MILLENIUM!JOIN_ONEUP.LANCAMENTOS.CONSULTALANCAMENTOS?cnpj=03.294.992%2F0001-03&n_documento=108317%2FF","service":"btg-baixa-titulos-service","timestamp":"2026-05-27T12:07:29.735Z"}
{"lancamento":1434850308,"level":"info","message":"ℹ️ Título 108317/F já estava baixado. Processo ignorado.","service":"btg-baixa-titulos-service","situacao":"BAIXADO","timestamp":"2026-05-27T12:07:29.751Z"}
{"level":"info","message":"🔎 Processando título 108331/C","service":"btg-baixa-titulos-service","timestamp":"2026-05-27T12:07:29.755Z"}
{"level":"info","message":"🌐 Millennium request: GET /MILLENIUM!JOIN_ONEUP.LANCAMENTOS.CONSULTALANCAMENTOS?cnpj=47.485.403%2F0001-31&n_documento=108331%2FC","service":"btg-baixa-titulos-service","timestamp":"2026-05-27T12:07:29.755Z"}
{"lancamento":1434850370,"level":"info","message":"ℹ️ Título 108331/C já estava baixado. Processo ignorado.","service":"btg-baixa-titulos-service","situacao":"BAIXADO","timestamp":"2026-05-27T12:07:29.772Z"}
{"level":"info","message":"🔎 Processando título 108328/C","service":"btg-baixa-titulos-service","timestamp":"2026-05-27T12:07:29.775Z"}
{"level":"info","message":"🌐 Millennium request: GET /MILLENIUM!JOIN_ONEUP.LANCAMENTOS.CONSULTALANCAMENTOS?cnpj=59.205.187%2F0001-02&n_documento=108328%2FC","service":"btg-baixa-titulos-service","timestamp":"2026-05-27T12:07:29.776Z"}
{"lancamento":1434850363,"level":"info","message":"ℹ️ Título 108328/C já estava baixado. Processo ignorado.","service":"btg-baixa-titulos-service","situacao":"BAIXADO","timestamp":"2026-05-27T12:07:29.789Z"}
{"level":"info","message":"🔎 Processando título 108327/C","service":"btg-baixa-titulos-service","timestamp":"2026-05-27T12:07:29.795Z"}
{"level":"info","message":"🌐 Millennium request: GET /MILLENIUM!JOIN_ONEUP.LANCAMENTOS.CONSULTALANCAMENTOS?cnpj=73.652.158%2F0001-10&n_documento=108327%2FC","service":"btg-baixa-titulos-service","timestamp":"2026-05-27T12:07:29.795Z"}
{"lancamento":1434850357,"level":"info","message":"ℹ️ Título 108327/C já estava baixado. Processo ignorado.","service":"btg-baixa-titulos-service","situacao":"BAIXADO","timestamp":"2026-05-27T12:07:29.825Z"}
{"level":"info","message":"🔎 Processando título 108326/C","service":"btg-baixa-titulos-service","timestamp":"2026-05-27T12:07:29.829Z"}
{"level":"info","message":"🌐 Millennium request: GET /MILLENIUM!JOIN_ONEUP.LANCAMENTOS.CONSULTALANCAMENTOS?cnpj=96.609.490%2F0001-05&n_documento=108326%2FC","service":"btg-baixa-titulos-service","timestamp":"2026-05-27T12:07:29.829Z"}
{"lancamento":1434850354,"level":"info","message":"ℹ️ Título 108326/C já estava baixado. Processo ignorado.","service":"btg-baixa-titulos-service","situacao":"BAIXADO","timestamp":"2026-05-27T12:07:29.845Z"}
{"level":"info","message":"🔎 Processando título 108323/C","service":"btg-baixa-titulos-service","timestamp":"2026-05-27T12:07:29.849Z"}
{"level":"info","message":"🌐 Millennium request: GET /MILLENIUM!JOIN_ONEUP.LANCAMENTOS.CONSULTALANCAMENTOS?cnpj=47.485.403%2F0001-31&n_documento=108323%2FC","service":"btg-baixa-titulos-service","timestamp":"2026-05-27T12:07:29.849Z"}
{"lancamento":1434850342,"level":"info","message":"ℹ️ Título 108323/C já estava baixado. Processo ignorado.","service":"btg-baixa-titulos-service","situacao":"BAIXADO","timestamp":"2026-05-27T12:07:29.944Z"}
{"level":"info","message":"🔎 Processando título 108324/C","service":"btg-baixa-titulos-service","timestamp":"2026-05-27T12:07:29.948Z"}
{"level":"info","message":"🌐 Millennium request: GET /MILLENIUM!JOIN_ONEUP.LANCAMENTOS.CONSULTALANCAMENTOS?cnpj=47.485.403%2F0001-31&n_documento=108324%2FC","service":"btg-baixa-titulos-service","timestamp":"2026-05-27T12:07:29.948Z"}
{"lancamento":1434850351,"level":"info","message":"ℹ️ Título 108324/C já estava baixado. Processo ignorado.","service":"btg-baixa-titulos-service","situacao":"BAIXADO","timestamp":"2026-05-27T12:07:29.970Z"}
{"level":"info","message":"🔎 Processando título 108321/C","service":"btg-baixa-titulos-service","timestamp":"2026-05-27T12:07:29.973Z"}
{"level":"info","message":"🌐 Millennium request: GET /MILLENIUM!JOIN_ONEUP.LANCAMENTOS.CONSULTALANCAMENTOS?cnpj=47.485.403%2F0001-31&n_documento=108321%2FC","service":"btg-baixa-titulos-service","timestamp":"2026-05-27T12:07:29.973Z"}
{"lancamento":1434850333,"level":"info","message":"ℹ️ Título 108321/C já estava baixado. Processo ignorado.","service":"btg-baixa-titulos-service","situacao":"BAIXADO","timestamp":"2026-05-27T12:07:29.991Z"}
{"level":"info","message":"🔎 Processando título 108322/C","service":"btg-baixa-titulos-service","timestamp":"2026-05-27T12:07:29.995Z"}
{"level":"info","message":"🌐 Millennium request: GET /MILLENIUM!JOIN_ONEUP.LANCAMENTOS.CONSULTALANCAMENTOS?cnpj=47.485.403%2F0001-31&n_documento=108322%2FC","service":"btg-baixa-titulos-service","timestamp":"2026-05-27T12:07:29.995Z"}
{"lancamento":1434850337,"level":"info","message":"ℹ️ Título 108322/C já estava baixado. Processo ignorado.","service":"btg-baixa-titulos-service","situacao":"BAIXADO","timestamp":"2026-05-27T12:07:30.010Z"}
{"level":"info","message":"🔎 Processando título 108320/C","service":"btg-baixa-titulos-service","timestamp":"2026-05-27T12:07:30.014Z"}
{"level":"info","message":"🌐 Millennium request: GET /MILLENIUM!JOIN_ONEUP.LANCAMENTOS.CONSULTALANCAMENTOS?cnpj=47.485.403%2F0001-31&n_documento=108320%2FC","service":"btg-baixa-titulos-service","timestamp":"2026-05-27T12:07:30.014Z"}
{"lancamento":1434850328,"level":"info","message":"ℹ️ Título 108320/C já estava baixado. Processo ignorado.","service":"btg-baixa-titulos-service","situacao":"BAIXADO","timestamp":"2026-05-27T12:07:30.031Z"}
{"level":"info","message":"🔎 Processando título 108318/C","service":"btg-baixa-titulos-service","timestamp":"2026-05-27T12:07:30.035Z"}
{"level":"info","message":"🌐 Millennium request: GET /MILLENIUM!JOIN_ONEUP.LANCAMENTOS.CONSULTALANCAMENTOS?cnpj=50.649.490%2F0001-20&n_documento=108318%2FC","service":"btg-baixa-titulos-service","timestamp":"2026-05-27T12:07:30.035Z"}
{"lancamento":1434850324,"level":"info","message":"ℹ️ Título 108318/C já estava baixado. Processo ignorado.","service":"btg-baixa-titulos-service","situacao":"BAIXADO","timestamp":"2026-05-27T12:07:30.051Z"}
{"level":"info","message":"🔎 Processando título 108317/E","service":"btg-baixa-titulos-service","timestamp":"2026-05-27T12:07:30.054Z"}
{"level":"info","message":"🌐 Millennium request: GET /MILLENIUM!JOIN_ONEUP.LANCAMENTOS.CONSULTALANCAMENTOS?cnpj=03.294.992%2F0001-03&n_documento=108317%2FE","service":"btg-baixa-titulos-service","timestamp":"2026-05-27T12:07:30.055Z"}
{"lancamento":1434850307,"level":"info","message":"ℹ️ Título 108317/E já estava baixado. Processo ignorado.","service":"btg-baixa-titulos-service","situacao":"BAIXADO","timestamp":"2026-05-27T12:07:30.071Z"}
{"level":"info","message":"🔎 Processando título 108313/C","service":"btg-baixa-titulos-service","timestamp":"2026-05-27T12:07:30.075Z"}
{"level":"info","message":"🌐 Millennium request: GET /MILLENIUM!JOIN_ONEUP.LANCAMENTOS.CONSULTALANCAMENTOS?cnpj=22.031.998%2F0001-24&n_documento=108313%2FC","service":"btg-baixa-titulos-service","timestamp":"2026-05-27T12:07:30.075Z"}
{"lancamento":1434850291,"level":"info","message":"ℹ️ Título 108313/C já estava baixado. Processo ignorado.","service":"btg-baixa-titulos-service","situacao":"BAIXADO","timestamp":"2026-05-27T12:07:30.090Z"}
{"level":"info","message":"🔎 Processando título 108315/C","service":"btg-baixa-titulos-service","timestamp":"2026-05-27T12:07:30.093Z"}
{"level":"info","message":"🌐 Millennium request: GET /MILLENIUM!JOIN_ONEUP.LANCAMENTOS.CONSULTALANCAMENTOS?cnpj=06.181.589%2F0001-58&n_documento=108315%2FC","service":"btg-baixa-titulos-service","timestamp":"2026-05-27T12:07:30.093Z"}
{"lancamento":1434850298,"level":"info","message":"ℹ️ Título 108315/C já estava baixado. Processo ignorado.","service":"btg-baixa-titulos-service","situacao":"BAIXADO","timestamp":"2026-05-27T12:07:30.109Z"}
{"level":"info","message":"🔎 Processando título 108306/C","service":"btg-baixa-titulos-service","timestamp":"2026-05-27T12:07:30.113Z"}
{"level":"info","message":"🌐 Millennium request: GET /MILLENIUM!JOIN_ONEUP.LANCAMENTOS.CONSULTALANCAMENTOS?cnpj=00.768.271%2F0001-91&n_documento=108306%2FC","service":"btg-baixa-titulos-service","timestamp":"2026-05-27T12:07:30.113Z"}
{"lancamento":1434850219,"level":"info","message":"ℹ️ Título 108306/C já estava baixado. Processo ignorado.","service":"btg-baixa-titulos-service","situacao":"BAIXADO","timestamp":"2026-05-27T12:07:30.131Z"}
{"level":"info","message":"🔎 Processando título 108310/C","service":"btg-baixa-titulos-service","timestamp":"2026-05-27T12:07:30.135Z"}
{"level":"info","message":"🌐 Millennium request: GET /MILLENIUM!JOIN_ONEUP.LANCAMENTOS.CONSULTALANCAMENTOS?cnpj=03.247.651%2F0001-79&n_documento=108310%2FC","service":"btg-baixa-titulos-service","timestamp":"2026-05-27T12:07:30.135Z"}
{"lancamento":1434850286,"level":"info","message":"ℹ️ Título 108310/C já estava baixado. Processo ignorado.","service":"btg-baixa-titulos-service","situacao":"BAIXADO","timestamp":"2026-05-27T12:07:30.152Z"}
{"level":"info","message":"🔎 Processando título 108253/C","service":"btg-baixa-titulos-service","timestamp":"2026-05-27T12:07:30.157Z"}
{"level":"info","message":"🌐 Millennium request: GET /MILLENIUM!JOIN_ONEUP.LANCAMENTOS.CONSULTALANCAMENTOS?cnpj=57.408.548%2F0001-92&n_documento=108253%2FC","service":"btg-baixa-titulos-service","timestamp":"2026-05-27T12:07:30.157Z"}
{"lancamento":1434850049,"level":"info","message":"ℹ️ Título 108253/C já estava baixado. Processo ignorado.","service":"btg-baixa-titulos-service","situacao":"BAIXADO","timestamp":"2026-05-27T12:07:30.174Z"}
{"level":"info","message":"🔎 Processando título 108304/C","service":"btg-baixa-titulos-service","timestamp":"2026-05-27T12:07:30.178Z"}
{"level":"info","message":"🌐 Millennium request: GET /MILLENIUM!JOIN_ONEUP.LANCAMENTOS.CONSULTALANCAMENTOS?cnpj=07.409.302%2F0001-67&n_documento=108304%2FC","service":"btg-baixa-titulos-service","timestamp":"2026-05-27T12:07:30.178Z"}
{"lancamento":1434850214,"level":"info","message":"ℹ️ Título 108304/C já estava baixado. Processo ignorado.","service":"btg-baixa-titulos-service","situacao":"BAIXADO","timestamp":"2026-05-27T12:07:30.194Z"}
{"level":"info","message":"🔎 Processando título 108226/C","service":"btg-baixa-titulos-service","timestamp":"2026-05-27T12:07:30.197Z"}
{"level":"info","message":"🌐 Millennium request: GET /MILLENIUM!JOIN_ONEUP.LANCAMENTOS.CONSULTALANCAMENTOS?cnpj=50.649.490%2F0001-20&n_documento=108226%2FC","service":"btg-baixa-titulos-service","timestamp":"2026-05-27T12:07:30.197Z"}
{"lancamento":1434849909,"level":"info","message":"ℹ️ Título 108226/C já estava baixado. Processo ignorado.","service":"btg-baixa-titulos-service","situacao":"BAIXADO","timestamp":"2026-05-27T12:07:30.214Z"}
{"level":"info","message":"🔎 Processando título 108252/C","service":"btg-baixa-titulos-service","timestamp":"2026-05-27T12:07:30.218Z"}
{"level":"info","message":"🌐 Millennium request: GET /MILLENIUM!JOIN_ONEUP.LANCAMENTOS.CONSULTALANCAMENTOS?cnpj=44.999.259%2F0001-63&n_documento=108252%2FC","service":"btg-baixa-titulos-service","timestamp":"2026-05-27T12:07:30.218Z"}
{"lancamento":1434850044,"level":"info","message":"ℹ️ Título 108252/C já estava baixado. Processo ignorado.","service":"btg-baixa-titulos-service","situacao":"BAIXADO","timestamp":"2026-05-27T12:07:30.235Z"}
{"level":"info","message":"🔎 Processando título 108225/C","service":"btg-baixa-titulos-service","timestamp":"2026-05-27T12:07:30.240Z"}
{"level":"info","message":"🌐 Millennium request: GET /MILLENIUM!JOIN_ONEUP.LANCAMENTOS.CONSULTALANCAMENTOS?cnpj=50.649.490%2F0001-20&n_documento=108225%2FC","service":"btg-baixa-titulos-service","timestamp":"2026-05-27T12:07:30.240Z"}
{"lancamento":1434849896,"level":"info","message":"ℹ️ Título 108225/C já estava baixado. Processo ignorado.","service":"btg-baixa-titulos-service","situacao":"BAIXADO","timestamp":"2026-05-27T12:07:30.257Z"}
{"level":"info","message":"🔎 Processando título 108222/C","service":"btg-baixa-titulos-service","timestamp":"2026-05-27T12:07:30.261Z"}
{"level":"info","message":"🌐 Millennium request: GET /MILLENIUM!JOIN_ONEUP.LANCAMENTOS.CONSULTALANCAMENTOS?cnpj=50.649.490%2F0001-20&n_documento=108222%2FC","service":"btg-baixa-titulos-service","timestamp":"2026-05-27T12:07:30.261Z"}
{"lancamento":1434849890,"level":"info","message":"ℹ️ Título 108222/C já estava baixado. Processo ignorado.","service":"btg-baixa-titulos-service","situacao":"BAIXADO","timestamp":"2026-05-27T12:07:30.279Z"}
{"level":"info","message":"🔎 Processando título 108224/C","service":"btg-baixa-titulos-service","timestamp":"2026-05-27T12:07:30.282Z"}
{"level":"info","message":"🌐 Millennium request: GET /MILLENIUM!JOIN_ONEUP.LANCAMENTOS.CONSULTALANCAMENTOS?cnpj=50.649.490%2F0001-20&n_documento=108224%2FC","service":"btg-baixa-titulos-service","timestamp":"2026-05-27T12:07:30.283Z"}
{"lancamento":1434849893,"level":"info","message":"ℹ️ Título 108224/C já estava baixado. Processo ignorado.","service":"btg-baixa-titulos-service","situacao":"BAIXADO","timestamp":"2026-05-27T12:07:30.296Z"}
{"level":"info","message":"🔎 Processando título 108327/E","service":"btg-baixa-titulos-service","timestamp":"2026-05-27T12:07:30.300Z"}
{"level":"info","message":"🌐 Millennium request: GET /MILLENIUM!JOIN_ONEUP.LANCAMENTOS.CONSULTALANCAMENTOS?cnpj=73.652.158%2F0001-10&n_documento=108327%2FE","service":"btg-baixa-titulos-service","timestamp":"2026-05-27T12:07:30.300Z"}
{"lancamento":1434850359,"level":"info","message":"ℹ️ Título 108327/E já estava baixado. Processo ignorado.","service":"btg-baixa-titulos-service","situacao":"BAIXADO","timestamp":"2026-05-27T12:07:30.317Z"}
{"level":"info","message":"🔎 Processando título 108219/C","service":"btg-baixa-titulos-service","timestamp":"2026-05-27T12:07:30.321Z"}
{"level":"info","message":"🌐 Millennium request: GET /MILLENIUM!JOIN_ONEUP.LANCAMENTOS.CONSULTALANCAMENTOS?cnpj=50.649.490%2F0001-20&n_documento=108219%2FC","service":"btg-baixa-titulos-service","timestamp":"2026-05-27T12:07:30.321Z"}
{"lancamento":1434849879,"level":"info","message":"ℹ️ Título 108219/C já estava baixado. Processo ignorado.","service":"btg-baixa-titulos-service","situacao":"BAIXADO","timestamp":"2026-05-27T12:07:30.338Z"}
{"level":"info","message":"🔎 Processando título 108221/C","service":"btg-baixa-titulos-service","timestamp":"2026-05-27T12:07:30.342Z"}
{"level":"info","message":"🌐 Millennium request: GET /MILLENIUM!JOIN_ONEUP.LANCAMENTOS.CONSULTALANCAMENTOS?cnpj=50.649.490%2F0001-20&n_documento=108221%2FC","service":"btg-baixa-titulos-service","timestamp":"2026-05-27T12:07:30.342Z"}
{"lancamento":1434849887,"level":"info","message":"ℹ️ Título 108221/C já estava baixado. Processo ignorado.","service":"btg-baixa-titulos-service","situacao":"BAIXADO","timestamp":"2026-05-27T12:07:30.359Z"}
{"level":"info","message":"🔎 Processando título 108317/I","service":"btg-baixa-titulos-service","timestamp":"2026-05-27T12:07:30.362Z"}
{"level":"info","message":"🌐 Millennium request: GET /MILLENIUM!JOIN_ONEUP.LANCAMENTOS.CONSULTALANCAMENTOS?cnpj=03.294.992%2F0001-03&n_documento=108317%2FI","service":"btg-baixa-titulos-service","timestamp":"2026-05-27T12:07:30.362Z"}
{"lancamento":1434850311,"level":"info","message":"ℹ️ Título 108317/I já estava baixado. Processo ignorado.","service":"btg-baixa-titulos-service","situacao":"BAIXADO","timestamp":"2026-05-27T12:07:30.377Z"}
{"level":"info","message":"🔎 Processando título 108315/E","service":"btg-baixa-titulos-service","timestamp":"2026-05-27T12:07:30.381Z"}
{"level":"info","message":"🌐 Millennium request: GET /MILLENIUM!JOIN_ONEUP.LANCAMENTOS.CONSULTALANCAMENTOS?cnpj=06.181.589%2F0001-58&n_documento=108315%2FE","service":"btg-baixa-titulos-service","timestamp":"2026-05-27T12:07:30.381Z"}
{"lancamento":1434850300,"level":"info","message":"ℹ️ Título 108315/E já estava baixado. Processo ignorado.","service":"btg-baixa-titulos-service","situacao":"BAIXADO","timestamp":"2026-05-27T12:07:30.483Z"}
{"level":"info","message":"🔎 Processando título 108157/C","service":"btg-baixa-titulos-service","timestamp":"2026-05-27T12:07:30.493Z"}
{"level":"info","message":"🌐 Millennium request: GET /MILLENIUM!JOIN_ONEUP.LANCAMENTOS.CONSULTALANCAMENTOS?cnpj=03.294.992%2F0001-03&n_documento=108157%2FC","service":"btg-baixa-titulos-service","timestamp":"2026-05-27T12:07:30.493Z"}
{"lancamento":1434849583,"level":"info","message":"ℹ️ Título 108157/C já estava baixado. Processo ignorado.","service":"btg-baixa-titulos-service","situacao":"BAIXADO","timestamp":"2026-05-27T12:07:30.510Z"}
{"level":"info","message":"🔎 Processando título 108156/C","service":"btg-baixa-titulos-service","timestamp":"2026-05-27T12:07:30.517Z"}
{"level":"info","message":"🌐 Millennium request: GET /MILLENIUM!JOIN_ONEUP.LANCAMENTOS.CONSULTALANCAMENTOS?cnpj=57.408.548%2F0001-92&n_documento=108156%2FC","service":"btg-baixa-titulos-service","timestamp":"2026-05-27T12:07:30.517Z"}
{"lancamento":1434849579,"level":"info","message":"ℹ️ Título 108156/C já estava baixado. Processo ignorado.","service":"btg-baixa-titulos-service","situacao":"BAIXADO","timestamp":"2026-05-27T12:07:30.534Z"}
{"level":"info","message":"🔎 Processando título 108310/E","service":"btg-baixa-titulos-service","timestamp":"2026-05-27T12:07:30.538Z"}
{"level":"info","message":"🌐 Millennium request: GET /MILLENIUM!JOIN_ONEUP.LANCAMENTOS.CONSULTALANCAMENTOS?cnpj=03.247.651%2F0001-79&n_documento=108310%2FE","service":"btg-baixa-titulos-service","timestamp":"2026-05-27T12:07:30.538Z"}
{"lancamento":1434850288,"level":"info","message":"ℹ️ Título 108310/E já estava baixado. Processo ignorado.","service":"btg-baixa-titulos-service","situacao":"BAIXADO","timestamp":"2026-05-27T12:07:30.556Z"}
{"level":"info","message":"🔎 Processando título 107660/C","service":"btg-baixa-titulos-service","timestamp":"2026-05-27T12:07:30.560Z"}
{"level":"info","message":"🌐 Millennium request: GET /MILLENIUM!JOIN_ONEUP.LANCAMENTOS.CONSULTALANCAMENTOS?cnpj=57.408.548%2F0001-92&n_documento=107660%2FC","service":"btg-baixa-titulos-service","timestamp":"2026-05-27T12:07:30.560Z"}
{"lancamento":1434808277,"level":"info","message":"ℹ️ Título 107660/C já estava baixado. Processo ignorado.","service":"btg-baixa-titulos-service","situacao":"BAIXADO","timestamp":"2026-05-27T12:07:30.585Z"}
{"level":"info","message":"🔎 Processando título 108252/E","service":"btg-baixa-titulos-service","timestamp":"2026-05-27T12:07:30.589Z"}
{"level":"info","message":"🌐 Millennium request: GET /MILLENIUM!JOIN_ONEUP.LANCAMENTOS.CONSULTALANCAMENTOS?cnpj=44.999.259%2F0001-63&n_documento=108252%2FE","service":"btg-baixa-titulos-service","timestamp":"2026-05-27T12:07:30.589Z"}
{"lancamento":1434850046,"level":"info","message":"ℹ️ Título 108252/E já estava baixado. Processo ignorado.","service":"btg-baixa-titulos-service","situacao":"BAIXADO","timestamp":"2026-05-27T12:07:30.608Z"}
{"level":"info","message":"🔎 Processando título 108157/E","service":"btg-baixa-titulos-service","timestamp":"2026-05-27T12:07:30.613Z"}
{"level":"info","message":"🌐 Millennium request: GET /MILLENIUM!JOIN_ONEUP.LANCAMENTOS.CONSULTALANCAMENTOS?cnpj=03.294.992%2F0001-03&n_documento=108157%2FE","service":"btg-baixa-titulos-service","timestamp":"2026-05-27T12:07:30.613Z"}
{"lancamento":1434849585,"level":"info","message":"ℹ️ Título 108157/E já estava baixado. Processo ignorado.","service":"btg-baixa-titulos-service","situacao":"BAIXADO","timestamp":"2026-05-27T12:07:30.629Z"}
{"level":"info","message":"🔎 Processando título 108020/C","service":"btg-baixa-titulos-service","timestamp":"2026-05-27T12:07:30.633Z"}
{"level":"info","message":"🌐 Millennium request: GET /MILLENIUM!JOIN_ONEUP.LANCAMENTOS.CONSULTALANCAMENTOS?cnpj=57.408.548%2F0001-92&n_documento=108020%2FC","service":"btg-baixa-titulos-service","timestamp":"2026-05-27T12:07:30.633Z"}
{"lancamento":1434848920,"level":"info","message":"ℹ️ Título 108020/C já estava baixado. Processo ignorado.","service":"btg-baixa-titulos-service","situacao":"BAIXADO","timestamp":"2026-05-27T12:07:30.649Z"}
{"level":"info","message":"🔎 Processando título 107627/C","service":"btg-baixa-titulos-service","timestamp":"2026-05-27T12:07:30.653Z"}
{"level":"info","message":"🌐 Millennium request: GET /MILLENIUM!JOIN_ONEUP.LANCAMENTOS.CONSULTALANCAMENTOS?cnpj=57.408.548%2F0001-92&n_documento=107627%2FC","service":"btg-baixa-titulos-service","timestamp":"2026-05-27T12:07:30.653Z"}
{"lancamento":1434808246,"level":"info","message":"ℹ️ Título 107627/C já estava baixado. Processo ignorado.","service":"btg-baixa-titulos-service","situacao":"BAIXADO","timestamp":"2026-05-27T12:07:30.670Z"}
{"level":"info","message":"🔎 Processando título 108317/H","service":"btg-baixa-titulos-service","timestamp":"2026-05-27T12:07:30.674Z"}
{"level":"info","message":"🌐 Millennium request: GET /MILLENIUM!JOIN_ONEUP.LANCAMENTOS.CONSULTALANCAMENTOS?cnpj=03.294.992%2F0001-03&n_documento=108317%2FH","service":"btg-baixa-titulos-service","timestamp":"2026-05-27T12:07:30.674Z"}
{"lancamento":1434850310,"level":"info","message":"ℹ️ Título 108317/H já estava baixado. Processo ignorado.","service":"btg-baixa-titulos-service","situacao":"BAIXADO","timestamp":"2026-05-27T12:07:30.692Z"}
{"level":"info","message":"🔎 Processando título 108317/D","service":"btg-baixa-titulos-service","timestamp":"2026-05-27T12:07:30.698Z"}
{"level":"info","message":"🌐 Millennium request: GET /MILLENIUM!JOIN_ONEUP.LANCAMENTOS.CONSULTALANCAMENTOS?cnpj=03.294.992%2F0001-03&n_documento=108317%2FD","service":"btg-baixa-titulos-service","timestamp":"2026-05-27T12:07:30.698Z"}
{"lancamento":1434850306,"level":"info","message":"ℹ️ Título 108317/D já estava baixado. Processo ignorado.","service":"btg-baixa-titulos-service","situacao":"BAIXADO","timestamp":"2026-05-27T12:07:30.719Z"}
{"level":"info","message":"🔎 Processando título 108327/D","service":"btg-baixa-titulos-service","timestamp":"2026-05-27T12:07:30.728Z"}
{"level":"info","message":"🌐 Millennium request: GET /MILLENIUM!JOIN_ONEUP.LANCAMENTOS.CONSULTALANCAMENTOS?cnpj=73.652.158%2F0001-10&n_documento=108327%2FD","service":"btg-baixa-titulos-service","timestamp":"2026-05-27T12:07:30.728Z"}
{"lancamento":1434850358,"level":"info","message":"ℹ️ Título 108327/D já estava baixado. Processo ignorado.","service":"btg-baixa-titulos-service","situacao":"BAIXADO","timestamp":"2026-05-27T12:07:30.746Z"}
{"level":"info","message":"🔎 Processando título 108315/B","service":"btg-baixa-titulos-service","timestamp":"2026-05-27T12:07:30.749Z"}
{"level":"info","message":"🌐 Millennium request: GET /MILLENIUM!JOIN_ONEUP.LANCAMENTOS.CONSULTALANCAMENTOS?cnpj=06.181.589%2F0001-58&n_documento=108315%2FB","service":"btg-baixa-titulos-service","timestamp":"2026-05-27T12:07:30.749Z"}
{"lancamento":1434850297,"level":"info","message":"ℹ️ Título 108315/B já estava baixado. Processo ignorado.","service":"btg-baixa-titulos-service","situacao":"BAIXADO","timestamp":"2026-05-27T12:07:30.766Z"}
{"level":"info","message":"🔎 Processando título 108317/G","service":"btg-baixa-titulos-service","timestamp":"2026-05-27T12:07:30.769Z"}
{"level":"info","message":"🌐 Millennium request: GET /MILLENIUM!JOIN_ONEUP.LANCAMENTOS.CONSULTALANCAMENTOS?cnpj=03.294.992%2F0001-03&n_documento=108317%2FG","service":"btg-baixa-titulos-service","timestamp":"2026-05-27T12:07:30.769Z"}
{"lancamento":1434850309,"level":"info","message":"ℹ️ Título 108317/G já estava baixado. Processo ignorado.","service":"btg-baixa-titulos-service","situacao":"BAIXADO","timestamp":"2026-05-27T12:07:30.784Z"}
{"level":"info","message":"🔎 Processando título 108327/B","service":"btg-baixa-titulos-service","timestamp":"2026-05-27T12:07:30.787Z"}
{"level":"info","message":"🌐 Millennium request: GET /MILLENIUM!JOIN_ONEUP.LANCAMENTOS.CONSULTALANCAMENTOS?cnpj=73.652.158%2F0001-10&n_documento=108327%2FB","service":"btg-baixa-titulos-service","timestamp":"2026-05-27T12:07:30.787Z"}
{"lancamento":1434850356,"level":"info","message":"ℹ️ Título 108327/B já estava baixado. Processo ignorado.","service":"btg-baixa-titulos-service","situacao":"BAIXADO","timestamp":"2026-05-27T12:07:30.804Z"}
{"level":"info","message":"🔎 Processando título 108317/C","service":"btg-baixa-titulos-service","timestamp":"2026-05-27T12:07:30.807Z"}
{"level":"info","message":"🌐 Millennium request: GET /MILLENIUM!JOIN_ONEUP.LANCAMENTOS.CONSULTALANCAMENTOS?cnpj=03.294.992%2F0001-03&n_documento=108317%2FC","service":"btg-baixa-titulos-service","timestamp":"2026-05-27T12:07:30.807Z"}
{"lancamento":1434850305,"level":"info","message":"ℹ️ Título 108317/C já estava baixado. Processo ignorado.","service":"btg-baixa-titulos-service","situacao":"BAIXADO","timestamp":"2026-05-27T12:07:30.820Z"}
{"level":"info","message":"🔎 Processando título 108315/D","service":"btg-baixa-titulos-service","timestamp":"2026-05-27T12:07:30.823Z"}
{"level":"info","message":"🌐 Millennium request: GET /MILLENIUM!JOIN_ONEUP.LANCAMENTOS.CONSULTALANCAMENTOS?cnpj=06.181.589%2F0001-58&n_documento=108315%2FD","service":"btg-baixa-titulos-service","timestamp":"2026-05-27T12:07:30.823Z"}
{"lancamento":1434850299,"level":"info","message":"ℹ️ Título 108315/D já estava baixado. Processo ignorado.","service":"btg-baixa-titulos-service","situacao":"BAIXADO","timestamp":"2026-05-27T12:07:30.837Z"}
{"level":"info","message":"🔎 Processando título 108253/D","service":"btg-baixa-titulos-service","timestamp":"2026-05-27T12:07:30.840Z"}
{"level":"info","message":"🌐 Millennium request: GET /MILLENIUM!JOIN_ONEUP.LANCAMENTOS.CONSULTALANCAMENTOS?cnpj=57.408.548%2F0001-92&n_documento=108253%2FD","service":"btg-baixa-titulos-service","timestamp":"2026-05-27T12:07:30.840Z"}
{"lancamento":1434850050,"level":"info","message":"ℹ️ Título 108253/D já estava baixado. Processo ignorado.","service":"btg-baixa-titulos-service","situacao":"BAIXADO","timestamp":"2026-05-27T12:07:30.857Z"}
{"level":"info","message":"🔎 Processando título 108306/D","service":"btg-baixa-titulos-service","timestamp":"2026-05-27T12:07:30.860Z"}
{"level":"info","message":"🌐 Millennium request: GET /MILLENIUM!JOIN_ONEUP.LANCAMENTOS.CONSULTALANCAMENTOS?cnpj=00.768.271%2F0001-91&n_documento=108306%2FD","service":"btg-baixa-titulos-service","timestamp":"2026-05-27T12:07:30.860Z"}
{"lancamento":1434850220,"level":"info","message":"ℹ️ Título 108306/D já estava baixado. Processo ignorado.","service":"btg-baixa-titulos-service","situacao":"BAIXADO","timestamp":"2026-05-27T12:07:30.876Z"}
{"level":"info","message":"🔎 Processando título 108310/D","service":"btg-baixa-titulos-service","timestamp":"2026-05-27T12:07:30.879Z"}
{"level":"info","message":"🌐 Millennium request: GET /MILLENIUM!JOIN_ONEUP.LANCAMENTOS.CONSULTALANCAMENTOS?cnpj=03.247.651%2F0001-79&n_documento=108310%2FD","service":"btg-baixa-titulos-service","timestamp":"2026-05-27T12:07:30.879Z"}
{"lancamento":1434850287,"level":"info","message":"ℹ️ Título 108310/D já estava baixado. Processo ignorado.","service":"btg-baixa-titulos-service","situacao":"BAIXADO","timestamp":"2026-05-27T12:07:30.894Z"}
{"level":"info","message":"🔎 Processando título 108310/B","service":"btg-baixa-titulos-service","timestamp":"2026-05-27T12:07:30.897Z"}
{"level":"info","message":"🌐 Millennium request: GET /MILLENIUM!JOIN_ONEUP.LANCAMENTOS.CONSULTALANCAMENTOS?cnpj=03.247.651%2F0001-79&n_documento=108310%2FB","service":"btg-baixa-titulos-service","timestamp":"2026-05-27T12:07:30.897Z"}
{"lancamento":1434850285,"level":"info","message":"ℹ️ Título 108310/B já estava baixado. Processo ignorado.","service":"btg-baixa-titulos-service","situacao":"BAIXADO","timestamp":"2026-05-27T12:07:30.993Z"}
{"level":"info","message":"🔎 Processando título 108306/B","service":"btg-baixa-titulos-service","timestamp":"2026-05-27T12:07:31.001Z"}
{"level":"info","message":"🌐 Millennium request: GET /MILLENIUM!JOIN_ONEUP.LANCAMENTOS.CONSULTALANCAMENTOS?cnpj=00.768.271%2F0001-91&n_documento=108306%2FB","service":"btg-baixa-titulos-service","timestamp":"2026-05-27T12:07:31.001Z"}
{"lancamento":1434850218,"level":"info","message":"ℹ️ Título 108306/B já estava baixado. Processo ignorado.","service":"btg-baixa-titulos-service","situacao":"BAIXADO","timestamp":"2026-05-27T12:07:31.017Z"}
{"level":"info","message":"🔎 Processando título 108252/B","service":"btg-baixa-titulos-service","timestamp":"2026-05-27T12:07:31.022Z"}
{"level":"info","message":"🌐 Millennium request: GET /MILLENIUM!JOIN_ONEUP.LANCAMENTOS.CONSULTALANCAMENTOS?cnpj=44.999.259%2F0001-63&n_documento=108252%2FB","service":"btg-baixa-titulos-service","timestamp":"2026-05-27T12:07:31.022Z"}
{"lancamento":1434850043,"level":"info","message":"ℹ️ Título 108252/B já estava baixado. Processo ignorado.","service":"btg-baixa-titulos-service","situacao":"BAIXADO","timestamp":"2026-05-27T12:07:31.040Z"}
{"level":"info","message":"🔎 Processando título 108252/D","service":"btg-baixa-titulos-service","timestamp":"2026-05-27T12:07:31.045Z"}
{"level":"info","message":"🌐 Millennium request: GET /MILLENIUM!JOIN_ONEUP.LANCAMENTOS.CONSULTALANCAMENTOS?cnpj=44.999.259%2F0001-63&n_documento=108252%2FD","service":"btg-baixa-titulos-service","timestamp":"2026-05-27T12:07:31.045Z"}
{"lancamento":1434850045,"level":"info","message":"ℹ️ Título 108252/D já estava baixado. Processo ignorado.","service":"btg-baixa-titulos-service","situacao":"BAIXADO","timestamp":"2026-05-27T12:07:31.062Z"}
{"level":"info","message":"🔎 Processando título 108253/B","service":"btg-baixa-titulos-service","timestamp":"2026-05-27T12:07:31.066Z"}
{"level":"info","message":"🌐 Millennium request: GET /MILLENIUM!JOIN_ONEUP.LANCAMENTOS.CONSULTALANCAMENTOS?cnpj=57.408.548%2F0001-92&n_documento=108253%2FB","service":"btg-baixa-titulos-service","timestamp":"2026-05-27T12:07:31.066Z"}
{"lancamento":1434850048,"level":"info","message":"ℹ️ Título 108253/B já estava baixado. Processo ignorado.","service":"btg-baixa-titulos-service","situacao":"BAIXADO","timestamp":"2026-05-27T12:07:31.083Z"}
{"level":"info","message":"🔎 Processando título 108157/D","service":"btg-baixa-titulos-service","timestamp":"2026-05-27T12:07:31.087Z"}
{"level":"info","message":"🌐 Millennium request: GET /MILLENIUM!JOIN_ONEUP.LANCAMENTOS.CONSULTALANCAMENTOS?cnpj=03.294.992%2F0001-03&n_documento=108157%2FD","service":"btg-baixa-titulos-service","timestamp":"2026-05-27T12:07:31.087Z"}
{"lancamento":1434849584,"level":"info","message":"ℹ️ Título 108157/D já estava baixado. Processo ignorado.","service":"btg-baixa-titulos-service","situacao":"BAIXADO","timestamp":"2026-05-27T12:07:31.105Z"}
{"level":"info","message":"🔎 Processando título 108020/D","service":"btg-baixa-titulos-service","timestamp":"2026-05-27T12:07:31.110Z"}
{"level":"info","message":"🌐 Millennium request: GET /MILLENIUM!JOIN_ONEUP.LANCAMENTOS.CONSULTALANCAMENTOS?cnpj=57.408.548%2F0001-92&n_documento=108020%2FD","service":"btg-baixa-titulos-service","timestamp":"2026-05-27T12:07:31.110Z"}
{"lancamento":1434848921,"level":"info","message":"ℹ️ Título 108020/D já estava baixado. Processo ignorado.","service":"btg-baixa-titulos-service","situacao":"BAIXADO","timestamp":"2026-05-27T12:07:31.128Z"}
{"level":"info","message":"🔎 Processando título 108328/B","service":"btg-baixa-titulos-service","timestamp":"2026-05-27T12:07:31.134Z"}
{"level":"info","message":"🌐 Millennium request: GET /MILLENIUM!JOIN_ONEUP.LANCAMENTOS.CONSULTALANCAMENTOS?cnpj=59.205.187%2F0001-02&n_documento=108328%2FB","service":"btg-baixa-titulos-service","timestamp":"2026-05-27T12:07:31.135Z"}
{"lancamento":1434850362,"level":"info","message":"ℹ️ Título 108328/B já estava baixado. Processo ignorado.","service":"btg-baixa-titulos-service","situacao":"BAIXADO","timestamp":"2026-05-27T12:07:31.151Z"}
{"level":"info","message":"🔎 Processando título 108331/B","service":"btg-baixa-titulos-service","timestamp":"2026-05-27T12:07:31.156Z"}
{"level":"info","message":"🌐 Millennium request: GET /MILLENIUM!JOIN_ONEUP.LANCAMENTOS.CONSULTALANCAMENTOS?cnpj=47.485.403%2F0001-31&n_documento=108331%2FB","service":"btg-baixa-titulos-service","timestamp":"2026-05-27T12:07:31.156Z"}
{"lancamento":1434850369,"level":"info","message":"ℹ️ Título 108331/B já estava baixado. Processo ignorado.","service":"btg-baixa-titulos-service","situacao":"BAIXADO","timestamp":"2026-05-27T12:07:31.173Z"}
{"level":"info","message":"🔎 Processando título 108326/B","service":"btg-baixa-titulos-service","timestamp":"2026-05-27T12:07:31.176Z"}
{"level":"info","message":"🌐 Millennium request: GET /MILLENIUM!JOIN_ONEUP.LANCAMENTOS.CONSULTALANCAMENTOS?cnpj=96.609.490%2F0001-05&n_documento=108326%2FB","service":"btg-baixa-titulos-service","timestamp":"2026-05-27T12:07:31.176Z"}
{"lancamento":1434850353,"level":"info","message":"ℹ️ Título 108326/B já estava baixado. Processo ignorado.","service":"btg-baixa-titulos-service","situacao":"BAIXADO","timestamp":"2026-05-27T12:07:31.191Z"}
{"level":"info","message":"🔎 Processando título 108156/D","service":"btg-baixa-titulos-service","timestamp":"2026-05-27T12:07:31.196Z"}
{"level":"info","message":"🌐 Millennium request: GET /MILLENIUM!JOIN_ONEUP.LANCAMENTOS.CONSULTALANCAMENTOS?cnpj=57.408.548%2F0001-92&n_documento=108156%2FD","service":"btg-baixa-titulos-service","timestamp":"2026-05-27T12:07:31.197Z"}
{"lancamento":1434849580,"level":"info","message":"ℹ️ Título 108156/D já estava baixado. Processo ignorado.","service":"btg-baixa-titulos-service","situacao":"BAIXADO","timestamp":"2026-05-27T12:07:31.215Z"}
{"level":"info","message":"🔎 Processando título 108323/B","service":"btg-baixa-titulos-service","timestamp":"2026-05-27T12:07:31.219Z"}
{"level":"info","message":"🌐 Millennium request: GET /MILLENIUM!JOIN_ONEUP.LANCAMENTOS.CONSULTALANCAMENTOS?cnpj=47.485.403%2F0001-31&n_documento=108323%2FB","service":"btg-baixa-titulos-service","timestamp":"2026-05-27T12:07:31.219Z"}
{"lancamento":1434850341,"level":"info","message":"ℹ️ Título 108323/B já estava baixado. Processo ignorado.","service":"btg-baixa-titulos-service","situacao":"BAIXADO","timestamp":"2026-05-27T12:07:31.235Z"}
{"level":"info","message":"🔎 Processando título 107660/D","service":"btg-baixa-titulos-service","timestamp":"2026-05-27T12:07:31.239Z"}
{"level":"info","message":"🌐 Millennium request: GET /MILLENIUM!JOIN_ONEUP.LANCAMENTOS.CONSULTALANCAMENTOS?cnpj=57.408.548%2F0001-92&n_documento=107660%2FD","service":"btg-baixa-titulos-service","timestamp":"2026-05-27T12:07:31.239Z"}
{"lancamento":1434808278,"level":"info","message":"ℹ️ Título 107660/D já estava baixado. Processo ignorado.","service":"btg-baixa-titulos-service","situacao":"BAIXADO","timestamp":"2026-05-27T12:07:31.257Z"}
{"level":"info","message":"🔎 Processando título 108324/B","service":"btg-baixa-titulos-service","timestamp":"2026-05-27T12:07:31.261Z"}
{"level":"info","message":"🌐 Millennium request: GET /MILLENIUM!JOIN_ONEUP.LANCAMENTOS.CONSULTALANCAMENTOS?cnpj=47.485.403%2F0001-31&n_documento=108324%2FB","service":"btg-baixa-titulos-service","timestamp":"2026-05-27T12:07:31.261Z"}
{"lancamento":1434850350,"level":"info","message":"ℹ️ Título 108324/B já estava baixado. Processo ignorado.","service":"btg-baixa-titulos-service","situacao":"BAIXADO","timestamp":"2026-05-27T12:07:31.278Z"}
{"level":"info","message":"🔎 Processando título 108320/B","service":"btg-baixa-titulos-service","timestamp":"2026-05-27T12:07:31.282Z"}
{"level":"info","message":"🌐 Millennium request: GET /MILLENIUM!JOIN_ONEUP.LANCAMENTOS.CONSULTALANCAMENTOS?cnpj=47.485.403%2F0001-31&n_documento=108320%2FB","service":"btg-baixa-titulos-service","timestamp":"2026-05-27T12:07:31.282Z"}
{"lancamento":1434850327,"level":"info","message":"ℹ️ Título 108320/B já estava baixado. Processo ignorado.","service":"btg-baixa-titulos-service","situacao":"BAIXADO","timestamp":"2026-05-27T12:07:31.299Z"}
{"level":"info","message":"🔎 Processando título 108318/B","service":"btg-baixa-titulos-service","timestamp":"2026-05-27T12:07:31.304Z"}
{"level":"info","message":"🌐 Millennium request: GET /MILLENIUM!JOIN_ONEUP.LANCAMENTOS.CONSULTALANCAMENTOS?cnpj=50.649.490%2F0001-20&n_documento=108318%2FB","service":"btg-baixa-titulos-service","timestamp":"2026-05-27T12:07:31.304Z"}
{"lancamento":1434850323,"level":"info","message":"ℹ️ Título 108318/B já estava baixado. Processo ignorado.","service":"btg-baixa-titulos-service","situacao":"BAIXADO","timestamp":"2026-05-27T12:07:31.319Z"}
{"level":"info","message":"🔎 Processando título 108313/B","service":"btg-baixa-titulos-service","timestamp":"2026-05-27T12:07:31.324Z"}
{"level":"info","message":"🌐 Millennium request: GET /MILLENIUM!JOIN_ONEUP.LANCAMENTOS.CONSULTALANCAMENTOS?cnpj=22.031.998%2F0001-24&n_documento=108313%2FB","service":"btg-baixa-titulos-service","timestamp":"2026-05-27T12:07:31.324Z"}
{"lancamento":1434850290,"level":"info","message":"ℹ️ Título 108313/B já estava baixado. Processo ignorado.","service":"btg-baixa-titulos-service","situacao":"BAIXADO","timestamp":"2026-05-27T12:07:31.341Z"}
{"level":"info","message":"🔎 Processando título 106806/E","service":"btg-baixa-titulos-service","timestamp":"2026-05-27T12:07:31.345Z"}
{"level":"info","message":"🌐 Millennium request: GET /MILLENIUM!JOIN_ONEUP.LANCAMENTOS.CONSULTALANCAMENTOS?cnpj=44.999.259%2F0001-63&n_documento=106806%2FE","service":"btg-baixa-titulos-service","timestamp":"2026-05-27T12:07:31.345Z"}
{"lancamento":1434804045,"level":"info","message":"ℹ️ Título 106806/E já estava baixado. Processo ignorado.","service":"btg-baixa-titulos-service","situacao":"BAIXADO","timestamp":"2026-05-27T12:07:31.374Z"}
{"level":"info","message":"🔎 Processando título 106806/D","service":"btg-baixa-titulos-service","timestamp":"2026-05-27T12:07:31.378Z"}
{"level":"info","message":"🌐 Millennium request: GET /MILLENIUM!JOIN_ONEUP.LANCAMENTOS.CONSULTALANCAMENTOS?cnpj=44.999.259%2F0001-63&n_documento=106806%2FD","service":"btg-baixa-titulos-service","timestamp":"2026-05-27T12:07:31.378Z"}
{"lancamento":1434804044,"level":"info","message":"ℹ️ Título 106806/D já estava baixado. Processo ignorado.","service":"btg-baixa-titulos-service","situacao":"BAIXADO","timestamp":"2026-05-27T12:07:31.397Z"}
{"level":"info","message":"🔎 Processando título 106806/C","service":"btg-baixa-titulos-service","timestamp":"2026-05-27T12:07:31.402Z"}
{"level":"info","message":"🌐 Millennium request: GET /MILLENIUM!JOIN_ONEUP.LANCAMENTOS.CONSULTALANCAMENTOS?cnpj=44.999.259%2F0001-63&n_documento=106806%2FC","service":"btg-baixa-titulos-service","timestamp":"2026-05-27T12:07:31.402Z"}
{"lancamento":1434804043,"level":"info","message":"ℹ️ Título 106806/C já estava baixado. Processo ignorado.","service":"btg-baixa-titulos-service","situacao":"BAIXADO","timestamp":"2026-05-27T12:07:31.420Z"}
{"level":"info","message":"🔎 Processando título 106806/B","service":"btg-baixa-titulos-service","timestamp":"2026-05-27T12:07:31.424Z"}
{"level":"info","message":"🌐 Millennium request: GET /MILLENIUM!JOIN_ONEUP.LANCAMENTOS.CONSULTALANCAMENTOS?cnpj=44.999.259%2F0001-63&n_documento=106806%2FB","service":"btg-baixa-titulos-service","timestamp":"2026-05-27T12:07:31.424Z"}
{"lancamento":1434804042,"level":"info","message":"ℹ️ Título 106806/B já estava baixado. Processo ignorado.","service":"btg-baixa-titulos-service","situacao":"BAIXADO","timestamp":"2026-05-27T12:07:31.517Z"}
{"level":"info","message":"🔎 Processando título 106806/A","service":"btg-baixa-titulos-service","timestamp":"2026-05-27T12:07:31.527Z"}
{"level":"info","message":"🌐 Millennium request: GET /MILLENIUM!JOIN_ONEUP.LANCAMENTOS.CONSULTALANCAMENTOS?cnpj=44.999.259%2F0001-63&n_documento=106806%2FA","service":"btg-baixa-titulos-service","timestamp":"2026-05-27T12:07:31.528Z"}
{"lancamento":1434804041,"level":"info","message":"ℹ️ Título 106806/A já estava baixado. Processo ignorado.","service":"btg-baixa-titulos-service","situacao":"BAIXADO","timestamp":"2026-05-27T12:07:31.574Z"}
{"level":"info","message":"🔎 Processando título 106709/C","service":"btg-baixa-titulos-service","timestamp":"2026-05-27T12:07:31.581Z"}
{"level":"info","message":"🌐 Millennium request: GET /MILLENIUM!JOIN_ONEUP.LANCAMENTOS.CONSULTALANCAMENTOS?cnpj=00.768.271%2F0001-91&n_documento=106709%2FC","service":"btg-baixa-titulos-service","timestamp":"2026-05-27T12:07:31.581Z"}
{"lancamento":1434803745,"level":"info","message":"ℹ️ Título 106709/C já estava baixado. Processo ignorado.","service":"btg-baixa-titulos-service","situacao":"BAIXADO","timestamp":"2026-05-27T12:07:31.599Z"}
{"level":"info","message":"🔎 Processando título 106709/D","service":"btg-baixa-titulos-service","timestamp":"2026-05-27T12:07:31.606Z"}
{"level":"info","message":"🌐 Millennium request: GET /MILLENIUM!JOIN_ONEUP.LANCAMENTOS.CONSULTALANCAMENTOS?cnpj=00.768.271%2F0001-91&n_documento=106709%2FD","service":"btg-baixa-titulos-service","timestamp":"2026-05-27T12:07:31.606Z"}
{"lancamento":1434803746,"level":"info","message":"ℹ️ Título 106709/D já estava baixado. Processo ignorado.","service":"btg-baixa-titulos-service","situacao":"BAIXADO","timestamp":"2026-05-27T12:07:31.624Z"}
{"level":"info","message":"🔎 Processando título 106709/B","service":"btg-baixa-titulos-service","timestamp":"2026-05-27T12:07:31.628Z"}
{"level":"info","message":"🌐 Millennium request: GET /MILLENIUM!JOIN_ONEUP.LANCAMENTOS.CONSULTALANCAMENTOS?cnpj=00.768.271%2F0001-91&n_documento=106709%2FB","service":"btg-baixa-titulos-service","timestamp":"2026-05-27T12:07:31.628Z"}
{"lancamento":1434803744,"level":"info","message":"ℹ️ Título 106709/B já estava baixado. Processo ignorado.","service":"btg-baixa-titulos-service","situacao":"BAIXADO","timestamp":"2026-05-27T12:07:31.655Z"}
{"level":"info","message":"🔎 Processando título 106655/E","service":"btg-baixa-titulos-service","timestamp":"2026-05-27T12:07:31.659Z"}
{"level":"info","message":"🌐 Millennium request: GET /MILLENIUM!JOIN_ONEUP.LANCAMENTOS.CONSULTALANCAMENTOS?cnpj=73.652.158%2F0001-10&n_documento=106655%2FE","service":"btg-baixa-titulos-service","timestamp":"2026-05-27T12:07:31.659Z"}
{"lancamento":1434803559,"level":"info","message":"ℹ️ Título 106655/E já estava baixado. Processo ignorado.","service":"btg-baixa-titulos-service","situacao":"BAIXADO","timestamp":"2026-05-27T12:07:31.675Z"}
{"level":"info","message":"🔎 Processando título 106709/A","service":"btg-baixa-titulos-service","timestamp":"2026-05-27T12:07:31.679Z"}
{"level":"info","message":"🌐 Millennium request: GET /MILLENIUM!JOIN_ONEUP.LANCAMENTOS.CONSULTALANCAMENTOS?cnpj=00.768.271%2F0001-91&n_documento=106709%2FA","service":"btg-baixa-titulos-service","timestamp":"2026-05-27T12:07:31.679Z"}
{"lancamento":1434803743,"level":"info","message":"ℹ️ Título 106709/A já estava baixado. Processo ignorado.","service":"btg-baixa-titulos-service","situacao":"BAIXADO","timestamp":"2026-05-27T12:07:31.694Z"}
{"level":"info","message":"🔎 Processando título 106655/D","service":"btg-baixa-titulos-service","timestamp":"2026-05-27T12:07:31.698Z"}
{"level":"info","message":"🌐 Millennium request: GET /MILLENIUM!JOIN_ONEUP.LANCAMENTOS.CONSULTALANCAMENTOS?cnpj=73.652.158%2F0001-10&n_documento=106655%2FD","service":"btg-baixa-titulos-service","timestamp":"2026-05-27T12:07:31.698Z"}
{"lancamento":1434803558,"level":"info","message":"ℹ️ Título 106655/D já estava baixado. Processo ignorado.","service":"btg-baixa-titulos-service","situacao":"BAIXADO","timestamp":"2026-05-27T12:07:31.713Z"}
{"level":"info","message":"🔎 Processando título 106655/C","service":"btg-baixa-titulos-service","timestamp":"2026-05-27T12:07:31.717Z"}
{"level":"info","message":"🌐 Millennium request: GET /MILLENIUM!JOIN_ONEUP.LANCAMENTOS.CONSULTALANCAMENTOS?cnpj=73.652.158%2F0001-10&n_documento=106655%2FC","service":"btg-baixa-titulos-service","timestamp":"2026-05-27T12:07:31.717Z"}
{"lancamento":1434803557,"level":"info","message":"ℹ️ Título 106655/C já estava baixado. Processo ignorado.","service":"btg-baixa-titulos-service","situacao":"BAIXADO","timestamp":"2026-05-27T12:07:31.734Z"}
{"level":"info","message":"🔎 Processando título 106655/B","service":"btg-baixa-titulos-service","timestamp":"2026-05-27T12:07:31.738Z"}
{"level":"info","message":"🌐 Millennium request: GET /MILLENIUM!JOIN_ONEUP.LANCAMENTOS.CONSULTALANCAMENTOS?cnpj=73.652.158%2F0001-10&n_documento=106655%2FB","service":"btg-baixa-titulos-service","timestamp":"2026-05-27T12:07:31.738Z"}
{"lancamento":1434803556,"level":"info","message":"ℹ️ Título 106655/B já estava baixado. Processo ignorado.","service":"btg-baixa-titulos-service","situacao":"BAIXADO","timestamp":"2026-05-27T12:07:31.756Z"}
{"level":"info","message":"🔎 Processando título 106655/A","service":"btg-baixa-titulos-service","timestamp":"2026-05-27T12:07:31.761Z"}
{"level":"info","message":"🌐 Millennium request: GET /MILLENIUM!JOIN_ONEUP.LANCAMENTOS.CONSULTALANCAMENTOS?cnpj=73.652.158%2F0001-10&n_documento=106655%2FA","service":"btg-baixa-titulos-service","timestamp":"2026-05-27T12:07:31.761Z"}
{"lancamento":1434803555,"level":"info","message":"ℹ️ Título 106655/A já estava baixado. Processo ignorado.","service":"btg-baixa-titulos-service","situacao":"BAIXADO","timestamp":"2026-05-27T12:07:31.775Z"}
{"level":"info","message":"🔎 Processando título 106702/D","service":"btg-baixa-titulos-service","timestamp":"2026-05-27T12:07:31.779Z"}
{"level":"info","message":"🌐 Millennium request: GET /MILLENIUM!JOIN_ONEUP.LANCAMENTOS.CONSULTALANCAMENTOS?cnpj=57.408.548%2F0001-92&n_documento=106702%2FD","service":"btg-baixa-titulos-service","timestamp":"2026-05-27T12:07:31.780Z"}
{"lancamento":1434803693,"level":"info","message":"ℹ️ Título 106702/D já estava baixado. Processo ignorado.","service":"btg-baixa-titulos-service","situacao":"BAIXADO","timestamp":"2026-05-27T12:07:31.808Z"}
{"level":"info","message":"🔎 Processando título 106702/C","service":"btg-baixa-titulos-service","timestamp":"2026-05-27T12:07:31.813Z"}
{"level":"info","message":"🌐 Millennium request: GET /MILLENIUM!JOIN_ONEUP.LANCAMENTOS.CONSULTALANCAMENTOS?cnpj=57.408.548%2F0001-92&n_documento=106702%2FC","service":"btg-baixa-titulos-service","timestamp":"2026-05-27T12:07:31.813Z"}
{"lancamento":1434803692,"level":"info","message":"ℹ️ Título 106702/C já estava baixado. Processo ignorado.","service":"btg-baixa-titulos-service","situacao":"BAIXADO","timestamp":"2026-05-27T12:07:31.826Z"}
{"level":"info","message":"🔎 Processando título 106702/B","service":"btg-baixa-titulos-service","timestamp":"2026-05-27T12:07:31.830Z"}
{"level":"info","message":"🌐 Millennium request: GET /MILLENIUM!JOIN_ONEUP.LANCAMENTOS.CONSULTALANCAMENTOS?cnpj=57.408.548%2F0001-92&n_documento=106702%2FB","service":"btg-baixa-titulos-service","timestamp":"2026-05-27T12:07:31.830Z"}
{"lancamento":1434803691,"level":"info","message":"ℹ️ Título 106702/B já estava baixado. Processo ignorado.","service":"btg-baixa-titulos-service","situacao":"BAIXADO","timestamp":"2026-05-27T12:07:31.845Z"}
{"level":"info","message":"🔎 Processando título 106702/A","service":"btg-baixa-titulos-service","timestamp":"2026-05-27T12:07:31.850Z"}
{"level":"info","message":"🌐 Millennium request: GET /MILLENIUM!JOIN_ONEUP.LANCAMENTOS.CONSULTALANCAMENTOS?cnpj=57.408.548%2F0001-92&n_documento=106702%2FA","service":"btg-baixa-titulos-service","timestamp":"2026-05-27T12:07:31.850Z"}
{"lancamento":1434803690,"level":"info","message":"ℹ️ Título 106702/A já estava baixado. Processo ignorado.","service":"btg-baixa-titulos-service","situacao":"BAIXADO","timestamp":"2026-05-27T12:07:31.865Z"}
{"level":"info","message":"🔎 Processando título 106654/C","service":"btg-baixa-titulos-service","timestamp":"2026-05-27T12:07:31.870Z"}
{"level":"info","message":"🌐 Millennium request: GET /MILLENIUM!JOIN_ONEUP.LANCAMENTOS.CONSULTALANCAMENTOS?cnpj=57.408.548%2F0001-92&n_documento=106654%2FC","service":"btg-baixa-titulos-service","timestamp":"2026-05-27T12:07:31.870Z"}
{"lancamento":1434803553,"level":"info","message":"ℹ️ Título 106654/C já estava baixado. Processo ignorado.","service":"btg-baixa-titulos-service","situacao":"BAIXADO","timestamp":"2026-05-27T12:07:31.885Z"}
{"level":"info","message":"🔎 Processando título 106654/D","service":"btg-baixa-titulos-service","timestamp":"2026-05-27T12:07:31.889Z"}
{"level":"info","message":"🌐 Millennium request: GET /MILLENIUM!JOIN_ONEUP.LANCAMENTOS.CONSULTALANCAMENTOS?cnpj=57.408.548%2F0001-92&n_documento=106654%2FD","service":"btg-baixa-titulos-service","timestamp":"2026-05-27T12:07:31.889Z"}
{"lancamento":1434803554,"level":"info","message":"ℹ️ Título 106654/D já estava baixado. Processo ignorado.","service":"btg-baixa-titulos-service","situacao":"BAIXADO","timestamp":"2026-05-27T12:07:31.903Z"}
{"level":"info","message":"🔎 Processando título 106654/B","service":"btg-baixa-titulos-service","timestamp":"2026-05-27T12:07:31.907Z"}
{"level":"info","message":"🌐 Millennium request: GET /MILLENIUM!JOIN_ONEUP.LANCAMENTOS.CONSULTALANCAMENTOS?cnpj=57.408.548%2F0001-92&n_documento=106654%2FB","service":"btg-baixa-titulos-service","timestamp":"2026-05-27T12:07:31.907Z"}
{"lancamento":1434803552,"level":"info","message":"ℹ️ Título 106654/B já estava baixado. Processo ignorado.","service":"btg-baixa-titulos-service","situacao":"BAIXADO","timestamp":"2026-05-27T12:07:31.922Z"}
{"level":"info","message":"🔎 Processando título 106654/A","service":"btg-baixa-titulos-service","timestamp":"2026-05-27T12:07:31.927Z"}
{"level":"info","message":"🌐 Millennium request: GET /MILLENIUM!JOIN_ONEUP.LANCAMENTOS.CONSULTALANCAMENTOS?cnpj=57.408.548%2F0001-92&n_documento=106654%2FA","service":"btg-baixa-titulos-service","timestamp":"2026-05-27T12:07:31.927Z"}
{"lancamento":1434803551,"level":"info","message":"ℹ️ Título 106654/A já estava baixado. Processo ignorado.","service":"btg-baixa-titulos-service","situacao":"BAIXADO","timestamp":"2026-05-27T12:07:31.943Z"}
{"level":"info","message":"🔎 Processando título 108304/B","service":"btg-baixa-titulos-service","timestamp":"2026-05-27T12:07:31.948Z"}
{"level":"info","message":"🌐 Millennium request: GET /MILLENIUM!JOIN_ONEUP.LANCAMENTOS.CONSULTALANCAMENTOS?cnpj=07.409.302%2F0001-67&n_documento=108304%2FB","service":"btg-baixa-titulos-service","timestamp":"2026-05-27T12:07:31.948Z"}
{"lancamento":1434850213,"level":"info","message":"ℹ️ Título 108304/B já estava baixado. Processo ignorado.","service":"btg-baixa-titulos-service","situacao":"BAIXADO","timestamp":"2026-05-27T12:07:32.043Z"}
{"level":"info","message":"🔎 Processando título 108226/B","service":"btg-baixa-titulos-service","timestamp":"2026-05-27T12:07:32.053Z"}
{"level":"info","message":"🌐 Millennium request: GET /MILLENIUM!JOIN_ONEUP.LANCAMENTOS.CONSULTALANCAMENTOS?cnpj=50.649.490%2F0001-20&n_documento=108226%2FB","service":"btg-baixa-titulos-service","timestamp":"2026-05-27T12:07:32.053Z"}
{"lancamento":1434849908,"level":"info","message":"ℹ️ Título 108226/B já estava baixado. Processo ignorado.","service":"btg-baixa-titulos-service","situacao":"BAIXADO","timestamp":"2026-05-27T12:07:32.068Z"}
{"level":"info","message":"🔎 Processando título 108225/B","service":"btg-baixa-titulos-service","timestamp":"2026-05-27T12:07:32.072Z"}
{"level":"info","message":"🌐 Millennium request: GET /MILLENIUM!JOIN_ONEUP.LANCAMENTOS.CONSULTALANCAMENTOS?cnpj=50.649.490%2F0001-20&n_documento=108225%2FB","service":"btg-baixa-titulos-service","timestamp":"2026-05-27T12:07:32.072Z"}
{"lancamento":1434849895,"level":"info","message":"ℹ️ Título 108225/B já estava baixado. Processo ignorado.","service":"btg-baixa-titulos-service","situacao":"BAIXADO","timestamp":"2026-05-27T12:07:32.087Z"}
{"level":"info","message":"🔎 Processando título 108224/B","service":"btg-baixa-titulos-service","timestamp":"2026-05-27T12:07:32.093Z"}
{"level":"info","message":"🌐 Millennium request: GET /MILLENIUM!JOIN_ONEUP.LANCAMENTOS.CONSULTALANCAMENTOS?cnpj=50.649.490%2F0001-20&n_documento=108224%2FB","service":"btg-baixa-titulos-service","timestamp":"2026-05-27T12:07:32.093Z"}
{"lancamento":1434849892,"level":"info","message":"ℹ️ Título 108224/B já estava baixado. Processo ignorado.","service":"btg-baixa-titulos-service","situacao":"BAIXADO","timestamp":"2026-05-27T12:07:32.111Z"}
{"level":"info","message":"🔎 Processando título 108222/B","service":"btg-baixa-titulos-service","timestamp":"2026-05-27T12:07:32.116Z"}
{"level":"info","message":"🌐 Millennium request: GET /MILLENIUM!JOIN_ONEUP.LANCAMENTOS.CONSULTALANCAMENTOS?cnpj=50.649.490%2F0001-20&n_documento=108222%2FB","service":"btg-baixa-titulos-service","timestamp":"2026-05-27T12:07:32.116Z"}
{"lancamento":1434849889,"level":"info","message":"ℹ️ Título 108222/B já estava baixado. Processo ignorado.","service":"btg-baixa-titulos-service","situacao":"BAIXADO","timestamp":"2026-05-27T12:07:32.132Z"}
{"level":"info","message":"🔎 Processando título 108219/B","service":"btg-baixa-titulos-service","timestamp":"2026-05-27T12:07:32.137Z"}
{"level":"info","message":"🌐 Millennium request: GET /MILLENIUM!JOIN_ONEUP.LANCAMENTOS.CONSULTALANCAMENTOS?cnpj=50.649.490%2F0001-20&n_documento=108219%2FB","service":"btg-baixa-titulos-service","timestamp":"2026-05-27T12:07:32.137Z"}
{"lancamento":1434849878,"level":"info","message":"ℹ️ Título 108219/B já estava baixado. Processo ignorado.","service":"btg-baixa-titulos-service","situacao":"BAIXADO","timestamp":"2026-05-27T12:07:32.154Z"}
{"level":"info","message":"🔎 Processando título 108221/B","service":"btg-baixa-titulos-service","timestamp":"2026-05-27T12:07:32.159Z"}
{"level":"info","message":"🌐 Millennium request: GET /MILLENIUM!JOIN_ONEUP.LANCAMENTOS.CONSULTALANCAMENTOS?cnpj=50.649.490%2F0001-20&n_documento=108221%2FB","service":"btg-baixa-titulos-service","timestamp":"2026-05-27T12:07:32.159Z"}
{"lancamento":1434849886,"level":"info","message":"ℹ️ Título 108221/B já estava baixado. Processo ignorado.","service":"btg-baixa-titulos-service","situacao":"BAIXADO","timestamp":"2026-05-27T12:07:32.175Z"}
{"level":"info","message":"🔎 Processando título 108157/B","service":"btg-baixa-titulos-service","timestamp":"2026-05-27T12:07:32.179Z"}
{"level":"info","message":"🌐 Millennium request: GET /MILLENIUM!JOIN_ONEUP.LANCAMENTOS.CONSULTALANCAMENTOS?cnpj=03.294.992%2F0001-03&n_documento=108157%2FB","service":"btg-baixa-titulos-service","timestamp":"2026-05-27T12:07:32.179Z"}
{"lancamento":1434849582,"level":"info","message":"ℹ️ Título 108157/B já estava baixado. Processo ignorado.","service":"btg-baixa-titulos-service","situacao":"BAIXADO","timestamp":"2026-05-27T12:07:32.196Z"}
{"level":"info","message":"🔎 Processando título 108021/B","service":"btg-baixa-titulos-service","timestamp":"2026-05-27T12:07:32.200Z"}
{"level":"info","message":"🌐 Millennium request: GET /MILLENIUM!JOIN_ONEUP.LANCAMENTOS.CONSULTALANCAMENTOS?cnpj=07.030.508%2F0001-81&n_documento=108021%2FB","service":"btg-baixa-titulos-service","timestamp":"2026-05-27T12:07:32.200Z"}
{"lancamento":1434848940,"level":"info","message":"ℹ️ Título 108021/B já estava baixado. Processo ignorado.","service":"btg-baixa-titulos-service","situacao":"BAIXADO","timestamp":"2026-05-27T12:07:32.218Z"}
{"level":"info","message":"🔎 Processando título 108156/B","service":"btg-baixa-titulos-service","timestamp":"2026-05-27T12:07:32.223Z"}
{"level":"info","message":"🌐 Millennium request: GET /MILLENIUM!JOIN_ONEUP.LANCAMENTOS.CONSULTALANCAMENTOS?cnpj=57.408.548%2F0001-92&n_documento=108156%2FB","service":"btg-baixa-titulos-service","timestamp":"2026-05-27T12:07:32.223Z"}
{"lancamento":1434849578,"level":"info","message":"ℹ️ Título 108156/B já estava baixado. Processo ignorado.","service":"btg-baixa-titulos-service","situacao":"BAIXADO","timestamp":"2026-05-27T12:07:32.241Z"}
{"level":"info","message":"🔎 Processando título 107660/B","service":"btg-baixa-titulos-service","timestamp":"2026-05-27T12:07:32.245Z"}
{"level":"info","message":"🌐 Millennium request: GET /MILLENIUM!JOIN_ONEUP.LANCAMENTOS.CONSULTALANCAMENTOS?cnpj=57.408.548%2F0001-92&n_documento=107660%2FB","service":"btg-baixa-titulos-service","timestamp":"2026-05-27T12:07:32.245Z"}
{"lancamento":1434808276,"level":"info","message":"ℹ️ Título 107660/B já estava baixado. Processo ignorado.","service":"btg-baixa-titulos-service","situacao":"BAIXADO","timestamp":"2026-05-27T12:07:32.261Z"}
{"level":"info","message":"🔎 Processando título 108020/B","service":"btg-baixa-titulos-service","timestamp":"2026-05-27T12:07:32.267Z"}
{"level":"info","message":"🌐 Millennium request: GET /MILLENIUM!JOIN_ONEUP.LANCAMENTOS.CONSULTALANCAMENTOS?cnpj=57.408.548%2F0001-92&n_documento=108020%2FB","service":"btg-baixa-titulos-service","timestamp":"2026-05-27T12:07:32.267Z"}
{"lancamento":1434848919,"level":"info","message":"ℹ️ Título 108020/B já estava baixado. Processo ignorado.","service":"btg-baixa-titulos-service","situacao":"BAIXADO","timestamp":"2026-05-27T12:07:32.282Z"}
{"level":"info","message":"🔎 Processando título 107627/B","service":"btg-baixa-titulos-service","timestamp":"2026-05-27T12:07:32.287Z"}
{"level":"info","message":"🌐 Millennium request: GET /MILLENIUM!JOIN_ONEUP.LANCAMENTOS.CONSULTALANCAMENTOS?cnpj=57.408.548%2F0001-92&n_documento=107627%2FB","service":"btg-baixa-titulos-service","timestamp":"2026-05-27T12:07:32.287Z"}
{"lancamento":1434808245,"level":"info","message":"ℹ️ Título 107627/B já estava baixado. Processo ignorado.","service":"btg-baixa-titulos-service","situacao":"BAIXADO","timestamp":"2026-05-27T12:07:32.303Z"}
{"level":"info","message":"🔎 Processando título 108331/A","service":"btg-baixa-titulos-service","timestamp":"2026-05-27T12:07:32.308Z"}
{"level":"info","message":"🌐 Millennium request: GET /MILLENIUM!JOIN_ONEUP.LANCAMENTOS.CONSULTALANCAMENTOS?cnpj=47.485.403%2F0001-31&n_documento=108331%2FA","service":"btg-baixa-titulos-service","timestamp":"2026-05-27T12:07:32.308Z"}
{"lancamento":1434850368,"level":"info","message":"ℹ️ Título 108331/A já estava baixado. Processo ignorado.","service":"btg-baixa-titulos-service","situacao":"BAIXADO","timestamp":"2026-05-27T12:07:32.326Z"}
{"level":"info","message":"🔎 Processando título 108317/B","service":"btg-baixa-titulos-service","timestamp":"2026-05-27T12:07:32.330Z"}
{"level":"info","message":"🌐 Millennium request: GET /MILLENIUM!JOIN_ONEUP.LANCAMENTOS.CONSULTALANCAMENTOS?cnpj=03.294.992%2F0001-03&n_documento=108317%2FB","service":"btg-baixa-titulos-service","timestamp":"2026-05-27T12:07:32.330Z"}
{"lancamento":1434850304,"level":"info","message":"ℹ️ Título 108317/B já estava baixado. Processo ignorado.","service":"btg-baixa-titulos-service","situacao":"BAIXADO","timestamp":"2026-05-27T12:07:32.346Z"}
{"level":"info","message":"🔎 Processando título 108327/A","service":"btg-baixa-titulos-service","timestamp":"2026-05-27T12:07:32.352Z"}
{"level":"info","message":"🌐 Millennium request: GET /MILLENIUM!JOIN_ONEUP.LANCAMENTOS.CONSULTALANCAMENTOS?cnpj=73.652.158%2F0001-10&n_documento=108327%2FA","service":"btg-baixa-titulos-service","timestamp":"2026-05-27T12:07:32.352Z"}
{"lancamento":1434850355,"level":"info","message":"ℹ️ Título 108327/A já estava baixado. Processo ignorado.","service":"btg-baixa-titulos-service","situacao":"BAIXADO","timestamp":"2026-05-27T12:07:32.370Z"}
{"level":"info","message":"🔎 Processando título 108328/A","service":"btg-baixa-titulos-service","timestamp":"2026-05-27T12:07:32.375Z"}
{"level":"info","message":"🌐 Millennium request: GET /MILLENIUM!JOIN_ONEUP.LANCAMENTOS.CONSULTALANCAMENTOS?cnpj=59.205.187%2F0001-02&n_documento=108328%2FA","service":"btg-baixa-titulos-service","timestamp":"2026-05-27T12:07:32.375Z"}
{"lancamento":1434850361,"level":"info","message":"ℹ️ Título 108328/A já estava baixado. Processo ignorado.","service":"btg-baixa-titulos-service","situacao":"BAIXADO","timestamp":"2026-05-27T12:07:32.390Z"}
{"level":"info","message":"🔎 Processando título 108324/A","service":"btg-baixa-titulos-service","timestamp":"2026-05-27T12:07:32.394Z"}
{"level":"info","message":"🌐 Millennium request: GET /MILLENIUM!JOIN_ONEUP.LANCAMENTOS.CONSULTALANCAMENTOS?cnpj=47.485.403%2F0001-31&n_documento=108324%2FA","service":"btg-baixa-titulos-service","timestamp":"2026-05-27T12:07:32.394Z"}
{"lancamento":1434850349,"level":"info","message":"ℹ️ Título 108324/A já estava baixado. Processo ignorado.","service":"btg-baixa-titulos-service","situacao":"BAIXADO","timestamp":"2026-05-27T12:07:32.411Z"}
{"level":"info","message":"🔎 Processando título 108326/A","service":"btg-baixa-titulos-service","timestamp":"2026-05-27T12:07:32.415Z"}
{"level":"info","message":"🌐 Millennium request: GET /MILLENIUM!JOIN_ONEUP.LANCAMENTOS.CONSULTALANCAMENTOS?cnpj=96.609.490%2F0001-05&n_documento=108326%2FA","service":"btg-baixa-titulos-service","timestamp":"2026-05-27T12:07:32.415Z"}
{"lancamento":1434850352,"level":"info","message":"ℹ️ Título 108326/A já estava baixado. Processo ignorado.","service":"btg-baixa-titulos-service","situacao":"BAIXADO","timestamp":"2026-05-27T12:07:32.431Z"}
{"level":"info","message":"🔎 Processando título 108322/A","service":"btg-baixa-titulos-service","timestamp":"2026-05-27T12:07:32.435Z"}
{"level":"info","message":"🌐 Millennium request: GET /MILLENIUM!JOIN_ONEUP.LANCAMENTOS.CONSULTALANCAMENTOS?cnpj=47.485.403%2F0001-31&n_documento=108322%2FA","service":"btg-baixa-titulos-service","timestamp":"2026-05-27T12:07:32.435Z"}
{"lancamento":1434850335,"level":"info","message":"ℹ️ Título 108322/A já estava baixado. Processo ignorado.","service":"btg-baixa-titulos-service","situacao":"BAIXADO","timestamp":"2026-05-27T12:07:32.452Z"}
{"level":"info","message":"🔎 Processando título 108323/A","service":"btg-baixa-titulos-service","timestamp":"2026-05-27T12:07:32.456Z"}
{"level":"info","message":"🌐 Millennium request: GET /MILLENIUM!JOIN_ONEUP.LANCAMENTOS.CONSULTALANCAMENTOS?cnpj=47.485.403%2F0001-31&n_documento=108323%2FA","service":"btg-baixa-titulos-service","timestamp":"2026-05-27T12:07:32.456Z"}
{"lancamento":1434850340,"level":"info","message":"ℹ️ Título 108323/A já estava baixado. Processo ignorado.","service":"btg-baixa-titulos-service","situacao":"BAIXADO","timestamp":"2026-05-27T12:07:32.475Z"}
{"level":"info","message":"🔎 Processando título 108321/A","service":"btg-baixa-titulos-service","timestamp":"2026-05-27T12:07:32.480Z"}
{"level":"info","message":"🌐 Millennium request: GET /MILLENIUM!JOIN_ONEUP.LANCAMENTOS.CONSULTALANCAMENTOS?cnpj=47.485.403%2F0001-31&n_documento=108321%2FA","service":"btg-baixa-titulos-service","timestamp":"2026-05-27T12:07:32.480Z"}
{"lancamento":1434850331,"level":"info","message":"ℹ️ Título 108321/A já estava baixado. Processo ignorado.","service":"btg-baixa-titulos-service","situacao":"BAIXADO","timestamp":"2026-05-27T12:07:32.580Z"}
{"level":"info","message":"🔎 Processando título 108320/A","service":"btg-baixa-titulos-service","timestamp":"2026-05-27T12:07:32.590Z"}
{"level":"info","message":"🌐 Millennium request: GET /MILLENIUM!JOIN_ONEUP.LANCAMENTOS.CONSULTALANCAMENTOS?cnpj=47.485.403%2F0001-31&n_documento=108320%2FA","service":"btg-baixa-titulos-service","timestamp":"2026-05-27T12:07:32.590Z"}
{"lancamento":1434850326,"level":"info","message":"ℹ️ Título 108320/A já estava baixado. Processo ignorado.","service":"btg-baixa-titulos-service","situacao":"BAIXADO","timestamp":"2026-05-27T12:07:32.607Z"}
{"level":"info","message":"🔎 Processando título 108318/A","service":"btg-baixa-titulos-service","timestamp":"2026-05-27T12:07:32.613Z"}
{"level":"info","message":"🌐 Millennium request: GET /MILLENIUM!JOIN_ONEUP.LANCAMENTOS.CONSULTALANCAMENTOS?cnpj=50.649.490%2F0001-20&n_documento=108318%2FA","service":"btg-baixa-titulos-service","timestamp":"2026-05-27T12:07:32.613Z"}
{"lancamento":1434850322,"level":"info","message":"ℹ️ Título 108318/A já estava baixado. Processo ignorado.","service":"btg-baixa-titulos-service","situacao":"BAIXADO","timestamp":"2026-05-27T12:07:32.630Z"}
{"level":"info","message":"🔎 Processando título 108315/A","service":"btg-baixa-titulos-service","timestamp":"2026-05-27T12:07:32.635Z"}
{"level":"info","message":"🌐 Millennium request: GET /MILLENIUM!JOIN_ONEUP.LANCAMENTOS.CONSULTALANCAMENTOS?cnpj=06.181.589%2F0001-58&n_documento=108315%2FA","service":"btg-baixa-titulos-service","timestamp":"2026-05-27T12:07:32.635Z"}
{"lancamento":1434850296,"level":"info","message":"ℹ️ Título 108315/A já estava baixado. Processo ignorado.","service":"btg-baixa-titulos-service","situacao":"BAIXADO","timestamp":"2026-05-27T12:07:32.652Z"}
{"level":"info","message":"🔎 Processando título 108317/A","service":"btg-baixa-titulos-service","timestamp":"2026-05-27T12:07:32.658Z"}
{"level":"info","message":"🌐 Millennium request: GET /MILLENIUM!JOIN_ONEUP.LANCAMENTOS.CONSULTALANCAMENTOS?cnpj=03.294.992%2F0001-03&n_documento=108317%2FA","service":"btg-baixa-titulos-service","timestamp":"2026-05-27T12:07:32.658Z"}
{"lancamento":1434850303,"level":"info","message":"ℹ️ Título 108317/A já estava baixado. Processo ignorado.","service":"btg-baixa-titulos-service","situacao":"BAIXADO","timestamp":"2026-05-27T12:07:32.673Z"}
{"level":"info","message":"🔎 Processando título 108310/A","service":"btg-baixa-titulos-service","timestamp":"2026-05-27T12:07:32.679Z"}
{"level":"info","message":"🌐 Millennium request: GET /MILLENIUM!JOIN_ONEUP.LANCAMENTOS.CONSULTALANCAMENTOS?cnpj=03.247.651%2F0001-79&n_documento=108310%2FA","service":"btg-baixa-titulos-service","timestamp":"2026-05-27T12:07:32.679Z"}
{"lancamento":1434850284,"level":"info","message":"ℹ️ Título 108310/A já estava baixado. Processo ignorado.","service":"btg-baixa-titulos-service","situacao":"BAIXADO","timestamp":"2026-05-27T12:07:32.700Z"}
{"level":"info","message":"🔎 Processando título 108313/A","service":"btg-baixa-titulos-service","timestamp":"2026-05-27T12:07:32.704Z"}
{"level":"info","message":"🌐 Millennium request: GET /MILLENIUM!JOIN_ONEUP.LANCAMENTOS.CONSULTALANCAMENTOS?cnpj=22.031.998%2F0001-24&n_documento=108313%2FA","service":"btg-baixa-titulos-service","timestamp":"2026-05-27T12:07:32.704Z"}
{"lancamento":1434850289,"level":"info","message":"ℹ️ Título 108313/A já estava baixado. Processo ignorado.","service":"btg-baixa-titulos-service","situacao":"BAIXADO","timestamp":"2026-05-27T12:07:32.723Z"}
{"level":"info","message":"🔎 Processando título 108306/A","service":"btg-baixa-titulos-service","timestamp":"2026-05-27T12:07:32.728Z"}
{"level":"info","message":"🌐 Millennium request: GET /MILLENIUM!JOIN_ONEUP.LANCAMENTOS.CONSULTALANCAMENTOS?cnpj=00.768.271%2F0001-91&n_documento=108306%2FA","service":"btg-baixa-titulos-service","timestamp":"2026-05-27T12:07:32.729Z"}
{"lancamento":1434850217,"level":"info","message":"ℹ️ Título 108306/A já estava baixado. Processo ignorado.","service":"btg-baixa-titulos-service","situacao":"BAIXADO","timestamp":"2026-05-27T12:07:32.745Z"}
{"level":"info","message":"🔎 Processando título 108304/A","service":"btg-baixa-titulos-service","timestamp":"2026-05-27T12:07:32.749Z"}
{"level":"info","message":"🌐 Millennium request: GET /MILLENIUM!JOIN_ONEUP.LANCAMENTOS.CONSULTALANCAMENTOS?cnpj=07.409.302%2F0001-67&n_documento=108304%2FA","service":"btg-baixa-titulos-service","timestamp":"2026-05-27T12:07:32.749Z"}
{"lancamento":1434850212,"level":"info","message":"ℹ️ Título 108304/A já estava baixado. Processo ignorado.","service":"btg-baixa-titulos-service","situacao":"BAIXADO","timestamp":"2026-05-27T12:07:32.764Z"}
{"level":"info","message":"🔎 Processando título 108253/A","service":"btg-baixa-titulos-service","timestamp":"2026-05-27T12:07:32.769Z"}
{"level":"info","message":"🌐 Millennium request: GET /MILLENIUM!JOIN_ONEUP.LANCAMENTOS.CONSULTALANCAMENTOS?cnpj=57.408.548%2F0001-92&n_documento=108253%2FA","service":"btg-baixa-titulos-service","timestamp":"2026-05-27T12:07:32.769Z"}
{"lancamento":1434850047,"level":"info","message":"ℹ️ Título 108253/A já estava baixado. Processo ignorado.","service":"btg-baixa-titulos-service","situacao":"BAIXADO","timestamp":"2026-05-27T12:07:32.788Z"}
{"level":"info","message":"🔎 Processando título 108252/A","service":"btg-baixa-titulos-service","timestamp":"2026-05-27T12:07:32.792Z"}
{"level":"info","message":"🌐 Millennium request: GET /MILLENIUM!JOIN_ONEUP.LANCAMENTOS.CONSULTALANCAMENTOS?cnpj=44.999.259%2F0001-63&n_documento=108252%2FA","service":"btg-baixa-titulos-service","timestamp":"2026-05-27T12:07:32.792Z"}
{"lancamento":1434850042,"level":"info","message":"ℹ️ Título 108252/A já estava baixado. Processo ignorado.","service":"btg-baixa-titulos-service","situacao":"BAIXADO","timestamp":"2026-05-27T12:07:32.806Z"}
{"level":"info","message":"🔎 Processando título 108226/A","service":"btg-baixa-titulos-service","timestamp":"2026-05-27T12:07:32.809Z"}
{"level":"info","message":"🌐 Millennium request: GET /MILLENIUM!JOIN_ONEUP.LANCAMENTOS.CONSULTALANCAMENTOS?cnpj=50.649.490%2F0001-20&n_documento=108226%2FA","service":"btg-baixa-titulos-service","timestamp":"2026-05-27T12:07:32.809Z"}
{"lancamento":1434849907,"level":"info","message":"ℹ️ Título 108226/A já estava baixado. Processo ignorado.","service":"btg-baixa-titulos-service","situacao":"BAIXADO","timestamp":"2026-05-27T12:07:32.825Z"}
{"level":"info","message":"🔎 Processando título 108224/A","service":"btg-baixa-titulos-service","timestamp":"2026-05-27T12:07:32.829Z"}
{"level":"info","message":"🌐 Millennium request: GET /MILLENIUM!JOIN_ONEUP.LANCAMENTOS.CONSULTALANCAMENTOS?cnpj=50.649.490%2F0001-20&n_documento=108224%2FA","service":"btg-baixa-titulos-service","timestamp":"2026-05-27T12:07:32.829Z"}
{"lancamento":1434849891,"level":"info","message":"ℹ️ Título 108224/A já estava baixado. Processo ignorado.","service":"btg-baixa-titulos-service","situacao":"BAIXADO","timestamp":"2026-05-27T12:07:32.844Z"}
{"level":"info","message":"🔎 Processando título 108225/A","service":"btg-baixa-titulos-service","timestamp":"2026-05-27T12:07:32.848Z"}
{"level":"info","message":"🌐 Millennium request: GET /MILLENIUM!JOIN_ONEUP.LANCAMENTOS.CONSULTALANCAMENTOS?cnpj=50.649.490%2F0001-20&n_documento=108225%2FA","service":"btg-baixa-titulos-service","timestamp":"2026-05-27T12:07:32.848Z"}
{"lancamento":1434849894,"level":"info","message":"ℹ️ Título 108225/A já estava baixado. Processo ignorado.","service":"btg-baixa-titulos-service","situacao":"BAIXADO","timestamp":"2026-05-27T12:07:32.865Z"}
{"level":"info","message":"🔎 Processando título 108222/A","service":"btg-baixa-titulos-service","timestamp":"2026-05-27T12:07:32.869Z"}
{"level":"info","message":"🌐 Millennium request: GET /MILLENIUM!JOIN_ONEUP.LANCAMENTOS.CONSULTALANCAMENTOS?cnpj=50.649.490%2F0001-20&n_documento=108222%2FA","service":"btg-baixa-titulos-service","timestamp":"2026-05-27T12:07:32.869Z"}
{"lancamento":1434849888,"level":"info","message":"ℹ️ Título 108222/A já estava baixado. Processo ignorado.","service":"btg-baixa-titulos-service","situacao":"BAIXADO","timestamp":"2026-05-27T12:07:32.883Z"}
{"level":"info","message":"🔎 Processando título 108221/A","service":"btg-baixa-titulos-service","timestamp":"2026-05-27T12:07:32.887Z"}
{"level":"info","message":"🌐 Millennium request: GET /MILLENIUM!JOIN_ONEUP.LANCAMENTOS.CONSULTALANCAMENTOS?cnpj=50.649.490%2F0001-20&n_documento=108221%2FA","service":"btg-baixa-titulos-service","timestamp":"2026-05-27T12:07:32.887Z"}
{"lancamento":1434849885,"level":"info","message":"ℹ️ Título 108221/A já estava baixado. Processo ignorado.","service":"btg-baixa-titulos-service","situacao":"BAIXADO","timestamp":"2026-05-27T12:07:32.900Z"}
{"level":"info","message":"🔎 Processando título 108219/A","service":"btg-baixa-titulos-service","timestamp":"2026-05-27T12:07:32.904Z"}
{"level":"info","message":"🌐 Millennium request: GET /MILLENIUM!JOIN_ONEUP.LANCAMENTOS.CONSULTALANCAMENTOS?cnpj=50.649.490%2F0001-20&n_documento=108219%2FA","service":"btg-baixa-titulos-service","timestamp":"2026-05-27T12:07:32.904Z"}
{"lancamento":1434849877,"level":"info","message":"ℹ️ Título 108219/A já estava baixado. Processo ignorado.","service":"btg-baixa-titulos-service","situacao":"BAIXADO","timestamp":"2026-05-27T12:07:32.919Z"}
{"level":"info","message":"🔎 Processando título 108157/A","service":"btg-baixa-titulos-service","timestamp":"2026-05-27T12:07:32.922Z"}
{"level":"info","message":"🌐 Millennium request: GET /MILLENIUM!JOIN_ONEUP.LANCAMENTOS.CONSULTALANCAMENTOS?cnpj=03.294.992%2F0001-03&n_documento=108157%2FA","service":"btg-baixa-titulos-service","timestamp":"2026-05-27T12:07:32.923Z"}
{"lancamento":1434849581,"level":"info","message":"ℹ️ Título 108157/A já estava baixado. Processo ignorado.","service":"btg-baixa-titulos-service","situacao":"BAIXADO","timestamp":"2026-05-27T12:07:32.937Z"}
{"level":"info","message":"🔎 Processando título 108156/A","service":"btg-baixa-titulos-service","timestamp":"2026-05-27T12:07:32.941Z"}
{"level":"info","message":"🌐 Millennium request: GET /MILLENIUM!JOIN_ONEUP.LANCAMENTOS.CONSULTALANCAMENTOS?cnpj=57.408.548%2F0001-92&n_documento=108156%2FA","service":"btg-baixa-titulos-service","timestamp":"2026-05-27T12:07:32.941Z"}
{"lancamento":1434849577,"level":"info","message":"ℹ️ Título 108156/A já estava baixado. Processo ignorado.","service":"btg-baixa-titulos-service","situacao":"BAIXADO","timestamp":"2026-05-27T12:07:32.956Z"}
{"level":"info","message":"🔎 Processando título 108020/A","service":"btg-baixa-titulos-service","timestamp":"2026-05-27T12:07:32.960Z"}
{"level":"info","message":"🌐 Millennium request: GET /MILLENIUM!JOIN_ONEUP.LANCAMENTOS.CONSULTALANCAMENTOS?cnpj=57.408.548%2F0001-92&n_documento=108020%2FA","service":"btg-baixa-titulos-service","timestamp":"2026-05-27T12:07:32.960Z"}
{"lancamento":1434848918,"level":"info","message":"ℹ️ Título 108020/A já estava baixado. Processo ignorado.","service":"btg-baixa-titulos-service","situacao":"BAIXADO","timestamp":"2026-05-27T12:07:32.977Z"}
{"level":"info","message":"🔎 Processando título 108021/A","service":"btg-baixa-titulos-service","timestamp":"2026-05-27T12:07:32.981Z"}
{"level":"info","message":"🌐 Millennium request: GET /MILLENIUM!JOIN_ONEUP.LANCAMENTOS.CONSULTALANCAMENTOS?cnpj=07.030.508%2F0001-81&n_documento=108021%2FA","service":"btg-baixa-titulos-service","timestamp":"2026-05-27T12:07:32.981Z"}
{"lancamento":1434848939,"level":"info","message":"ℹ️ Título 108021/A já estava baixado. Processo ignorado.","service":"btg-baixa-titulos-service","situacao":"BAIXADO","timestamp":"2026-05-27T12:07:32.997Z"}
{"level":"info","message":"🔎 Processando título 107627/A","service":"btg-baixa-titulos-service","timestamp":"2026-05-27T12:07:33.002Z"}
{"level":"info","message":"🌐 Millennium request: GET /MILLENIUM!JOIN_ONEUP.LANCAMENTOS.CONSULTALANCAMENTOS?cnpj=57.408.548%2F0001-92&n_documento=107627%2FA","service":"btg-baixa-titulos-service","timestamp":"2026-05-27T12:07:33.002Z"}
{"lancamento":1434808244,"level":"info","message":"ℹ️ Título 107627/A já estava baixado. Processo ignorado.","service":"btg-baixa-titulos-service","situacao":"BAIXADO","timestamp":"2026-05-27T12:07:33.104Z"}
{"level":"info","message":"🔎 Processando título 107660/A","service":"btg-baixa-titulos-service","timestamp":"2026-05-27T12:07:33.113Z"}
{"level":"info","message":"🌐 Millennium request: GET /MILLENIUM!JOIN_ONEUP.LANCAMENTOS.CONSULTALANCAMENTOS?cnpj=57.408.548%2F0001-92&n_documento=107660%2FA","service":"btg-baixa-titulos-service","timestamp":"2026-05-27T12:07:33.113Z"}
{"lancamento":1434808275,"level":"info","message":"ℹ️ Título 107660/A já estava baixado. Processo ignorado.","service":"btg-baixa-titulos-service","situacao":"BAIXADO","timestamp":"2026-05-27T12:07:33.132Z"}
{"level":"info","message":"🔎 Processando título 108308","service":"btg-baixa-titulos-service","timestamp":"2026-05-27T12:07:33.137Z"}
{"level":"info","message":"🌐 Millennium request: GET /MILLENIUM!JOIN_ONEUP.LANCAMENTOS.CONSULTALANCAMENTOS?cnpj=77.857.555%2F0009-36&n_documento=108308","service":"btg-baixa-titulos-service","timestamp":"2026-05-27T12:07:33.137Z"}
{"lancamento":1434850230,"level":"info","message":"ℹ️ Título 108308 já estava baixado. Processo ignorado.","service":"btg-baixa-titulos-service","situacao":"BAIXADO","timestamp":"2026-05-27T12:07:33.153Z"}
{"level":"info","message":"🔎 Processando título 108314","service":"btg-baixa-titulos-service","timestamp":"2026-05-27T12:07:33.160Z"}
{"level":"info","message":"🌐 Millennium request: GET /MILLENIUM!JOIN_ONEUP.LANCAMENTOS.CONSULTALANCAMENTOS?cnpj=02.355.679%2F0001-67&n_documento=108314","service":"btg-baixa-titulos-service","timestamp":"2026-05-27T12:07:33.160Z"}
{"lancamento":1434850295,"level":"info","message":"ℹ️ Título 108314 já estava baixado. Processo ignorado.","service":"btg-baixa-titulos-service","situacao":"BAIXADO","timestamp":"2026-05-27T12:07:33.174Z"}
{"level":"info","message":"🔎 Processando título 107687","service":"btg-baixa-titulos-service","timestamp":"2026-05-27T12:07:33.178Z"}
{"level":"info","message":"🌐 Millennium request: GET /MILLENIUM!JOIN_ONEUP.LANCAMENTOS.CONSULTALANCAMENTOS?cnpj=01.329.811%2F0001-01&n_documento=107687","service":"btg-baixa-titulos-service","timestamp":"2026-05-27T12:07:33.178Z"}
{"lancamento":1434808382,"level":"info","message":"ℹ️ Título 107687 já estava baixado. Processo ignorado.","service":"btg-baixa-titulos-service","situacao":"BAIXADO","timestamp":"2026-05-27T12:07:33.198Z"}
{"level":"info","message":"🔎 Processando título 108251","service":"btg-baixa-titulos-service","timestamp":"2026-05-27T12:07:33.203Z"}
{"level":"info","message":"🌐 Millennium request: GET /MILLENIUM!JOIN_ONEUP.LANCAMENTOS.CONSULTALANCAMENTOS?cnpj=01.009.793%2F0001-72&n_documento=108251","service":"btg-baixa-titulos-service","timestamp":"2026-05-27T12:07:33.203Z"}
{"lancamento":1434850041,"level":"info","message":"ℹ️ Título 108251 já estava baixado. Processo ignorado.","service":"btg-baixa-titulos-service","situacao":"BAIXADO","timestamp":"2026-05-27T12:07:33.219Z"}
{"level":"info","message":"🔎 Processando título CORRE 107091","service":"btg-baixa-titulos-service","timestamp":"2026-05-27T12:07:33.224Z"}
{"level":"info","message":"🌐 Millennium request: GET /MILLENIUM!JOIN_ONEUP.LANCAMENTOS.CONSULTALANCAMENTOS?cnpj=21.067.137%2F0001-33&n_documento=CORRE%20107091","service":"btg-baixa-titulos-service","timestamp":"2026-05-27T12:07:33.224Z"}
{"lancamento":1434848054,"level":"info","message":"ℹ️ Título CORRE 107091 já estava baixado. Processo ignorado.","service":"btg-baixa-titulos-service","situacao":"BAIXADO","timestamp":"2026-05-27T12:07:33.239Z"}
{"level":"info","message":"🔎 Processando título FRE 107098","service":"btg-baixa-titulos-service","timestamp":"2026-05-27T12:07:33.244Z"}
{"level":"info","message":"🌐 Millennium request: GET /MILLENIUM!JOIN_ONEUP.LANCAMENTOS.CONSULTALANCAMENTOS?cnpj=03.294.992%2F0001-03&n_documento=FRE%20107098","service":"btg-baixa-titulos-service","timestamp":"2026-05-27T12:07:33.245Z"}
{"lancamento":1434848060,"level":"info","message":"ℹ️ Título FRE 107098 já estava baixado. Processo ignorado.","service":"btg-baixa-titulos-service","situacao":"BAIXADO","timestamp":"2026-05-27T12:07:33.261Z"}
{"level":"info","message":"🔎 Processando título CORRE 107089","service":"btg-baixa-titulos-service","timestamp":"2026-05-27T12:07:33.267Z"}
{"level":"info","message":"🌐 Millennium request: GET /MILLENIUM!JOIN_ONEUP.LANCAMENTOS.CONSULTALANCAMENTOS?cnpj=01.934.454%2F0001-00&n_documento=CORRE%20107089","service":"btg-baixa-titulos-service","timestamp":"2026-05-27T12:07:33.267Z"}
{"lancamento":1434848055,"level":"info","message":"ℹ️ Título CORRE 107089 já estava baixado. Processo ignorado.","service":"btg-baixa-titulos-service","situacao":"BAIXADO","timestamp":"2026-05-27T12:07:33.284Z"}
{"level":"info","message":"🔎 Processando título FRE 107179","service":"btg-baixa-titulos-service","timestamp":"2026-05-27T12:07:33.288Z"}
{"level":"info","message":"🌐 Millennium request: GET /MILLENIUM!JOIN_ONEUP.LANCAMENTOS.CONSULTALANCAMENTOS?cnpj=31.505.989%2F0001-19&n_documento=FRE%20107179","service":"btg-baixa-titulos-service","timestamp":"2026-05-27T12:07:33.288Z"}
{"lancamento":1434848061,"level":"info","message":"ℹ️ Título FRE 107179 já estava baixado. Processo ignorado.","service":"btg-baixa-titulos-service","situacao":"BAIXADO","timestamp":"2026-05-27T12:07:33.305Z"}
{"level":"info","message":"🔎 Processando título CORRE 106807","service":"btg-baixa-titulos-service","timestamp":"2026-05-27T12:07:33.310Z"}
{"level":"info","message":"🌐 Millennium request: GET /MILLENIUM!JOIN_ONEUP.LANCAMENTOS.CONSULTALANCAMENTOS?cnpj=01.009.793%2F0001-72&n_documento=CORRE%20106807","service":"btg-baixa-titulos-service","timestamp":"2026-05-27T12:07:33.310Z"}
{"lancamento":1434848053,"level":"info","message":"ℹ️ Título CORRE 106807 já estava baixado. Processo ignorado.","service":"btg-baixa-titulos-service","situacao":"BAIXADO","timestamp":"2026-05-27T12:07:33.326Z"}
{"level":"info","message":"🔎 Processando título CORRE 107178","service":"btg-baixa-titulos-service","timestamp":"2026-05-27T12:07:33.330Z"}
{"level":"info","message":"🌐 Millennium request: GET /MILLENIUM!JOIN_ONEUP.LANCAMENTOS.CONSULTALANCAMENTOS?cnpj=01.009.793%2F0001-72&n_documento=CORRE%20107178","service":"btg-baixa-titulos-service","timestamp":"2026-05-27T12:07:33.330Z"}
{"lancamento":1434848056,"level":"info","message":"ℹ️ Título CORRE 107178 já estava baixado. Processo ignorado.","service":"btg-baixa-titulos-service","situacao":"BAIXADO","timestamp":"2026-05-27T12:07:33.345Z"}
{"level":"info","message":"🔎 Processando título FRE 107100","service":"btg-baixa-titulos-service","timestamp":"2026-05-27T12:07:33.350Z"}
{"level":"info","message":"🌐 Millennium request: GET /MILLENIUM!JOIN_ONEUP.LANCAMENTOS.CONSULTALANCAMENTOS?cnpj=57.408.548%2F0001-92&n_documento=FRE%20107100","service":"btg-baixa-titulos-service","timestamp":"2026-05-27T12:07:33.350Z"}
{"lancamento":1434848059,"level":"info","message":"ℹ️ Título FRE 107100 já estava baixado. Processo ignorado.","service":"btg-baixa-titulos-service","situacao":"BAIXADO","timestamp":"2026-05-27T12:07:33.368Z"}
{"level":"info","message":"🔎 Processando título CORRE 107483","service":"btg-baixa-titulos-service","timestamp":"2026-05-27T12:07:33.373Z"}
{"level":"info","message":"🌐 Millennium request: GET /MILLENIUM!JOIN_ONEUP.LANCAMENTOS.CONSULTALANCAMENTOS?cnpj=57.408.548%2F0001-92&n_documento=CORRE%20107483","service":"btg-baixa-titulos-service","timestamp":"2026-05-27T12:07:33.373Z"}
{"lancamento":1434848058,"level":"info","message":"ℹ️ Título CORRE 107483 já estava baixado. Processo ignorado.","service":"btg-baixa-titulos-service","situacao":"BAIXADO","timestamp":"2026-05-27T12:07:33.392Z"}
{"level":"info","message":"🔎 Processando título CORRE 106702","service":"btg-baixa-titulos-service","timestamp":"2026-05-27T12:07:33.397Z"}
{"level":"info","message":"🌐 Millennium request: GET /MILLENIUM!JOIN_ONEUP.LANCAMENTOS.CONSULTALANCAMENTOS?cnpj=57.408.548%2F0001-92&n_documento=CORRE%20106702","service":"btg-baixa-titulos-service","timestamp":"2026-05-27T12:07:33.397Z"}
{"lancamento":1434848052,"level":"info","message":"ℹ️ Título CORRE 106702 já estava baixado. Processo ignorado.","service":"btg-baixa-titulos-service","situacao":"BAIXADO","timestamp":"2026-05-27T12:07:33.416Z"}
{"level":"info","message":"🔎 Processando título CORRE 107229","service":"btg-baixa-titulos-service","timestamp":"2026-05-27T12:07:33.421Z"}
{"level":"info","message":"🌐 Millennium request: GET /MILLENIUM!JOIN_ONEUP.LANCAMENTOS.CONSULTALANCAMENTOS?cnpj=57.408.548%2F0001-92&n_documento=CORRE%20107229","service":"btg-baixa-titulos-service","timestamp":"2026-05-27T12:07:33.421Z"}
{"lancamento":1434848057,"level":"info","message":"ℹ️ Título CORRE 107229 já estava baixado. Processo ignorado.","service":"btg-baixa-titulos-service","situacao":"BAIXADO","timestamp":"2026-05-27T12:07:33.438Z"}
{"level":"info","message":"🔎 Processando título 1575/3","service":"btg-baixa-titulos-service","timestamp":"2026-05-27T12:07:33.442Z"}
{"level":"info","message":"🌐 Millennium request: GET /MILLENIUM!JOIN_ONEUP.LANCAMENTOS.CONSULTALANCAMENTOS?n_documento=1575%2F3&cpf=815.438.910-04","service":"btg-baixa-titulos-service","timestamp":"2026-05-27T12:07:33.443Z"}
{"lancamento":1434807257,"level":"info","message":"ℹ️ Título 1575/3 já estava baixado. Processo ignorado.","service":"btg-baixa-titulos-service","situacao":"BAIXADO","timestamp":"2026-05-27T12:07:33.462Z"}
{"level":"info","message":"🔎 Processando título 1575/2","service":"btg-baixa-titulos-service","timestamp":"2026-05-27T12:07:33.468Z"}
{"level":"info","message":"🌐 Millennium request: GET /MILLENIUM!JOIN_ONEUP.LANCAMENTOS.CONSULTALANCAMENTOS?n_documento=1575%2F2&cpf=815.438.910-04","service":"btg-baixa-titulos-service","timestamp":"2026-05-27T12:07:33.468Z"}
{"lancamento":1434807256,"level":"info","message":"ℹ️ Título 1575/2 já estava baixado. Processo ignorado.","service":"btg-baixa-titulos-service","situacao":"BAIXADO","timestamp":"2026-05-27T12:07:33.485Z"}
{"level":"info","message":"🔎 Processando título 1575/1","service":"btg-baixa-titulos-service","timestamp":"2026-05-27T12:07:33.489Z"}
{"level":"info","message":"🌐 Millennium request: GET /MILLENIUM!JOIN_ONEUP.LANCAMENTOS.CONSULTALANCAMENTOS?n_documento=1575%2F1&cpf=815.438.910-04","service":"btg-baixa-titulos-service","timestamp":"2026-05-27T12:07:33.489Z"}
{"lancamento":1434807255,"level":"info","message":"ℹ️ Título 1575/1 já estava baixado. Processo ignorado.","service":"btg-baixa-titulos-service","situacao":"BAIXADO","timestamp":"2026-05-27T12:07:33.506Z"}
{"level":"info","message":"🔎 Processando título 107483/D","service":"btg-baixa-titulos-service","timestamp":"2026-05-27T12:07:33.509Z"}
{"level":"info","message":"🌐 Millennium request: GET /MILLENIUM!JOIN_ONEUP.LANCAMENTOS.CONSULTALANCAMENTOS?cnpj=57.408.548%2F0001-92&n_documento=107483%2FD","service":"btg-baixa-titulos-service","timestamp":"2026-05-27T12:07:33.509Z"}
{"lancamento":1434807305,"level":"info","message":"ℹ️ Título 107483/D já estava baixado. Processo ignorado.","service":"btg-baixa-titulos-service","situacao":"BAIXADO","timestamp":"2026-05-27T12:07:33.615Z"}
{"level":"info","message":"🔎 Processando título 107483/B","service":"btg-baixa-titulos-service","timestamp":"2026-05-27T12:07:33.626Z"}
{"level":"info","message":"🌐 Millennium request: GET /MILLENIUM!JOIN_ONEUP.LANCAMENTOS.CONSULTALANCAMENTOS?cnpj=57.408.548%2F0001-92&n_documento=107483%2FB","service":"btg-baixa-titulos-service","timestamp":"2026-05-27T12:07:33.626Z"}
{"lancamento":1434807303,"level":"info","message":"ℹ️ Título 107483/B já estava baixado. Processo ignorado.","service":"btg-baixa-titulos-service","situacao":"BAIXADO","timestamp":"2026-05-27T12:07:33.649Z"}
{"level":"info","message":"🔎 Processando título 107483/C","service":"btg-baixa-titulos-service","timestamp":"2026-05-27T12:07:33.657Z"}
{"level":"info","message":"🌐 Millennium request: GET /MILLENIUM!JOIN_ONEUP.LANCAMENTOS.CONSULTALANCAMENTOS?cnpj=57.408.548%2F0001-92&n_documento=107483%2FC","service":"btg-baixa-titulos-service","timestamp":"2026-05-27T12:07:33.658Z"}
{"lancamento":1434807304,"level":"info","message":"ℹ️ Título 107483/C já estava baixado. Processo ignorado.","service":"btg-baixa-titulos-service","situacao":"BAIXADO","timestamp":"2026-05-27T12:07:33.676Z"}
{"level":"info","message":"🔎 Processando título 107483/A","service":"btg-baixa-titulos-service","timestamp":"2026-05-27T12:07:33.682Z"}
{"level":"info","message":"🌐 Millennium request: GET /MILLENIUM!JOIN_ONEUP.LANCAMENTOS.CONSULTALANCAMENTOS?cnpj=57.408.548%2F0001-92&n_documento=107483%2FA","service":"btg-baixa-titulos-service","timestamp":"2026-05-27T12:07:33.682Z"}
{"lancamento":1434807302,"level":"info","message":"ℹ️ Título 107483/A já estava baixado. Processo ignorado.","service":"btg-baixa-titulos-service","situacao":"BAIXADO","timestamp":"2026-05-27T12:07:33.698Z"}
{"level":"info","message":"🔎 Processando título 01329811","service":"btg-baixa-titulos-service","timestamp":"2026-05-27T12:07:33.703Z"}
{"level":"info","message":"🌐 Millennium request: GET /MILLENIUM!JOIN_ONEUP.LANCAMENTOS.CONSULTALANCAMENTOS?cnpj=01.329.811%2F0001-01&n_documento=01329811","service":"btg-baixa-titulos-service","timestamp":"2026-05-27T12:07:33.704Z"}
{"erro":"Título não localizado: 01329811","level":"error","message":"❌ Erro no título 01329811","service":"btg-baixa-titulos-service","status":"ERRO_CONSULTA","timestamp":"2026-05-27T12:07:33.721Z"}
{"level":"info","message":"🔎 Processando título 06-VL","service":"btg-baixa-titulos-service","timestamp":"2026-05-27T12:07:33.726Z"}
{"level":"info","message":"🌐 Millennium request: GET /MILLENIUM!JOIN_ONEUP.LANCAMENTOS.CONSULTALANCAMENTOS?n_documento=06-VL&cpf=368.542.398-34","service":"btg-baixa-titulos-service","timestamp":"2026-05-27T12:07:33.726Z"}
{"erro":"Título não localizado: 06-VL","level":"error","message":"❌ Erro no título 06-VL","service":"btg-baixa-titulos-service","status":"ERRO_CONSULTA","timestamp":"2026-05-27T12:07:33.744Z"}
{"level":"info","message":"🔎 Processando título 06-VL","service":"btg-baixa-titulos-service","timestamp":"2026-05-27T12:07:33.749Z"}
{"level":"info","message":"🌐 Millennium request: GET /MILLENIUM!JOIN_ONEUP.LANCAMENTOS.CONSULTALANCAMENTOS?n_documento=06-VL&cpf=368.542.398-34","service":"btg-baixa-titulos-service","timestamp":"2026-05-27T12:07:33.749Z"}
{"erro":"Título não localizado: 06-VL","level":"error","message":"❌ Erro no título 06-VL","service":"btg-baixa-titulos-service","status":"ERRO_CONSULTA","timestamp":"2026-05-27T12:07:33.765Z"}
{"level":"info","message":"🔒 Finalizando sessão Millennium","service":"btg-baixa-titulos-service","timestamp":"2026-05-27T12:07:33.770Z"}
{"level":"info","message":"✅ Sessão Millennium finalizada com sucesso","service":"btg-baixa-titulos-service","timestamp":"2026-05-27T12:07:35.189Z"}
{"erroGeral":null,"erros":8,"finalizadoEm":"2026-05-27T12:07:35.190Z","jaBaixados":709,"level":"info","message":"🏁 Processamento finalizado","processamentoId":"BTG-20260527-0F8ED1","service":"btg-baixa-titulos-service","sucesso":11,"timestamp":"2026-05-27T12:07:35.200Z","total":728}
{"level":"info","message":"📲 Enviando resumo por WhatsApp","service":"btg-baixa-titulos-service","timestamp":"2026-05-27T12:07:35.253Z"}
{"level":"info","message":"✅ Resumo enviado por WhatsApp","response":{"companyId":1,"filaId":1156,"message":"Mensagem enviada a fila de transmissão com sucesso","schedule":"2026-05-27T12:08:35.878Z"},"service":"btg-baixa-titulos-service","timestamp":"2026-05-27T12:07:36.879Z"}
{"level":"info","message":"ℹ️ Envio de arquivos WhatsApp desabilitado","service":"btg-baixa-titulos-service","timestamp":"2026-05-27T12:07:36.880Z"}
