{"level":"info","message":"🔐 Iniciando login no Millennium","service":"btg-baixa-titulos-service","timestamp":"2026-06-03T12:09:23.190Z"}
{"level":"info","message":"✅ Login Millennium realizado com sucesso","service":"btg-baixa-titulos-service","timestamp":"2026-06-03T12:09:23.269Z"}
{"level":"info","message":"🚀 Iniciando processamento de 746 títulos","service":"btg-baixa-titulos-service","timestamp":"2026-06-03T12:09:23.269Z"}
{"level":"info","message":"🔎 Processando título CORRE 124646","service":"btg-baixa-titulos-service","timestamp":"2026-06-03T12:09:23.269Z"}
{"level":"info","message":"🌐 Millennium request: GET /MILLENIUM!JOIN_ONEUP.LANCAMENTOS.CONSULTALANCAMENTOS?cnpj=57.408.548%2F0001-92&n_documento=CORRE%20124646","service":"btg-baixa-titulos-service","timestamp":"2026-06-03T12:09:23.269Z"}
{"lancamento":1434935815,"level":"info","message":"ℹ️ Título CORRE 124646 já estava baixado. Processo ignorado.","service":"btg-baixa-titulos-service","situacao":"BAIXADO","timestamp":"2026-06-03T12:09:23.290Z"}
{"level":"info","message":"🔎 Processando título CORRE 124842","service":"btg-baixa-titulos-service","timestamp":"2026-06-03T12:09:23.291Z"}
{"level":"info","message":"🌐 Millennium request: GET /MILLENIUM!JOIN_ONEUP.LANCAMENTOS.CONSULTALANCAMENTOS?cnpj=03.294.992%2F0001-03&n_documento=CORRE%20124842","service":"btg-baixa-titulos-service","timestamp":"2026-06-03T12:09:23.291Z"}
{"lancamento":1434935816,"level":"info","message":"ℹ️ Título CORRE 124842 já estava baixado. Processo ignorado.","service":"btg-baixa-titulos-service","situacao":"BAIXADO","timestamp":"2026-06-03T12:09:23.306Z"}
{"level":"info","message":"🔎 Processando título FRE 123788","service":"btg-baixa-titulos-service","timestamp":"2026-06-03T12:09:23.307Z"}
{"level":"info","message":"🌐 Millennium request: GET /MILLENIUM!JOIN_ONEUP.LANCAMENTOS.CONSULTALANCAMENTOS?cnpj=01.009.793%2F0001-72&n_documento=FRE%20123788","service":"btg-baixa-titulos-service","timestamp":"2026-06-03T12:09:23.307Z"}
{"lancamento":1434934500,"level":"info","message":"ℹ️ Título FRE 123788 já estava baixado. Processo ignorado.","service":"btg-baixa-titulos-service","situacao":"BAIXADO","timestamp":"2026-06-03T12:09:23.326Z"}
{"level":"info","message":"🔎 Processando título CORRE 124253","service":"btg-baixa-titulos-service","timestamp":"2026-06-03T12:09:23.326Z"}
{"level":"info","message":"🌐 Millennium request: GET /MILLENIUM!JOIN_ONEUP.LANCAMENTOS.CONSULTALANCAMENTOS?cnpj=03.294.992%2F0001-03&n_documento=CORRE%20124253","service":"btg-baixa-titulos-service","timestamp":"2026-06-03T12:09:23.326Z"}
{"lancamento":1434934509,"level":"info","message":"ℹ️ Título CORRE 124253 já estava baixado. Processo ignorado.","service":"btg-baixa-titulos-service","situacao":"BAIXADO","timestamp":"2026-06-03T12:09:23.341Z"}
{"level":"info","message":"🔎 Processando título CORRE 123302","service":"btg-baixa-titulos-service","timestamp":"2026-06-03T12:09:23.341Z"}
{"level":"info","message":"🌐 Millennium request: GET /MILLENIUM!JOIN_ONEUP.LANCAMENTOS.CONSULTALANCAMENTOS?cnpj=57.408.548%2F0001-92&n_documento=CORRE%20123302","service":"btg-baixa-titulos-service","timestamp":"2026-06-03T12:09:23.341Z"}
{"lancamento":1434934503,"level":"info","message":"ℹ️ Título CORRE 123302 já estava baixado. Processo ignorado.","service":"btg-baixa-titulos-service","situacao":"BAIXADO","timestamp":"2026-06-03T12:09:23.358Z"}
{"level":"info","message":"🔎 Processando título CORRE 124031","service":"btg-baixa-titulos-service","timestamp":"2026-06-03T12:09:23.358Z"}
{"level":"info","message":"🌐 Millennium request: GET /MILLENIUM!JOIN_ONEUP.LANCAMENTOS.CONSULTALANCAMENTOS?cnpj=57.408.548%2F0001-92&n_documento=CORRE%20124031","service":"btg-baixa-titulos-service","timestamp":"2026-06-03T12:09:23.358Z"}
{"lancamento":1434934504,"level":"info","message":"ℹ️ Título CORRE 124031 já estava baixado. Processo ignorado.","service":"btg-baixa-titulos-service","situacao":"BAIXADO","timestamp":"2026-06-03T12:09:23.379Z"}
{"level":"info","message":"🔎 Processando título CORRE 123792","service":"btg-baixa-titulos-service","timestamp":"2026-06-03T12:09:23.379Z"}
{"level":"info","message":"🌐 Millennium request: GET /MILLENIUM!JOIN_ONEUP.LANCAMENTOS.CONSULTALANCAMENTOS?cnpj=03.294.992%2F0001-03&n_documento=CORRE%20123792","service":"btg-baixa-titulos-service","timestamp":"2026-06-03T12:09:23.379Z"}
{"lancamento":1434934508,"level":"info","message":"ℹ️ Título CORRE 123792 já estava baixado. Processo ignorado.","service":"btg-baixa-titulos-service","situacao":"BAIXADO","timestamp":"2026-06-03T12:09:23.394Z"}
{"level":"info","message":"🔎 Processando título CORRE 123800","service":"btg-baixa-titulos-service","timestamp":"2026-06-03T12:09:23.395Z"}
{"level":"info","message":"🌐 Millennium request: GET /MILLENIUM!JOIN_ONEUP.LANCAMENTOS.CONSULTALANCAMENTOS?cnpj=02.355.679%2F0001-67&n_documento=CORRE%20123800","service":"btg-baixa-titulos-service","timestamp":"2026-06-03T12:09:23.395Z"}
{"lancamento":1434934511,"level":"info","message":"ℹ️ Título CORRE 123800 já estava baixado. Processo ignorado.","service":"btg-baixa-titulos-service","situacao":"BAIXADO","timestamp":"2026-06-03T12:09:23.411Z"}
{"level":"info","message":"🔎 Processando título CORRE 124220","service":"btg-baixa-titulos-service","timestamp":"2026-06-03T12:09:23.411Z"}
{"level":"info","message":"🌐 Millennium request: GET /MILLENIUM!JOIN_ONEUP.LANCAMENTOS.CONSULTALANCAMENTOS?cnpj=57.408.548%2F0001-92&n_documento=CORRE%20124220","service":"btg-baixa-titulos-service","timestamp":"2026-06-03T12:09:23.411Z"}
{"lancamento":1434934506,"level":"info","message":"ℹ️ Título CORRE 124220 já estava baixado. Processo ignorado.","service":"btg-baixa-titulos-service","situacao":"BAIXADO","timestamp":"2026-06-03T12:09:23.425Z"}
{"level":"info","message":"🔎 Processando título CORRE 122927","service":"btg-baixa-titulos-service","timestamp":"2026-06-03T12:09:23.425Z"}
{"level":"info","message":"🌐 Millennium request: GET /MILLENIUM!JOIN_ONEUP.LANCAMENTOS.CONSULTALANCAMENTOS?cnpj=57.408.548%2F0001-92&n_documento=CORRE%20122927","service":"btg-baixa-titulos-service","timestamp":"2026-06-03T12:09:23.425Z"}
{"lancamento":1434934502,"level":"info","message":"ℹ️ Título CORRE 122927 já estava baixado. Processo ignorado.","service":"btg-baixa-titulos-service","situacao":"BAIXADO","timestamp":"2026-06-03T12:09:23.440Z"}
{"level":"info","message":"🔎 Processando título CORRE 122926","service":"btg-baixa-titulos-service","timestamp":"2026-06-03T12:09:23.441Z"}
{"level":"info","message":"🌐 Millennium request: GET /MILLENIUM!JOIN_ONEUP.LANCAMENTOS.CONSULTALANCAMENTOS?cnpj=03.294.992%2F0001-03&n_documento=CORRE%20122926","service":"btg-baixa-titulos-service","timestamp":"2026-06-03T12:09:23.441Z"}
{"lancamento":1434934507,"level":"info","message":"ℹ️ Título CORRE 122926 já estava baixado. Processo ignorado.","service":"btg-baixa-titulos-service","situacao":"BAIXADO","timestamp":"2026-06-03T12:09:23.456Z"}
{"level":"info","message":"🔎 Processando título CORRE 123826","service":"btg-baixa-titulos-service","timestamp":"2026-06-03T12:09:23.456Z"}
{"level":"info","message":"🌐 Millennium request: GET /MILLENIUM!JOIN_ONEUP.LANCAMENTOS.CONSULTALANCAMENTOS?cnpj=01.329.811%2F0001-01&n_documento=CORRE%20123826","service":"btg-baixa-titulos-service","timestamp":"2026-06-03T12:09:23.456Z"}
{"lancamento":1434934501,"level":"info","message":"ℹ️ Título CORRE 123826 já estava baixado. Processo ignorado.","service":"btg-baixa-titulos-service","situacao":"BAIXADO","timestamp":"2026-06-03T12:09:23.472Z"}
{"level":"info","message":"🔎 Processando título 122926/A","service":"btg-baixa-titulos-service","timestamp":"2026-06-03T12:09:23.473Z"}
{"level":"info","message":"🌐 Millennium request: GET /MILLENIUM!JOIN_ONEUP.LANCAMENTOS.CONSULTALANCAMENTOS?cnpj=03.294.992%2F0001-03&n_documento=122926%2FA","service":"btg-baixa-titulos-service","timestamp":"2026-06-03T12:09:23.473Z"}
{"lancamento":1434927255,"level":"info","message":"ℹ️ Título 122926/A já estava baixado. Processo ignorado.","service":"btg-baixa-titulos-service","situacao":"BAIXADO","timestamp":"2026-06-03T12:09:23.493Z"}
{"level":"info","message":"🔎 Processando título 123788","service":"btg-baixa-titulos-service","timestamp":"2026-06-03T12:09:23.494Z"}
{"level":"info","message":"🌐 Millennium request: GET /MILLENIUM!JOIN_ONEUP.LANCAMENTOS.CONSULTALANCAMENTOS?cnpj=01.009.793%2F0001-72&n_documento=123788","service":"btg-baixa-titulos-service","timestamp":"2026-06-03T12:09:23.494Z"}
{"lancamento":1434930779,"level":"info","message":"ℹ️ Título 123788 já estava baixado. Processo ignorado.","service":"btg-baixa-titulos-service","situacao":"BAIXADO","timestamp":"2026-06-03T12:09:23.512Z"}
{"level":"info","message":"🔎 Processando título 123827","service":"btg-baixa-titulos-service","timestamp":"2026-06-03T12:09:23.513Z"}
{"level":"info","message":"🌐 Millennium request: GET /MILLENIUM!JOIN_ONEUP.LANCAMENTOS.CONSULTALANCAMENTOS?cnpj=77.857.555%2F0009-36&n_documento=123827","service":"btg-baixa-titulos-service","timestamp":"2026-06-03T12:09:23.513Z"}
{"lancamento":1434930898,"level":"info","message":"ℹ️ Título 123827 já estava baixado. Processo ignorado.","service":"btg-baixa-titulos-service","situacao":"BAIXADO","timestamp":"2026-06-03T12:09:23.540Z"}
{"level":"info","message":"🔎 Processando título 123800","service":"btg-baixa-titulos-service","timestamp":"2026-06-03T12:09:23.540Z"}
{"level":"info","message":"🌐 Millennium request: GET /MILLENIUM!JOIN_ONEUP.LANCAMENTOS.CONSULTALANCAMENTOS?cnpj=02.355.679%2F0001-67&n_documento=123800","service":"btg-baixa-titulos-service","timestamp":"2026-06-03T12:09:23.540Z"}
{"lancamento":1434930791,"level":"info","message":"ℹ️ Título 123800 já estava baixado. Processo ignorado.","service":"btg-baixa-titulos-service","situacao":"BAIXADO","timestamp":"2026-06-03T12:09:23.559Z"}
{"level":"info","message":"🔎 Processando título 123383/A","service":"btg-baixa-titulos-service","timestamp":"2026-06-03T12:09:23.559Z"}
{"level":"info","message":"🌐 Millennium request: GET /MILLENIUM!JOIN_ONEUP.LANCAMENTOS.CONSULTALANCAMENTOS?cnpj=01.934.454%2F0001-00&n_documento=123383%2FA","service":"btg-baixa-titulos-service","timestamp":"2026-06-03T12:09:23.559Z"}
{"lancamento":1434929268,"level":"info","message":"ℹ️ Título 123383/A já estava baixado. Processo ignorado.","service":"btg-baixa-titulos-service","situacao":"BAIXADO","timestamp":"2026-06-03T12:09:23.673Z"}
{"level":"info","message":"🔎 Processando título 123801/A","service":"btg-baixa-titulos-service","timestamp":"2026-06-03T12:09:23.675Z"}
{"level":"info","message":"🌐 Millennium request: GET /MILLENIUM!JOIN_ONEUP.LANCAMENTOS.CONSULTALANCAMENTOS?cnpj=59.205.187%2F0001-02&n_documento=123801%2FA","service":"btg-baixa-titulos-service","timestamp":"2026-06-03T12:09:23.676Z"}
{"lancamento":1434930792,"level":"info","message":"ℹ️ Título 123801/A já estava baixado. Processo ignorado.","service":"btg-baixa-titulos-service","situacao":"BAIXADO","timestamp":"2026-06-03T12:09:23.696Z"}
{"level":"info","message":"🔎 Processando título FRE 122429","service":"btg-baixa-titulos-service","timestamp":"2026-06-03T12:09:23.699Z"}
{"level":"info","message":"🌐 Millennium request: GET /MILLENIUM!JOIN_ONEUP.LANCAMENTOS.CONSULTALANCAMENTOS?cnpj=57.408.548%2F0001-92&n_documento=FRE%20122429","service":"btg-baixa-titulos-service","timestamp":"2026-06-03T12:09:23.699Z"}
{"lancamento":1434927655,"level":"info","message":"ℹ️ Título FRE 122429 já estava baixado. Processo ignorado.","service":"btg-baixa-titulos-service","situacao":"BAIXADO","timestamp":"2026-06-03T12:09:23.725Z"}
{"level":"info","message":"🔎 Processando título FRE 122404","service":"btg-baixa-titulos-service","timestamp":"2026-06-03T12:09:23.727Z"}
{"level":"info","message":"🌐 Millennium request: GET /MILLENIUM!JOIN_ONEUP.LANCAMENTOS.CONSULTALANCAMENTOS?cnpj=03.294.992%2F0001-03&n_documento=FRE%20122404","service":"btg-baixa-titulos-service","timestamp":"2026-06-03T12:09:23.727Z"}
{"lancamento":1434927656,"level":"info","message":"ℹ️ Título FRE 122404 já estava baixado. Processo ignorado.","service":"btg-baixa-titulos-service","situacao":"BAIXADO","timestamp":"2026-06-03T12:09:23.751Z"}
{"level":"info","message":"🔎 Processando título FRE 122395","service":"btg-baixa-titulos-service","timestamp":"2026-06-03T12:09:23.753Z"}
{"level":"info","message":"🌐 Millennium request: GET /MILLENIUM!JOIN_ONEUP.LANCAMENTOS.CONSULTALANCAMENTOS?cnpj=02.355.679%2F0001-67&n_documento=FRE%20122395","service":"btg-baixa-titulos-service","timestamp":"2026-06-03T12:09:23.754Z"}
{"lancamento":1434927659,"level":"info","message":"ℹ️ Título FRE 122395 já estava baixado. Processo ignorado.","service":"btg-baixa-titulos-service","situacao":"BAIXADO","timestamp":"2026-06-03T12:09:23.771Z"}
{"level":"info","message":"🔎 Processando título FRE 122341","service":"btg-baixa-titulos-service","timestamp":"2026-06-03T12:09:23.773Z"}
{"level":"info","message":"🌐 Millennium request: GET /MILLENIUM!JOIN_ONEUP.LANCAMENTOS.CONSULTALANCAMENTOS?cnpj=01.009.793%2F0001-72&n_documento=FRE%20122341","service":"btg-baixa-titulos-service","timestamp":"2026-06-03T12:09:23.774Z"}
{"lancamento":1434927654,"level":"info","message":"ℹ️ Título FRE 122341 já estava baixado. Processo ignorado.","service":"btg-baixa-titulos-service","situacao":"BAIXADO","timestamp":"2026-06-03T12:09:23.799Z"}
{"level":"info","message":"🔎 Processando título CORRE 122599","service":"btg-baixa-titulos-service","timestamp":"2026-06-03T12:09:23.802Z"}
{"level":"info","message":"🌐 Millennium request: GET /MILLENIUM!JOIN_ONEUP.LANCAMENTOS.CONSULTALANCAMENTOS?cnpj=57.408.548%2F0001-92&n_documento=CORRE%20122599","service":"btg-baixa-titulos-service","timestamp":"2026-06-03T12:09:23.802Z"}
{"lancamento":1434927640,"level":"info","message":"ℹ️ Título CORRE 122599 já estava baixado. Processo ignorado.","service":"btg-baixa-titulos-service","situacao":"BAIXADO","timestamp":"2026-06-03T12:09:23.823Z"}
{"level":"info","message":"🔎 Processando título CORRE 122725","service":"btg-baixa-titulos-service","timestamp":"2026-06-03T12:09:23.826Z"}
{"level":"info","message":"🌐 Millennium request: GET /MILLENIUM!JOIN_ONEUP.LANCAMENTOS.CONSULTALANCAMENTOS?cnpj=57.408.548%2F0001-92&n_documento=CORRE%20122725","service":"btg-baixa-titulos-service","timestamp":"2026-06-03T12:09:23.826Z"}
{"lancamento":1434927642,"level":"info","message":"ℹ️ Título CORRE 122725 já estava baixado. Processo ignorado.","service":"btg-baixa-titulos-service","situacao":"BAIXADO","timestamp":"2026-06-03T12:09:23.849Z"}
{"level":"info","message":"🔎 Processando título CORRE 122724","service":"btg-baixa-titulos-service","timestamp":"2026-06-03T12:09:23.851Z"}
{"level":"info","message":"🌐 Millennium request: GET /MILLENIUM!JOIN_ONEUP.LANCAMENTOS.CONSULTALANCAMENTOS?cnpj=57.408.548%2F0001-92&n_documento=CORRE%20122724","service":"btg-baixa-titulos-service","timestamp":"2026-06-03T12:09:23.851Z"}
{"lancamento":1434927641,"level":"info","message":"ℹ️ Título CORRE 122724 já estava baixado. Processo ignorado.","service":"btg-baixa-titulos-service","situacao":"BAIXADO","timestamp":"2026-06-03T12:09:23.867Z"}
{"level":"info","message":"🔎 Processando título CORRE 121444","service":"btg-baixa-titulos-service","timestamp":"2026-06-03T12:09:23.870Z"}
{"level":"info","message":"🌐 Millennium request: GET /MILLENIUM!JOIN_ONEUP.LANCAMENTOS.CONSULTALANCAMENTOS?cnpj=57.408.548%2F0001-92&n_documento=CORRE%20121444","service":"btg-baixa-titulos-service","timestamp":"2026-06-03T12:09:23.870Z"}
{"lancamento":1434927637,"level":"info","message":"ℹ️ Título CORRE 121444 já estava baixado. Processo ignorado.","service":"btg-baixa-titulos-service","situacao":"BAIXADO","timestamp":"2026-06-03T12:09:23.888Z"}
{"level":"info","message":"🔎 Processando título CORRE 121219","service":"btg-baixa-titulos-service","timestamp":"2026-06-03T12:09:23.890Z"}
{"level":"info","message":"🌐 Millennium request: GET /MILLENIUM!JOIN_ONEUP.LANCAMENTOS.CONSULTALANCAMENTOS?cnpj=57.408.548%2F0001-92&n_documento=CORRE%20121219","service":"btg-baixa-titulos-service","timestamp":"2026-06-03T12:09:23.890Z"}
{"lancamento":1434927635,"level":"info","message":"ℹ️ Título CORRE 121219 já estava baixado. Processo ignorado.","service":"btg-baixa-titulos-service","situacao":"BAIXADO","timestamp":"2026-06-03T12:09:23.910Z"}
{"level":"info","message":"🔎 Processando título CORRE 122624","service":"btg-baixa-titulos-service","timestamp":"2026-06-03T12:09:23.912Z"}
{"level":"info","message":"🌐 Millennium request: GET /MILLENIUM!JOIN_ONEUP.LANCAMENTOS.CONSULTALANCAMENTOS?cnpj=21.067.137%2F0001-33&n_documento=CORRE%20122624","service":"btg-baixa-titulos-service","timestamp":"2026-06-03T12:09:23.912Z"}
{"lancamento":1434927652,"level":"info","message":"ℹ️ Título CORRE 122624 já estava baixado. Processo ignorado.","service":"btg-baixa-titulos-service","situacao":"BAIXADO","timestamp":"2026-06-03T12:09:23.929Z"}
{"level":"info","message":"🔎 Processando título CORRE 122020","service":"btg-baixa-titulos-service","timestamp":"2026-06-03T12:09:23.931Z"}
{"level":"info","message":"🌐 Millennium request: GET /MILLENIUM!JOIN_ONEUP.LANCAMENTOS.CONSULTALANCAMENTOS?cnpj=57.408.548%2F0001-92&n_documento=CORRE%20122020","service":"btg-baixa-titulos-service","timestamp":"2026-06-03T12:09:23.931Z"}
{"lancamento":1434927639,"level":"info","message":"ℹ️ Título CORRE 122020 já estava baixado. Processo ignorado.","service":"btg-baixa-titulos-service","situacao":"BAIXADO","timestamp":"2026-06-03T12:09:23.947Z"}
{"level":"info","message":"🔎 Processando título CORRE 121872","service":"btg-baixa-titulos-service","timestamp":"2026-06-03T12:09:23.949Z"}
{"level":"info","message":"🌐 Millennium request: GET /MILLENIUM!JOIN_ONEUP.LANCAMENTOS.CONSULTALANCAMENTOS?cnpj=57.408.548%2F0001-92&n_documento=CORRE%20121872","service":"btg-baixa-titulos-service","timestamp":"2026-06-03T12:09:23.949Z"}
{"lancamento":1434927638,"level":"info","message":"ℹ️ Título CORRE 121872 já estava baixado. Processo ignorado.","service":"btg-baixa-titulos-service","situacao":"BAIXADO","timestamp":"2026-06-03T12:09:23.969Z"}
{"level":"info","message":"🔎 Processando título CORRE 122593","service":"btg-baixa-titulos-service","timestamp":"2026-06-03T12:09:23.971Z"}
{"level":"info","message":"🌐 Millennium request: GET /MILLENIUM!JOIN_ONEUP.LANCAMENTOS.CONSULTALANCAMENTOS?cnpj=21.067.137%2F0001-33&n_documento=CORRE%20122593","service":"btg-baixa-titulos-service","timestamp":"2026-06-03T12:09:23.971Z"}
{"lancamento":1434927648,"level":"info","message":"ℹ️ Título CORRE 122593 já estava baixado. Processo ignorado.","service":"btg-baixa-titulos-service","situacao":"BAIXADO","timestamp":"2026-06-03T12:09:23.986Z"}
{"level":"info","message":"🔎 Processando título CORRE 121369","service":"btg-baixa-titulos-service","timestamp":"2026-06-03T12:09:23.986Z"}
{"level":"info","message":"🌐 Millennium request: GET /MILLENIUM!JOIN_ONEUP.LANCAMENTOS.CONSULTALANCAMENTOS?cnpj=57.408.548%2F0001-92&n_documento=CORRE%20121369","service":"btg-baixa-titulos-service","timestamp":"2026-06-03T12:09:23.986Z"}
{"lancamento":1434927636,"level":"info","message":"ℹ️ Título CORRE 121369 já estava baixado. Processo ignorado.","service":"btg-baixa-titulos-service","situacao":"BAIXADO","timestamp":"2026-06-03T12:09:24.007Z"}
{"level":"info","message":"🔎 Processando título CORRE 121668","service":"btg-baixa-titulos-service","timestamp":"2026-06-03T12:09:24.007Z"}
{"level":"info","message":"🌐 Millennium request: GET /MILLENIUM!JOIN_ONEUP.LANCAMENTOS.CONSULTALANCAMENTOS?cnpj=21.067.137%2F0001-33&n_documento=CORRE%20121668","service":"btg-baixa-titulos-service","timestamp":"2026-06-03T12:09:24.007Z"}
{"lancamento":1434927646,"level":"info","message":"ℹ️ Título CORRE 121668 já estava baixado. Processo ignorado.","service":"btg-baixa-titulos-service","situacao":"BAIXADO","timestamp":"2026-06-03T12:09:24.024Z"}
{"level":"info","message":"🔎 Processando título CORRE 121367","service":"btg-baixa-titulos-service","timestamp":"2026-06-03T12:09:24.025Z"}
{"level":"info","message":"🌐 Millennium request: GET /MILLENIUM!JOIN_ONEUP.LANCAMENTOS.CONSULTALANCAMENTOS?cnpj=01.329.811%2F0001-01&n_documento=CORRE%20121367","service":"btg-baixa-titulos-service","timestamp":"2026-06-03T12:09:24.025Z"}
{"lancamento":1434927644,"level":"info","message":"ℹ️ Título CORRE 121367 já estava baixado. Processo ignorado.","service":"btg-baixa-titulos-service","situacao":"BAIXADO","timestamp":"2026-06-03T12:09:24.042Z"}
{"level":"info","message":"🔎 Processando título 122393/A","service":"btg-baixa-titulos-service","timestamp":"2026-06-03T12:09:24.043Z"}
{"level":"info","message":"🌐 Millennium request: GET /MILLENIUM!JOIN_ONEUP.LANCAMENTOS.CONSULTALANCAMENTOS?cnpj=59.205.187%2F0001-02&n_documento=122393%2FA","service":"btg-baixa-titulos-service","timestamp":"2026-06-03T12:09:24.043Z"}
{"lancamento":1434924411,"level":"info","message":"ℹ️ Título 122393/A já estava baixado. Processo ignorado.","service":"btg-baixa-titulos-service","situacao":"BAIXADO","timestamp":"2026-06-03T12:09:24.060Z"}
{"level":"info","message":"🔎 Processando título 122342/A","service":"btg-baixa-titulos-service","timestamp":"2026-06-03T12:09:24.061Z"}
{"level":"info","message":"🌐 Millennium request: GET /MILLENIUM!JOIN_ONEUP.LANCAMENTOS.CONSULTALANCAMENTOS?cnpj=00.768.271%2F0001-91&n_documento=122342%2FA","service":"btg-baixa-titulos-service","timestamp":"2026-06-03T12:09:24.061Z"}
{"lancamento":1434924368,"level":"info","message":"ℹ️ Título 122342/A já estava baixado. Processo ignorado.","service":"btg-baixa-titulos-service","situacao":"BAIXADO","timestamp":"2026-06-03T12:09:24.080Z"}
{"level":"info","message":"🔎 Processando título 122444/A","service":"btg-baixa-titulos-service","timestamp":"2026-06-03T12:09:24.082Z"}
{"level":"info","message":"🌐 Millennium request: GET /MILLENIUM!JOIN_ONEUP.LANCAMENTOS.CONSULTALANCAMENTOS?cnpj=59.205.187%2F0001-02&n_documento=122444%2FA","service":"btg-baixa-titulos-service","timestamp":"2026-06-03T12:09:24.082Z"}
{"lancamento":1434924544,"level":"info","message":"ℹ️ Título 122444/A já estava baixado. Processo ignorado.","service":"btg-baixa-titulos-service","situacao":"BAIXADO","timestamp":"2026-06-03T12:09:24.186Z"}
{"level":"info","message":"🔎 Processando título 122338/A","service":"btg-baixa-titulos-service","timestamp":"2026-06-03T12:09:24.188Z"}
{"level":"info","message":"🌐 Millennium request: GET /MILLENIUM!JOIN_ONEUP.LANCAMENTOS.CONSULTALANCAMENTOS?cnpj=73.652.158%2F0001-10&n_documento=122338%2FA","service":"btg-baixa-titulos-service","timestamp":"2026-06-03T12:09:24.188Z"}
{"lancamento":1434924358,"level":"info","message":"ℹ️ Título 122338/A já estava baixado. Processo ignorado.","service":"btg-baixa-titulos-service","situacao":"BAIXADO","timestamp":"2026-06-03T12:09:24.208Z"}
{"level":"info","message":"🔎 Processando título 122395","service":"btg-baixa-titulos-service","timestamp":"2026-06-03T12:09:24.209Z"}
{"level":"info","message":"🌐 Millennium request: GET /MILLENIUM!JOIN_ONEUP.LANCAMENTOS.CONSULTALANCAMENTOS?cnpj=02.355.679%2F0001-67&n_documento=122395","service":"btg-baixa-titulos-service","timestamp":"2026-06-03T12:09:24.209Z"}
{"lancamento":1434924415,"level":"info","message":"ℹ️ Título 122395 já estava baixado. Processo ignorado.","service":"btg-baixa-titulos-service","situacao":"BAIXADO","timestamp":"2026-06-03T12:09:24.231Z"}
{"level":"info","message":"🔎 Processando título 122341","service":"btg-baixa-titulos-service","timestamp":"2026-06-03T12:09:24.232Z"}
{"level":"info","message":"🌐 Millennium request: GET /MILLENIUM!JOIN_ONEUP.LANCAMENTOS.CONSULTALANCAMENTOS?cnpj=01.009.793%2F0001-72&n_documento=122341","service":"btg-baixa-titulos-service","timestamp":"2026-06-03T12:09:24.232Z"}
{"lancamento":1434924366,"level":"info","message":"ℹ️ Título 122341 já estava baixado. Processo ignorado.","service":"btg-baixa-titulos-service","situacao":"BAIXADO","timestamp":"2026-06-03T12:09:24.249Z"}
{"level":"info","message":"🔎 Processando título 122336/A","service":"btg-baixa-titulos-service","timestamp":"2026-06-03T12:09:24.249Z"}
{"level":"info","message":"🌐 Millennium request: GET /MILLENIUM!JOIN_ONEUP.LANCAMENTOS.CONSULTALANCAMENTOS?cnpj=50.649.490%2F0001-20&n_documento=122336%2FA","service":"btg-baixa-titulos-service","timestamp":"2026-06-03T12:09:24.249Z"}
{"lancamento":1434924349,"level":"info","message":"ℹ️ Título 122336/A já estava baixado. Processo ignorado.","service":"btg-baixa-titulos-service","situacao":"BAIXADO","timestamp":"2026-06-03T12:09:24.271Z"}
{"level":"info","message":"🔎 Processando título 122343","service":"btg-baixa-titulos-service","timestamp":"2026-06-03T12:09:24.271Z"}
{"level":"info","message":"🌐 Millennium request: GET /MILLENIUM!JOIN_ONEUP.LANCAMENTOS.CONSULTALANCAMENTOS?cnpj=77.857.555%2F0009-36&n_documento=122343","service":"btg-baixa-titulos-service","timestamp":"2026-06-03T12:09:24.271Z"}
{"lancamento":1434924374,"level":"info","message":"ℹ️ Título 122343 já estava baixado. Processo ignorado.","service":"btg-baixa-titulos-service","situacao":"BAIXADO","timestamp":"2026-06-03T12:09:24.290Z"}
{"level":"info","message":"🔎 Processando título 122396","service":"btg-baixa-titulos-service","timestamp":"2026-06-03T12:09:24.290Z"}
{"level":"info","message":"🌐 Millennium request: GET /MILLENIUM!JOIN_ONEUP.LANCAMENTOS.CONSULTALANCAMENTOS?cnpj=01.329.811%2F0001-01&n_documento=122396","service":"btg-baixa-titulos-service","timestamp":"2026-06-03T12:09:24.290Z"}
{"lancamento":1434924416,"level":"info","message":"ℹ️ Título 122396 já estava baixado. Processo ignorado.","service":"btg-baixa-titulos-service","situacao":"BAIXADO","timestamp":"2026-06-03T12:09:24.307Z"}
{"level":"info","message":"🔎 Processando título 122337/A","service":"btg-baixa-titulos-service","timestamp":"2026-06-03T12:09:24.307Z"}
{"level":"info","message":"🌐 Millennium request: GET /MILLENIUM!JOIN_ONEUP.LANCAMENTOS.CONSULTALANCAMENTOS?cnpj=44.999.259%2F0001-63&n_documento=122337%2FA","service":"btg-baixa-titulos-service","timestamp":"2026-06-03T12:09:24.307Z"}
{"lancamento":1434924353,"level":"info","message":"ℹ️ Título 122337/A já estava baixado. Processo ignorado.","service":"btg-baixa-titulos-service","situacao":"BAIXADO","timestamp":"2026-06-03T12:09:24.330Z"}
{"level":"info","message":"🔎 Processando título 121874/A","service":"btg-baixa-titulos-service","timestamp":"2026-06-03T12:09:24.330Z"}
{"level":"info","message":"🌐 Millennium request: GET /MILLENIUM!JOIN_ONEUP.LANCAMENTOS.CONSULTALANCAMENTOS?cnpj=44.999.259%2F0001-63&n_documento=121874%2FA","service":"btg-baixa-titulos-service","timestamp":"2026-06-03T12:09:24.330Z"}
{"lancamento":1434922496,"level":"info","message":"ℹ️ Título 121874/A já estava baixado. Processo ignorado.","service":"btg-baixa-titulos-service","situacao":"BAIXADO","timestamp":"2026-06-03T12:09:24.345Z"}
{"level":"info","message":"🔎 Processando título 122404/A","service":"btg-baixa-titulos-service","timestamp":"2026-06-03T12:09:24.345Z"}
{"level":"info","message":"🌐 Millennium request: GET /MILLENIUM!JOIN_ONEUP.LANCAMENTOS.CONSULTALANCAMENTOS?cnpj=03.294.992%2F0001-03&n_documento=122404%2FA","service":"btg-baixa-titulos-service","timestamp":"2026-06-03T12:09:24.345Z"}
{"lancamento":1434924436,"level":"info","message":"ℹ️ Título 122404/A já estava baixado. Processo ignorado.","service":"btg-baixa-titulos-service","situacao":"BAIXADO","timestamp":"2026-06-03T12:09:24.359Z"}
{"level":"info","message":"🔎 Processando título 122399/A","service":"btg-baixa-titulos-service","timestamp":"2026-06-03T12:09:24.359Z"}
{"level":"info","message":"🌐 Millennium request: GET /MILLENIUM!JOIN_ONEUP.LANCAMENTOS.CONSULTALANCAMENTOS?cnpj=06.181.589%2F0001-58&n_documento=122399%2FA","service":"btg-baixa-titulos-service","timestamp":"2026-06-03T12:09:24.359Z"}
{"lancamento":1434924418,"level":"info","message":"ℹ️ Título 122399/A já estava baixado. Processo ignorado.","service":"btg-baixa-titulos-service","situacao":"BAIXADO","timestamp":"2026-06-03T12:09:24.381Z"}
{"level":"info","message":"🔎 Processando título 122010/A","service":"btg-baixa-titulos-service","timestamp":"2026-06-03T12:09:24.381Z"}
{"level":"info","message":"🌐 Millennium request: GET /MILLENIUM!JOIN_ONEUP.LANCAMENTOS.CONSULTALANCAMENTOS?cnpj=50.649.490%2F0001-20&n_documento=122010%2FA","service":"btg-baixa-titulos-service","timestamp":"2026-06-03T12:09:24.381Z"}
{"lancamento":1434922953,"level":"info","message":"ℹ️ Título 122010/A já estava baixado. Processo ignorado.","service":"btg-baixa-titulos-service","situacao":"BAIXADO","timestamp":"2026-06-03T12:09:24.398Z"}
{"level":"info","message":"🔎 Processando título 122400/A","service":"btg-baixa-titulos-service","timestamp":"2026-06-03T12:09:24.398Z"}
{"level":"info","message":"🌐 Millennium request: GET /MILLENIUM!JOIN_ONEUP.LANCAMENTOS.CONSULTALANCAMENTOS?cnpj=03.247.651%2F0001-79&n_documento=122400%2FA","service":"btg-baixa-titulos-service","timestamp":"2026-06-03T12:09:24.398Z"}
{"lancamento":1434924424,"level":"info","message":"ℹ️ Título 122400/A já estava baixado. Processo ignorado.","service":"btg-baixa-titulos-service","situacao":"BAIXADO","timestamp":"2026-06-03T12:09:24.444Z"}
{"level":"info","message":"🔎 Processando título 105758/C JUROS","service":"btg-baixa-titulos-service","timestamp":"2026-06-03T12:09:24.446Z"}
{"level":"info","message":"🌐 Millennium request: GET /MILLENIUM!JOIN_ONEUP.LANCAMENTOS.CONSULTALANCAMENTOS?cnpj=01.464.095%2F0001-67&n_documento=105758%2FC%20JUROS","service":"btg-baixa-titulos-service","timestamp":"2026-06-03T12:09:24.446Z"}
{"lancamento":1434925090,"level":"info","message":"ℹ️ Título 105758/C JUROS já estava baixado. Processo ignorado.","service":"btg-baixa-titulos-service","situacao":"BAIXADO","timestamp":"2026-06-03T12:09:24.463Z"}
{"level":"info","message":"🔎 Processando título 102319/G JUROS","service":"btg-baixa-titulos-service","timestamp":"2026-06-03T12:09:24.464Z"}
{"level":"info","message":"🌐 Millennium request: GET /MILLENIUM!JOIN_ONEUP.LANCAMENTOS.CONSULTALANCAMENTOS?cnpj=01.464.095%2F0001-67&n_documento=102319%2FG%20JUROS","service":"btg-baixa-titulos-service","timestamp":"2026-06-03T12:09:24.465Z"}
{"lancamento":1434925093,"level":"info","message":"ℹ️ Título 102319/G JUROS já estava baixado. Processo ignorado.","service":"btg-baixa-titulos-service","situacao":"BAIXADO","timestamp":"2026-06-03T12:09:24.483Z"}
{"level":"info","message":"🔎 Processando título FRE 120666","service":"btg-baixa-titulos-service","timestamp":"2026-06-03T12:09:24.485Z"}
{"level":"info","message":"🌐 Millennium request: GET /MILLENIUM!JOIN_ONEUP.LANCAMENTOS.CONSULTALANCAMENTOS?cnpj=02.355.679%2F0001-67&n_documento=FRE%20120666","service":"btg-baixa-titulos-service","timestamp":"2026-06-03T12:09:24.485Z"}
{"lancamento":1434922478,"level":"info","message":"ℹ️ Título FRE 120666 já estava baixado. Processo ignorado.","service":"btg-baixa-titulos-service","situacao":"BAIXADO","timestamp":"2026-06-03T12:09:24.503Z"}
{"level":"info","message":"🔎 Processando título FRE 120631","service":"btg-baixa-titulos-service","timestamp":"2026-06-03T12:09:24.505Z"}
{"level":"info","message":"🌐 Millennium request: GET /MILLENIUM!JOIN_ONEUP.LANCAMENTOS.CONSULTALANCAMENTOS?cnpj=03.294.992%2F0001-03&n_documento=FRE%20120631","service":"btg-baixa-titulos-service","timestamp":"2026-06-03T12:09:24.505Z"}
{"lancamento":1434922472,"level":"info","message":"ℹ️ Título FRE 120631 já estava baixado. Processo ignorado.","service":"btg-baixa-titulos-service","situacao":"BAIXADO","timestamp":"2026-06-03T12:09:24.522Z"}
{"level":"info","message":"🔎 Processando título CORRE 120183","service":"btg-baixa-titulos-service","timestamp":"2026-06-03T12:09:24.525Z"}
{"level":"info","message":"🌐 Millennium request: GET /MILLENIUM!JOIN_ONEUP.LANCAMENTOS.CONSULTALANCAMENTOS?cnpj=03.294.992%2F0001-03&n_documento=CORRE%20120183","service":"btg-baixa-titulos-service","timestamp":"2026-06-03T12:09:24.525Z"}
{"lancamento":1434922458,"level":"info","message":"ℹ️ Título CORRE 120183 já estava baixado. Processo ignorado.","service":"btg-baixa-titulos-service","situacao":"BAIXADO","timestamp":"2026-06-03T12:09:24.543Z"}
{"level":"info","message":"🔎 Processando título FRE 120618","service":"btg-baixa-titulos-service","timestamp":"2026-06-03T12:09:24.545Z"}
{"level":"info","message":"🌐 Millennium request: GET /MILLENIUM!JOIN_ONEUP.LANCAMENTOS.CONSULTALANCAMENTOS?cnpj=01.009.793%2F0001-72&n_documento=FRE%20120618","service":"btg-baixa-titulos-service","timestamp":"2026-06-03T12:09:24.545Z"}
{"lancamento":1434922481,"level":"info","message":"ℹ️ Título FRE 120618 já estava baixado. Processo ignorado.","service":"btg-baixa-titulos-service","situacao":"BAIXADO","timestamp":"2026-06-03T12:09:24.559Z"}
{"level":"info","message":"🔎 Processando título 121368","service":"btg-baixa-titulos-service","timestamp":"2026-06-03T12:09:24.561Z"}
{"level":"info","message":"🌐 Millennium request: GET /MILLENIUM!JOIN_ONEUP.LANCAMENTOS.CONSULTALANCAMENTOS?cnpj=01.009.793%2F0001-72&n_documento=121368","service":"btg-baixa-titulos-service","timestamp":"2026-06-03T12:09:24.561Z"}
{"lancamento":1434920840,"level":"info","message":"ℹ️ Título 121368 já estava baixado. Processo ignorado.","service":"btg-baixa-titulos-service","situacao":"BAIXADO","timestamp":"2026-06-03T12:09:24.577Z"}
{"level":"info","message":"🔎 Processando título FRE 120629","service":"btg-baixa-titulos-service","timestamp":"2026-06-03T12:09:24.579Z"}
{"level":"info","message":"🌐 Millennium request: GET /MILLENIUM!JOIN_ONEUP.LANCAMENTOS.CONSULTALANCAMENTOS?cnpj=57.408.548%2F0001-92&n_documento=FRE%20120629","service":"btg-baixa-titulos-service","timestamp":"2026-06-03T12:09:24.580Z"}
{"lancamento":1434922484,"level":"info","message":"ℹ️ Título FRE 120629 já estava baixado. Processo ignorado.","service":"btg-baixa-titulos-service","situacao":"BAIXADO","timestamp":"2026-06-03T12:09:24.600Z"}
{"level":"info","message":"🔎 Processando título CORRE 120558","service":"btg-baixa-titulos-service","timestamp":"2026-06-03T12:09:24.603Z"}
{"level":"info","message":"🌐 Millennium request: GET /MILLENIUM!JOIN_ONEUP.LANCAMENTOS.CONSULTALANCAMENTOS?cnpj=57.408.548%2F0001-92&n_documento=CORRE%20120558","service":"btg-baixa-titulos-service","timestamp":"2026-06-03T12:09:24.603Z"}
{"erro":"Título não localizado: CORRE 120558","level":"error","message":"❌ Erro no título CORRE 120558","service":"btg-baixa-titulos-service","status":"ERRO_CONSULTA","timestamp":"2026-06-03T12:09:24.709Z"}
{"level":"info","message":"🔎 Processando título CORRE 120329","service":"btg-baixa-titulos-service","timestamp":"2026-06-03T12:09:24.716Z"}
{"level":"info","message":"🌐 Millennium request: GET /MILLENIUM!JOIN_ONEUP.LANCAMENTOS.CONSULTALANCAMENTOS?cnpj=57.408.548%2F0001-92&n_documento=CORRE%20120329","service":"btg-baixa-titulos-service","timestamp":"2026-06-03T12:09:24.716Z"}
{"lancamento":1434922462,"level":"info","message":"ℹ️ Título CORRE 120329 já estava baixado. Processo ignorado.","service":"btg-baixa-titulos-service","situacao":"BAIXADO","timestamp":"2026-06-03T12:09:24.736Z"}
{"level":"info","message":"🔎 Processando título CORRE 120029","service":"btg-baixa-titulos-service","timestamp":"2026-06-03T12:09:24.740Z"}
{"level":"info","message":"🌐 Millennium request: GET /MILLENIUM!JOIN_ONEUP.LANCAMENTOS.CONSULTALANCAMENTOS?cnpj=57.408.548%2F0001-92&n_documento=CORRE%20120029","service":"btg-baixa-titulos-service","timestamp":"2026-06-03T12:09:24.740Z"}
{"lancamento":1434922461,"level":"info","message":"ℹ️ Título CORRE 120029 já estava baixado. Processo ignorado.","service":"btg-baixa-titulos-service","situacao":"BAIXADO","timestamp":"2026-06-03T12:09:24.757Z"}
{"level":"info","message":"🔎 Processando título 120775","service":"btg-baixa-titulos-service","timestamp":"2026-06-03T12:09:24.759Z"}
{"level":"info","message":"🌐 Millennium request: GET /MILLENIUM!JOIN_ONEUP.LANCAMENTOS.CONSULTALANCAMENTOS?cnpj=57.408.548%2F0001-92&n_documento=120775","service":"btg-baixa-titulos-service","timestamp":"2026-06-03T12:09:24.759Z"}
{"erro":"Título não localizado: 120775","level":"error","message":"❌ Erro no título 120775","service":"btg-baixa-titulos-service","status":"ERRO_CONSULTA","timestamp":"2026-06-03T12:09:24.775Z"}
{"level":"info","message":"🔎 Processando título 120620","service":"btg-baixa-titulos-service","timestamp":"2026-06-03T12:09:24.778Z"}
{"level":"info","message":"🌐 Millennium request: GET /MILLENIUM!JOIN_ONEUP.LANCAMENTOS.CONSULTALANCAMENTOS?cnpj=01.329.811%2F0001-01&n_documento=120620","service":"btg-baixa-titulos-service","timestamp":"2026-06-03T12:09:24.778Z"}
{"lancamento":1434917864,"level":"info","message":"ℹ️ Título 120620 já estava baixado. Processo ignorado.","service":"btg-baixa-titulos-service","situacao":"BAIXADO","timestamp":"2026-06-03T12:09:24.795Z"}
{"level":"info","message":"🔎 Processando título 121137/B","service":"btg-baixa-titulos-service","timestamp":"2026-06-03T12:09:24.797Z"}
{"level":"info","message":"🌐 Millennium request: GET /MILLENIUM!JOIN_ONEUP.LANCAMENTOS.CONSULTALANCAMENTOS?cnpj=00.768.271%2F0001-91&n_documento=121137%2FB","service":"btg-baixa-titulos-service","timestamp":"2026-06-03T12:09:24.797Z"}
{"lancamento":1434919879,"level":"info","message":"ℹ️ Título 121137/B já estava baixado. Processo ignorado.","service":"btg-baixa-titulos-service","situacao":"BAIXADO","timestamp":"2026-06-03T12:09:24.889Z"}
{"level":"info","message":"🔎 Processando título 121137/A","service":"btg-baixa-titulos-service","timestamp":"2026-06-03T12:09:24.893Z"}
{"level":"info","message":"🌐 Millennium request: GET /MILLENIUM!JOIN_ONEUP.LANCAMENTOS.CONSULTALANCAMENTOS?cnpj=00.768.271%2F0001-91&n_documento=121137%2FA","service":"btg-baixa-titulos-service","timestamp":"2026-06-03T12:09:24.893Z"}
{"lancamento":1434919878,"level":"info","message":"ℹ️ Título 121137/A já estava baixado. Processo ignorado.","service":"btg-baixa-titulos-service","situacao":"BAIXADO","timestamp":"2026-06-03T12:09:24.915Z"}
{"level":"info","message":"🔎 Processando título 120775/A","service":"btg-baixa-titulos-service","timestamp":"2026-06-03T12:09:24.918Z"}
{"level":"info","message":"🌐 Millennium request: GET /MILLENIUM!JOIN_ONEUP.LANCAMENTOS.CONSULTALANCAMENTOS?cnpj=57.408.548%2F0001-92&n_documento=120775%2FA","service":"btg-baixa-titulos-service","timestamp":"2026-06-03T12:09:24.918Z"}
{"lancamento":1434918824,"level":"info","message":"ℹ️ Título 120775/A já estava baixado. Processo ignorado.","service":"btg-baixa-titulos-service","situacao":"BAIXADO","timestamp":"2026-06-03T12:09:24.936Z"}
{"level":"info","message":"🔎 Processando título 119986/B","service":"btg-baixa-titulos-service","timestamp":"2026-06-03T12:09:24.939Z"}
{"level":"info","message":"🌐 Millennium request: GET /MILLENIUM!JOIN_ONEUP.LANCAMENTOS.CONSULTALANCAMENTOS?cnpj=73.652.158%2F0001-10&n_documento=119986%2FB","service":"btg-baixa-titulos-service","timestamp":"2026-06-03T12:09:24.939Z"}
{"lancamento":1434914964,"level":"info","message":"ℹ️ Título 119986/B já estava baixado. Processo ignorado.","service":"btg-baixa-titulos-service","situacao":"BAIXADO","timestamp":"2026-06-03T12:09:24.955Z"}
{"level":"info","message":"🔎 Processando título 119986/A","service":"btg-baixa-titulos-service","timestamp":"2026-06-03T12:09:24.957Z"}
{"level":"info","message":"🌐 Millennium request: GET /MILLENIUM!JOIN_ONEUP.LANCAMENTOS.CONSULTALANCAMENTOS?cnpj=73.652.158%2F0001-10&n_documento=119986%2FA","service":"btg-baixa-titulos-service","timestamp":"2026-06-03T12:09:24.957Z"}
{"lancamento":1434914963,"level":"info","message":"ℹ️ Título 119986/A já estava baixado. Processo ignorado.","service":"btg-baixa-titulos-service","situacao":"BAIXADO","timestamp":"2026-06-03T12:09:24.974Z"}
{"level":"info","message":"🔎 Processando título FRE 119328","service":"btg-baixa-titulos-service","timestamp":"2026-06-03T12:09:24.977Z"}
{"level":"info","message":"🌐 Millennium request: GET /MILLENIUM!JOIN_ONEUP.LANCAMENTOS.CONSULTALANCAMENTOS?cnpj=57.408.548%2F0001-92&n_documento=FRE%20119328","service":"btg-baixa-titulos-service","timestamp":"2026-06-03T12:09:24.977Z"}
{"erro":"Título não localizado: FRE 119328","level":"error","message":"❌ Erro no título FRE 119328","service":"btg-baixa-titulos-service","status":"ERRO_CONSULTA","timestamp":"2026-06-03T12:09:24.995Z"}
{"level":"info","message":"🔎 Processando título FRE 119325","service":"btg-baixa-titulos-service","timestamp":"2026-06-03T12:09:24.996Z"}
{"level":"info","message":"🌐 Millennium request: GET /MILLENIUM!JOIN_ONEUP.LANCAMENTOS.CONSULTALANCAMENTOS?cnpj=02.355.679%2F0001-67&n_documento=FRE%20119325","service":"btg-baixa-titulos-service","timestamp":"2026-06-03T12:09:24.996Z"}
{"lancamento":1434918566,"level":"info","message":"ℹ️ Título FRE 119325 já estava baixado. Processo ignorado.","service":"btg-baixa-titulos-service","situacao":"BAIXADO","timestamp":"2026-06-03T12:09:25.012Z"}
{"level":"info","message":"🔎 Processando título 120623/B","service":"btg-baixa-titulos-service","timestamp":"2026-06-03T12:09:25.013Z"}
{"level":"info","message":"🌐 Millennium request: GET /MILLENIUM!JOIN_ONEUP.LANCAMENTOS.CONSULTALANCAMENTOS?cnpj=00.768.271%2F0001-91&n_documento=120623%2FB","service":"btg-baixa-titulos-service","timestamp":"2026-06-03T12:09:25.013Z"}
{"lancamento":1434917867,"level":"info","message":"ℹ️ Título 120623/B já estava baixado. Processo ignorado.","service":"btg-baixa-titulos-service","situacao":"BAIXADO","timestamp":"2026-06-03T12:09:25.039Z"}
{"level":"info","message":"🔎 Processando título FRE 119324","service":"btg-baixa-titulos-service","timestamp":"2026-06-03T12:09:25.040Z"}
{"level":"info","message":"🌐 Millennium request: GET /MILLENIUM!JOIN_ONEUP.LANCAMENTOS.CONSULTALANCAMENTOS?cnpj=03.294.992%2F0001-03&n_documento=FRE%20119324","service":"btg-baixa-titulos-service","timestamp":"2026-06-03T12:09:25.040Z"}
{"lancamento":1434918575,"level":"info","message":"ℹ️ Título FRE 119324 já estava baixado. Processo ignorado.","service":"btg-baixa-titulos-service","situacao":"BAIXADO","timestamp":"2026-06-03T12:09:25.056Z"}
{"level":"info","message":"🔎 Processando título 120623/A","service":"btg-baixa-titulos-service","timestamp":"2026-06-03T12:09:25.057Z"}
{"level":"info","message":"🌐 Millennium request: GET /MILLENIUM!JOIN_ONEUP.LANCAMENTOS.CONSULTALANCAMENTOS?cnpj=00.768.271%2F0001-91&n_documento=120623%2FA","service":"btg-baixa-titulos-service","timestamp":"2026-06-03T12:09:25.057Z"}
{"lancamento":1434917866,"level":"info","message":"ℹ️ Título 120623/A já estava baixado. Processo ignorado.","service":"btg-baixa-titulos-service","situacao":"BAIXADO","timestamp":"2026-06-03T12:09:25.075Z"}
{"level":"info","message":"🔎 Processando título FRE 119300","service":"btg-baixa-titulos-service","timestamp":"2026-06-03T12:09:25.077Z"}
{"level":"info","message":"🌐 Millennium request: GET /MILLENIUM!JOIN_ONEUP.LANCAMENTOS.CONSULTALANCAMENTOS?cnpj=01.329.811%2F0001-01&n_documento=FRE%20119300","service":"btg-baixa-titulos-service","timestamp":"2026-06-03T12:09:25.077Z"}
{"lancamento":1434918576,"level":"info","message":"ℹ️ Título FRE 119300 já estava baixado. Processo ignorado.","service":"btg-baixa-titulos-service","situacao":"BAIXADO","timestamp":"2026-06-03T12:09:25.097Z"}
{"level":"info","message":"🔎 Processando título 120620","service":"btg-baixa-titulos-service","timestamp":"2026-06-03T12:09:25.100Z"}
{"level":"info","message":"🌐 Millennium request: GET /MILLENIUM!JOIN_ONEUP.LANCAMENTOS.CONSULTALANCAMENTOS?cnpj=01.329.811%2F0001-01&n_documento=120620","service":"btg-baixa-titulos-service","timestamp":"2026-06-03T12:09:25.101Z"}
{"lancamento":1434917864,"level":"info","message":"ℹ️ Título 120620 já estava baixado. Processo ignorado.","service":"btg-baixa-titulos-service","situacao":"BAIXADO","timestamp":"2026-06-03T12:09:25.237Z"}
{"level":"info","message":"🔎 Processando título FRE 119291","service":"btg-baixa-titulos-service","timestamp":"2026-06-03T12:09:25.241Z"}
{"level":"info","message":"🌐 Millennium request: GET /MILLENIUM!JOIN_ONEUP.LANCAMENTOS.CONSULTALANCAMENTOS?cnpj=01.009.793%2F0001-72&n_documento=FRE%20119291","service":"btg-baixa-titulos-service","timestamp":"2026-06-03T12:09:25.241Z"}
{"lancamento":1434918550,"level":"info","message":"ℹ️ Título FRE 119291 já estava baixado. Processo ignorado.","service":"btg-baixa-titulos-service","situacao":"BAIXADO","timestamp":"2026-06-03T12:09:25.262Z"}
{"level":"info","message":"🔎 Processando título FRE 119286","service":"btg-baixa-titulos-service","timestamp":"2026-06-03T12:09:25.265Z"}
{"level":"info","message":"🌐 Millennium request: GET /MILLENIUM!JOIN_ONEUP.LANCAMENTOS.CONSULTALANCAMENTOS?cnpj=21.067.137%2F0001-33&n_documento=FRE%20119286","service":"btg-baixa-titulos-service","timestamp":"2026-06-03T12:09:25.265Z"}
{"lancamento":1434918567,"level":"info","message":"ℹ️ Título FRE 119286 já estava baixado. Processo ignorado.","service":"btg-baixa-titulos-service","situacao":"BAIXADO","timestamp":"2026-06-03T12:09:25.284Z"}
{"level":"info","message":"🔎 Processando título FRE 117845","service":"btg-baixa-titulos-service","timestamp":"2026-06-03T12:09:25.288Z"}
{"level":"info","message":"🌐 Millennium request: GET /MILLENIUM!JOIN_ONEUP.LANCAMENTOS.CONSULTALANCAMENTOS?cnpj=03.294.992%2F0001-03&n_documento=FRE%20117845","service":"btg-baixa-titulos-service","timestamp":"2026-06-03T12:09:25.288Z"}
{"lancamento":1434918548,"level":"info","message":"ℹ️ Título FRE 117845 já estava baixado. Processo ignorado.","service":"btg-baixa-titulos-service","situacao":"BAIXADO","timestamp":"2026-06-03T12:09:25.304Z"}
{"level":"info","message":"🔎 Processando título FRE 117766","service":"btg-baixa-titulos-service","timestamp":"2026-06-03T12:09:25.308Z"}
{"level":"info","message":"🌐 Millennium request: GET /MILLENIUM!JOIN_ONEUP.LANCAMENTOS.CONSULTALANCAMENTOS?cnpj=57.408.548%2F0001-92&n_documento=FRE%20117766","service":"btg-baixa-titulos-service","timestamp":"2026-06-03T12:09:25.308Z"}
{"lancamento":1434918547,"level":"info","message":"ℹ️ Título FRE 117766 já estava baixado. Processo ignorado.","service":"btg-baixa-titulos-service","situacao":"BAIXADO","timestamp":"2026-06-03T12:09:25.326Z"}
{"level":"info","message":"🔎 Processando título 120619/B","service":"btg-baixa-titulos-service","timestamp":"2026-06-03T12:09:25.330Z"}
{"level":"info","message":"🌐 Millennium request: GET /MILLENIUM!JOIN_ONEUP.LANCAMENTOS.CONSULTALANCAMENTOS?cnpj=73.652.158%2F0001-10&n_documento=120619%2FB","service":"btg-baixa-titulos-service","timestamp":"2026-06-03T12:09:25.330Z"}
{"lancamento":1434917860,"level":"info","message":"ℹ️ Título 120619/B já estava baixado. Processo ignorado.","service":"btg-baixa-titulos-service","situacao":"BAIXADO","timestamp":"2026-06-03T12:09:25.349Z"}
{"level":"info","message":"🔎 Processando título CORRE 118933","service":"btg-baixa-titulos-service","timestamp":"2026-06-03T12:09:25.352Z"}
{"level":"info","message":"🌐 Millennium request: GET /MILLENIUM!JOIN_ONEUP.LANCAMENTOS.CONSULTALANCAMENTOS?cnpj=01.009.793%2F0001-72&n_documento=CORRE%20118933","service":"btg-baixa-titulos-service","timestamp":"2026-06-03T12:09:25.353Z"}
{"lancamento":1434918549,"level":"info","message":"ℹ️ Título CORRE 118933 já estava baixado. Processo ignorado.","service":"btg-baixa-titulos-service","situacao":"BAIXADO","timestamp":"2026-06-03T12:09:25.372Z"}
{"level":"info","message":"🔎 Processando título 120619/A","service":"btg-baixa-titulos-service","timestamp":"2026-06-03T12:09:25.373Z"}
{"level":"info","message":"🌐 Millennium request: GET /MILLENIUM!JOIN_ONEUP.LANCAMENTOS.CONSULTALANCAMENTOS?cnpj=73.652.158%2F0001-10&n_documento=120619%2FA","service":"btg-baixa-titulos-service","timestamp":"2026-06-03T12:09:25.373Z"}
{"lancamento":1434917859,"level":"info","message":"ℹ️ Título 120619/A já estava baixado. Processo ignorado.","service":"btg-baixa-titulos-service","situacao":"BAIXADO","timestamp":"2026-06-03T12:09:25.392Z"}
{"level":"info","message":"🔎 Processando título CORRE 117241","service":"btg-baixa-titulos-service","timestamp":"2026-06-03T12:09:25.396Z"}
{"level":"info","message":"🌐 Millennium request: GET /MILLENIUM!JOIN_ONEUP.LANCAMENTOS.CONSULTALANCAMENTOS?cnpj=03.294.992%2F0001-03&n_documento=CORRE%20117241","service":"btg-baixa-titulos-service","timestamp":"2026-06-03T12:09:25.396Z"}
{"lancamento":1434918546,"level":"info","message":"ℹ️ Título CORRE 117241 já estava baixado. Processo ignorado.","service":"btg-baixa-titulos-service","situacao":"BAIXADO","timestamp":"2026-06-03T12:09:25.419Z"}
{"level":"info","message":"🔎 Processando título 120618","service":"btg-baixa-titulos-service","timestamp":"2026-06-03T12:09:25.421Z"}
{"level":"info","message":"🌐 Millennium request: GET /MILLENIUM!JOIN_ONEUP.LANCAMENTOS.CONSULTALANCAMENTOS?cnpj=01.009.793%2F0001-72&n_documento=120618","service":"btg-baixa-titulos-service","timestamp":"2026-06-03T12:09:25.421Z"}
{"lancamento":1434917858,"level":"info","message":"ℹ️ Título 120618 já estava baixado. Processo ignorado.","service":"btg-baixa-titulos-service","situacao":"BAIXADO","timestamp":"2026-06-03T12:09:25.441Z"}
{"level":"info","message":"🔎 Processando título 120666","service":"btg-baixa-titulos-service","timestamp":"2026-06-03T12:09:25.443Z"}
{"level":"info","message":"🌐 Millennium request: GET /MILLENIUM!JOIN_ONEUP.LANCAMENTOS.CONSULTALANCAMENTOS?cnpj=02.355.679%2F0001-67&n_documento=120666","service":"btg-baixa-titulos-service","timestamp":"2026-06-03T12:09:25.443Z"}
{"lancamento":1434917997,"level":"info","message":"ℹ️ Título 120666 já estava baixado. Processo ignorado.","service":"btg-baixa-titulos-service","situacao":"BAIXADO","timestamp":"2026-06-03T12:09:25.459Z"}
{"level":"info","message":"🔎 Processando título 120614/B","service":"btg-baixa-titulos-service","timestamp":"2026-06-03T12:09:25.462Z"}
{"level":"info","message":"🌐 Millennium request: GET /MILLENIUM!JOIN_ONEUP.LANCAMENTOS.CONSULTALANCAMENTOS?cnpj=50.649.490%2F0001-20&n_documento=120614%2FB","service":"btg-baixa-titulos-service","timestamp":"2026-06-03T12:09:25.462Z"}
{"lancamento":1434917848,"level":"info","message":"ℹ️ Título 120614/B já estava baixado. Processo ignorado.","service":"btg-baixa-titulos-service","situacao":"BAIXADO","timestamp":"2026-06-03T12:09:25.479Z"}
{"level":"info","message":"🔎 Processando título 120614/A","service":"btg-baixa-titulos-service","timestamp":"2026-06-03T12:09:25.481Z"}
{"level":"info","message":"🌐 Millennium request: GET /MILLENIUM!JOIN_ONEUP.LANCAMENTOS.CONSULTALANCAMENTOS?cnpj=50.649.490%2F0001-20&n_documento=120614%2FA","service":"btg-baixa-titulos-service","timestamp":"2026-06-03T12:09:25.481Z"}
{"lancamento":1434917847,"level":"info","message":"ℹ️ Título 120614/A já estava baixado. Processo ignorado.","service":"btg-baixa-titulos-service","situacao":"BAIXADO","timestamp":"2026-06-03T12:09:25.495Z"}
{"level":"info","message":"🔎 Processando título 120640/B","service":"btg-baixa-titulos-service","timestamp":"2026-06-03T12:09:25.497Z"}
{"level":"info","message":"🌐 Millennium request: GET /MILLENIUM!JOIN_ONEUP.LANCAMENTOS.CONSULTALANCAMENTOS?cnpj=50.649.490%2F0001-20&n_documento=120640%2FB","service":"btg-baixa-titulos-service","timestamp":"2026-06-03T12:09:25.497Z"}
{"lancamento":1434917921,"level":"info","message":"ℹ️ Título 120640/B já estava baixado. Processo ignorado.","service":"btg-baixa-titulos-service","situacao":"BAIXADO","timestamp":"2026-06-03T12:09:25.511Z"}
{"level":"info","message":"🔎 Processando título 120640/A","service":"btg-baixa-titulos-service","timestamp":"2026-06-03T12:09:25.512Z"}
{"level":"info","message":"🌐 Millennium request: GET /MILLENIUM!JOIN_ONEUP.LANCAMENTOS.CONSULTALANCAMENTOS?cnpj=50.649.490%2F0001-20&n_documento=120640%2FA","service":"btg-baixa-titulos-service","timestamp":"2026-06-03T12:09:25.512Z"}
{"lancamento":1434917920,"level":"info","message":"ℹ️ Título 120640/A já estava baixado. Processo ignorado.","service":"btg-baixa-titulos-service","situacao":"BAIXADO","timestamp":"2026-06-03T12:09:25.528Z"}
{"level":"info","message":"🔎 Processando título 120638/B","service":"btg-baixa-titulos-service","timestamp":"2026-06-03T12:09:25.530Z"}
{"level":"info","message":"🌐 Millennium request: GET /MILLENIUM!JOIN_ONEUP.LANCAMENTOS.CONSULTALANCAMENTOS?cnpj=01.934.454%2F0001-00&n_documento=120638%2FB","service":"btg-baixa-titulos-service","timestamp":"2026-06-03T12:09:25.530Z"}
{"lancamento":1434917916,"level":"info","message":"ℹ️ Título 120638/B já estava baixado. Processo ignorado.","service":"btg-baixa-titulos-service","situacao":"BAIXADO","timestamp":"2026-06-03T12:09:25.549Z"}
{"level":"info","message":"🔎 Processando título 120183/B","service":"btg-baixa-titulos-service","timestamp":"2026-06-03T12:09:25.551Z"}
{"level":"info","message":"🌐 Millennium request: GET /MILLENIUM!JOIN_ONEUP.LANCAMENTOS.CONSULTALANCAMENTOS?cnpj=03.294.992%2F0001-03&n_documento=120183%2FB","service":"btg-baixa-titulos-service","timestamp":"2026-06-03T12:09:25.551Z"}
{"lancamento":1434916367,"level":"info","message":"ℹ️ Título 120183/B já estava baixado. Processo ignorado.","service":"btg-baixa-titulos-service","situacao":"BAIXADO","timestamp":"2026-06-03T12:09:25.566Z"}
{"level":"info","message":"🔎 Processando título 120638/A","service":"btg-baixa-titulos-service","timestamp":"2026-06-03T12:09:25.568Z"}
{"level":"info","message":"🌐 Millennium request: GET /MILLENIUM!JOIN_ONEUP.LANCAMENTOS.CONSULTALANCAMENTOS?cnpj=01.934.454%2F0001-00&n_documento=120638%2FA","service":"btg-baixa-titulos-service","timestamp":"2026-06-03T12:09:25.568Z"}
{"lancamento":1434917915,"level":"info","message":"ℹ️ Título 120638/A já estava baixado. Processo ignorado.","service":"btg-baixa-titulos-service","situacao":"BAIXADO","timestamp":"2026-06-03T12:09:25.588Z"}
{"level":"info","message":"🔎 Processando título 120183/A","service":"btg-baixa-titulos-service","timestamp":"2026-06-03T12:09:25.590Z"}
{"level":"info","message":"🌐 Millennium request: GET /MILLENIUM!JOIN_ONEUP.LANCAMENTOS.CONSULTALANCAMENTOS?cnpj=03.294.992%2F0001-03&n_documento=120183%2FA","service":"btg-baixa-titulos-service","timestamp":"2026-06-03T12:09:25.590Z"}
{"lancamento":1434916366,"level":"info","message":"ℹ️ Título 120183/A já estava baixado. Processo ignorado.","service":"btg-baixa-titulos-service","situacao":"BAIXADO","timestamp":"2026-06-03T12:09:25.608Z"}
{"level":"info","message":"🔎 Processando título 120634/B","service":"btg-baixa-titulos-service","timestamp":"2026-06-03T12:09:25.611Z"}
{"level":"info","message":"🌐 Millennium request: GET /MILLENIUM!JOIN_ONEUP.LANCAMENTOS.CONSULTALANCAMENTOS?cnpj=06.181.589%2F0001-58&n_documento=120634%2FB","service":"btg-baixa-titulos-service","timestamp":"2026-06-03T12:09:25.611Z"}
{"lancamento":1434917908,"level":"info","message":"ℹ️ Título 120634/B já estava baixado. Processo ignorado.","service":"btg-baixa-titulos-service","situacao":"BAIXADO","timestamp":"2026-06-03T12:09:25.626Z"}
{"level":"info","message":"🔎 Processando título 120559/A","service":"btg-baixa-titulos-service","timestamp":"2026-06-03T12:09:25.629Z"}
{"level":"info","message":"🌐 Millennium request: GET /MILLENIUM!JOIN_ONEUP.LANCAMENTOS.CONSULTALANCAMENTOS?cnpj=57.408.548%2F0001-92&n_documento=120559%2FA","service":"btg-baixa-titulos-service","timestamp":"2026-06-03T12:09:25.630Z"}
{"lancamento":1434917507,"level":"info","message":"ℹ️ Título 120559/A já estava baixado. Processo ignorado.","service":"btg-baixa-titulos-service","situacao":"BAIXADO","timestamp":"2026-06-03T12:09:25.647Z"}
{"level":"info","message":"🔎 Processando título 120634/A","service":"btg-baixa-titulos-service","timestamp":"2026-06-03T12:09:25.650Z"}
{"level":"info","message":"🌐 Millennium request: GET /MILLENIUM!JOIN_ONEUP.LANCAMENTOS.CONSULTALANCAMENTOS?cnpj=06.181.589%2F0001-58&n_documento=120634%2FA","service":"btg-baixa-titulos-service","timestamp":"2026-06-03T12:09:25.650Z"}
{"lancamento":1434917907,"level":"info","message":"ℹ️ Título 120634/A já estava baixado. Processo ignorado.","service":"btg-baixa-titulos-service","situacao":"BAIXADO","timestamp":"2026-06-03T12:09:25.759Z"}
{"level":"info","message":"🔎 Processando título 120558/A","service":"btg-baixa-titulos-service","timestamp":"2026-06-03T12:09:25.762Z"}
{"level":"info","message":"🌐 Millennium request: GET /MILLENIUM!JOIN_ONEUP.LANCAMENTOS.CONSULTALANCAMENTOS?cnpj=57.408.548%2F0001-92&n_documento=120558%2FA","service":"btg-baixa-titulos-service","timestamp":"2026-06-03T12:09:25.762Z"}
{"lancamento":1434917502,"level":"info","message":"ℹ️ Título 120558/A já estava baixado. Processo ignorado.","service":"btg-baixa-titulos-service","situacao":"BAIXADO","timestamp":"2026-06-03T12:09:25.787Z"}
{"level":"info","message":"🔎 Processando título 120633/B","service":"btg-baixa-titulos-service","timestamp":"2026-06-03T12:09:25.790Z"}
{"level":"info","message":"🌐 Millennium request: GET /MILLENIUM!JOIN_ONEUP.LANCAMENTOS.CONSULTALANCAMENTOS?cnpj=03.247.651%2F0001-79&n_documento=120633%2FB","service":"btg-baixa-titulos-service","timestamp":"2026-06-03T12:09:25.791Z"}
{"lancamento":1434917903,"level":"info","message":"ℹ️ Título 120633/B já estava baixado. Processo ignorado.","service":"btg-baixa-titulos-service","situacao":"BAIXADO","timestamp":"2026-06-03T12:09:25.808Z"}
{"level":"info","message":"🔎 Processando título 120633/A","service":"btg-baixa-titulos-service","timestamp":"2026-06-03T12:09:25.812Z"}
{"level":"info","message":"🌐 Millennium request: GET /MILLENIUM!JOIN_ONEUP.LANCAMENTOS.CONSULTALANCAMENTOS?cnpj=03.247.651%2F0001-79&n_documento=120633%2FA","service":"btg-baixa-titulos-service","timestamp":"2026-06-03T12:09:25.813Z"}
{"lancamento":1434917902,"level":"info","message":"ℹ️ Título 120633/A já estava baixado. Processo ignorado.","service":"btg-baixa-titulos-service","situacao":"BAIXADO","timestamp":"2026-06-03T12:09:25.831Z"}
{"level":"info","message":"🔎 Processando título 120329/A","service":"btg-baixa-titulos-service","timestamp":"2026-06-03T12:09:25.835Z"}
{"level":"info","message":"🌐 Millennium request: GET /MILLENIUM!JOIN_ONEUP.LANCAMENTOS.CONSULTALANCAMENTOS?cnpj=57.408.548%2F0001-92&n_documento=120329%2FA","service":"btg-baixa-titulos-service","timestamp":"2026-06-03T12:09:25.836Z"}
{"lancamento":1434917003,"level":"info","message":"ℹ️ Título 120329/A já estava baixado. Processo ignorado.","service":"btg-baixa-titulos-service","situacao":"BAIXADO","timestamp":"2026-06-03T12:09:25.855Z"}
{"level":"info","message":"🔎 Processando título 120632/B","service":"btg-baixa-titulos-service","timestamp":"2026-06-03T12:09:25.858Z"}
{"level":"info","message":"🌐 Millennium request: GET /MILLENIUM!JOIN_ONEUP.LANCAMENTOS.CONSULTALANCAMENTOS?cnpj=50.649.490%2F0001-20&n_documento=120632%2FB","service":"btg-baixa-titulos-service","timestamp":"2026-06-03T12:09:25.859Z"}
{"lancamento":1434917889,"level":"info","message":"ℹ️ Título 120632/B já estava baixado. Processo ignorado.","service":"btg-baixa-titulos-service","situacao":"BAIXADO","timestamp":"2026-06-03T12:09:25.877Z"}
{"level":"info","message":"🔎 Processando título 120632/A","service":"btg-baixa-titulos-service","timestamp":"2026-06-03T12:09:25.880Z"}
{"level":"info","message":"🌐 Millennium request: GET /MILLENIUM!JOIN_ONEUP.LANCAMENTOS.CONSULTALANCAMENTOS?cnpj=50.649.490%2F0001-20&n_documento=120632%2FA","service":"btg-baixa-titulos-service","timestamp":"2026-06-03T12:09:25.881Z"}
{"lancamento":1434917888,"level":"info","message":"ℹ️ Título 120632/A já estava baixado. Processo ignorado.","service":"btg-baixa-titulos-service","situacao":"BAIXADO","timestamp":"2026-06-03T12:09:25.897Z"}
{"level":"info","message":"🔎 Processando título 120029/A","service":"btg-baixa-titulos-service","timestamp":"2026-06-03T12:09:25.901Z"}
{"level":"info","message":"🌐 Millennium request: GET /MILLENIUM!JOIN_ONEUP.LANCAMENTOS.CONSULTALANCAMENTOS?cnpj=57.408.548%2F0001-92&n_documento=120029%2FA","service":"btg-baixa-titulos-service","timestamp":"2026-06-03T12:09:25.901Z"}
{"lancamento":1434915718,"level":"info","message":"ℹ️ Título 120029/A já estava baixado. Processo ignorado.","service":"btg-baixa-titulos-service","situacao":"BAIXADO","timestamp":"2026-06-03T12:09:25.917Z"}
{"level":"info","message":"🔎 Processando título 120631/A","service":"btg-baixa-titulos-service","timestamp":"2026-06-03T12:09:25.919Z"}
{"level":"info","message":"🌐 Millennium request: GET /MILLENIUM!JOIN_ONEUP.LANCAMENTOS.CONSULTALANCAMENTOS?cnpj=03.294.992%2F0001-03&n_documento=120631%2FA","service":"btg-baixa-titulos-service","timestamp":"2026-06-03T12:09:25.919Z"}
{"lancamento":1434917883,"level":"info","message":"ℹ️ Título 120631/A já estava baixado. Processo ignorado.","service":"btg-baixa-titulos-service","situacao":"BAIXADO","timestamp":"2026-06-03T12:09:25.933Z"}
{"level":"info","message":"🔎 Processando título 120613/B","service":"btg-baixa-titulos-service","timestamp":"2026-06-03T12:09:25.934Z"}
{"level":"info","message":"🌐 Millennium request: GET /MILLENIUM!JOIN_ONEUP.LANCAMENTOS.CONSULTALANCAMENTOS?cnpj=50.649.490%2F0001-20&n_documento=120613%2FB","service":"btg-baixa-titulos-service","timestamp":"2026-06-03T12:09:25.934Z"}
{"lancamento":1434917836,"level":"info","message":"ℹ️ Título 120613/B já estava baixado. Processo ignorado.","service":"btg-baixa-titulos-service","situacao":"BAIXADO","timestamp":"2026-06-03T12:09:25.950Z"}
{"level":"info","message":"🔎 Processando título 120629/A","service":"btg-baixa-titulos-service","timestamp":"2026-06-03T12:09:25.953Z"}
{"level":"info","message":"🌐 Millennium request: GET /MILLENIUM!JOIN_ONEUP.LANCAMENTOS.CONSULTALANCAMENTOS?cnpj=57.408.548%2F0001-92&n_documento=120629%2FA","service":"btg-baixa-titulos-service","timestamp":"2026-06-03T12:09:25.953Z"}
{"lancamento":1434917879,"level":"info","message":"ℹ️ Título 120629/A já estava baixado. Processo ignorado.","service":"btg-baixa-titulos-service","situacao":"BAIXADO","timestamp":"2026-06-03T12:09:25.969Z"}
{"level":"info","message":"🔎 Processando título 120613/A","service":"btg-baixa-titulos-service","timestamp":"2026-06-03T12:09:25.972Z"}
{"level":"info","message":"🌐 Millennium request: GET /MILLENIUM!JOIN_ONEUP.LANCAMENTOS.CONSULTALANCAMENTOS?cnpj=50.649.490%2F0001-20&n_documento=120613%2FA","service":"btg-baixa-titulos-service","timestamp":"2026-06-03T12:09:25.972Z"}
{"lancamento":1434917835,"level":"info","message":"ℹ️ Título 120613/A já estava baixado. Processo ignorado.","service":"btg-baixa-titulos-service","situacao":"BAIXADO","timestamp":"2026-06-03T12:09:25.994Z"}
{"level":"info","message":"🔎 Processando título 120628","service":"btg-baixa-titulos-service","timestamp":"2026-06-03T12:09:25.996Z"}
{"level":"info","message":"🌐 Millennium request: GET /MILLENIUM!JOIN_ONEUP.LANCAMENTOS.CONSULTALANCAMENTOS?cnpj=77.857.555%2F0009-36&n_documento=120628","service":"btg-baixa-titulos-service","timestamp":"2026-06-03T12:09:25.996Z"}
{"lancamento":1434917878,"level":"info","message":"ℹ️ Título 120628 já estava baixado. Processo ignorado.","service":"btg-baixa-titulos-service","situacao":"BAIXADO","timestamp":"2026-06-03T12:09:26.014Z"}
{"level":"info","message":"🔎 Processando título 120611/B","service":"btg-baixa-titulos-service","timestamp":"2026-06-03T12:09:26.017Z"}
{"level":"info","message":"🌐 Millennium request: GET /MILLENIUM!JOIN_ONEUP.LANCAMENTOS.CONSULTALANCAMENTOS?cnpj=50.649.490%2F0001-20&n_documento=120611%2FB","service":"btg-baixa-titulos-service","timestamp":"2026-06-03T12:09:26.017Z"}
{"lancamento":1434917833,"level":"info","message":"ℹ️ Título 120611/B já estava baixado. Processo ignorado.","service":"btg-baixa-titulos-service","situacao":"BAIXADO","timestamp":"2026-06-03T12:09:26.036Z"}
{"level":"info","message":"🔎 Processando título 120611/A","service":"btg-baixa-titulos-service","timestamp":"2026-06-03T12:09:26.039Z"}
{"level":"info","message":"🌐 Millennium request: GET /MILLENIUM!JOIN_ONEUP.LANCAMENTOS.CONSULTALANCAMENTOS?cnpj=50.649.490%2F0001-20&n_documento=120611%2FA","service":"btg-baixa-titulos-service","timestamp":"2026-06-03T12:09:26.039Z"}
{"lancamento":1434917832,"level":"info","message":"ℹ️ Título 120611/A já estava baixado. Processo ignorado.","service":"btg-baixa-titulos-service","situacao":"BAIXADO","timestamp":"2026-06-03T12:09:26.057Z"}
{"level":"info","message":"🔎 Processando título 120625/B","service":"btg-baixa-titulos-service","timestamp":"2026-06-03T12:09:26.059Z"}
{"level":"info","message":"🌐 Millennium request: GET /MILLENIUM!JOIN_ONEUP.LANCAMENTOS.CONSULTALANCAMENTOS?cnpj=44.999.259%2F0001-63&n_documento=120625%2FB","service":"btg-baixa-titulos-service","timestamp":"2026-06-03T12:09:26.059Z"}
{"lancamento":1434917872,"level":"info","message":"ℹ️ Título 120625/B já estava baixado. Processo ignorado.","service":"btg-baixa-titulos-service","situacao":"BAIXADO","timestamp":"2026-06-03T12:09:26.072Z"}
{"level":"info","message":"🔎 Processando título 119929/B","service":"btg-baixa-titulos-service","timestamp":"2026-06-03T12:09:26.073Z"}
{"level":"info","message":"🌐 Millennium request: GET /MILLENIUM!JOIN_ONEUP.LANCAMENTOS.CONSULTALANCAMENTOS?cnpj=03.247.651%2F0001-79&n_documento=119929%2FB","service":"btg-baixa-titulos-service","timestamp":"2026-06-03T12:09:26.073Z"}
{"lancamento":1434914751,"level":"info","message":"ℹ️ Título 119929/B já estava baixado. Processo ignorado.","service":"btg-baixa-titulos-service","situacao":"BAIXADO","timestamp":"2026-06-03T12:09:26.086Z"}
{"level":"info","message":"🔎 Processando título 120625/A","service":"btg-baixa-titulos-service","timestamp":"2026-06-03T12:09:26.087Z"}
{"level":"info","message":"🌐 Millennium request: GET /MILLENIUM!JOIN_ONEUP.LANCAMENTOS.CONSULTALANCAMENTOS?cnpj=44.999.259%2F0001-63&n_documento=120625%2FA","service":"btg-baixa-titulos-service","timestamp":"2026-06-03T12:09:26.088Z"}
{"lancamento":1434917871,"level":"info","message":"ℹ️ Título 120625/A já estava baixado. Processo ignorado.","service":"btg-baixa-titulos-service","situacao":"BAIXADO","timestamp":"2026-06-03T12:09:26.101Z"}
{"level":"info","message":"🔎 Processando título 119929/A","service":"btg-baixa-titulos-service","timestamp":"2026-06-03T12:09:26.102Z"}
{"level":"info","message":"🌐 Millennium request: GET /MILLENIUM!JOIN_ONEUP.LANCAMENTOS.CONSULTALANCAMENTOS?cnpj=03.247.651%2F0001-79&n_documento=119929%2FA","service":"btg-baixa-titulos-service","timestamp":"2026-06-03T12:09:26.102Z"}
{"lancamento":1434914750,"level":"info","message":"ℹ️ Título 119929/A já estava baixado. Processo ignorado.","service":"btg-baixa-titulos-service","situacao":"BAIXADO","timestamp":"2026-06-03T12:09:26.118Z"}
{"level":"info","message":"🔎 Processando título 119716/A","service":"btg-baixa-titulos-service","timestamp":"2026-06-03T12:09:26.120Z"}
{"level":"info","message":"🌐 Millennium request: GET /MILLENIUM!JOIN_ONEUP.LANCAMENTOS.CONSULTALANCAMENTOS?cnpj=57.408.548%2F0001-92&n_documento=119716%2FA","service":"btg-baixa-titulos-service","timestamp":"2026-06-03T12:09:26.120Z"}
{"lancamento":1434913667,"level":"info","message":"ℹ️ Título 119716/A já estava baixado. Processo ignorado.","service":"btg-baixa-titulos-service","situacao":"BAIXADO","timestamp":"2026-06-03T12:09:26.137Z"}
{"level":"info","message":"🔎 Processando título 119297/B","service":"btg-baixa-titulos-service","timestamp":"2026-06-03T12:09:26.139Z"}
{"level":"info","message":"🌐 Millennium request: GET /MILLENIUM!JOIN_ONEUP.LANCAMENTOS.CONSULTALANCAMENTOS?cnpj=73.652.158%2F0001-10&n_documento=119297%2FB","service":"btg-baixa-titulos-service","timestamp":"2026-06-03T12:09:26.140Z"}
{"lancamento":1434911786,"level":"info","message":"ℹ️ Título 119297/B já estava baixado. Processo ignorado.","service":"btg-baixa-titulos-service","situacao":"BAIXADO","timestamp":"2026-06-03T12:09:26.156Z"}
{"level":"info","message":"🔎 Processando título 119297/A","service":"btg-baixa-titulos-service","timestamp":"2026-06-03T12:09:26.158Z"}
{"level":"info","message":"🌐 Millennium request: GET /MILLENIUM!JOIN_ONEUP.LANCAMENTOS.CONSULTALANCAMENTOS?cnpj=73.652.158%2F0001-10&n_documento=119297%2FA","service":"btg-baixa-titulos-service","timestamp":"2026-06-03T12:09:26.158Z"}
{"lancamento":1434911785,"level":"info","message":"ℹ️ Título 119297/A já estava baixado. Processo ignorado.","service":"btg-baixa-titulos-service","situacao":"BAIXADO","timestamp":"2026-06-03T12:09:26.173Z"}
{"level":"info","message":"🔎 Processando título 119291","service":"btg-baixa-titulos-service","timestamp":"2026-06-03T12:09:26.175Z"}
{"level":"info","message":"🌐 Millennium request: GET /MILLENIUM!JOIN_ONEUP.LANCAMENTOS.CONSULTALANCAMENTOS?cnpj=01.009.793%2F0001-72&n_documento=119291","service":"btg-baixa-titulos-service","timestamp":"2026-06-03T12:09:26.175Z"}
{"lancamento":1434911781,"level":"info","message":"ℹ️ Título 119291 já estava baixado. Processo ignorado.","service":"btg-baixa-titulos-service","situacao":"BAIXADO","timestamp":"2026-06-03T12:09:26.189Z"}
{"level":"info","message":"🔎 Processando título 119290/B","service":"btg-baixa-titulos-service","timestamp":"2026-06-03T12:09:26.190Z"}
{"level":"info","message":"🌐 Millennium request: GET /MILLENIUM!JOIN_ONEUP.LANCAMENTOS.CONSULTALANCAMENTOS?cnpj=06.181.589%2F0001-58&n_documento=119290%2FB","service":"btg-baixa-titulos-service","timestamp":"2026-06-03T12:09:26.191Z"}
{"lancamento":1434911777,"level":"info","message":"ℹ️ Título 119290/B já estava baixado. Processo ignorado.","service":"btg-baixa-titulos-service","situacao":"BAIXADO","timestamp":"2026-06-03T12:09:26.290Z"}
{"level":"info","message":"🔎 Processando título 119290/A","service":"btg-baixa-titulos-service","timestamp":"2026-06-03T12:09:26.294Z"}
{"level":"info","message":"🌐 Millennium request: GET /MILLENIUM!JOIN_ONEUP.LANCAMENTOS.CONSULTALANCAMENTOS?cnpj=06.181.589%2F0001-58&n_documento=119290%2FA","service":"btg-baixa-titulos-service","timestamp":"2026-06-03T12:09:26.294Z"}
{"lancamento":1434911776,"level":"info","message":"ℹ️ Título 119290/A já estava baixado. Processo ignorado.","service":"btg-baixa-titulos-service","situacao":"BAIXADO","timestamp":"2026-06-03T12:09:26.311Z"}
{"level":"info","message":"🔎 Processando título 119347/B","service":"btg-baixa-titulos-service","timestamp":"2026-06-03T12:09:26.315Z"}
{"level":"info","message":"🌐 Millennium request: GET /MILLENIUM!JOIN_ONEUP.LANCAMENTOS.CONSULTALANCAMENTOS?cnpj=03.247.651%2F0001-79&n_documento=119347%2FB","service":"btg-baixa-titulos-service","timestamp":"2026-06-03T12:09:26.315Z"}
{"lancamento":1434911970,"level":"info","message":"ℹ️ Título 119347/B já estava baixado. Processo ignorado.","service":"btg-baixa-titulos-service","situacao":"BAIXADO","timestamp":"2026-06-03T12:09:26.331Z"}
{"level":"info","message":"🔎 Processando título 119289","service":"btg-baixa-titulos-service","timestamp":"2026-06-03T12:09:26.335Z"}
{"level":"info","message":"🌐 Millennium request: GET /MILLENIUM!JOIN_ONEUP.LANCAMENTOS.CONSULTALANCAMENTOS?cnpj=77.857.555%2F0009-36&n_documento=119289","service":"btg-baixa-titulos-service","timestamp":"2026-06-03T12:09:26.335Z"}
{"lancamento":1434911775,"level":"info","message":"ℹ️ Título 119289 já estava baixado. Processo ignorado.","service":"btg-baixa-titulos-service","situacao":"BAIXADO","timestamp":"2026-06-03T12:09:26.353Z"}
{"level":"info","message":"🔎 Processando título 119347/A","service":"btg-baixa-titulos-service","timestamp":"2026-06-03T12:09:26.356Z"}
{"level":"info","message":"🌐 Millennium request: GET /MILLENIUM!JOIN_ONEUP.LANCAMENTOS.CONSULTALANCAMENTOS?cnpj=03.247.651%2F0001-79&n_documento=119347%2FA","service":"btg-baixa-titulos-service","timestamp":"2026-06-03T12:09:26.356Z"}
{"lancamento":1434911969,"level":"info","message":"ℹ️ Título 119347/A já estava baixado. Processo ignorado.","service":"btg-baixa-titulos-service","situacao":"BAIXADO","timestamp":"2026-06-03T12:09:26.374Z"}
{"level":"info","message":"🔎 Processando título 119288/B","service":"btg-baixa-titulos-service","timestamp":"2026-06-03T12:09:26.376Z"}
{"level":"info","message":"🌐 Millennium request: GET /MILLENIUM!JOIN_ONEUP.LANCAMENTOS.CONSULTALANCAMENTOS?cnpj=59.205.187%2F0001-02&n_documento=119288%2FB","service":"btg-baixa-titulos-service","timestamp":"2026-06-03T12:09:26.377Z"}
{"lancamento":1434911773,"level":"info","message":"ℹ️ Título 119288/B já estava baixado. Processo ignorado.","service":"btg-baixa-titulos-service","situacao":"BAIXADO","timestamp":"2026-06-03T12:09:26.397Z"}
{"level":"info","message":"🔎 Processando título 119288/A","service":"btg-baixa-titulos-service","timestamp":"2026-06-03T12:09:26.399Z"}
{"level":"info","message":"🌐 Millennium request: GET /MILLENIUM!JOIN_ONEUP.LANCAMENTOS.CONSULTALANCAMENTOS?cnpj=59.205.187%2F0001-02&n_documento=119288%2FA","service":"btg-baixa-titulos-service","timestamp":"2026-06-03T12:09:26.399Z"}
{"lancamento":1434911772,"level":"info","message":"ℹ️ Título 119288/A já estava baixado. Processo ignorado.","service":"btg-baixa-titulos-service","situacao":"BAIXADO","timestamp":"2026-06-03T12:09:26.417Z"}
{"level":"info","message":"🔎 Processando título 119329/A","service":"btg-baixa-titulos-service","timestamp":"2026-06-03T12:09:26.419Z"}
{"level":"info","message":"🌐 Millennium request: GET /MILLENIUM!JOIN_ONEUP.LANCAMENTOS.CONSULTALANCAMENTOS?cnpj=57.408.548%2F0001-92&n_documento=119329%2FA","service":"btg-baixa-titulos-service","timestamp":"2026-06-03T12:09:26.419Z"}
{"lancamento":1434911894,"level":"info","message":"ℹ️ Título 119329/A já estava baixado. Processo ignorado.","service":"btg-baixa-titulos-service","situacao":"BAIXADO","timestamp":"2026-06-03T12:09:26.435Z"}
{"level":"info","message":"🔎 Processando título 119287/B","service":"btg-baixa-titulos-service","timestamp":"2026-06-03T12:09:26.436Z"}
{"level":"info","message":"🌐 Millennium request: GET /MILLENIUM!JOIN_ONEUP.LANCAMENTOS.CONSULTALANCAMENTOS?cnpj=01.934.454%2F0001-00&n_documento=119287%2FB","service":"btg-baixa-titulos-service","timestamp":"2026-06-03T12:09:26.436Z"}
{"lancamento":1434911770,"level":"info","message":"ℹ️ Título 119287/B já estava baixado. Processo ignorado.","service":"btg-baixa-titulos-service","situacao":"BAIXADO","timestamp":"2026-06-03T12:09:26.468Z"}
{"level":"info","message":"🔎 Processando título 119287/A","service":"btg-baixa-titulos-service","timestamp":"2026-06-03T12:09:26.472Z"}
{"level":"info","message":"🌐 Millennium request: GET /MILLENIUM!JOIN_ONEUP.LANCAMENTOS.CONSULTALANCAMENTOS?cnpj=01.934.454%2F0001-00&n_documento=119287%2FA","service":"btg-baixa-titulos-service","timestamp":"2026-06-03T12:09:26.472Z"}
{"lancamento":1434911769,"level":"info","message":"ℹ️ Título 119287/A já estava baixado. Processo ignorado.","service":"btg-baixa-titulos-service","situacao":"BAIXADO","timestamp":"2026-06-03T12:09:26.488Z"}
{"level":"info","message":"🔎 Processando título 119328/A","service":"btg-baixa-titulos-service","timestamp":"2026-06-03T12:09:26.491Z"}
{"level":"info","message":"🌐 Millennium request: GET /MILLENIUM!JOIN_ONEUP.LANCAMENTOS.CONSULTALANCAMENTOS?cnpj=57.408.548%2F0001-92&n_documento=119328%2FA","service":"btg-baixa-titulos-service","timestamp":"2026-06-03T12:09:26.491Z"}
{"lancamento":1434911890,"level":"info","message":"ℹ️ Título 119328/A já estava baixado. Processo ignorado.","service":"btg-baixa-titulos-service","situacao":"BAIXADO","timestamp":"2026-06-03T12:09:26.509Z"}
{"level":"info","message":"🔎 Processando título 119286/A","service":"btg-baixa-titulos-service","timestamp":"2026-06-03T12:09:26.512Z"}
{"level":"info","message":"🌐 Millennium request: GET /MILLENIUM!JOIN_ONEUP.LANCAMENTOS.CONSULTALANCAMENTOS?cnpj=21.067.137%2F0001-33&n_documento=119286%2FA","service":"btg-baixa-titulos-service","timestamp":"2026-06-03T12:09:26.512Z"}
{"lancamento":1434911766,"level":"info","message":"ℹ️ Título 119286/A já estava baixado. Processo ignorado.","service":"btg-baixa-titulos-service","situacao":"BAIXADO","timestamp":"2026-06-03T12:09:26.529Z"}
{"level":"info","message":"🔎 Processando título 119327/A","service":"btg-baixa-titulos-service","timestamp":"2026-06-03T12:09:26.531Z"}
{"level":"info","message":"🌐 Millennium request: GET /MILLENIUM!JOIN_ONEUP.LANCAMENTOS.CONSULTALANCAMENTOS?cnpj=57.408.548%2F0001-92&n_documento=119327%2FA","service":"btg-baixa-titulos-service","timestamp":"2026-06-03T12:09:26.531Z"}
{"lancamento":1434911885,"level":"info","message":"ℹ️ Título 119327/A já estava baixado. Processo ignorado.","service":"btg-baixa-titulos-service","situacao":"BAIXADO","timestamp":"2026-06-03T12:09:26.547Z"}
{"level":"info","message":"🔎 Processando título 119285/B","service":"btg-baixa-titulos-service","timestamp":"2026-06-03T12:09:26.549Z"}
{"level":"info","message":"🌐 Millennium request: GET /MILLENIUM!JOIN_ONEUP.LANCAMENTOS.CONSULTALANCAMENTOS?cnpj=00.768.271%2F0001-91&n_documento=119285%2FB","service":"btg-baixa-titulos-service","timestamp":"2026-06-03T12:09:26.550Z"}
{"lancamento":1434911760,"level":"info","message":"ℹ️ Título 119285/B já estava baixado. Processo ignorado.","service":"btg-baixa-titulos-service","situacao":"BAIXADO","timestamp":"2026-06-03T12:09:26.575Z"}
{"level":"info","message":"🔎 Processando título 119325","service":"btg-baixa-titulos-service","timestamp":"2026-06-03T12:09:26.579Z"}
{"level":"info","message":"🌐 Millennium request: GET /MILLENIUM!JOIN_ONEUP.LANCAMENTOS.CONSULTALANCAMENTOS?cnpj=02.355.679%2F0001-67&n_documento=119325","service":"btg-baixa-titulos-service","timestamp":"2026-06-03T12:09:26.579Z"}
{"lancamento":1434911882,"level":"info","message":"ℹ️ Título 119325 já estava baixado. Processo ignorado.","service":"btg-baixa-titulos-service","situacao":"BAIXADO","timestamp":"2026-06-03T12:09:26.625Z"}
{"level":"info","message":"🔎 Processando título 119285/A","service":"btg-baixa-titulos-service","timestamp":"2026-06-03T12:09:26.629Z"}
{"level":"info","message":"🌐 Millennium request: GET /MILLENIUM!JOIN_ONEUP.LANCAMENTOS.CONSULTALANCAMENTOS?cnpj=00.768.271%2F0001-91&n_documento=119285%2FA","service":"btg-baixa-titulos-service","timestamp":"2026-06-03T12:09:26.629Z"}
{"lancamento":1434911759,"level":"info","message":"ℹ️ Título 119285/A já estava baixado. Processo ignorado.","service":"btg-baixa-titulos-service","situacao":"BAIXADO","timestamp":"2026-06-03T12:09:26.645Z"}
{"level":"info","message":"🔎 Processando título 119324/B","service":"btg-baixa-titulos-service","timestamp":"2026-06-03T12:09:26.648Z"}
{"level":"info","message":"🌐 Millennium request: GET /MILLENIUM!JOIN_ONEUP.LANCAMENTOS.CONSULTALANCAMENTOS?cnpj=03.294.992%2F0001-03&n_documento=119324%2FB","service":"btg-baixa-titulos-service","timestamp":"2026-06-03T12:09:26.648Z"}
{"lancamento":1434911878,"level":"info","message":"ℹ️ Título 119324/B já estava baixado. Processo ignorado.","service":"btg-baixa-titulos-service","situacao":"BAIXADO","timestamp":"2026-06-03T12:09:26.664Z"}
{"level":"info","message":"🔎 Processando título 119084/B","service":"btg-baixa-titulos-service","timestamp":"2026-06-03T12:09:26.668Z"}
{"level":"info","message":"🌐 Millennium request: GET /MILLENIUM!JOIN_ONEUP.LANCAMENTOS.CONSULTALANCAMENTOS?cnpj=00.768.271%2F0001-91&n_documento=119084%2FB","service":"btg-baixa-titulos-service","timestamp":"2026-06-03T12:09:26.668Z"}
{"lancamento":1434910961,"level":"info","message":"ℹ️ Título 119084/B já estava baixado. Processo ignorado.","service":"btg-baixa-titulos-service","situacao":"BAIXADO","timestamp":"2026-06-03T12:09:26.685Z"}
{"level":"info","message":"🔎 Processando título 119084/A","service":"btg-baixa-titulos-service","timestamp":"2026-06-03T12:09:26.690Z"}
{"level":"info","message":"🌐 Millennium request: GET /MILLENIUM!JOIN_ONEUP.LANCAMENTOS.CONSULTALANCAMENTOS?cnpj=00.768.271%2F0001-91&n_documento=119084%2FA","service":"btg-baixa-titulos-service","timestamp":"2026-06-03T12:09:26.690Z"}
{"lancamento":1434910960,"level":"info","message":"ℹ️ Título 119084/A já estava baixado. Processo ignorado.","service":"btg-baixa-titulos-service","situacao":"BAIXADO","timestamp":"2026-06-03T12:09:26.809Z"}
{"level":"info","message":"🔎 Processando título 119324/A","service":"btg-baixa-titulos-service","timestamp":"2026-06-03T12:09:26.814Z"}
{"level":"info","message":"🌐 Millennium request: GET /MILLENIUM!JOIN_ONEUP.LANCAMENTOS.CONSULTALANCAMENTOS?cnpj=03.294.992%2F0001-03&n_documento=119324%2FA","service":"btg-baixa-titulos-service","timestamp":"2026-06-03T12:09:26.814Z"}
{"lancamento":1434911877,"level":"info","message":"ℹ️ Título 119324/A já estava baixado. Processo ignorado.","service":"btg-baixa-titulos-service","situacao":"BAIXADO","timestamp":"2026-06-03T12:09:26.852Z"}
{"level":"info","message":"🔎 Processando título 119302/B","service":"btg-baixa-titulos-service","timestamp":"2026-06-03T12:09:26.857Z"}
{"level":"info","message":"🌐 Millennium request: GET /MILLENIUM!JOIN_ONEUP.LANCAMENTOS.CONSULTALANCAMENTOS?cnpj=50.649.490%2F0001-20&n_documento=119302%2FB","service":"btg-baixa-titulos-service","timestamp":"2026-06-03T12:09:26.857Z"}
{"lancamento":1434911809,"level":"info","message":"ℹ️ Título 119302/B já estava baixado. Processo ignorado.","service":"btg-baixa-titulos-service","situacao":"BAIXADO","timestamp":"2026-06-03T12:09:26.939Z"}
{"level":"info","message":"🔎 Processando título 119284/B","service":"btg-baixa-titulos-service","timestamp":"2026-06-03T12:09:26.943Z"}
{"level":"info","message":"🌐 Millennium request: GET /MILLENIUM!JOIN_ONEUP.LANCAMENTOS.CONSULTALANCAMENTOS?cnpj=44.999.259%2F0001-63&n_documento=119284%2FB","service":"btg-baixa-titulos-service","timestamp":"2026-06-03T12:09:26.943Z"}
{"lancamento":1434911754,"level":"info","message":"ℹ️ Título 119284/B já estava baixado. Processo ignorado.","service":"btg-baixa-titulos-service","situacao":"BAIXADO","timestamp":"2026-06-03T12:09:27.045Z"}
{"level":"info","message":"🔎 Processando título 119302/A","service":"btg-baixa-titulos-service","timestamp":"2026-06-03T12:09:27.049Z"}
{"level":"info","message":"🌐 Millennium request: GET /MILLENIUM!JOIN_ONEUP.LANCAMENTOS.CONSULTALANCAMENTOS?cnpj=50.649.490%2F0001-20&n_documento=119302%2FA","service":"btg-baixa-titulos-service","timestamp":"2026-06-03T12:09:27.050Z"}
{"lancamento":1434911808,"level":"info","message":"ℹ️ Título 119302/A já estava baixado. Processo ignorado.","service":"btg-baixa-titulos-service","situacao":"BAIXADO","timestamp":"2026-06-03T12:09:27.173Z"}
{"level":"info","message":"🔎 Processando título 119284/A","service":"btg-baixa-titulos-service","timestamp":"2026-06-03T12:09:27.178Z"}
{"level":"info","message":"🌐 Millennium request: GET /MILLENIUM!JOIN_ONEUP.LANCAMENTOS.CONSULTALANCAMENTOS?cnpj=44.999.259%2F0001-63&n_documento=119284%2FA","service":"btg-baixa-titulos-service","timestamp":"2026-06-03T12:09:27.178Z"}
{"lancamento":1434911753,"level":"info","message":"ℹ️ Título 119284/A já estava baixado. Processo ignorado.","service":"btg-baixa-titulos-service","situacao":"BAIXADO","timestamp":"2026-06-03T12:09:27.331Z"}
{"level":"info","message":"🔎 Processando título 119300","service":"btg-baixa-titulos-service","timestamp":"2026-06-03T12:09:27.334Z"}
{"level":"info","message":"🌐 Millennium request: GET /MILLENIUM!JOIN_ONEUP.LANCAMENTOS.CONSULTALANCAMENTOS?cnpj=01.329.811%2F0001-01&n_documento=119300","service":"btg-baixa-titulos-service","timestamp":"2026-06-03T12:09:27.334Z"}
{"lancamento":1434911795,"level":"info","message":"ℹ️ Título 119300 já estava baixado. Processo ignorado.","service":"btg-baixa-titulos-service","situacao":"BAIXADO","timestamp":"2026-06-03T12:09:27.573Z"}
{"level":"info","message":"🔎 Processando título 118933","service":"btg-baixa-titulos-service","timestamp":"2026-06-03T12:09:27.578Z"}
{"level":"info","message":"🌐 Millennium request: GET /MILLENIUM!JOIN_ONEUP.LANCAMENTOS.CONSULTALANCAMENTOS?cnpj=01.009.793%2F0001-72&n_documento=118933","service":"btg-baixa-titulos-service","timestamp":"2026-06-03T12:09:27.578Z"}
{"lancamento":1434910010,"level":"info","message":"ℹ️ Título 118933 já estava baixado. Processo ignorado.","service":"btg-baixa-titulos-service","situacao":"BAIXADO","timestamp":"2026-06-03T12:09:27.870Z"}
{"level":"info","message":"🔎 Processando título 119299/B","service":"btg-baixa-titulos-service","timestamp":"2026-06-03T12:09:27.874Z"}
{"level":"info","message":"🌐 Millennium request: GET /MILLENIUM!JOIN_ONEUP.LANCAMENTOS.CONSULTALANCAMENTOS?cnpj=03.247.651%2F0001-79&n_documento=119299%2FB","service":"btg-baixa-titulos-service","timestamp":"2026-06-03T12:09:27.874Z"}
{"lancamento":1434911791,"level":"info","message":"ℹ️ Título 119299/B já estava baixado. Processo ignorado.","service":"btg-baixa-titulos-service","situacao":"BAIXADO","timestamp":"2026-06-03T12:09:28.049Z"}
{"level":"info","message":"🔎 Processando título 118297/C","service":"btg-baixa-titulos-service","timestamp":"2026-06-03T12:09:28.053Z"}
{"level":"info","message":"🌐 Millennium request: GET /MILLENIUM!JOIN_ONEUP.LANCAMENTOS.CONSULTALANCAMENTOS?cnpj=50.649.490%2F0001-20&n_documento=118297%2FC","service":"btg-baixa-titulos-service","timestamp":"2026-06-03T12:09:28.054Z"}
{"lancamento":1434908879,"level":"info","message":"ℹ️ Título 118297/C já estava baixado. Processo ignorado.","service":"btg-baixa-titulos-service","situacao":"BAIXADO","timestamp":"2026-06-03T12:09:28.232Z"}
{"level":"info","message":"🔎 Processando título 119299/A","service":"btg-baixa-titulos-service","timestamp":"2026-06-03T12:09:28.237Z"}
{"level":"info","message":"🌐 Millennium request: GET /MILLENIUM!JOIN_ONEUP.LANCAMENTOS.CONSULTALANCAMENTOS?cnpj=03.247.651%2F0001-79&n_documento=119299%2FA","service":"btg-baixa-titulos-service","timestamp":"2026-06-03T12:09:28.237Z"}
{"lancamento":1434911790,"level":"info","message":"ℹ️ Título 119299/A já estava baixado. Processo ignorado.","service":"btg-baixa-titulos-service","situacao":"BAIXADO","timestamp":"2026-06-03T12:09:28.417Z"}
{"level":"info","message":"🔎 Processando título 118297/B","service":"btg-baixa-titulos-service","timestamp":"2026-06-03T12:09:28.422Z"}
{"level":"info","message":"🌐 Millennium request: GET /MILLENIUM!JOIN_ONEUP.LANCAMENTOS.CONSULTALANCAMENTOS?cnpj=50.649.490%2F0001-20&n_documento=118297%2FB","service":"btg-baixa-titulos-service","timestamp":"2026-06-03T12:09:28.423Z"}
{"lancamento":1434908878,"level":"info","message":"ℹ️ Título 118297/B já estava baixado. Processo ignorado.","service":"btg-baixa-titulos-service","situacao":"BAIXADO","timestamp":"2026-06-03T12:09:28.599Z"}
{"level":"info","message":"🔎 Processando título 118297/A","service":"btg-baixa-titulos-service","timestamp":"2026-06-03T12:09:28.601Z"}
{"level":"info","message":"🌐 Millennium request: GET /MILLENIUM!JOIN_ONEUP.LANCAMENTOS.CONSULTALANCAMENTOS?cnpj=50.649.490%2F0001-20&n_documento=118297%2FA","service":"btg-baixa-titulos-service","timestamp":"2026-06-03T12:09:28.602Z"}
{"lancamento":1434908877,"level":"info","message":"ℹ️ Título 118297/A já estava baixado. Processo ignorado.","service":"btg-baixa-titulos-service","situacao":"BAIXADO","timestamp":"2026-06-03T12:09:28.785Z"}
{"level":"info","message":"🔎 Processando título 118124/C","service":"btg-baixa-titulos-service","timestamp":"2026-06-03T12:09:28.789Z"}
{"level":"info","message":"🌐 Millennium request: GET /MILLENIUM!JOIN_ONEUP.LANCAMENTOS.CONSULTALANCAMENTOS?cnpj=50.649.490%2F0001-20&n_documento=118124%2FC","service":"btg-baixa-titulos-service","timestamp":"2026-06-03T12:09:28.790Z"}
{"lancamento":1434907891,"level":"info","message":"ℹ️ Título 118124/C já estava baixado. Processo ignorado.","service":"btg-baixa-titulos-service","situacao":"BAIXADO","timestamp":"2026-06-03T12:09:28.973Z"}
{"level":"info","message":"🔎 Processando título 118124/B","service":"btg-baixa-titulos-service","timestamp":"2026-06-03T12:09:28.977Z"}
{"level":"info","message":"🌐 Millennium request: GET /MILLENIUM!JOIN_ONEUP.LANCAMENTOS.CONSULTALANCAMENTOS?cnpj=50.649.490%2F0001-20&n_documento=118124%2FB","service":"btg-baixa-titulos-service","timestamp":"2026-06-03T12:09:28.977Z"}
{"lancamento":1434907890,"level":"info","message":"ℹ️ Título 118124/B já estava baixado. Processo ignorado.","service":"btg-baixa-titulos-service","situacao":"BAIXADO","timestamp":"2026-06-03T12:09:29.212Z"}
{"level":"info","message":"🔎 Processando título 118124/A","service":"btg-baixa-titulos-service","timestamp":"2026-06-03T12:09:29.214Z"}
{"level":"info","message":"🌐 Millennium request: GET /MILLENIUM!JOIN_ONEUP.LANCAMENTOS.CONSULTALANCAMENTOS?cnpj=50.649.490%2F0001-20&n_documento=118124%2FA","service":"btg-baixa-titulos-service","timestamp":"2026-06-03T12:09:29.214Z"}
{"lancamento":1434907889,"level":"info","message":"ℹ️ Título 118124/A já estava baixado. Processo ignorado.","service":"btg-baixa-titulos-service","situacao":"BAIXADO","timestamp":"2026-06-03T12:09:29.428Z"}
{"level":"info","message":"🔎 Processando título 118123/C","service":"btg-baixa-titulos-service","timestamp":"2026-06-03T12:09:29.434Z"}
{"level":"info","message":"🌐 Millennium request: GET /MILLENIUM!JOIN_ONEUP.LANCAMENTOS.CONSULTALANCAMENTOS?cnpj=50.649.490%2F0001-20&n_documento=118123%2FC","service":"btg-baixa-titulos-service","timestamp":"2026-06-03T12:09:29.434Z"}
{"lancamento":1434907888,"level":"info","message":"ℹ️ Título 118123/C já estava baixado. Processo ignorado.","service":"btg-baixa-titulos-service","situacao":"BAIXADO","timestamp":"2026-06-03T12:09:29.628Z"}
{"level":"info","message":"🔎 Processando título 118123/B","service":"btg-baixa-titulos-service","timestamp":"2026-06-03T12:09:29.631Z"}
{"level":"info","message":"🌐 Millennium request: GET /MILLENIUM!JOIN_ONEUP.LANCAMENTOS.CONSULTALANCAMENTOS?cnpj=50.649.490%2F0001-20&n_documento=118123%2FB","service":"btg-baixa-titulos-service","timestamp":"2026-06-03T12:09:29.631Z"}
{"lancamento":1434907887,"level":"info","message":"ℹ️ Título 118123/B já estava baixado. Processo ignorado.","service":"btg-baixa-titulos-service","situacao":"BAIXADO","timestamp":"2026-06-03T12:09:29.812Z"}
{"level":"info","message":"🔎 Processando título 118123/A","service":"btg-baixa-titulos-service","timestamp":"2026-06-03T12:09:29.818Z"}
{"level":"info","message":"🌐 Millennium request: GET /MILLENIUM!JOIN_ONEUP.LANCAMENTOS.CONSULTALANCAMENTOS?cnpj=50.649.490%2F0001-20&n_documento=118123%2FA","service":"btg-baixa-titulos-service","timestamp":"2026-06-03T12:09:29.818Z"}
{"lancamento":1434907886,"level":"info","message":"ℹ️ Título 118123/A já estava baixado. Processo ignorado.","service":"btg-baixa-titulos-service","situacao":"BAIXADO","timestamp":"2026-06-03T12:09:30.032Z"}
{"level":"info","message":"🔎 Processando título 118121/C","service":"btg-baixa-titulos-service","timestamp":"2026-06-03T12:09:30.037Z"}
{"level":"info","message":"🌐 Millennium request: GET /MILLENIUM!JOIN_ONEUP.LANCAMENTOS.CONSULTALANCAMENTOS?cnpj=50.649.490%2F0001-20&n_documento=118121%2FC","service":"btg-baixa-titulos-service","timestamp":"2026-06-03T12:09:30.037Z"}
{"lancamento":1434907885,"level":"info","message":"ℹ️ Título 118121/C já estava baixado. Processo ignorado.","service":"btg-baixa-titulos-service","situacao":"BAIXADO","timestamp":"2026-06-03T12:09:30.217Z"}
{"level":"info","message":"🔎 Processando título 118121/B","service":"btg-baixa-titulos-service","timestamp":"2026-06-03T12:09:30.222Z"}
{"level":"info","message":"🌐 Millennium request: GET /MILLENIUM!JOIN_ONEUP.LANCAMENTOS.CONSULTALANCAMENTOS?cnpj=50.649.490%2F0001-20&n_documento=118121%2FB","service":"btg-baixa-titulos-service","timestamp":"2026-06-03T12:09:30.222Z"}
{"lancamento":1434907884,"level":"info","message":"ℹ️ Título 118121/B já estava baixado. Processo ignorado.","service":"btg-baixa-titulos-service","situacao":"BAIXADO","timestamp":"2026-06-03T12:09:30.478Z"}
{"level":"info","message":"🔎 Processando título 118121/A","service":"btg-baixa-titulos-service","timestamp":"2026-06-03T12:09:30.482Z"}
{"level":"info","message":"🌐 Millennium request: GET /MILLENIUM!JOIN_ONEUP.LANCAMENTOS.CONSULTALANCAMENTOS?cnpj=50.649.490%2F0001-20&n_documento=118121%2FA","service":"btg-baixa-titulos-service","timestamp":"2026-06-03T12:09:30.482Z"}
{"lancamento":1434907883,"level":"info","message":"ℹ️ Título 118121/A já estava baixado. Processo ignorado.","service":"btg-baixa-titulos-service","situacao":"BAIXADO","timestamp":"2026-06-03T12:09:30.656Z"}
{"level":"info","message":"🔎 Processando título 111256/A","service":"btg-baixa-titulos-service","timestamp":"2026-06-03T12:09:30.661Z"}
{"level":"info","message":"🌐 Millennium request: GET /MILLENIUM!JOIN_ONEUP.LANCAMENTOS.CONSULTALANCAMENTOS?cnpj=47.485.403%2F0001-31&n_documento=111256%2FA","service":"btg-baixa-titulos-service","timestamp":"2026-06-03T12:09:30.661Z"}
{"lancamento":1434870085,"level":"info","message":"ℹ️ Título 111256/A já estava baixado. Processo ignorado.","service":"btg-baixa-titulos-service","situacao":"BAIXADO","timestamp":"2026-06-03T12:09:30.839Z"}
{"level":"info","message":"🔎 Processando título 111255/A","service":"btg-baixa-titulos-service","timestamp":"2026-06-03T12:09:30.844Z"}
{"level":"info","message":"🌐 Millennium request: GET /MILLENIUM!JOIN_ONEUP.LANCAMENTOS.CONSULTALANCAMENTOS?cnpj=47.485.403%2F0001-31&n_documento=111255%2FA","service":"btg-baixa-titulos-service","timestamp":"2026-06-03T12:09:30.844Z"}
{"lancamento":1434870081,"level":"info","message":"ℹ️ Título 111255/A já estava baixado. Processo ignorado.","service":"btg-baixa-titulos-service","situacao":"BAIXADO","timestamp":"2026-06-03T12:09:31.023Z"}
{"level":"info","message":"🔎 Processando título 111252/A","service":"btg-baixa-titulos-service","timestamp":"2026-06-03T12:09:31.027Z"}
{"level":"info","message":"🌐 Millennium request: GET /MILLENIUM!JOIN_ONEUP.LANCAMENTOS.CONSULTALANCAMENTOS?cnpj=47.485.403%2F0001-31&n_documento=111252%2FA","service":"btg-baixa-titulos-service","timestamp":"2026-06-03T12:09:31.027Z"}
{"lancamento":1434870063,"level":"info","message":"ℹ️ Título 111252/A já estava baixado. Processo ignorado.","service":"btg-baixa-titulos-service","situacao":"BAIXADO","timestamp":"2026-06-03T12:09:31.207Z"}
{"level":"info","message":"🔎 Processando título 108322/B","service":"btg-baixa-titulos-service","timestamp":"2026-06-03T12:09:31.212Z"}
{"level":"info","message":"🌐 Millennium request: GET /MILLENIUM!JOIN_ONEUP.LANCAMENTOS.CONSULTALANCAMENTOS?cnpj=47.485.403%2F0001-31&n_documento=108322%2FB","service":"btg-baixa-titulos-service","timestamp":"2026-06-03T12:09:31.212Z"}
{"lancamento":1434850336,"level":"info","message":"ℹ️ Título 108322/B já estava baixado. Processo ignorado.","service":"btg-baixa-titulos-service","situacao":"BAIXADO","timestamp":"2026-06-03T12:09:31.389Z"}
{"level":"info","message":"🔎 Processando título 108321/B","service":"btg-baixa-titulos-service","timestamp":"2026-06-03T12:09:31.394Z"}
{"level":"info","message":"🌐 Millennium request: GET /MILLENIUM!JOIN_ONEUP.LANCAMENTOS.CONSULTALANCAMENTOS?cnpj=47.485.403%2F0001-31&n_documento=108321%2FB","service":"btg-baixa-titulos-service","timestamp":"2026-06-03T12:09:31.394Z"}
{"lancamento":1434850332,"level":"info","message":"ℹ️ Título 108321/B já estava baixado. Processo ignorado.","service":"btg-baixa-titulos-service","situacao":"BAIXADO","timestamp":"2026-06-03T12:09:31.572Z"}
{"level":"info","message":"🔎 Processando título 106115/C","service":"btg-baixa-titulos-service","timestamp":"2026-06-03T12:09:31.578Z"}
{"level":"info","message":"🌐 Millennium request: GET /MILLENIUM!JOIN_ONEUP.LANCAMENTOS.CONSULTALANCAMENTOS?cnpj=47.485.403%2F0001-31&n_documento=106115%2FC","service":"btg-baixa-titulos-service","timestamp":"2026-06-03T12:09:31.578Z"}
{"lancamento":1434801387,"level":"info","message":"ℹ️ Título 106115/C já estava baixado. Processo ignorado.","service":"btg-baixa-titulos-service","situacao":"BAIXADO","timestamp":"2026-06-03T12:09:31.755Z"}
{"level":"info","message":"🔎 Processando título 106103/C","service":"btg-baixa-titulos-service","timestamp":"2026-06-03T12:09:31.760Z"}
{"level":"info","message":"🌐 Millennium request: GET /MILLENIUM!JOIN_ONEUP.LANCAMENTOS.CONSULTALANCAMENTOS?cnpj=47.485.403%2F0001-31&n_documento=106103%2FC","service":"btg-baixa-titulos-service","timestamp":"2026-06-03T12:09:31.761Z"}
{"lancamento":1434801344,"level":"info","message":"ℹ️ Título 106103/C já estava baixado. Processo ignorado.","service":"btg-baixa-titulos-service","situacao":"BAIXADO","timestamp":"2026-06-03T12:09:31.941Z"}
{"level":"info","message":"🔎 Processando título 106103/B","service":"btg-baixa-titulos-service","timestamp":"2026-06-03T12:09:31.947Z"}
{"level":"info","message":"🌐 Millennium request: GET /MILLENIUM!JOIN_ONEUP.LANCAMENTOS.CONSULTALANCAMENTOS?cnpj=47.485.403%2F0001-31&n_documento=106103%2FB","service":"btg-baixa-titulos-service","timestamp":"2026-06-03T12:09:31.947Z"}
{"lancamento":1434801343,"level":"info","message":"ℹ️ Título 106103/B já estava baixado. Processo ignorado.","service":"btg-baixa-titulos-service","situacao":"BAIXADO","timestamp":"2026-06-03T12:09:32.123Z"}
{"level":"info","message":"🔎 Processando título FRE 116058","service":"btg-baixa-titulos-service","timestamp":"2026-06-03T12:09:32.127Z"}
{"level":"info","message":"🌐 Millennium request: GET /MILLENIUM!JOIN_ONEUP.LANCAMENTOS.CONSULTALANCAMENTOS?cnpj=02.355.679%2F0001-67&n_documento=FRE%20116058","service":"btg-baixa-titulos-service","timestamp":"2026-06-03T12:09:32.128Z"}
{"lancamento":1434907972,"level":"info","message":"ℹ️ Título FRE 116058 já estava baixado. Processo ignorado.","service":"btg-baixa-titulos-service","situacao":"BAIXADO","timestamp":"2026-06-03T12:09:32.364Z"}
{"level":"info","message":"🔎 Processando título CORRE 116072","service":"btg-baixa-titulos-service","timestamp":"2026-06-03T12:09:32.369Z"}
{"level":"info","message":"🌐 Millennium request: GET /MILLENIUM!JOIN_ONEUP.LANCAMENTOS.CONSULTALANCAMENTOS?cnpj=21.067.137%2F0001-33&n_documento=CORRE%20116072","service":"btg-baixa-titulos-service","timestamp":"2026-06-03T12:09:32.370Z"}
{"lancamento":1434908069,"level":"info","message":"ℹ️ Título CORRE 116072 já estava baixado. Processo ignorado.","service":"btg-baixa-titulos-service","situacao":"BAIXADO","timestamp":"2026-06-03T12:09:32.570Z"}
{"level":"info","message":"🔎 Processando título CORRE 114564","service":"btg-baixa-titulos-service","timestamp":"2026-06-03T12:09:32.575Z"}
{"level":"info","message":"🌐 Millennium request: GET /MILLENIUM!JOIN_ONEUP.LANCAMENTOS.CONSULTALANCAMENTOS?cnpj=21.067.137%2F0001-33&n_documento=CORRE%20114564","service":"btg-baixa-titulos-service","timestamp":"2026-06-03T12:09:32.575Z"}
{"lancamento":1434908052,"level":"info","message":"ℹ️ Título CORRE 114564 já estava baixado. Processo ignorado.","service":"btg-baixa-titulos-service","situacao":"BAIXADO","timestamp":"2026-06-03T12:09:32.749Z"}
{"level":"info","message":"🔎 Processando título FRE 116069","service":"btg-baixa-titulos-service","timestamp":"2026-06-03T12:09:32.755Z"}
{"level":"info","message":"🌐 Millennium request: GET /MILLENIUM!JOIN_ONEUP.LANCAMENTOS.CONSULTALANCAMENTOS?cnpj=03.294.992%2F0001-03&n_documento=FRE%20116069","service":"btg-baixa-titulos-service","timestamp":"2026-06-03T12:09:32.755Z"}
{"lancamento":1434907958,"level":"info","message":"ℹ️ Título FRE 116069 já estava baixado. Processo ignorado.","service":"btg-baixa-titulos-service","situacao":"BAIXADO","timestamp":"2026-06-03T12:09:32.933Z"}
{"level":"info","message":"🔎 Processando título CORRE 116729","service":"btg-baixa-titulos-service","timestamp":"2026-06-03T12:09:32.938Z"}
{"level":"info","message":"🌐 Millennium request: GET /MILLENIUM!JOIN_ONEUP.LANCAMENTOS.CONSULTALANCAMENTOS?cnpj=03.294.992%2F0001-03&n_documento=CORRE%20116729","service":"btg-baixa-titulos-service","timestamp":"2026-06-03T12:09:32.938Z"}
{"lancamento":1434908075,"level":"info","message":"ℹ️ Título CORRE 116729 já estava baixado. Processo ignorado.","service":"btg-baixa-titulos-service","situacao":"BAIXADO","timestamp":"2026-06-03T12:09:33.118Z"}
{"level":"info","message":"🔎 Processando título CORRE 116864","service":"btg-baixa-titulos-service","timestamp":"2026-06-03T12:09:33.123Z"}
{"level":"info","message":"🌐 Millennium request: GET /MILLENIUM!JOIN_ONEUP.LANCAMENTOS.CONSULTALANCAMENTOS?cnpj=57.408.548%2F0001-92&n_documento=CORRE%20116864","service":"btg-baixa-titulos-service","timestamp":"2026-06-03T12:09:33.123Z"}
{"lancamento":1434908088,"level":"info","message":"ℹ️ Título CORRE 116864 já estava baixado. Processo ignorado.","service":"btg-baixa-titulos-service","situacao":"BAIXADO","timestamp":"2026-06-03T12:09:33.304Z"}
{"level":"info","message":"🔎 Processando título 118027/C","service":"btg-baixa-titulos-service","timestamp":"2026-06-03T12:09:33.309Z"}
{"level":"info","message":"🌐 Millennium request: GET /MILLENIUM!JOIN_ONEUP.LANCAMENTOS.CONSULTALANCAMENTOS?cnpj=59.205.187%2F0001-02&n_documento=118027%2FC","service":"btg-baixa-titulos-service","timestamp":"2026-06-03T12:09:33.310Z"}
{"lancamento":1434907475,"level":"info","message":"ℹ️ Título 118027/C já estava baixado. Processo ignorado.","service":"btg-baixa-titulos-service","situacao":"BAIXADO","timestamp":"2026-06-03T12:09:33.490Z"}
{"level":"info","message":"🔎 Processando título 118018/C","service":"btg-baixa-titulos-service","timestamp":"2026-06-03T12:09:33.495Z"}
{"level":"info","message":"🌐 Millennium request: GET /MILLENIUM!JOIN_ONEUP.LANCAMENTOS.CONSULTALANCAMENTOS?cnpj=01.934.454%2F0001-00&n_documento=118018%2FC","service":"btg-baixa-titulos-service","timestamp":"2026-06-03T12:09:33.495Z"}
{"lancamento":1434907450,"level":"info","message":"ℹ️ Título 118018/C já estava baixado. Processo ignorado.","service":"btg-baixa-titulos-service","situacao":"BAIXADO","timestamp":"2026-06-03T12:09:33.671Z"}
{"level":"info","message":"🔎 Processando título 117917/C","service":"btg-baixa-titulos-service","timestamp":"2026-06-03T12:09:33.676Z"}
{"level":"info","message":"🌐 Millennium request: GET /MILLENIUM!JOIN_ONEUP.LANCAMENTOS.CONSULTALANCAMENTOS?cnpj=06.181.589%2F0001-58&n_documento=117917%2FC","service":"btg-baixa-titulos-service","timestamp":"2026-06-03T12:09:33.676Z"}
{"lancamento":1434907100,"level":"info","message":"ℹ️ Título 117917/C já estava baixado. Processo ignorado.","service":"btg-baixa-titulos-service","situacao":"BAIXADO","timestamp":"2026-06-03T12:09:33.894Z"}
{"level":"info","message":"🔎 Processando título 117916/C","service":"btg-baixa-titulos-service","timestamp":"2026-06-03T12:09:33.899Z"}
{"level":"info","message":"🌐 Millennium request: GET /MILLENIUM!JOIN_ONEUP.LANCAMENTOS.CONSULTALANCAMENTOS?cnpj=03.247.651%2F0001-79&n_documento=117916%2FC","service":"btg-baixa-titulos-service","timestamp":"2026-06-03T12:09:33.899Z"}
{"lancamento":1434907095,"level":"info","message":"ℹ️ Título 117916/C já estava baixado. Processo ignorado.","service":"btg-baixa-titulos-service","situacao":"BAIXADO","timestamp":"2026-06-03T12:09:34.147Z"}
{"level":"info","message":"🔎 Processando título 117814/C","service":"btg-baixa-titulos-service","timestamp":"2026-06-03T12:09:34.153Z"}
{"level":"info","message":"🌐 Millennium request: GET /MILLENIUM!JOIN_ONEUP.LANCAMENTOS.CONSULTALANCAMENTOS?cnpj=03.247.651%2F0001-79&n_documento=117814%2FC","service":"btg-baixa-titulos-service","timestamp":"2026-06-03T12:09:34.153Z"}
{"lancamento":1434906778,"level":"info","message":"ℹ️ Título 117814/C já estava baixado. Processo ignorado.","service":"btg-baixa-titulos-service","situacao":"BAIXADO","timestamp":"2026-06-03T12:09:34.366Z"}
{"level":"info","message":"🔎 Processando título 117812/C","service":"btg-baixa-titulos-service","timestamp":"2026-06-03T12:09:34.369Z"}
{"level":"info","message":"🌐 Millennium request: GET /MILLENIUM!JOIN_ONEUP.LANCAMENTOS.CONSULTALANCAMENTOS?cnpj=06.181.589%2F0001-58&n_documento=117812%2FC","service":"btg-baixa-titulos-service","timestamp":"2026-06-03T12:09:34.369Z"}
{"lancamento":1434906763,"level":"info","message":"ℹ️ Título 117812/C já estava baixado. Processo ignorado.","service":"btg-baixa-titulos-service","situacao":"BAIXADO","timestamp":"2026-06-03T12:09:34.553Z"}
{"level":"info","message":"🔎 Processando título 117490/C","service":"btg-baixa-titulos-service","timestamp":"2026-06-03T12:09:34.558Z"}
{"level":"info","message":"🌐 Millennium request: GET /MILLENIUM!JOIN_ONEUP.LANCAMENTOS.CONSULTALANCAMENTOS?cnpj=01.934.454%2F0001-00&n_documento=117490%2FC","service":"btg-baixa-titulos-service","timestamp":"2026-06-03T12:09:34.558Z"}
{"lancamento":1434904411,"level":"info","message":"ℹ️ Título 117490/C já estava baixado. Processo ignorado.","service":"btg-baixa-titulos-service","situacao":"BAIXADO","timestamp":"2026-06-03T12:09:34.735Z"}
{"level":"info","message":"🔎 Processando título 117183/C","service":"btg-baixa-titulos-service","timestamp":"2026-06-03T12:09:34.740Z"}
{"level":"info","message":"🌐 Millennium request: GET /MILLENIUM!JOIN_ONEUP.LANCAMENTOS.CONSULTALANCAMENTOS?cnpj=31.505.989%2F0001-19&n_documento=117183%2FC","service":"btg-baixa-titulos-service","timestamp":"2026-06-03T12:09:34.741Z"}
{"lancamento":1434902698,"level":"info","message":"ℹ️ Título 117183/C já estava baixado. Processo ignorado.","service":"btg-baixa-titulos-service","situacao":"BAIXADO","timestamp":"2026-06-03T12:09:34.956Z"}
{"level":"info","message":"🔎 Processando título 118027/B","service":"btg-baixa-titulos-service","timestamp":"2026-06-03T12:09:34.960Z"}
{"level":"info","message":"🌐 Millennium request: GET /MILLENIUM!JOIN_ONEUP.LANCAMENTOS.CONSULTALANCAMENTOS?cnpj=59.205.187%2F0001-02&n_documento=118027%2FB","service":"btg-baixa-titulos-service","timestamp":"2026-06-03T12:09:34.961Z"}
{"lancamento":1434907474,"level":"info","message":"ℹ️ Título 118027/B já estava baixado. Processo ignorado.","service":"btg-baixa-titulos-service","situacao":"BAIXADO","timestamp":"2026-06-03T12:09:35.195Z"}
{"level":"info","message":"🔎 Processando título 118018/B","service":"btg-baixa-titulos-service","timestamp":"2026-06-03T12:09:35.199Z"}
{"level":"info","message":"🌐 Millennium request: GET /MILLENIUM!JOIN_ONEUP.LANCAMENTOS.CONSULTALANCAMENTOS?cnpj=01.934.454%2F0001-00&n_documento=118018%2FB","service":"btg-baixa-titulos-service","timestamp":"2026-06-03T12:09:35.200Z"}
{"lancamento":1434907449,"level":"info","message":"ℹ️ Título 118018/B já estava baixado. Processo ignorado.","service":"btg-baixa-titulos-service","situacao":"BAIXADO","timestamp":"2026-06-03T12:09:35.379Z"}
{"level":"info","message":"🔎 Processando título 117917/B","service":"btg-baixa-titulos-service","timestamp":"2026-06-03T12:09:35.384Z"}
{"level":"info","message":"🌐 Millennium request: GET /MILLENIUM!JOIN_ONEUP.LANCAMENTOS.CONSULTALANCAMENTOS?cnpj=06.181.589%2F0001-58&n_documento=117917%2FB","service":"btg-baixa-titulos-service","timestamp":"2026-06-03T12:09:35.384Z"}
{"lancamento":1434907099,"level":"info","message":"ℹ️ Título 117917/B já estava baixado. Processo ignorado.","service":"btg-baixa-titulos-service","situacao":"BAIXADO","timestamp":"2026-06-03T12:09:35.562Z"}
{"level":"info","message":"🔎 Processando título 117916/B","service":"btg-baixa-titulos-service","timestamp":"2026-06-03T12:09:35.567Z"}
{"level":"info","message":"🌐 Millennium request: GET /MILLENIUM!JOIN_ONEUP.LANCAMENTOS.CONSULTALANCAMENTOS?cnpj=03.247.651%2F0001-79&n_documento=117916%2FB","service":"btg-baixa-titulos-service","timestamp":"2026-06-03T12:09:35.567Z"}
{"lancamento":1434907094,"level":"info","message":"ℹ️ Título 117916/B já estava baixado. Processo ignorado.","service":"btg-baixa-titulos-service","situacao":"BAIXADO","timestamp":"2026-06-03T12:09:35.744Z"}
{"level":"info","message":"🔎 Processando título 118027/A","service":"btg-baixa-titulos-service","timestamp":"2026-06-03T12:09:35.749Z"}
{"level":"info","message":"🌐 Millennium request: GET /MILLENIUM!JOIN_ONEUP.LANCAMENTOS.CONSULTALANCAMENTOS?cnpj=59.205.187%2F0001-02&n_documento=118027%2FA","service":"btg-baixa-titulos-service","timestamp":"2026-06-03T12:09:35.749Z"}
{"lancamento":1434907473,"level":"info","message":"ℹ️ Título 118027/A já estava baixado. Processo ignorado.","service":"btg-baixa-titulos-service","situacao":"BAIXADO","timestamp":"2026-06-03T12:09:35.929Z"}
{"level":"info","message":"🔎 Processando título 117814/B","service":"btg-baixa-titulos-service","timestamp":"2026-06-03T12:09:35.933Z"}
{"level":"info","message":"🌐 Millennium request: GET /MILLENIUM!JOIN_ONEUP.LANCAMENTOS.CONSULTALANCAMENTOS?cnpj=03.247.651%2F0001-79&n_documento=117814%2FB","service":"btg-baixa-titulos-service","timestamp":"2026-06-03T12:09:35.933Z"}
{"lancamento":1434906777,"level":"info","message":"ℹ️ Título 117814/B já estava baixado. Processo ignorado.","service":"btg-baixa-titulos-service","situacao":"BAIXADO","timestamp":"2026-06-03T12:09:36.111Z"}
{"level":"info","message":"🔎 Processando título 117916/A","service":"btg-baixa-titulos-service","timestamp":"2026-06-03T12:09:36.115Z"}
{"level":"info","message":"🌐 Millennium request: GET /MILLENIUM!JOIN_ONEUP.LANCAMENTOS.CONSULTALANCAMENTOS?cnpj=03.247.651%2F0001-79&n_documento=117916%2FA","service":"btg-baixa-titulos-service","timestamp":"2026-06-03T12:09:36.115Z"}
{"lancamento":1434907093,"level":"info","message":"ℹ️ Título 117916/A já estava baixado. Processo ignorado.","service":"btg-baixa-titulos-service","situacao":"BAIXADO","timestamp":"2026-06-03T12:09:36.295Z"}
{"level":"info","message":"🔎 Processando título 117814/A","service":"btg-baixa-titulos-service","timestamp":"2026-06-03T12:09:36.300Z"}
{"level":"info","message":"🌐 Millennium request: GET /MILLENIUM!JOIN_ONEUP.LANCAMENTOS.CONSULTALANCAMENTOS?cnpj=03.247.651%2F0001-79&n_documento=117814%2FA","service":"btg-baixa-titulos-service","timestamp":"2026-06-03T12:09:36.300Z"}
{"lancamento":1434906776,"level":"info","message":"ℹ️ Título 117814/A já estava baixado. Processo ignorado.","service":"btg-baixa-titulos-service","situacao":"BAIXADO","timestamp":"2026-06-03T12:09:36.479Z"}
{"level":"info","message":"🔎 Processando título 117812/B","service":"btg-baixa-titulos-service","timestamp":"2026-06-03T12:09:36.483Z"}
{"level":"info","message":"🌐 Millennium request: GET /MILLENIUM!JOIN_ONEUP.LANCAMENTOS.CONSULTALANCAMENTOS?cnpj=06.181.589%2F0001-58&n_documento=117812%2FB","service":"btg-baixa-titulos-service","timestamp":"2026-06-03T12:09:36.484Z"}
{"lancamento":1434906762,"level":"info","message":"ℹ️ Título 117812/B já estava baixado. Processo ignorado.","service":"btg-baixa-titulos-service","situacao":"BAIXADO","timestamp":"2026-06-03T12:09:36.661Z"}
{"level":"info","message":"🔎 Processando título 117917/A","service":"btg-baixa-titulos-service","timestamp":"2026-06-03T12:09:36.664Z"}
{"level":"info","message":"🌐 Millennium request: GET /MILLENIUM!JOIN_ONEUP.LANCAMENTOS.CONSULTALANCAMENTOS?cnpj=06.181.589%2F0001-58&n_documento=117917%2FA","service":"btg-baixa-titulos-service","timestamp":"2026-06-03T12:09:36.665Z"}
{"lancamento":1434907098,"level":"info","message":"ℹ️ Título 117917/A já estava baixado. Processo ignorado.","service":"btg-baixa-titulos-service","situacao":"BAIXADO","timestamp":"2026-06-03T12:09:36.846Z"}
{"level":"info","message":"🔎 Processando título 117812/A","service":"btg-baixa-titulos-service","timestamp":"2026-06-03T12:09:36.851Z"}
{"level":"info","message":"🌐 Millennium request: GET /MILLENIUM!JOIN_ONEUP.LANCAMENTOS.CONSULTALANCAMENTOS?cnpj=06.181.589%2F0001-58&n_documento=117812%2FA","service":"btg-baixa-titulos-service","timestamp":"2026-06-03T12:09:36.851Z"}
{"lancamento":1434906761,"level":"info","message":"ℹ️ Título 117812/A já estava baixado. Processo ignorado.","service":"btg-baixa-titulos-service","situacao":"BAIXADO","timestamp":"2026-06-03T12:09:37.029Z"}
{"level":"info","message":"🔎 Processando título 117490/B","service":"btg-baixa-titulos-service","timestamp":"2026-06-03T12:09:37.034Z"}
{"level":"info","message":"🌐 Millennium request: GET /MILLENIUM!JOIN_ONEUP.LANCAMENTOS.CONSULTALANCAMENTOS?cnpj=01.934.454%2F0001-00&n_documento=117490%2FB","service":"btg-baixa-titulos-service","timestamp":"2026-06-03T12:09:37.035Z"}
{"lancamento":1434904410,"level":"info","message":"ℹ️ Título 117490/B já estava baixado. Processo ignorado.","service":"btg-baixa-titulos-service","situacao":"BAIXADO","timestamp":"2026-06-03T12:09:37.292Z"}
{"level":"info","message":"🔎 Processando título 118018/A","service":"btg-baixa-titulos-service","timestamp":"2026-06-03T12:09:37.296Z"}
{"level":"info","message":"🌐 Millennium request: GET /MILLENIUM!JOIN_ONEUP.LANCAMENTOS.CONSULTALANCAMENTOS?cnpj=01.934.454%2F0001-00&n_documento=118018%2FA","service":"btg-baixa-titulos-service","timestamp":"2026-06-03T12:09:37.297Z"}
{"lancamento":1434907448,"level":"info","message":"ℹ️ Título 118018/A já estava baixado. Processo ignorado.","service":"btg-baixa-titulos-service","situacao":"BAIXADO","timestamp":"2026-06-03T12:09:37.508Z"}
{"level":"info","message":"🔎 Processando título 117490/A","service":"btg-baixa-titulos-service","timestamp":"2026-06-03T12:09:37.514Z"}
{"level":"info","message":"🌐 Millennium request: GET /MILLENIUM!JOIN_ONEUP.LANCAMENTOS.CONSULTALANCAMENTOS?cnpj=01.934.454%2F0001-00&n_documento=117490%2FA","service":"btg-baixa-titulos-service","timestamp":"2026-06-03T12:09:37.514Z"}
{"lancamento":1434904409,"level":"info","message":"ℹ️ Título 117490/A já estava baixado. Processo ignorado.","service":"btg-baixa-titulos-service","situacao":"BAIXADO","timestamp":"2026-06-03T12:09:37.690Z"}
{"level":"info","message":"🔎 Processando título 117183/B","service":"btg-baixa-titulos-service","timestamp":"2026-06-03T12:09:37.695Z"}
{"level":"info","message":"🌐 Millennium request: GET /MILLENIUM!JOIN_ONEUP.LANCAMENTOS.CONSULTALANCAMENTOS?cnpj=31.505.989%2F0001-19&n_documento=117183%2FB","service":"btg-baixa-titulos-service","timestamp":"2026-06-03T12:09:37.695Z"}
{"lancamento":1434902697,"level":"info","message":"ℹ️ Título 117183/B já estava baixado. Processo ignorado.","service":"btg-baixa-titulos-service","situacao":"BAIXADO","timestamp":"2026-06-03T12:09:37.875Z"}
{"level":"info","message":"🔎 Processando título 117183/A","service":"btg-baixa-titulos-service","timestamp":"2026-06-03T12:09:37.880Z"}
{"level":"info","message":"🌐 Millennium request: GET /MILLENIUM!JOIN_ONEUP.LANCAMENTOS.CONSULTALANCAMENTOS?cnpj=31.505.989%2F0001-19&n_documento=117183%2FA","service":"btg-baixa-titulos-service","timestamp":"2026-06-03T12:09:37.881Z"}
{"lancamento":1434902696,"level":"info","message":"ℹ️ Título 117183/A já estava baixado. Processo ignorado.","service":"btg-baixa-titulos-service","situacao":"BAIXADO","timestamp":"2026-06-03T12:09:38.119Z"}
{"level":"info","message":"🔎 Processando título 118044/C","service":"btg-baixa-titulos-service","timestamp":"2026-06-03T12:09:38.125Z"}
{"level":"info","message":"🌐 Millennium request: GET /MILLENIUM!JOIN_ONEUP.LANCAMENTOS.CONSULTALANCAMENTOS?cnpj=03.294.992%2F0001-03&n_documento=118044%2FC","service":"btg-baixa-titulos-service","timestamp":"2026-06-03T12:09:38.125Z"}
{"lancamento":1434907501,"level":"info","message":"ℹ️ Título 118044/C já estava baixado. Processo ignorado.","service":"btg-baixa-titulos-service","situacao":"BAIXADO","timestamp":"2026-06-03T12:09:38.341Z"}
{"level":"info","message":"🔎 Processando título 118023/C","service":"btg-baixa-titulos-service","timestamp":"2026-06-03T12:09:38.345Z"}
{"level":"info","message":"🌐 Millennium request: GET /MILLENIUM!JOIN_ONEUP.LANCAMENTOS.CONSULTALANCAMENTOS?cnpj=50.649.490%2F0001-20&n_documento=118023%2FC","service":"btg-baixa-titulos-service","timestamp":"2026-06-03T12:09:38.346Z"}
{"lancamento":1434907458,"level":"info","message":"ℹ️ Título 118023/C já estava baixado. Processo ignorado.","service":"btg-baixa-titulos-service","situacao":"BAIXADO","timestamp":"2026-06-03T12:09:38.534Z"}
{"level":"info","message":"🔎 Processando título 117915/C","service":"btg-baixa-titulos-service","timestamp":"2026-06-03T12:09:38.540Z"}
{"level":"info","message":"🌐 Millennium request: GET /MILLENIUM!JOIN_ONEUP.LANCAMENTOS.CONSULTALANCAMENTOS?cnpj=03.294.992%2F0001-03&n_documento=117915%2FC","service":"btg-baixa-titulos-service","timestamp":"2026-06-03T12:09:38.540Z"}
{"lancamento":1434907090,"level":"info","message":"ℹ️ Título 117915/C já estava baixado. Processo ignorado.","service":"btg-baixa-titulos-service","situacao":"BAIXADO","timestamp":"2026-06-03T12:09:38.716Z"}
{"level":"info","message":"🔎 Processando título 117914/C","service":"btg-baixa-titulos-service","timestamp":"2026-06-03T12:09:38.721Z"}
{"level":"info","message":"🌐 Millennium request: GET /MILLENIUM!JOIN_ONEUP.LANCAMENTOS.CONSULTALANCAMENTOS?cnpj=44.999.259%2F0001-63&n_documento=117914%2FC","service":"btg-baixa-titulos-service","timestamp":"2026-06-03T12:09:38.722Z"}
{"lancamento":1434907085,"level":"info","message":"ℹ️ Título 117914/C já estava baixado. Processo ignorado.","service":"btg-baixa-titulos-service","situacao":"BAIXADO","timestamp":"2026-06-03T12:09:38.900Z"}
{"level":"info","message":"🔎 Processando título 117911/B","service":"btg-baixa-titulos-service","timestamp":"2026-06-03T12:09:38.907Z"}
{"level":"info","message":"🌐 Millennium request: GET /MILLENIUM!JOIN_ONEUP.LANCAMENTOS.CONSULTALANCAMENTOS?cnpj=57.408.548%2F0001-92&n_documento=117911%2FB","service":"btg-baixa-titulos-service","timestamp":"2026-06-03T12:09:38.907Z"}
{"lancamento":1434907072,"level":"info","message":"ℹ️ Título 117911/B já estava baixado. Processo ignorado.","service":"btg-baixa-titulos-service","situacao":"BAIXADO","timestamp":"2026-06-03T12:09:39.083Z"}
{"level":"info","message":"🔎 Processando título 117909/C","service":"btg-baixa-titulos-service","timestamp":"2026-06-03T12:09:39.089Z"}
{"level":"info","message":"🌐 Millennium request: GET /MILLENIUM!JOIN_ONEUP.LANCAMENTOS.CONSULTALANCAMENTOS?cnpj=73.652.158%2F0001-10&n_documento=117909%2FC","service":"btg-baixa-titulos-service","timestamp":"2026-06-03T12:09:39.089Z"}
{"lancamento":1434907063,"level":"info","message":"ℹ️ Título 117909/C já estava baixado. Processo ignorado.","service":"btg-baixa-titulos-service","situacao":"BAIXADO","timestamp":"2026-06-03T12:09:39.265Z"}
{"level":"info","message":"🔎 Processando título 117893/C","service":"btg-baixa-titulos-service","timestamp":"2026-06-03T12:09:39.266Z"}
{"level":"info","message":"🌐 Millennium request: GET /MILLENIUM!JOIN_ONEUP.LANCAMENTOS.CONSULTALANCAMENTOS?cnpj=44.999.259%2F0001-63&n_documento=117893%2FC","service":"btg-baixa-titulos-service","timestamp":"2026-06-03T12:09:39.266Z"}
{"lancamento":1434906878,"level":"info","message":"ℹ️ Título 117893/C já estava baixado. Processo ignorado.","service":"btg-baixa-titulos-service","situacao":"BAIXADO","timestamp":"2026-06-03T12:09:39.450Z"}
{"level":"info","message":"🔎 Processando título 117763/C","service":"btg-baixa-titulos-service","timestamp":"2026-06-03T12:09:39.453Z"}
{"level":"info","message":"🌐 Millennium request: GET /MILLENIUM!JOIN_ONEUP.LANCAMENTOS.CONSULTALANCAMENTOS?cnpj=73.652.158%2F0001-10&n_documento=117763%2FC","service":"btg-baixa-titulos-service","timestamp":"2026-06-03T12:09:39.453Z"}
{"lancamento":1434906205,"level":"info","message":"ℹ️ Título 117763/C já estava baixado. Processo ignorado.","service":"btg-baixa-titulos-service","situacao":"BAIXADO","timestamp":"2026-06-03T12:09:39.633Z"}
{"level":"info","message":"🔎 Processando título 117766/B","service":"btg-baixa-titulos-service","timestamp":"2026-06-03T12:09:39.640Z"}
{"level":"info","message":"🌐 Millennium request: GET /MILLENIUM!JOIN_ONEUP.LANCAMENTOS.CONSULTALANCAMENTOS?cnpj=57.408.548%2F0001-92&n_documento=117766%2FB","service":"btg-baixa-titulos-service","timestamp":"2026-06-03T12:09:39.640Z"}
{"lancamento":1434906314,"level":"info","message":"ℹ️ Título 117766/B já estava baixado. Processo ignorado.","service":"btg-baixa-titulos-service","situacao":"BAIXADO","timestamp":"2026-06-03T12:09:39.817Z"}
{"level":"info","message":"🔎 Processando título 117241/C","service":"btg-baixa-titulos-service","timestamp":"2026-06-03T12:09:39.822Z"}
{"level":"info","message":"🌐 Millennium request: GET /MILLENIUM!JOIN_ONEUP.LANCAMENTOS.CONSULTALANCAMENTOS?cnpj=03.294.992%2F0001-03&n_documento=117241%2FC","service":"btg-baixa-titulos-service","timestamp":"2026-06-03T12:09:39.822Z"}
{"lancamento":1434902860,"level":"info","message":"ℹ️ Título 117241/C já estava baixado. Processo ignorado.","service":"btg-baixa-titulos-service","situacao":"BAIXADO","timestamp":"2026-06-03T12:09:40.112Z"}
{"level":"info","message":"🔎 Processando título 118044/B","service":"btg-baixa-titulos-service","timestamp":"2026-06-03T12:09:40.119Z"}
{"level":"info","message":"🌐 Millennium request: GET /MILLENIUM!JOIN_ONEUP.LANCAMENTOS.CONSULTALANCAMENTOS?cnpj=03.294.992%2F0001-03&n_documento=118044%2FB","service":"btg-baixa-titulos-service","timestamp":"2026-06-03T12:09:40.120Z"}
{"lancamento":1434907500,"level":"info","message":"ℹ️ Título 118044/B já estava baixado. Processo ignorado.","service":"btg-baixa-titulos-service","situacao":"BAIXADO","timestamp":"2026-06-03T12:09:40.293Z"}
{"level":"info","message":"🔎 Processando título 118023/B","service":"btg-baixa-titulos-service","timestamp":"2026-06-03T12:09:40.299Z"}
{"level":"info","message":"🌐 Millennium request: GET /MILLENIUM!JOIN_ONEUP.LANCAMENTOS.CONSULTALANCAMENTOS?cnpj=50.649.490%2F0001-20&n_documento=118023%2FB","service":"btg-baixa-titulos-service","timestamp":"2026-06-03T12:09:40.300Z"}
{"lancamento":1434907457,"level":"info","message":"ℹ️ Título 118023/B já estava baixado. Processo ignorado.","service":"btg-baixa-titulos-service","situacao":"BAIXADO","timestamp":"2026-06-03T12:09:40.476Z"}
{"level":"info","message":"🔎 Processando título 117915/B","service":"btg-baixa-titulos-service","timestamp":"2026-06-03T12:09:40.483Z"}
{"level":"info","message":"🌐 Millennium request: GET /MILLENIUM!JOIN_ONEUP.LANCAMENTOS.CONSULTALANCAMENTOS?cnpj=03.294.992%2F0001-03&n_documento=117915%2FB","service":"btg-baixa-titulos-service","timestamp":"2026-06-03T12:09:40.483Z"}
{"lancamento":1434907089,"level":"info","message":"ℹ️ Título 117915/B já estava baixado. Processo ignorado.","service":"btg-baixa-titulos-service","situacao":"BAIXADO","timestamp":"2026-06-03T12:09:40.660Z"}
{"level":"info","message":"🔎 Processando título 117914/B","service":"btg-baixa-titulos-service","timestamp":"2026-06-03T12:09:40.667Z"}
{"level":"info","message":"🌐 Millennium request: GET /MILLENIUM!JOIN_ONEUP.LANCAMENTOS.CONSULTALANCAMENTOS?cnpj=44.999.259%2F0001-63&n_documento=117914%2FB","service":"btg-baixa-titulos-service","timestamp":"2026-06-03T12:09:40.667Z"}
{"lancamento":1434907084,"level":"info","message":"ℹ️ Título 117914/B já estava baixado. Processo ignorado.","service":"btg-baixa-titulos-service","situacao":"BAIXADO","timestamp":"2026-06-03T12:09:40.848Z"}
{"level":"info","message":"🔎 Processando título 117911/A","service":"btg-baixa-titulos-service","timestamp":"2026-06-03T12:09:40.854Z"}
{"level":"info","message":"🌐 Millennium request: GET /MILLENIUM!JOIN_ONEUP.LANCAMENTOS.CONSULTALANCAMENTOS?cnpj=57.408.548%2F0001-92&n_documento=117911%2FA","service":"btg-baixa-titulos-service","timestamp":"2026-06-03T12:09:40.854Z"}
{"lancamento":1434907071,"level":"info","message":"ℹ️ Título 117911/A já estava baixado. Processo ignorado.","service":"btg-baixa-titulos-service","situacao":"BAIXADO","timestamp":"2026-06-03T12:09:41.028Z"}
{"level":"info","message":"🔎 Processando título 117766/A","service":"btg-baixa-titulos-service","timestamp":"2026-06-03T12:09:41.034Z"}
{"level":"info","message":"🌐 Millennium request: GET /MILLENIUM!JOIN_ONEUP.LANCAMENTOS.CONSULTALANCAMENTOS?cnpj=57.408.548%2F0001-92&n_documento=117766%2FA","service":"btg-baixa-titulos-service","timestamp":"2026-06-03T12:09:41.035Z"}
{"lancamento":1434906313,"level":"info","message":"ℹ️ Título 117766/A já estava baixado. Processo ignorado.","service":"btg-baixa-titulos-service","situacao":"BAIXADO","timestamp":"2026-06-03T12:09:41.213Z"}
{"level":"info","message":"🔎 Processando título 117893/B","service":"btg-baixa-titulos-service","timestamp":"2026-06-03T12:09:41.220Z"}
{"level":"info","message":"🌐 Millennium request: GET /MILLENIUM!JOIN_ONEUP.LANCAMENTOS.CONSULTALANCAMENTOS?cnpj=44.999.259%2F0001-63&n_documento=117893%2FB","service":"btg-baixa-titulos-service","timestamp":"2026-06-03T12:09:41.220Z"}
{"lancamento":1434906877,"level":"info","message":"ℹ️ Título 117893/B já estava baixado. Processo ignorado.","service":"btg-baixa-titulos-service","situacao":"BAIXADO","timestamp":"2026-06-03T12:09:41.396Z"}
{"level":"info","message":"🔎 Processando título 117914/A","service":"btg-baixa-titulos-service","timestamp":"2026-06-03T12:09:41.401Z"}
{"level":"info","message":"🌐 Millennium request: GET /MILLENIUM!JOIN_ONEUP.LANCAMENTOS.CONSULTALANCAMENTOS?cnpj=44.999.259%2F0001-63&n_documento=117914%2FA","service":"btg-baixa-titulos-service","timestamp":"2026-06-03T12:09:41.401Z"}
{"lancamento":1434907083,"level":"info","message":"ℹ️ Título 117914/A já estava baixado. Processo ignorado.","service":"btg-baixa-titulos-service","situacao":"BAIXADO","timestamp":"2026-06-03T12:09:41.709Z"}
{"level":"info","message":"🔎 Processando título 117893/A","service":"btg-baixa-titulos-service","timestamp":"2026-06-03T12:09:41.713Z"}
{"level":"info","message":"🌐 Millennium request: GET /MILLENIUM!JOIN_ONEUP.LANCAMENTOS.CONSULTALANCAMENTOS?cnpj=44.999.259%2F0001-63&n_documento=117893%2FA","service":"btg-baixa-titulos-service","timestamp":"2026-06-03T12:09:41.713Z"}
{"lancamento":1434906876,"level":"info","message":"ℹ️ Título 117893/A já estava baixado. Processo ignorado.","service":"btg-baixa-titulos-service","situacao":"BAIXADO","timestamp":"2026-06-03T12:09:41.908Z"}
{"level":"info","message":"🔎 Processando título 117845/B","service":"btg-baixa-titulos-service","timestamp":"2026-06-03T12:09:41.916Z"}
{"level":"info","message":"🌐 Millennium request: GET /MILLENIUM!JOIN_ONEUP.LANCAMENTOS.CONSULTALANCAMENTOS?cnpj=03.294.992%2F0001-03&n_documento=117845%2FB","service":"btg-baixa-titulos-service","timestamp":"2026-06-03T12:09:41.916Z"}
{"lancamento":1434906819,"level":"info","message":"ℹ️ Título 117845/B já estava baixado. Processo ignorado.","service":"btg-baixa-titulos-service","situacao":"BAIXADO","timestamp":"2026-06-03T12:09:42.202Z"}
{"level":"info","message":"🔎 Processando título 117241/B","service":"btg-baixa-titulos-service","timestamp":"2026-06-03T12:09:42.207Z"}
{"level":"info","message":"🌐 Millennium request: GET /MILLENIUM!JOIN_ONEUP.LANCAMENTOS.CONSULTALANCAMENTOS?cnpj=03.294.992%2F0001-03&n_documento=117241%2FB","service":"btg-baixa-titulos-service","timestamp":"2026-06-03T12:09:42.207Z"}
{"lancamento":1434902859,"level":"info","message":"ℹ️ Título 117241/B já estava baixado. Processo ignorado.","service":"btg-baixa-titulos-service","situacao":"BAIXADO","timestamp":"2026-06-03T12:09:42.384Z"}
{"level":"info","message":"🔎 Processando título 118044/A","service":"btg-baixa-titulos-service","timestamp":"2026-06-03T12:09:42.390Z"}
{"level":"info","message":"🌐 Millennium request: GET /MILLENIUM!JOIN_ONEUP.LANCAMENTOS.CONSULTALANCAMENTOS?cnpj=03.294.992%2F0001-03&n_documento=118044%2FA","service":"btg-baixa-titulos-service","timestamp":"2026-06-03T12:09:42.391Z"}
{"lancamento":1434907499,"level":"info","message":"ℹ️ Título 118044/A já estava baixado. Processo ignorado.","service":"btg-baixa-titulos-service","situacao":"BAIXADO","timestamp":"2026-06-03T12:09:42.568Z"}
{"level":"info","message":"🔎 Processando título 117915/A","service":"btg-baixa-titulos-service","timestamp":"2026-06-03T12:09:42.575Z"}
{"level":"info","message":"🌐 Millennium request: GET /MILLENIUM!JOIN_ONEUP.LANCAMENTOS.CONSULTALANCAMENTOS?cnpj=03.294.992%2F0001-03&n_documento=117915%2FA","service":"btg-baixa-titulos-service","timestamp":"2026-06-03T12:09:42.575Z"}
{"lancamento":1434907088,"level":"info","message":"ℹ️ Título 117915/A já estava baixado. Processo ignorado.","service":"btg-baixa-titulos-service","situacao":"BAIXADO","timestamp":"2026-06-03T12:09:42.753Z"}
{"level":"info","message":"🔎 Processando título 117845/A","service":"btg-baixa-titulos-service","timestamp":"2026-06-03T12:09:42.760Z"}
{"level":"info","message":"🌐 Millennium request: GET /MILLENIUM!JOIN_ONEUP.LANCAMENTOS.CONSULTALANCAMENTOS?cnpj=03.294.992%2F0001-03&n_documento=117845%2FA","service":"btg-baixa-titulos-service","timestamp":"2026-06-03T12:09:42.760Z"}
{"lancamento":1434906818,"level":"info","message":"ℹ️ Título 117845/A já estava baixado. Processo ignorado.","service":"btg-baixa-titulos-service","situacao":"BAIXADO","timestamp":"2026-06-03T12:09:42.936Z"}
{"level":"info","message":"🔎 Processando título 117241/A","service":"btg-baixa-titulos-service","timestamp":"2026-06-03T12:09:42.944Z"}
{"level":"info","message":"🌐 Millennium request: GET /MILLENIUM!JOIN_ONEUP.LANCAMENTOS.CONSULTALANCAMENTOS?cnpj=03.294.992%2F0001-03&n_documento=117241%2FA","service":"btg-baixa-titulos-service","timestamp":"2026-06-03T12:09:42.944Z"}
{"lancamento":1434902858,"level":"info","message":"ℹ️ Título 117241/A já estava baixado. Processo ignorado.","service":"btg-baixa-titulos-service","situacao":"BAIXADO","timestamp":"2026-06-03T12:09:43.119Z"}
{"level":"info","message":"🔎 Processando título 118023/A","service":"btg-baixa-titulos-service","timestamp":"2026-06-03T12:09:43.125Z"}
{"level":"info","message":"🌐 Millennium request: GET /MILLENIUM!JOIN_ONEUP.LANCAMENTOS.CONSULTALANCAMENTOS?cnpj=50.649.490%2F0001-20&n_documento=118023%2FA","service":"btg-baixa-titulos-service","timestamp":"2026-06-03T12:09:43.125Z"}
{"lancamento":1434907456,"level":"info","message":"ℹ️ Título 118023/A já estava baixado. Processo ignorado.","service":"btg-baixa-titulos-service","situacao":"BAIXADO","timestamp":"2026-06-03T12:09:43.304Z"}
{"level":"info","message":"🔎 Processando título 117909/B","service":"btg-baixa-titulos-service","timestamp":"2026-06-03T12:09:43.311Z"}
{"level":"info","message":"🌐 Millennium request: GET /MILLENIUM!JOIN_ONEUP.LANCAMENTOS.CONSULTALANCAMENTOS?cnpj=73.652.158%2F0001-10&n_documento=117909%2FB","service":"btg-baixa-titulos-service","timestamp":"2026-06-03T12:09:43.312Z"}
{"lancamento":1434907062,"level":"info","message":"ℹ️ Título 117909/B já estava baixado. Processo ignorado.","service":"btg-baixa-titulos-service","situacao":"BAIXADO","timestamp":"2026-06-03T12:09:43.486Z"}
{"level":"info","message":"🔎 Processando título 117763/B","service":"btg-baixa-titulos-service","timestamp":"2026-06-03T12:09:43.491Z"}
{"level":"info","message":"🌐 Millennium request: GET /MILLENIUM!JOIN_ONEUP.LANCAMENTOS.CONSULTALANCAMENTOS?cnpj=73.652.158%2F0001-10&n_documento=117763%2FB","service":"btg-baixa-titulos-service","timestamp":"2026-06-03T12:09:43.491Z"}
{"lancamento":1434906204,"level":"info","message":"ℹ️ Título 117763/B já estava baixado. Processo ignorado.","service":"btg-baixa-titulos-service","situacao":"BAIXADO","timestamp":"2026-06-03T12:09:43.853Z"}
{"level":"info","message":"🔎 Processando título 117909/A","service":"btg-baixa-titulos-service","timestamp":"2026-06-03T12:09:43.860Z"}
{"level":"info","message":"🌐 Millennium request: GET /MILLENIUM!JOIN_ONEUP.LANCAMENTOS.CONSULTALANCAMENTOS?cnpj=73.652.158%2F0001-10&n_documento=117909%2FA","service":"btg-baixa-titulos-service","timestamp":"2026-06-03T12:09:43.860Z"}
{"lancamento":1434907061,"level":"info","message":"ℹ️ Título 117909/A já estava baixado. Processo ignorado.","service":"btg-baixa-titulos-service","situacao":"BAIXADO","timestamp":"2026-06-03T12:09:44.108Z"}
{"level":"info","message":"🔎 Processando título 117763/A","service":"btg-baixa-titulos-service","timestamp":"2026-06-03T12:09:44.115Z"}
{"level":"info","message":"🌐 Millennium request: GET /MILLENIUM!JOIN_ONEUP.LANCAMENTOS.CONSULTALANCAMENTOS?cnpj=73.652.158%2F0001-10&n_documento=117763%2FA","service":"btg-baixa-titulos-service","timestamp":"2026-06-03T12:09:44.115Z"}
{"lancamento":1434906203,"level":"info","message":"ℹ️ Título 117763/A já estava baixado. Processo ignorado.","service":"btg-baixa-titulos-service","situacao":"BAIXADO","timestamp":"2026-06-03T12:09:44.292Z"}
{"level":"info","message":"🔎 Processando título 117913","service":"btg-baixa-titulos-service","timestamp":"2026-06-03T12:09:44.294Z"}
{"level":"info","message":"🌐 Millennium request: GET /MILLENIUM!JOIN_ONEUP.LANCAMENTOS.CONSULTALANCAMENTOS?cnpj=77.857.555%2F0009-36&n_documento=117913","service":"btg-baixa-titulos-service","timestamp":"2026-06-03T12:09:44.294Z"}
{"lancamento":1434907081,"level":"info","message":"ℹ️ Título 117913 já estava baixado. Processo ignorado.","service":"btg-baixa-titulos-service","situacao":"BAIXADO","timestamp":"2026-06-03T12:09:44.480Z"}
{"level":"info","message":"🔎 Processando título 117810","service":"btg-baixa-titulos-service","timestamp":"2026-06-03T12:09:44.488Z"}
{"level":"info","message":"🌐 Millennium request: GET /MILLENIUM!JOIN_ONEUP.LANCAMENTOS.CONSULTALANCAMENTOS?cnpj=77.857.555%2F0009-36&n_documento=117810","service":"btg-baixa-titulos-service","timestamp":"2026-06-03T12:09:44.488Z"}
{"lancamento":1434906758,"level":"info","message":"ℹ️ Título 117810 já estava baixado. Processo ignorado.","service":"btg-baixa-titulos-service","situacao":"BAIXADO","timestamp":"2026-06-03T12:09:44.701Z"}
{"level":"info","message":"🔎 Processando título 118022","service":"btg-baixa-titulos-service","timestamp":"2026-06-03T12:09:44.707Z"}
{"level":"info","message":"🌐 Millennium request: GET /MILLENIUM!JOIN_ONEUP.LANCAMENTOS.CONSULTALANCAMENTOS?cnpj=01.009.793%2F0001-72&n_documento=118022","service":"btg-baixa-titulos-service","timestamp":"2026-06-03T12:09:44.707Z"}
{"lancamento":1434907460,"level":"info","message":"ℹ️ Título 118022 já estava baixado. Processo ignorado.","service":"btg-baixa-titulos-service","situacao":"BAIXADO","timestamp":"2026-06-03T12:09:44.938Z"}
{"level":"info","message":"🔎 Processando título 118020","service":"btg-baixa-titulos-service","timestamp":"2026-06-03T12:09:44.944Z"}
{"level":"info","message":"🌐 Millennium request: GET /MILLENIUM!JOIN_ONEUP.LANCAMENTOS.CONSULTALANCAMENTOS?cnpj=02.355.679%2F0001-67&n_documento=118020","service":"btg-baixa-titulos-service","timestamp":"2026-06-03T12:09:44.945Z"}
{"lancamento":1434907451,"level":"info","message":"ℹ️ Título 118020 já estava baixado. Processo ignorado.","service":"btg-baixa-titulos-service","situacao":"BAIXADO","timestamp":"2026-06-03T12:09:45.156Z"}
{"level":"info","message":"🔎 Processando título 116729/C","service":"btg-baixa-titulos-service","timestamp":"2026-06-03T12:09:45.163Z"}
{"level":"info","message":"🌐 Millennium request: GET /MILLENIUM!JOIN_ONEUP.LANCAMENTOS.CONSULTALANCAMENTOS?cnpj=03.294.992%2F0001-03&n_documento=116729%2FC","service":"btg-baixa-titulos-service","timestamp":"2026-06-03T12:09:45.164Z"}
{"lancamento":1434900397,"level":"info","message":"ℹ️ Título 116729/C já estava baixado. Processo ignorado.","service":"btg-baixa-titulos-service","situacao":"BAIXADO","timestamp":"2026-06-03T12:09:45.361Z"}
{"level":"info","message":"🔎 Processando título 116729/B","service":"btg-baixa-titulos-service","timestamp":"2026-06-03T12:09:45.367Z"}
{"level":"info","message":"🌐 Millennium request: GET /MILLENIUM!JOIN_ONEUP.LANCAMENTOS.CONSULTALANCAMENTOS?cnpj=03.294.992%2F0001-03&n_documento=116729%2FB","service":"btg-baixa-titulos-service","timestamp":"2026-06-03T12:09:45.368Z"}
{"lancamento":1434900396,"level":"info","message":"ℹ️ Título 116729/B já estava baixado. Processo ignorado.","service":"btg-baixa-titulos-service","situacao":"BAIXADO","timestamp":"2026-06-03T12:09:45.544Z"}
{"level":"info","message":"🔎 Processando título 116729/A","service":"btg-baixa-titulos-service","timestamp":"2026-06-03T12:09:45.551Z"}
{"level":"info","message":"🌐 Millennium request: GET /MILLENIUM!JOIN_ONEUP.LANCAMENTOS.CONSULTALANCAMENTOS?cnpj=03.294.992%2F0001-03&n_documento=116729%2FA","service":"btg-baixa-titulos-service","timestamp":"2026-06-03T12:09:45.552Z"}
{"lancamento":1434900395,"level":"info","message":"ℹ️ Título 116729/A já estava baixado. Processo ignorado.","service":"btg-baixa-titulos-service","situacao":"BAIXADO","timestamp":"2026-06-03T12:09:45.759Z"}
{"level":"info","message":"🔎 Processando título 116864/B","service":"btg-baixa-titulos-service","timestamp":"2026-06-03T12:09:45.765Z"}
{"level":"info","message":"🌐 Millennium request: GET /MILLENIUM!JOIN_ONEUP.LANCAMENTOS.CONSULTALANCAMENTOS?cnpj=57.408.548%2F0001-92&n_documento=116864%2FB","service":"btg-baixa-titulos-service","timestamp":"2026-06-03T12:09:45.765Z"}
{"lancamento":1434901258,"level":"info","message":"ℹ️ Título 116864/B já estava baixado. Processo ignorado.","service":"btg-baixa-titulos-service","situacao":"BAIXADO","timestamp":"2026-06-03T12:09:46.004Z"}
{"level":"info","message":"🔎 Processando título 116864/A","service":"btg-baixa-titulos-service","timestamp":"2026-06-03T12:09:46.010Z"}
{"level":"info","message":"🌐 Millennium request: GET /MILLENIUM!JOIN_ONEUP.LANCAMENTOS.CONSULTALANCAMENTOS?cnpj=57.408.548%2F0001-92&n_documento=116864%2FA","service":"btg-baixa-titulos-service","timestamp":"2026-06-03T12:09:46.010Z"}
{"lancamento":1434901257,"level":"info","message":"ℹ️ Título 116864/A já estava baixado. Processo ignorado.","service":"btg-baixa-titulos-service","situacao":"BAIXADO","timestamp":"2026-06-03T12:09:46.208Z"}
{"level":"info","message":"🔎 Processando título 116617/C","service":"btg-baixa-titulos-service","timestamp":"2026-06-03T12:09:46.215Z"}
{"level":"info","message":"🌐 Millennium request: GET /MILLENIUM!JOIN_ONEUP.LANCAMENTOS.CONSULTALANCAMENTOS?cnpj=44.999.259%2F0001-63&n_documento=116617%2FC","service":"btg-baixa-titulos-service","timestamp":"2026-06-03T12:09:46.216Z"}
{"lancamento":1434899999,"level":"info","message":"ℹ️ Título 116617/C já estava baixado. Processo ignorado.","service":"btg-baixa-titulos-service","situacao":"BAIXADO","timestamp":"2026-06-03T12:09:46.390Z"}
{"level":"info","message":"🔎 Processando título 116617/B","service":"btg-baixa-titulos-service","timestamp":"2026-06-03T12:09:46.396Z"}
{"level":"info","message":"🌐 Millennium request: GET /MILLENIUM!JOIN_ONEUP.LANCAMENTOS.CONSULTALANCAMENTOS?cnpj=44.999.259%2F0001-63&n_documento=116617%2FB","service":"btg-baixa-titulos-service","timestamp":"2026-06-03T12:09:46.397Z"}
{"lancamento":1434899998,"level":"info","message":"ℹ️ Título 116617/B já estava baixado. Processo ignorado.","service":"btg-baixa-titulos-service","situacao":"BAIXADO","timestamp":"2026-06-03T12:09:46.581Z"}
{"level":"info","message":"🔎 Processando título 116617/A","service":"btg-baixa-titulos-service","timestamp":"2026-06-03T12:09:46.589Z"}
{"level":"info","message":"🌐 Millennium request: GET /MILLENIUM!JOIN_ONEUP.LANCAMENTOS.CONSULTALANCAMENTOS?cnpj=44.999.259%2F0001-63&n_documento=116617%2FA","service":"btg-baixa-titulos-service","timestamp":"2026-06-03T12:09:46.589Z"}
{"lancamento":1434899997,"level":"info","message":"ℹ️ Título 116617/A já estava baixado. Processo ignorado.","service":"btg-baixa-titulos-service","situacao":"BAIXADO","timestamp":"2026-06-03T12:09:46.793Z"}
{"level":"info","message":"🔎 Processando título 116058","service":"btg-baixa-titulos-service","timestamp":"2026-06-03T12:09:46.800Z"}
{"level":"info","message":"🌐 Millennium request: GET /MILLENIUM!JOIN_ONEUP.LANCAMENTOS.CONSULTALANCAMENTOS?cnpj=02.355.679%2F0001-67&n_documento=116058","service":"btg-baixa-titulos-service","timestamp":"2026-06-03T12:09:46.801Z"}
{"lancamento":1434897658,"level":"info","message":"ℹ️ Título 116058 já estava baixado. Processo ignorado.","service":"btg-baixa-titulos-service","situacao":"BAIXADO","timestamp":"2026-06-03T12:09:46.976Z"}
{"level":"info","message":"🔎 Processando título 116055","service":"btg-baixa-titulos-service","timestamp":"2026-06-03T12:09:46.982Z"}
{"level":"info","message":"🌐 Millennium request: GET /MILLENIUM!JOIN_ONEUP.LANCAMENTOS.CONSULTALANCAMENTOS?cnpj=01.009.793%2F0001-72&n_documento=116055","service":"btg-baixa-titulos-service","timestamp":"2026-06-03T12:09:46.982Z"}
{"lancamento":1434897633,"level":"info","message":"ℹ️ Título 116055 já estava baixado. Processo ignorado.","service":"btg-baixa-titulos-service","situacao":"BAIXADO","timestamp":"2026-06-03T12:09:47.252Z"}
{"level":"info","message":"🔎 Processando título 116077/C","service":"btg-baixa-titulos-service","timestamp":"2026-06-03T12:09:47.259Z"}
{"level":"info","message":"🌐 Millennium request: GET /MILLENIUM!JOIN_ONEUP.LANCAMENTOS.CONSULTALANCAMENTOS?cnpj=57.408.548%2F0001-92&n_documento=116077%2FC","service":"btg-baixa-titulos-service","timestamp":"2026-06-03T12:09:47.260Z"}
{"lancamento":1434897776,"level":"info","message":"ℹ️ Título 116077/C já estava baixado. Processo ignorado.","service":"btg-baixa-titulos-service","situacao":"BAIXADO","timestamp":"2026-06-03T12:09:47.508Z"}
{"level":"info","message":"🔎 Processando título 116071/D","service":"btg-baixa-titulos-service","timestamp":"2026-06-03T12:09:47.514Z"}
{"level":"info","message":"🌐 Millennium request: GET /MILLENIUM!JOIN_ONEUP.LANCAMENTOS.CONSULTALANCAMENTOS?cnpj=06.181.589%2F0001-58&n_documento=116071%2FD","service":"btg-baixa-titulos-service","timestamp":"2026-06-03T12:09:47.515Z"}
{"lancamento":1434897750,"level":"info","message":"ℹ️ Título 116071/D já estava baixado. Processo ignorado.","service":"btg-baixa-titulos-service","situacao":"BAIXADO","timestamp":"2026-06-03T12:09:47.776Z"}
{"level":"info","message":"🔎 Processando título 116070/D","service":"btg-baixa-titulos-service","timestamp":"2026-06-03T12:09:47.784Z"}
{"level":"info","message":"🌐 Millennium request: GET /MILLENIUM!JOIN_ONEUP.LANCAMENTOS.CONSULTALANCAMENTOS?cnpj=03.247.651%2F0001-79&n_documento=116070%2FD","service":"btg-baixa-titulos-service","timestamp":"2026-06-03T12:09:47.784Z"}
{"lancamento":1434897743,"level":"info","message":"ℹ️ Título 116070/D já estava baixado. Processo ignorado.","service":"btg-baixa-titulos-service","situacao":"BAIXADO","timestamp":"2026-06-03T12:09:48.051Z"}
{"level":"info","message":"🔎 Processando título 116074/B","service":"btg-baixa-titulos-service","timestamp":"2026-06-03T12:09:48.057Z"}
{"level":"info","message":"🌐 Millennium request: GET /MILLENIUM!JOIN_ONEUP.LANCAMENTOS.CONSULTALANCAMENTOS?cnpj=59.205.187%2F0001-02&n_documento=116074%2FB","service":"btg-baixa-titulos-service","timestamp":"2026-06-03T12:09:48.058Z"}
{"lancamento":1434897763,"level":"info","message":"ℹ️ Título 116074/B já estava baixado. Processo ignorado.","service":"btg-baixa-titulos-service","situacao":"BAIXADO","timestamp":"2026-06-03T12:09:48.361Z"}
{"level":"info","message":"🔎 Processando título 116072/B","service":"btg-baixa-titulos-service","timestamp":"2026-06-03T12:09:48.368Z"}
{"level":"info","message":"🌐 Millennium request: GET /MILLENIUM!JOIN_ONEUP.LANCAMENTOS.CONSULTALANCAMENTOS?cnpj=21.067.137%2F0001-33&n_documento=116072%2FB","service":"btg-baixa-titulos-service","timestamp":"2026-06-03T12:09:48.368Z"}
{"lancamento":1434897756,"level":"info","message":"ℹ️ Título 116072/B já estava baixado. Processo ignorado.","service":"btg-baixa-titulos-service","situacao":"BAIXADO","timestamp":"2026-06-03T12:09:48.543Z"}
{"level":"info","message":"🔎 Processando título 116071/B","service":"btg-baixa-titulos-service","timestamp":"2026-06-03T12:09:48.550Z"}
{"level":"info","message":"🌐 Millennium request: GET /MILLENIUM!JOIN_ONEUP.LANCAMENTOS.CONSULTALANCAMENTOS?cnpj=06.181.589%2F0001-58&n_documento=116071%2FB","service":"btg-baixa-titulos-service","timestamp":"2026-06-03T12:09:48.550Z"}
{"lancamento":1434897748,"level":"info","message":"ℹ️ Título 116071/B já estava baixado. Processo ignorado.","service":"btg-baixa-titulos-service","situacao":"BAIXADO","timestamp":"2026-06-03T12:09:48.728Z"}
{"level":"info","message":"🔎 Processando título 116068/D","service":"btg-baixa-titulos-service","timestamp":"2026-06-03T12:09:48.735Z"}
{"level":"info","message":"🌐 Millennium request: GET /MILLENIUM!JOIN_ONEUP.LANCAMENTOS.CONSULTALANCAMENTOS?cnpj=44.999.259%2F0001-63&n_documento=116068%2FD","service":"btg-baixa-titulos-service","timestamp":"2026-06-03T12:09:48.735Z"}
{"lancamento":1434897733,"level":"info","message":"ℹ️ Título 116068/D já estava baixado. Processo ignorado.","service":"btg-baixa-titulos-service","situacao":"BAIXADO","timestamp":"2026-06-03T12:09:49.020Z"}
{"level":"info","message":"🔎 Processando título 116070/B","service":"btg-baixa-titulos-service","timestamp":"2026-06-03T12:09:49.028Z"}
{"level":"info","message":"🌐 Millennium request: GET /MILLENIUM!JOIN_ONEUP.LANCAMENTOS.CONSULTALANCAMENTOS?cnpj=03.247.651%2F0001-79&n_documento=116070%2FB","service":"btg-baixa-titulos-service","timestamp":"2026-06-03T12:09:49.029Z"}
{"lancamento":1434897741,"level":"info","message":"ℹ️ Título 116070/B já estava baixado. Processo ignorado.","service":"btg-baixa-titulos-service","situacao":"BAIXADO","timestamp":"2026-06-03T12:09:49.204Z"}
{"level":"info","message":"🔎 Processando título 116059/D","service":"btg-baixa-titulos-service","timestamp":"2026-06-03T12:09:49.209Z"}
{"level":"info","message":"🌐 Millennium request: GET /MILLENIUM!JOIN_ONEUP.LANCAMENTOS.CONSULTALANCAMENTOS?cnpj=00.768.271%2F0001-91&n_documento=116059%2FD","service":"btg-baixa-titulos-service","timestamp":"2026-06-03T12:09:49.209Z"}
{"lancamento":1434897663,"level":"info","message":"ℹ️ Título 116059/D já estava baixado. Processo ignorado.","service":"btg-baixa-titulos-service","situacao":"BAIXADO","timestamp":"2026-06-03T12:09:49.387Z"}
{"level":"info","message":"🔎 Processando título 116057/D","service":"btg-baixa-titulos-service","timestamp":"2026-06-03T12:09:49.391Z"}
{"level":"info","message":"🌐 Millennium request: GET /MILLENIUM!JOIN_ONEUP.LANCAMENTOS.CONSULTALANCAMENTOS?cnpj=73.652.158%2F0001-10&n_documento=116057%2FD","service":"btg-baixa-titulos-service","timestamp":"2026-06-03T12:09:49.391Z"}
{"lancamento":1434897656,"level":"info","message":"ℹ️ Título 116057/D já estava baixado. Processo ignorado.","service":"btg-baixa-titulos-service","situacao":"BAIXADO","timestamp":"2026-06-03T12:09:49.571Z"}
{"level":"info","message":"🔎 Processando título 116069/B","service":"btg-baixa-titulos-service","timestamp":"2026-06-03T12:09:49.579Z"}
{"level":"info","message":"🌐 Millennium request: GET /MILLENIUM!JOIN_ONEUP.LANCAMENTOS.CONSULTALANCAMENTOS?cnpj=03.294.992%2F0001-03&n_documento=116069%2FB","service":"btg-baixa-titulos-service","timestamp":"2026-06-03T12:09:49.580Z"}
{"lancamento":1434897736,"level":"info","message":"ℹ️ Título 116069/B já estava baixado. Processo ignorado.","service":"btg-baixa-titulos-service","situacao":"BAIXADO","timestamp":"2026-06-03T12:09:49.755Z"}
{"level":"info","message":"🔎 Processando título 116036/D","service":"btg-baixa-titulos-service","timestamp":"2026-06-03T12:09:49.763Z"}
{"level":"info","message":"🌐 Millennium request: GET /MILLENIUM!JOIN_ONEUP.LANCAMENTOS.CONSULTALANCAMENTOS?cnpj=50.649.490%2F0001-20&n_documento=116036%2FD","service":"btg-baixa-titulos-service","timestamp":"2026-06-03T12:09:49.763Z"}
{"lancamento":1434897517,"level":"info","message":"ℹ️ Título 116036/D já estava baixado. Processo ignorado.","service":"btg-baixa-titulos-service","situacao":"BAIXADO","timestamp":"2026-06-03T12:09:49.938Z"}
{"level":"info","message":"🔎 Processando título 116068/B","service":"btg-baixa-titulos-service","timestamp":"2026-06-03T12:09:49.947Z"}
{"level":"info","message":"🌐 Millennium request: GET /MILLENIUM!JOIN_ONEUP.LANCAMENTOS.CONSULTALANCAMENTOS?cnpj=44.999.259%2F0001-63&n_documento=116068%2FB","service":"btg-baixa-titulos-service","timestamp":"2026-06-03T12:09:49.947Z"}
{"lancamento":1434897731,"level":"info","message":"ℹ️ Título 116068/B já estava baixado. Processo ignorado.","service":"btg-baixa-titulos-service","situacao":"BAIXADO","timestamp":"2026-06-03T12:09:50.203Z"}
{"level":"info","message":"🔎 Processando título 114867/D","service":"btg-baixa-titulos-service","timestamp":"2026-06-03T12:09:50.209Z"}
{"level":"info","message":"🌐 Millennium request: GET /MILLENIUM!JOIN_ONEUP.LANCAMENTOS.CONSULTALANCAMENTOS?cnpj=44.999.259%2F0001-63&n_documento=114867%2FD","service":"btg-baixa-titulos-service","timestamp":"2026-06-03T12:09:50.210Z"}
{"lancamento":1434892199,"level":"info","message":"ℹ️ Título 114867/D já estava baixado. Processo ignorado.","service":"btg-baixa-titulos-service","situacao":"BAIXADO","timestamp":"2026-06-03T12:09:50.414Z"}
{"level":"info","message":"🔎 Processando título 116059/B","service":"btg-baixa-titulos-service","timestamp":"2026-06-03T12:09:50.420Z"}
{"level":"info","message":"🌐 Millennium request: GET /MILLENIUM!JOIN_ONEUP.LANCAMENTOS.CONSULTALANCAMENTOS?cnpj=00.768.271%2F0001-91&n_documento=116059%2FB","service":"btg-baixa-titulos-service","timestamp":"2026-06-03T12:09:50.421Z"}
{"lancamento":1434897661,"level":"info","message":"ℹ️ Título 116059/B já estava baixado. Processo ignorado.","service":"btg-baixa-titulos-service","situacao":"BAIXADO","timestamp":"2026-06-03T12:09:50.598Z"}
{"level":"info","message":"🔎 Processando título 116057/B","service":"btg-baixa-titulos-service","timestamp":"2026-06-03T12:09:50.607Z"}
{"level":"info","message":"🌐 Millennium request: GET /MILLENIUM!JOIN_ONEUP.LANCAMENTOS.CONSULTALANCAMENTOS?cnpj=73.652.158%2F0001-10&n_documento=116057%2FB","service":"btg-baixa-titulos-service","timestamp":"2026-06-03T12:09:50.607Z"}
{"lancamento":1434897654,"level":"info","message":"ℹ️ Título 116057/B já estava baixado. Processo ignorado.","service":"btg-baixa-titulos-service","situacao":"BAIXADO","timestamp":"2026-06-03T12:09:50.782Z"}
{"level":"info","message":"🔎 Processando título 116078/C","service":"btg-baixa-titulos-service","timestamp":"2026-06-03T12:09:50.789Z"}
{"level":"info","message":"🌐 Millennium request: GET /MILLENIUM!JOIN_ONEUP.LANCAMENTOS.CONSULTALANCAMENTOS?cnpj=01.934.454%2F0001-00&n_documento=116078%2FC","service":"btg-baixa-titulos-service","timestamp":"2026-06-03T12:09:50.790Z"}
{"lancamento":1434897839,"level":"info","message":"ℹ️ Título 116078/C já estava baixado. Processo ignorado.","service":"btg-baixa-titulos-service","situacao":"BAIXADO","timestamp":"2026-06-03T12:09:50.966Z"}
{"level":"info","message":"🔎 Processando título 116036/B","service":"btg-baixa-titulos-service","timestamp":"2026-06-03T12:09:50.975Z"}
{"level":"info","message":"🌐 Millennium request: GET /MILLENIUM!JOIN_ONEUP.LANCAMENTOS.CONSULTALANCAMENTOS?cnpj=50.649.490%2F0001-20&n_documento=116036%2FB","service":"btg-baixa-titulos-service","timestamp":"2026-06-03T12:09:50.975Z"}
{"lancamento":1434897515,"level":"info","message":"ℹ️ Título 116036/B já estava baixado. Processo ignorado.","service":"btg-baixa-titulos-service","situacao":"BAIXADO","timestamp":"2026-06-03T12:09:51.149Z"}
{"level":"info","message":"🔎 Processando título 116077/B","service":"btg-baixa-titulos-service","timestamp":"2026-06-03T12:09:51.156Z"}
{"level":"info","message":"🌐 Millennium request: GET /MILLENIUM!JOIN_ONEUP.LANCAMENTOS.CONSULTALANCAMENTOS?cnpj=57.408.548%2F0001-92&n_documento=116077%2FB","service":"btg-baixa-titulos-service","timestamp":"2026-06-03T12:09:51.156Z"}
{"lancamento":1434897775,"level":"info","message":"ℹ️ Título 116077/B já estava baixado. Processo ignorado.","service":"btg-baixa-titulos-service","situacao":"BAIXADO","timestamp":"2026-06-03T12:09:51.332Z"}
{"level":"info","message":"🔎 Processando título 115849/B","service":"btg-baixa-titulos-service","timestamp":"2026-06-03T12:09:51.340Z"}
{"level":"info","message":"🌐 Millennium request: GET /MILLENIUM!JOIN_ONEUP.LANCAMENTOS.CONSULTALANCAMENTOS?cnpj=50.649.490%2F0001-20&n_documento=115849%2FB","service":"btg-baixa-titulos-service","timestamp":"2026-06-03T12:09:51.341Z"}
{"lancamento":1434896985,"level":"info","message":"ℹ️ Título 115849/B já estava baixado. Processo ignorado.","service":"btg-baixa-titulos-service","situacao":"BAIXADO","timestamp":"2026-06-03T12:09:51.516Z"}
{"level":"info","message":"🔎 Processando título 116074/C","service":"btg-baixa-titulos-service","timestamp":"2026-06-03T12:09:51.522Z"}
{"level":"info","message":"🌐 Millennium request: GET /MILLENIUM!JOIN_ONEUP.LANCAMENTOS.CONSULTALANCAMENTOS?cnpj=59.205.187%2F0001-02&n_documento=116074%2FC","service":"btg-baixa-titulos-service","timestamp":"2026-06-03T12:09:51.522Z"}
{"lancamento":1434897764,"level":"info","message":"ℹ️ Título 116074/C já estava baixado. Processo ignorado.","service":"btg-baixa-titulos-service","situacao":"BAIXADO","timestamp":"2026-06-03T12:09:51.698Z"}
{"level":"info","message":"🔎 Processando título 115848/B","service":"btg-baixa-titulos-service","timestamp":"2026-06-03T12:09:51.706Z"}
{"level":"info","message":"🌐 Millennium request: GET /MILLENIUM!JOIN_ONEUP.LANCAMENTOS.CONSULTALANCAMENTOS?cnpj=50.649.490%2F0001-20&n_documento=115848%2FB","service":"btg-baixa-titulos-service","timestamp":"2026-06-03T12:09:51.706Z"}
{"lancamento":1434896981,"level":"info","message":"ℹ️ Título 115848/B já estava baixado. Processo ignorado.","service":"btg-baixa-titulos-service","situacao":"BAIXADO","timestamp":"2026-06-03T12:09:51.882Z"}
{"level":"info","message":"🔎 Processando título 116071/A","service":"btg-baixa-titulos-service","timestamp":"2026-06-03T12:09:51.890Z"}
{"level":"info","message":"🌐 Millennium request: GET /MILLENIUM!JOIN_ONEUP.LANCAMENTOS.CONSULTALANCAMENTOS?cnpj=06.181.589%2F0001-58&n_documento=116071%2FA","service":"btg-baixa-titulos-service","timestamp":"2026-06-03T12:09:51.890Z"}
{"lancamento":1434897747,"level":"info","message":"ℹ️ Título 116071/A já estava baixado. Processo ignorado.","service":"btg-baixa-titulos-service","situacao":"BAIXADO","timestamp":"2026-06-03T12:09:52.147Z"}
{"level":"info","message":"🔎 Processando título 116070/A","service":"btg-baixa-titulos-service","timestamp":"2026-06-03T12:09:52.155Z"}
{"level":"info","message":"🌐 Millennium request: GET /MILLENIUM!JOIN_ONEUP.LANCAMENTOS.CONSULTALANCAMENTOS?cnpj=03.247.651%2F0001-79&n_documento=116070%2FA","service":"btg-baixa-titulos-service","timestamp":"2026-06-03T12:09:52.156Z"}
{"lancamento":1434897740,"level":"info","message":"ℹ️ Título 116070/A já estava baixado. Processo ignorado.","service":"btg-baixa-titulos-service","situacao":"BAIXADO","timestamp":"2026-06-03T12:09:52.360Z"}
{"level":"info","message":"🔎 Processando título 116071/C","service":"btg-baixa-titulos-service","timestamp":"2026-06-03T12:09:52.367Z"}
{"level":"info","message":"🌐 Millennium request: GET /MILLENIUM!JOIN_ONEUP.LANCAMENTOS.CONSULTALANCAMENTOS?cnpj=06.181.589%2F0001-58&n_documento=116071%2FC","service":"btg-baixa-titulos-service","timestamp":"2026-06-03T12:09:52.367Z"}
{"lancamento":1434897749,"level":"info","message":"ℹ️ Título 116071/C já estava baixado. Processo ignorado.","service":"btg-baixa-titulos-service","situacao":"BAIXADO","timestamp":"2026-06-03T12:09:52.546Z"}
{"level":"info","message":"🔎 Processando título 116069/A","service":"btg-baixa-titulos-service","timestamp":"2026-06-03T12:09:52.554Z"}
{"level":"info","message":"🌐 Millennium request: GET /MILLENIUM!JOIN_ONEUP.LANCAMENTOS.CONSULTALANCAMENTOS?cnpj=03.294.992%2F0001-03&n_documento=116069%2FA","service":"btg-baixa-titulos-service","timestamp":"2026-06-03T12:09:52.555Z"}
{"lancamento":1434897735,"level":"info","message":"ℹ️ Título 116069/A já estava baixado. Processo ignorado.","service":"btg-baixa-titulos-service","situacao":"BAIXADO","timestamp":"2026-06-03T12:09:52.762Z"}
{"level":"info","message":"🔎 Processando título 116070/C","service":"btg-baixa-titulos-service","timestamp":"2026-06-03T12:09:52.768Z"}
{"level":"info","message":"🌐 Millennium request: GET /MILLENIUM!JOIN_ONEUP.LANCAMENTOS.CONSULTALANCAMENTOS?cnpj=03.247.651%2F0001-79&n_documento=116070%2FC","service":"btg-baixa-titulos-service","timestamp":"2026-06-03T12:09:52.769Z"}
{"lancamento":1434897742,"level":"info","message":"ℹ️ Título 116070/C já estava baixado. Processo ignorado.","service":"btg-baixa-titulos-service","situacao":"BAIXADO","timestamp":"2026-06-03T12:09:53.022Z"}
{"level":"info","message":"🔎 Processando título 116078/A","service":"btg-baixa-titulos-service","timestamp":"2026-06-03T12:09:53.031Z"}
{"level":"info","message":"🌐 Millennium request: GET /MILLENIUM!JOIN_ONEUP.LANCAMENTOS.CONSULTALANCAMENTOS?cnpj=01.934.454%2F0001-00&n_documento=116078%2FA","service":"btg-baixa-titulos-service","timestamp":"2026-06-03T12:09:53.032Z"}
{"lancamento":1434897837,"level":"info","message":"ℹ️ Título 116078/A já estava baixado. Processo ignorado.","service":"btg-baixa-titulos-service","situacao":"BAIXADO","timestamp":"2026-06-03T12:09:53.209Z"}
{"level":"info","message":"🔎 Processando título 116069/C","service":"btg-baixa-titulos-service","timestamp":"2026-06-03T12:09:53.216Z"}
{"level":"info","message":"🌐 Millennium request: GET /MILLENIUM!JOIN_ONEUP.LANCAMENTOS.CONSULTALANCAMENTOS?cnpj=03.294.992%2F0001-03&n_documento=116069%2FC","service":"btg-baixa-titulos-service","timestamp":"2026-06-03T12:09:53.216Z"}
{"lancamento":1434897737,"level":"info","message":"ℹ️ Título 116069/C já estava baixado. Processo ignorado.","service":"btg-baixa-titulos-service","situacao":"BAIXADO","timestamp":"2026-06-03T12:09:53.393Z"}
{"level":"info","message":"🔎 Processando título 116074/A","service":"btg-baixa-titulos-service","timestamp":"2026-06-03T12:09:53.402Z"}
{"level":"info","message":"🌐 Millennium request: GET /MILLENIUM!JOIN_ONEUP.LANCAMENTOS.CONSULTALANCAMENTOS?cnpj=59.205.187%2F0001-02&n_documento=116074%2FA","service":"btg-baixa-titulos-service","timestamp":"2026-06-03T12:09:53.402Z"}
{"lancamento":1434897762,"level":"info","message":"ℹ️ Título 116074/A já estava baixado. Processo ignorado.","service":"btg-baixa-titulos-service","situacao":"BAIXADO","timestamp":"2026-06-03T12:09:53.576Z"}
{"level":"info","message":"🔎 Processando título 116059/A","service":"btg-baixa-titulos-service","timestamp":"2026-06-03T12:09:53.582Z"}
{"level":"info","message":"🌐 Millennium request: GET /MILLENIUM!JOIN_ONEUP.LANCAMENTOS.CONSULTALANCAMENTOS?cnpj=00.768.271%2F0001-91&n_documento=116059%2FA","service":"btg-baixa-titulos-service","timestamp":"2026-06-03T12:09:53.582Z"}
{"lancamento":1434897660,"level":"info","message":"ℹ️ Título 116059/A já estava baixado. Processo ignorado.","service":"btg-baixa-titulos-service","situacao":"BAIXADO","timestamp":"2026-06-03T12:09:53.760Z"}
{"level":"info","message":"🔎 Processando título 116068/C","service":"btg-baixa-titulos-service","timestamp":"2026-06-03T12:09:53.768Z"}
{"level":"info","message":"🌐 Millennium request: GET /MILLENIUM!JOIN_ONEUP.LANCAMENTOS.CONSULTALANCAMENTOS?cnpj=44.999.259%2F0001-63&n_documento=116068%2FC","service":"btg-baixa-titulos-service","timestamp":"2026-06-03T12:09:53.768Z"}
{"lancamento":1434897732,"level":"info","message":"ℹ️ Título 116068/C já estava baixado. Processo ignorado.","service":"btg-baixa-titulos-service","situacao":"BAIXADO","timestamp":"2026-06-03T12:09:53.943Z"}
{"level":"info","message":"🔎 Processando título 114867/B","service":"btg-baixa-titulos-service","timestamp":"2026-06-03T12:09:53.951Z"}
{"level":"info","message":"🌐 Millennium request: GET /MILLENIUM!JOIN_ONEUP.LANCAMENTOS.CONSULTALANCAMENTOS?cnpj=44.999.259%2F0001-63&n_documento=114867%2FB","service":"btg-baixa-titulos-service","timestamp":"2026-06-03T12:09:53.951Z"}
{"lancamento":1434892197,"level":"info","message":"ℹ️ Título 114867/B já estava baixado. Processo ignorado.","service":"btg-baixa-titulos-service","situacao":"BAIXADO","timestamp":"2026-06-03T12:09:54.127Z"}
{"level":"info","message":"🔎 Processando título 116068/A","service":"btg-baixa-titulos-service","timestamp":"2026-06-03T12:09:54.134Z"}
{"level":"info","message":"🌐 Millennium request: GET /MILLENIUM!JOIN_ONEUP.LANCAMENTOS.CONSULTALANCAMENTOS?cnpj=44.999.259%2F0001-63&n_documento=116068%2FA","service":"btg-baixa-titulos-service","timestamp":"2026-06-03T12:09:54.135Z"}
{"lancamento":1434897730,"level":"info","message":"ℹ️ Título 116068/A já estava baixado. Processo ignorado.","service":"btg-baixa-titulos-service","situacao":"BAIXADO","timestamp":"2026-06-03T12:09:54.307Z"}
{"level":"info","message":"🔎 Processando título 114867/A","service":"btg-baixa-titulos-service","timestamp":"2026-06-03T12:09:54.308Z"}
{"level":"info","message":"🌐 Millennium request: GET /MILLENIUM!JOIN_ONEUP.LANCAMENTOS.CONSULTALANCAMENTOS?cnpj=44.999.259%2F0001-63&n_documento=114867%2FA","service":"btg-baixa-titulos-service","timestamp":"2026-06-03T12:09:54.308Z"}
{"lancamento":1434892196,"level":"info","message":"ℹ️ Título 114867/A já estava baixado. Processo ignorado.","service":"btg-baixa-titulos-service","situacao":"BAIXADO","timestamp":"2026-06-03T12:09:54.493Z"}
{"level":"info","message":"🔎 Processando título 116059/C","service":"btg-baixa-titulos-service","timestamp":"2026-06-03T12:09:54.500Z"}
{"level":"info","message":"🌐 Millennium request: GET /MILLENIUM!JOIN_ONEUP.LANCAMENTOS.CONSULTALANCAMENTOS?cnpj=00.768.271%2F0001-91&n_documento=116059%2FC","service":"btg-baixa-titulos-service","timestamp":"2026-06-03T12:09:54.501Z"}
{"lancamento":1434897662,"level":"info","message":"ℹ️ Título 116059/C já estava baixado. Processo ignorado.","service":"btg-baixa-titulos-service","situacao":"BAIXADO","timestamp":"2026-06-03T12:09:54.786Z"}
{"level":"info","message":"🔎 Processando título 115847/B","service":"btg-baixa-titulos-service","timestamp":"2026-06-03T12:09:54.793Z"}
{"level":"info","message":"🌐 Millennium request: GET /MILLENIUM!JOIN_ONEUP.LANCAMENTOS.CONSULTALANCAMENTOS?cnpj=50.649.490%2F0001-20&n_documento=115847%2FB","service":"btg-baixa-titulos-service","timestamp":"2026-06-03T12:09:54.793Z"}
{"lancamento":1434896977,"level":"info","message":"ℹ️ Título 115847/B já estava baixado. Processo ignorado.","service":"btg-baixa-titulos-service","situacao":"BAIXADO","timestamp":"2026-06-03T12:09:54.974Z"}
{"level":"info","message":"🔎 Processando título 116057/C","service":"btg-baixa-titulos-service","timestamp":"2026-06-03T12:09:54.983Z"}
{"level":"info","message":"🌐 Millennium request: GET /MILLENIUM!JOIN_ONEUP.LANCAMENTOS.CONSULTALANCAMENTOS?cnpj=73.652.158%2F0001-10&n_documento=116057%2FC","service":"btg-baixa-titulos-service","timestamp":"2026-06-03T12:09:54.983Z"}
{"lancamento":1434897655,"level":"info","message":"ℹ️ Título 116057/C já estava baixado. Processo ignorado.","service":"btg-baixa-titulos-service","situacao":"BAIXADO","timestamp":"2026-06-03T12:09:55.189Z"}
{"level":"info","message":"🔎 Processando título 115846/B","service":"btg-baixa-titulos-service","timestamp":"2026-06-03T12:09:55.196Z"}
{"level":"info","message":"🌐 Millennium request: GET /MILLENIUM!JOIN_ONEUP.LANCAMENTOS.CONSULTALANCAMENTOS?cnpj=50.649.490%2F0001-20&n_documento=115846%2FB","service":"btg-baixa-titulos-service","timestamp":"2026-06-03T12:09:55.197Z"}
{"lancamento":1434896973,"level":"info","message":"ℹ️ Título 115846/B já estava baixado. Processo ignorado.","service":"btg-baixa-titulos-service","situacao":"BAIXADO","timestamp":"2026-06-03T12:09:55.373Z"}
{"level":"info","message":"🔎 Processando título 116036/C","service":"btg-baixa-titulos-service","timestamp":"2026-06-03T12:09:55.381Z"}
{"level":"info","message":"🌐 Millennium request: GET /MILLENIUM!JOIN_ONEUP.LANCAMENTOS.CONSULTALANCAMENTOS?cnpj=50.649.490%2F0001-20&n_documento=116036%2FC","service":"btg-baixa-titulos-service","timestamp":"2026-06-03T12:09:55.381Z"}
{"lancamento":1434897516,"level":"info","message":"ℹ️ Título 116036/C já estava baixado. Processo ignorado.","service":"btg-baixa-titulos-service","situacao":"BAIXADO","timestamp":"2026-06-03T12:09:55.642Z"}
{"level":"info","message":"🔎 Processando título 115845/B","service":"btg-baixa-titulos-service","timestamp":"2026-06-03T12:09:55.648Z"}
{"level":"info","message":"🌐 Millennium request: GET /MILLENIUM!JOIN_ONEUP.LANCAMENTOS.CONSULTALANCAMENTOS?cnpj=50.649.490%2F0001-20&n_documento=115845%2FB","service":"btg-baixa-titulos-service","timestamp":"2026-06-03T12:09:55.649Z"}
{"lancamento":1434896969,"level":"info","message":"ℹ️ Título 115845/B já estava baixado. Processo ignorado.","service":"btg-baixa-titulos-service","situacao":"BAIXADO","timestamp":"2026-06-03T12:09:55.850Z"}
{"level":"info","message":"🔎 Processando título 115849/C","service":"btg-baixa-titulos-service","timestamp":"2026-06-03T12:09:55.856Z"}
{"level":"info","message":"🌐 Millennium request: GET /MILLENIUM!JOIN_ONEUP.LANCAMENTOS.CONSULTALANCAMENTOS?cnpj=50.649.490%2F0001-20&n_documento=115849%2FC","service":"btg-baixa-titulos-service","timestamp":"2026-06-03T12:09:55.856Z"}
{"lancamento":1434896986,"level":"info","message":"ℹ️ Título 115849/C já estava baixado. Processo ignorado.","service":"btg-baixa-titulos-service","situacao":"BAIXADO","timestamp":"2026-06-03T12:09:56.066Z"}
{"level":"info","message":"🔎 Processando título 115843/B","service":"btg-baixa-titulos-service","timestamp":"2026-06-03T12:09:56.074Z"}
{"level":"info","message":"🌐 Millennium request: GET /MILLENIUM!JOIN_ONEUP.LANCAMENTOS.CONSULTALANCAMENTOS?cnpj=50.649.490%2F0001-20&n_documento=115843%2FB","service":"btg-baixa-titulos-service","timestamp":"2026-06-03T12:09:56.075Z"}
{"lancamento":1434896966,"level":"info","message":"ℹ️ Título 115843/B já estava baixado. Processo ignorado.","service":"btg-baixa-titulos-service","situacao":"BAIXADO","timestamp":"2026-06-03T12:09:56.329Z"}
{"level":"info","message":"🔎 Processando título 115848/C","service":"btg-baixa-titulos-service","timestamp":"2026-06-03T12:09:56.337Z"}
{"level":"info","message":"🌐 Millennium request: GET /MILLENIUM!JOIN_ONEUP.LANCAMENTOS.CONSULTALANCAMENTOS?cnpj=50.649.490%2F0001-20&n_documento=115848%2FC","service":"btg-baixa-titulos-service","timestamp":"2026-06-03T12:09:56.337Z"}
{"lancamento":1434896982,"level":"info","message":"ℹ️ Título 115848/C já estava baixado. Processo ignorado.","service":"btg-baixa-titulos-service","situacao":"BAIXADO","timestamp":"2026-06-03T12:09:56.509Z"}
{"level":"info","message":"🔎 Processando título 116036/A","service":"btg-baixa-titulos-service","timestamp":"2026-06-03T12:09:56.516Z"}
{"level":"info","message":"🌐 Millennium request: GET /MILLENIUM!JOIN_ONEUP.LANCAMENTOS.CONSULTALANCAMENTOS?cnpj=50.649.490%2F0001-20&n_documento=116036%2FA","service":"btg-baixa-titulos-service","timestamp":"2026-06-03T12:09:56.516Z"}
{"lancamento":1434897514,"level":"info","message":"ℹ️ Título 116036/A já estava baixado. Processo ignorado.","service":"btg-baixa-titulos-service","situacao":"BAIXADO","timestamp":"2026-06-03T12:09:56.694Z"}
{"level":"info","message":"🔎 Processando título 115847/C","service":"btg-baixa-titulos-service","timestamp":"2026-06-03T12:09:56.701Z"}
{"level":"info","message":"🌐 Millennium request: GET /MILLENIUM!JOIN_ONEUP.LANCAMENTOS.CONSULTALANCAMENTOS?cnpj=50.649.490%2F0001-20&n_documento=115847%2FC","service":"btg-baixa-titulos-service","timestamp":"2026-06-03T12:09:56.702Z"}
{"lancamento":1434896978,"level":"info","message":"ℹ️ Título 115847/C já estava baixado. Processo ignorado.","service":"btg-baixa-titulos-service","situacao":"BAIXADO","timestamp":"2026-06-03T12:09:56.878Z"}
{"level":"info","message":"🔎 Processando título 115849/A","service":"btg-baixa-titulos-service","timestamp":"2026-06-03T12:09:56.886Z"}
{"level":"info","message":"🌐 Millennium request: GET /MILLENIUM!JOIN_ONEUP.LANCAMENTOS.CONSULTALANCAMENTOS?cnpj=50.649.490%2F0001-20&n_documento=115849%2FA","service":"btg-baixa-titulos-service","timestamp":"2026-06-03T12:09:56.886Z"}
{"lancamento":1434896984,"level":"info","message":"ℹ️ Título 115849/A já estava baixado. Processo ignorado.","service":"btg-baixa-titulos-service","situacao":"BAIXADO","timestamp":"2026-06-03T12:09:57.063Z"}
{"level":"info","message":"🔎 Processando título 115846/C","service":"btg-baixa-titulos-service","timestamp":"2026-06-03T12:09:57.071Z"}
{"level":"info","message":"🌐 Millennium request: GET /MILLENIUM!JOIN_ONEUP.LANCAMENTOS.CONSULTALANCAMENTOS?cnpj=50.649.490%2F0001-20&n_documento=115846%2FC","service":"btg-baixa-titulos-service","timestamp":"2026-06-03T12:09:57.071Z"}
{"lancamento":1434896974,"level":"info","message":"ℹ️ Título 115846/C já estava baixado. Processo ignorado.","service":"btg-baixa-titulos-service","situacao":"BAIXADO","timestamp":"2026-06-03T12:09:57.246Z"}
{"level":"info","message":"🔎 Processando título 115848/A","service":"btg-baixa-titulos-service","timestamp":"2026-06-03T12:09:57.252Z"}
{"level":"info","message":"🌐 Millennium request: GET /MILLENIUM!JOIN_ONEUP.LANCAMENTOS.CONSULTALANCAMENTOS?cnpj=50.649.490%2F0001-20&n_documento=115848%2FA","service":"btg-baixa-titulos-service","timestamp":"2026-06-03T12:09:57.252Z"}
{"lancamento":1434896980,"level":"info","message":"ℹ️ Título 115848/A já estava baixado. Processo ignorado.","service":"btg-baixa-titulos-service","situacao":"BAIXADO","timestamp":"2026-06-03T12:09:57.431Z"}
{"level":"info","message":"🔎 Processando título 115847/A","service":"btg-baixa-titulos-service","timestamp":"2026-06-03T12:09:57.439Z"}
{"level":"info","message":"🌐 Millennium request: GET /MILLENIUM!JOIN_ONEUP.LANCAMENTOS.CONSULTALANCAMENTOS?cnpj=50.649.490%2F0001-20&n_documento=115847%2FA","service":"btg-baixa-titulos-service","timestamp":"2026-06-03T12:09:57.439Z"}
{"lancamento":1434896976,"level":"info","message":"ℹ️ Título 115847/A já estava baixado. Processo ignorado.","service":"btg-baixa-titulos-service","situacao":"BAIXADO","timestamp":"2026-06-03T12:09:57.614Z"}
{"level":"info","message":"🔎 Processando título 115846/A","service":"btg-baixa-titulos-service","timestamp":"2026-06-03T12:09:57.623Z"}
{"level":"info","message":"🌐 Millennium request: GET /MILLENIUM!JOIN_ONEUP.LANCAMENTOS.CONSULTALANCAMENTOS?cnpj=50.649.490%2F0001-20&n_documento=115846%2FA","service":"btg-baixa-titulos-service","timestamp":"2026-06-03T12:09:57.623Z"}
{"lancamento":1434896972,"level":"info","message":"ℹ️ Título 115846/A já estava baixado. Processo ignorado.","service":"btg-baixa-titulos-service","situacao":"BAIXADO","timestamp":"2026-06-03T12:09:57.801Z"}
{"level":"info","message":"🔎 Processando título 115845/C","service":"btg-baixa-titulos-service","timestamp":"2026-06-03T12:09:57.808Z"}
{"level":"info","message":"🌐 Millennium request: GET /MILLENIUM!JOIN_ONEUP.LANCAMENTOS.CONSULTALANCAMENTOS?cnpj=50.649.490%2F0001-20&n_documento=115845%2FC","service":"btg-baixa-titulos-service","timestamp":"2026-06-03T12:09:57.808Z"}
{"lancamento":1434896970,"level":"info","message":"ℹ️ Título 115845/C já estava baixado. Processo ignorado.","service":"btg-baixa-titulos-service","situacao":"BAIXADO","timestamp":"2026-06-03T12:09:58.090Z"}
{"level":"info","message":"🔎 Processando título 115845/A","service":"btg-baixa-titulos-service","timestamp":"2026-06-03T12:09:58.096Z"}
{"level":"info","message":"🌐 Millennium request: GET /MILLENIUM!JOIN_ONEUP.LANCAMENTOS.CONSULTALANCAMENTOS?cnpj=50.649.490%2F0001-20&n_documento=115845%2FA","service":"btg-baixa-titulos-service","timestamp":"2026-06-03T12:09:58.097Z"}
{"lancamento":1434896968,"level":"info","message":"ℹ️ Título 115845/A já estava baixado. Processo ignorado.","service":"btg-baixa-titulos-service","situacao":"BAIXADO","timestamp":"2026-06-03T12:09:58.275Z"}
{"level":"info","message":"🔎 Processando título 115843/A","service":"btg-baixa-titulos-service","timestamp":"2026-06-03T12:09:58.284Z"}
{"level":"info","message":"🌐 Millennium request: GET /MILLENIUM!JOIN_ONEUP.LANCAMENTOS.CONSULTALANCAMENTOS?cnpj=50.649.490%2F0001-20&n_documento=115843%2FA","service":"btg-baixa-titulos-service","timestamp":"2026-06-03T12:09:58.284Z"}
{"lancamento":1434896965,"level":"info","message":"ℹ️ Título 115843/A já estava baixado. Processo ignorado.","service":"btg-baixa-titulos-service","situacao":"BAIXADO","timestamp":"2026-06-03T12:09:58.458Z"}
{"level":"info","message":"🔎 Processando título 115843/C","service":"btg-baixa-titulos-service","timestamp":"2026-06-03T12:09:58.466Z"}
{"level":"info","message":"🌐 Millennium request: GET /MILLENIUM!JOIN_ONEUP.LANCAMENTOS.CONSULTALANCAMENTOS?cnpj=50.649.490%2F0001-20&n_documento=115843%2FC","service":"btg-baixa-titulos-service","timestamp":"2026-06-03T12:09:58.466Z"}
{"lancamento":1434896967,"level":"info","message":"ℹ️ Título 115843/C já estava baixado. Processo ignorado.","service":"btg-baixa-titulos-service","situacao":"BAIXADO","timestamp":"2026-06-03T12:09:58.643Z"}
{"level":"info","message":"🔎 Processando título 116057/A","service":"btg-baixa-titulos-service","timestamp":"2026-06-03T12:09:58.650Z"}
{"level":"info","message":"🌐 Millennium request: GET /MILLENIUM!JOIN_ONEUP.LANCAMENTOS.CONSULTALANCAMENTOS?cnpj=73.652.158%2F0001-10&n_documento=116057%2FA","service":"btg-baixa-titulos-service","timestamp":"2026-06-03T12:09:58.651Z"}
{"lancamento":1434897653,"level":"info","message":"ℹ️ Título 116057/A já estava baixado. Processo ignorado.","service":"btg-baixa-titulos-service","situacao":"BAIXADO","timestamp":"2026-06-03T12:09:58.824Z"}
{"level":"info","message":"🔎 Processando título 115021/C","service":"btg-baixa-titulos-service","timestamp":"2026-06-03T12:09:58.831Z"}
{"level":"info","message":"🌐 Millennium request: GET /MILLENIUM!JOIN_ONEUP.LANCAMENTOS.CONSULTALANCAMENTOS?cnpj=47.485.403%2F0001-31&n_documento=115021%2FC","service":"btg-baixa-titulos-service","timestamp":"2026-06-03T12:09:58.831Z"}
{"lancamento":1434892802,"level":"info","message":"ℹ️ Título 115021/C já estava baixado. Processo ignorado.","service":"btg-baixa-titulos-service","situacao":"BAIXADO","timestamp":"2026-06-03T12:09:59.009Z"}
{"level":"info","message":"🔎 Processando título 115021/B","service":"btg-baixa-titulos-service","timestamp":"2026-06-03T12:09:59.016Z"}
{"level":"info","message":"🌐 Millennium request: GET /MILLENIUM!JOIN_ONEUP.LANCAMENTOS.CONSULTALANCAMENTOS?cnpj=47.485.403%2F0001-31&n_documento=115021%2FB","service":"btg-baixa-titulos-service","timestamp":"2026-06-03T12:09:59.016Z"}
{"lancamento":1434892801,"level":"info","message":"ℹ️ Título 115021/B já estava baixado. Processo ignorado.","service":"btg-baixa-titulos-service","situacao":"BAIXADO","timestamp":"2026-06-03T12:09:59.193Z"}
{"level":"info","message":"🔎 Processando título 115020/C","service":"btg-baixa-titulos-service","timestamp":"2026-06-03T12:09:59.203Z"}
{"level":"info","message":"🌐 Millennium request: GET /MILLENIUM!JOIN_ONEUP.LANCAMENTOS.CONSULTALANCAMENTOS?cnpj=47.485.403%2F0001-31&n_documento=115020%2FC","service":"btg-baixa-titulos-service","timestamp":"2026-06-03T12:09:59.203Z"}
{"lancamento":1434892799,"level":"info","message":"ℹ️ Título 115020/C já estava baixado. Processo ignorado.","service":"btg-baixa-titulos-service","situacao":"BAIXADO","timestamp":"2026-06-03T12:09:59.379Z"}
{"level":"info","message":"🔎 Processando título 115020/B","service":"btg-baixa-titulos-service","timestamp":"2026-06-03T12:09:59.383Z"}
{"level":"info","message":"🌐 Millennium request: GET /MILLENIUM!JOIN_ONEUP.LANCAMENTOS.CONSULTALANCAMENTOS?cnpj=47.485.403%2F0001-31&n_documento=115020%2FB","service":"btg-baixa-titulos-service","timestamp":"2026-06-03T12:09:59.383Z"}
{"lancamento":1434892798,"level":"info","message":"ℹ️ Título 115020/B já estava baixado. Processo ignorado.","service":"btg-baixa-titulos-service","situacao":"BAIXADO","timestamp":"2026-06-03T12:09:59.567Z"}
{"level":"info","message":"🔎 Processando título 115019/C","service":"btg-baixa-titulos-service","timestamp":"2026-06-03T12:09:59.574Z"}
{"level":"info","message":"🌐 Millennium request: GET /MILLENIUM!JOIN_ONEUP.LANCAMENTOS.CONSULTALANCAMENTOS?cnpj=47.485.403%2F0001-31&n_documento=115019%2FC","service":"btg-baixa-titulos-service","timestamp":"2026-06-03T12:09:59.574Z"}
{"lancamento":1434892794,"level":"info","message":"ℹ️ Título 115019/C já estava baixado. Processo ignorado.","service":"btg-baixa-titulos-service","situacao":"BAIXADO","timestamp":"2026-06-03T12:09:59.835Z"}
{"level":"info","message":"🔎 Processando título 115019/B","service":"btg-baixa-titulos-service","timestamp":"2026-06-03T12:09:59.842Z"}
{"level":"info","message":"🌐 Millennium request: GET /MILLENIUM!JOIN_ONEUP.LANCAMENTOS.CONSULTALANCAMENTOS?cnpj=47.485.403%2F0001-31&n_documento=115019%2FB","service":"btg-baixa-titulos-service","timestamp":"2026-06-03T12:09:59.843Z"}
{"lancamento":1434892793,"level":"info","message":"ℹ️ Título 115019/B já estava baixado. Processo ignorado.","service":"btg-baixa-titulos-service","situacao":"BAIXADO","timestamp":"2026-06-03T12:10:00.134Z"}
{"level":"info","message":"🔎 Processando título 115018/C","service":"btg-baixa-titulos-service","timestamp":"2026-06-03T12:10:00.141Z"}
{"level":"info","message":"🌐 Millennium request: GET /MILLENIUM!JOIN_ONEUP.LANCAMENTOS.CONSULTALANCAMENTOS?cnpj=47.485.403%2F0001-31&n_documento=115018%2FC","service":"btg-baixa-titulos-service","timestamp":"2026-06-03T12:10:00.141Z"}
{"lancamento":1434892791,"level":"info","message":"ℹ️ Título 115018/C já estava baixado. Processo ignorado.","service":"btg-baixa-titulos-service","situacao":"BAIXADO","timestamp":"2026-06-03T12:10:00.360Z"}
{"level":"info","message":"🔎 Processando título 115018/B","service":"btg-baixa-titulos-service","timestamp":"2026-06-03T12:10:00.367Z"}
{"level":"info","message":"🌐 Millennium request: GET /MILLENIUM!JOIN_ONEUP.LANCAMENTOS.CONSULTALANCAMENTOS?cnpj=47.485.403%2F0001-31&n_documento=115018%2FB","service":"btg-baixa-titulos-service","timestamp":"2026-06-03T12:10:00.368Z"}
{"lancamento":1434892790,"level":"info","message":"ℹ️ Título 115018/B já estava baixado. Processo ignorado.","service":"btg-baixa-titulos-service","situacao":"BAIXADO","timestamp":"2026-06-03T12:10:00.386Z"}
{"level":"info","message":"🔎 Processando título 115017/C","service":"btg-baixa-titulos-service","timestamp":"2026-06-03T12:10:00.392Z"}
{"level":"info","message":"🌐 Millennium request: GET /MILLENIUM!JOIN_ONEUP.LANCAMENTOS.CONSULTALANCAMENTOS?cnpj=47.485.403%2F0001-31&n_documento=115017%2FC","service":"btg-baixa-titulos-service","timestamp":"2026-06-03T12:10:00.392Z"}
{"lancamento":1434892788,"level":"info","message":"ℹ️ Título 115017/C já estava baixado. Processo ignorado.","service":"btg-baixa-titulos-service","situacao":"BAIXADO","timestamp":"2026-06-03T12:10:00.409Z"}
{"level":"info","message":"🔎 Processando título 115017/B","service":"btg-baixa-titulos-service","timestamp":"2026-06-03T12:10:00.413Z"}
{"level":"info","message":"🌐 Millennium request: GET /MILLENIUM!JOIN_ONEUP.LANCAMENTOS.CONSULTALANCAMENTOS?cnpj=47.485.403%2F0001-31&n_documento=115017%2FB","service":"btg-baixa-titulos-service","timestamp":"2026-06-03T12:10:00.413Z"}
{"lancamento":1434892787,"level":"info","message":"ℹ️ Título 115017/B já estava baixado. Processo ignorado.","service":"btg-baixa-titulos-service","situacao":"BAIXADO","timestamp":"2026-06-03T12:10:00.429Z"}
{"level":"info","message":"🔎 Processando título 114867/C","service":"btg-baixa-titulos-service","timestamp":"2026-06-03T12:10:00.432Z"}
{"level":"info","message":"🌐 Millennium request: GET /MILLENIUM!JOIN_ONEUP.LANCAMENTOS.CONSULTALANCAMENTOS?cnpj=44.999.259%2F0001-63&n_documento=114867%2FC","service":"btg-baixa-titulos-service","timestamp":"2026-06-03T12:10:00.432Z"}
{"lancamento":1434892198,"level":"info","message":"ℹ️ Título 114867/C já estava baixado. Processo ignorado.","service":"btg-baixa-titulos-service","situacao":"BAIXADO","timestamp":"2026-06-03T12:10:00.449Z"}
{"level":"info","message":"🔎 Processando título 114564/C","service":"btg-baixa-titulos-service","timestamp":"2026-06-03T12:10:00.452Z"}
{"level":"info","message":"🌐 Millennium request: GET /MILLENIUM!JOIN_ONEUP.LANCAMENTOS.CONSULTALANCAMENTOS?cnpj=21.067.137%2F0001-33&n_documento=114564%2FC","service":"btg-baixa-titulos-service","timestamp":"2026-06-03T12:10:00.452Z"}
{"lancamento":1434891153,"level":"info","message":"ℹ️ Título 114564/C já estava baixado. Processo ignorado.","service":"btg-baixa-titulos-service","situacao":"BAIXADO","timestamp":"2026-06-03T12:10:00.466Z"}
{"level":"info","message":"🔎 Processando título 79825/C","service":"btg-baixa-titulos-service","timestamp":"2026-06-03T12:10:00.468Z"}
{"level":"info","message":"🌐 Millennium request: GET /MILLENIUM!JOIN_ONEUP.LANCAMENTOS.CONSULTALANCAMENTOS?n_documento=79825%2FC&cpf=208.249.121-87","service":"btg-baixa-titulos-service","timestamp":"2026-06-03T12:10:00.468Z"}
{"lancamento":1434888955,"level":"info","message":"ℹ️ Título 79825/C já estava baixado. Processo ignorado.","service":"btg-baixa-titulos-service","situacao":"BAIXADO","timestamp":"2026-06-03T12:10:00.485Z"}
{"level":"info","message":"🔎 Processando título 116078/B","service":"btg-baixa-titulos-service","timestamp":"2026-06-03T12:10:00.488Z"}
{"level":"info","message":"🌐 Millennium request: GET /MILLENIUM!JOIN_ONEUP.LANCAMENTOS.CONSULTALANCAMENTOS?cnpj=01.934.454%2F0001-00&n_documento=116078%2FB","service":"btg-baixa-titulos-service","timestamp":"2026-06-03T12:10:00.488Z"}
{"lancamento":1434897838,"level":"info","message":"ℹ️ Título 116078/B já estava baixado. Processo ignorado.","service":"btg-baixa-titulos-service","situacao":"BAIXADO","timestamp":"2026-06-03T12:10:00.503Z"}
{"level":"info","message":"🔎 Processando título 114564/B","service":"btg-baixa-titulos-service","timestamp":"2026-06-03T12:10:00.507Z"}
{"level":"info","message":"🌐 Millennium request: GET /MILLENIUM!JOIN_ONEUP.LANCAMENTOS.CONSULTALANCAMENTOS?cnpj=21.067.137%2F0001-33&n_documento=114564%2FB","service":"btg-baixa-titulos-service","timestamp":"2026-06-03T12:10:00.507Z"}
{"lancamento":1434891152,"level":"info","message":"ℹ️ Título 114564/B já estava baixado. Processo ignorado.","service":"btg-baixa-titulos-service","situacao":"BAIXADO","timestamp":"2026-06-03T12:10:00.521Z"}
{"level":"info","message":"🔎 Processando título 116077/A","service":"btg-baixa-titulos-service","timestamp":"2026-06-03T12:10:00.524Z"}
{"level":"info","message":"🌐 Millennium request: GET /MILLENIUM!JOIN_ONEUP.LANCAMENTOS.CONSULTALANCAMENTOS?cnpj=57.408.548%2F0001-92&n_documento=116077%2FA","service":"btg-baixa-titulos-service","timestamp":"2026-06-03T12:10:00.524Z"}
{"lancamento":1434897774,"level":"info","message":"ℹ️ Título 116077/A já estava baixado. Processo ignorado.","service":"btg-baixa-titulos-service","situacao":"BAIXADO","timestamp":"2026-06-03T12:10:00.544Z"}
{"level":"info","message":"🔎 Processando título 114564/A","service":"btg-baixa-titulos-service","timestamp":"2026-06-03T12:10:00.547Z"}
{"level":"info","message":"🌐 Millennium request: GET /MILLENIUM!JOIN_ONEUP.LANCAMENTOS.CONSULTALANCAMENTOS?cnpj=21.067.137%2F0001-33&n_documento=114564%2FA","service":"btg-baixa-titulos-service","timestamp":"2026-06-03T12:10:00.547Z"}
{"lancamento":1434891151,"level":"info","message":"ℹ️ Título 114564/A já estava baixado. Processo ignorado.","service":"btg-baixa-titulos-service","situacao":"BAIXADO","timestamp":"2026-06-03T12:10:00.564Z"}
{"level":"info","message":"🔎 Processando título 79831/B","service":"btg-baixa-titulos-service","timestamp":"2026-06-03T12:10:00.567Z"}
{"level":"info","message":"🌐 Millennium request: GET /MILLENIUM!JOIN_ONEUP.LANCAMENTOS.CONSULTALANCAMENTOS?n_documento=79831%2FB&cpf=208.249.121-87","service":"btg-baixa-titulos-service","timestamp":"2026-06-03T12:10:00.567Z"}
{"lancamento":1434889035,"level":"info","message":"ℹ️ Título 79831/B já estava baixado. Processo ignorado.","service":"btg-baixa-titulos-service","situacao":"BAIXADO","timestamp":"2026-06-03T12:10:00.583Z"}
{"level":"info","message":"🔎 Processando título 79825/B","service":"btg-baixa-titulos-service","timestamp":"2026-06-03T12:10:00.587Z"}
{"level":"info","message":"🌐 Millennium request: GET /MILLENIUM!JOIN_ONEUP.LANCAMENTOS.CONSULTALANCAMENTOS?n_documento=79825%2FB&cpf=208.249.121-87","service":"btg-baixa-titulos-service","timestamp":"2026-06-03T12:10:00.587Z"}
{"lancamento":1434888954,"level":"info","message":"ℹ️ Título 79825/B já estava baixado. Processo ignorado.","service":"btg-baixa-titulos-service","situacao":"BAIXADO","timestamp":"2026-06-03T12:10:00.601Z"}
{"level":"info","message":"🔎 Processando título 79831/A","service":"btg-baixa-titulos-service","timestamp":"2026-06-03T12:10:00.605Z"}
{"level":"info","message":"🌐 Millennium request: GET /MILLENIUM!JOIN_ONEUP.LANCAMENTOS.CONSULTALANCAMENTOS?n_documento=79831%2FA&cpf=208.249.121-87","service":"btg-baixa-titulos-service","timestamp":"2026-06-03T12:10:00.605Z"}
{"lancamento":1434889032,"level":"info","message":"ℹ️ Título 79831/A já estava baixado. Processo ignorado.","service":"btg-baixa-titulos-service","situacao":"BAIXADO","timestamp":"2026-06-03T12:10:00.619Z"}
{"level":"info","message":"🔎 Processando título 79825/A","service":"btg-baixa-titulos-service","timestamp":"2026-06-03T12:10:00.622Z"}
{"level":"info","message":"🌐 Millennium request: GET /MILLENIUM!JOIN_ONEUP.LANCAMENTOS.CONSULTALANCAMENTOS?n_documento=79825%2FA&cpf=208.249.121-87","service":"btg-baixa-titulos-service","timestamp":"2026-06-03T12:10:00.622Z"}
{"lancamento":1434888953,"level":"info","message":"ℹ️ Título 79825/A já estava baixado. Processo ignorado.","service":"btg-baixa-titulos-service","situacao":"BAIXADO","timestamp":"2026-06-03T12:10:00.638Z"}
{"level":"info","message":"🔎 Processando título 116065","service":"btg-baixa-titulos-service","timestamp":"2026-06-03T12:10:00.640Z"}
{"level":"info","message":"🌐 Millennium request: GET /MILLENIUM!JOIN_ONEUP.LANCAMENTOS.CONSULTALANCAMENTOS?cnpj=77.857.555%2F0009-36&n_documento=116065","service":"btg-baixa-titulos-service","timestamp":"2026-06-03T12:10:00.640Z"}
{"lancamento":1434897716,"level":"info","message":"ℹ️ Título 116065 já estava baixado. Processo ignorado.","service":"btg-baixa-titulos-service","situacao":"BAIXADO","timestamp":"2026-06-03T12:10:00.660Z"}
{"level":"info","message":"🔎 Processando título 111992","service":"btg-baixa-titulos-service","timestamp":"2026-06-03T12:10:00.663Z"}
{"level":"info","message":"🌐 Millennium request: GET /MILLENIUM!JOIN_ONEUP.LANCAMENTOS.CONSULTALANCAMENTOS?cnpj=01.009.793%2F0001-72&n_documento=111992","service":"btg-baixa-titulos-service","timestamp":"2026-06-03T12:10:00.663Z"}
{"lancamento":1434875843,"level":"info","message":"ℹ️ Título 111992 já estava baixado. Processo ignorado.","service":"btg-baixa-titulos-service","situacao":"BAIXADO","timestamp":"2026-06-03T12:10:00.679Z"}
{"level":"info","message":"🔎 Processando título 113581/C","service":"btg-baixa-titulos-service","timestamp":"2026-06-03T12:10:00.682Z"}
{"level":"info","message":"🌐 Millennium request: GET /MILLENIUM!JOIN_ONEUP.LANCAMENTOS.CONSULTALANCAMENTOS?cnpj=50.649.490%2F0001-20&n_documento=113581%2FC","service":"btg-baixa-titulos-service","timestamp":"2026-06-03T12:10:00.682Z"}
{"lancamento":1434886240,"level":"info","message":"ℹ️ Título 113581/C já estava baixado. Processo ignorado.","service":"btg-baixa-titulos-service","situacao":"BAIXADO","timestamp":"2026-06-03T12:10:00.697Z"}
{"level":"info","message":"🔎 Processando título 113581/B","service":"btg-baixa-titulos-service","timestamp":"2026-06-03T12:10:00.700Z"}
{"level":"info","message":"🌐 Millennium request: GET /MILLENIUM!JOIN_ONEUP.LANCAMENTOS.CONSULTALANCAMENTOS?cnpj=50.649.490%2F0001-20&n_documento=113581%2FB","service":"btg-baixa-titulos-service","timestamp":"2026-06-03T12:10:00.700Z"}
{"lancamento":1434886239,"level":"info","message":"ℹ️ Título 113581/B já estava baixado. Processo ignorado.","service":"btg-baixa-titulos-service","situacao":"BAIXADO","timestamp":"2026-06-03T12:10:00.714Z"}
{"level":"info","message":"🔎 Processando título 113581/A","service":"btg-baixa-titulos-service","timestamp":"2026-06-03T12:10:00.719Z"}
{"level":"info","message":"🌐 Millennium request: GET /MILLENIUM!JOIN_ONEUP.LANCAMENTOS.CONSULTALANCAMENTOS?cnpj=50.649.490%2F0001-20&n_documento=113581%2FA","service":"btg-baixa-titulos-service","timestamp":"2026-06-03T12:10:00.719Z"}
{"lancamento":1434886238,"level":"info","message":"ℹ️ Título 113581/A já estava baixado. Processo ignorado.","service":"btg-baixa-titulos-service","situacao":"BAIXADO","timestamp":"2026-06-03T12:10:00.732Z"}
{"level":"info","message":"🔎 Processando título 113580/C","service":"btg-baixa-titulos-service","timestamp":"2026-06-03T12:10:00.735Z"}
{"level":"info","message":"🌐 Millennium request: GET /MILLENIUM!JOIN_ONEUP.LANCAMENTOS.CONSULTALANCAMENTOS?cnpj=50.649.490%2F0001-20&n_documento=113580%2FC","service":"btg-baixa-titulos-service","timestamp":"2026-06-03T12:10:00.735Z"}
{"lancamento":1434886236,"level":"info","message":"ℹ️ Título 113580/C já estava baixado. Processo ignorado.","service":"btg-baixa-titulos-service","situacao":"BAIXADO","timestamp":"2026-06-03T12:10:00.750Z"}
{"level":"info","message":"🔎 Processando título 113580/B","service":"btg-baixa-titulos-service","timestamp":"2026-06-03T12:10:00.753Z"}
{"level":"info","message":"🌐 Millennium request: GET /MILLENIUM!JOIN_ONEUP.LANCAMENTOS.CONSULTALANCAMENTOS?cnpj=50.649.490%2F0001-20&n_documento=113580%2FB","service":"btg-baixa-titulos-service","timestamp":"2026-06-03T12:10:00.753Z"}
{"lancamento":1434886235,"level":"info","message":"ℹ️ Título 113580/B já estava baixado. Processo ignorado.","service":"btg-baixa-titulos-service","situacao":"BAIXADO","timestamp":"2026-06-03T12:10:00.769Z"}
{"level":"info","message":"🔎 Processando título 113580/A","service":"btg-baixa-titulos-service","timestamp":"2026-06-03T12:10:00.773Z"}
{"level":"info","message":"🌐 Millennium request: GET /MILLENIUM!JOIN_ONEUP.LANCAMENTOS.CONSULTALANCAMENTOS?cnpj=50.649.490%2F0001-20&n_documento=113580%2FA","service":"btg-baixa-titulos-service","timestamp":"2026-06-03T12:10:00.773Z"}
{"lancamento":1434886234,"level":"info","message":"ℹ️ Título 113580/A já estava baixado. Processo ignorado.","service":"btg-baixa-titulos-service","situacao":"BAIXADO","timestamp":"2026-06-03T12:10:00.788Z"}
{"level":"info","message":"🔎 Processando título 113579/C","service":"btg-baixa-titulos-service","timestamp":"2026-06-03T12:10:00.792Z"}
{"level":"info","message":"🌐 Millennium request: GET /MILLENIUM!JOIN_ONEUP.LANCAMENTOS.CONSULTALANCAMENTOS?cnpj=50.649.490%2F0001-20&n_documento=113579%2FC","service":"btg-baixa-titulos-service","timestamp":"2026-06-03T12:10:00.792Z"}
{"lancamento":1434886228,"level":"info","message":"ℹ️ Título 113579/C já estava baixado. Processo ignorado.","service":"btg-baixa-titulos-service","situacao":"BAIXADO","timestamp":"2026-06-03T12:10:00.895Z"}
{"level":"info","message":"🔎 Processando título 113579/B","service":"btg-baixa-titulos-service","timestamp":"2026-06-03T12:10:00.903Z"}
{"level":"info","message":"🌐 Millennium request: GET /MILLENIUM!JOIN_ONEUP.LANCAMENTOS.CONSULTALANCAMENTOS?cnpj=50.649.490%2F0001-20&n_documento=113579%2FB","service":"btg-baixa-titulos-service","timestamp":"2026-06-03T12:10:00.904Z"}
{"lancamento":1434886227,"level":"info","message":"ℹ️ Título 113579/B já estava baixado. Processo ignorado.","service":"btg-baixa-titulos-service","situacao":"BAIXADO","timestamp":"2026-06-03T12:10:00.925Z"}
{"level":"info","message":"🔎 Processando título 113579/A","service":"btg-baixa-titulos-service","timestamp":"2026-06-03T12:10:00.932Z"}
{"level":"info","message":"🌐 Millennium request: GET /MILLENIUM!JOIN_ONEUP.LANCAMENTOS.CONSULTALANCAMENTOS?cnpj=50.649.490%2F0001-20&n_documento=113579%2FA","service":"btg-baixa-titulos-service","timestamp":"2026-06-03T12:10:00.932Z"}
{"lancamento":1434886226,"level":"info","message":"ℹ️ Título 113579/A já estava baixado. Processo ignorado.","service":"btg-baixa-titulos-service","situacao":"BAIXADO","timestamp":"2026-06-03T12:10:00.950Z"}
{"level":"info","message":"🔎 Processando título 113578/C","service":"btg-baixa-titulos-service","timestamp":"2026-06-03T12:10:00.956Z"}
{"level":"info","message":"🌐 Millennium request: GET /MILLENIUM!JOIN_ONEUP.LANCAMENTOS.CONSULTALANCAMENTOS?cnpj=50.649.490%2F0001-20&n_documento=113578%2FC","service":"btg-baixa-titulos-service","timestamp":"2026-06-03T12:10:00.956Z"}
{"lancamento":1434886212,"level":"info","message":"ℹ️ Título 113578/C já estava baixado. Processo ignorado.","service":"btg-baixa-titulos-service","situacao":"BAIXADO","timestamp":"2026-06-03T12:10:00.975Z"}
{"level":"info","message":"🔎 Processando título 113578/B","service":"btg-baixa-titulos-service","timestamp":"2026-06-03T12:10:00.979Z"}
{"level":"info","message":"🌐 Millennium request: GET /MILLENIUM!JOIN_ONEUP.LANCAMENTOS.CONSULTALANCAMENTOS?cnpj=50.649.490%2F0001-20&n_documento=113578%2FB","service":"btg-baixa-titulos-service","timestamp":"2026-06-03T12:10:00.979Z"}
{"lancamento":1434886211,"level":"info","message":"ℹ️ Título 113578/B já estava baixado. Processo ignorado.","service":"btg-baixa-titulos-service","situacao":"BAIXADO","timestamp":"2026-06-03T12:10:00.996Z"}
{"level":"info","message":"🔎 Processando título 113578/A","service":"btg-baixa-titulos-service","timestamp":"2026-06-03T12:10:01.000Z"}
{"level":"info","message":"🌐 Millennium request: GET /MILLENIUM!JOIN_ONEUP.LANCAMENTOS.CONSULTALANCAMENTOS?cnpj=50.649.490%2F0001-20&n_documento=113578%2FA","service":"btg-baixa-titulos-service","timestamp":"2026-06-03T12:10:01.000Z"}
{"lancamento":1434886210,"level":"info","message":"ℹ️ Título 113578/A já estava baixado. Processo ignorado.","service":"btg-baixa-titulos-service","situacao":"BAIXADO","timestamp":"2026-06-03T12:10:01.017Z"}
{"level":"info","message":"🔎 Processando título 113577/C","service":"btg-baixa-titulos-service","timestamp":"2026-06-03T12:10:01.021Z"}
{"level":"info","message":"🌐 Millennium request: GET /MILLENIUM!JOIN_ONEUP.LANCAMENTOS.CONSULTALANCAMENTOS?cnpj=50.649.490%2F0001-20&n_documento=113577%2FC","service":"btg-baixa-titulos-service","timestamp":"2026-06-03T12:10:01.021Z"}
{"lancamento":1434886206,"level":"info","message":"ℹ️ Título 113577/C já estava baixado. Processo ignorado.","service":"btg-baixa-titulos-service","situacao":"BAIXADO","timestamp":"2026-06-03T12:10:01.037Z"}
{"level":"info","message":"🔎 Processando título 113577/B","service":"btg-baixa-titulos-service","timestamp":"2026-06-03T12:10:01.041Z"}
{"level":"info","message":"🌐 Millennium request: GET /MILLENIUM!JOIN_ONEUP.LANCAMENTOS.CONSULTALANCAMENTOS?cnpj=50.649.490%2F0001-20&n_documento=113577%2FB","service":"btg-baixa-titulos-service","timestamp":"2026-06-03T12:10:01.041Z"}
{"lancamento":1434886205,"level":"info","message":"ℹ️ Título 113577/B já estava baixado. Processo ignorado.","service":"btg-baixa-titulos-service","situacao":"BAIXADO","timestamp":"2026-06-03T12:10:01.056Z"}
{"level":"info","message":"🔎 Processando título 113577/A","service":"btg-baixa-titulos-service","timestamp":"2026-06-03T12:10:01.059Z"}
{"level":"info","message":"🌐 Millennium request: GET /MILLENIUM!JOIN_ONEUP.LANCAMENTOS.CONSULTALANCAMENTOS?cnpj=50.649.490%2F0001-20&n_documento=113577%2FA","service":"btg-baixa-titulos-service","timestamp":"2026-06-03T12:10:01.059Z"}
{"lancamento":1434886204,"level":"info","message":"ℹ️ Título 113577/A já estava baixado. Processo ignorado.","service":"btg-baixa-titulos-service","situacao":"BAIXADO","timestamp":"2026-06-03T12:10:01.075Z"}
{"level":"info","message":"🔎 Processando título 113576/C","service":"btg-baixa-titulos-service","timestamp":"2026-06-03T12:10:01.078Z"}
{"level":"info","message":"🌐 Millennium request: GET /MILLENIUM!JOIN_ONEUP.LANCAMENTOS.CONSULTALANCAMENTOS?cnpj=50.649.490%2F0001-20&n_documento=113576%2FC","service":"btg-baixa-titulos-service","timestamp":"2026-06-03T12:10:01.078Z"}
{"lancamento":1434886200,"level":"info","message":"ℹ️ Título 113576/C já estava baixado. Processo ignorado.","service":"btg-baixa-titulos-service","situacao":"BAIXADO","timestamp":"2026-06-03T12:10:01.094Z"}
{"level":"info","message":"🔎 Processando título 113576/B","service":"btg-baixa-titulos-service","timestamp":"2026-06-03T12:10:01.098Z"}
{"level":"info","message":"🌐 Millennium request: GET /MILLENIUM!JOIN_ONEUP.LANCAMENTOS.CONSULTALANCAMENTOS?cnpj=50.649.490%2F0001-20&n_documento=113576%2FB","service":"btg-baixa-titulos-service","timestamp":"2026-06-03T12:10:01.098Z"}
{"lancamento":1434886199,"level":"info","message":"ℹ️ Título 113576/B já estava baixado. Processo ignorado.","service":"btg-baixa-titulos-service","situacao":"BAIXADO","timestamp":"2026-06-03T12:10:01.114Z"}
{"level":"info","message":"🔎 Processando título 113576/A","service":"btg-baixa-titulos-service","timestamp":"2026-06-03T12:10:01.117Z"}
{"level":"info","message":"🌐 Millennium request: GET /MILLENIUM!JOIN_ONEUP.LANCAMENTOS.CONSULTALANCAMENTOS?cnpj=50.649.490%2F0001-20&n_documento=113576%2FA","service":"btg-baixa-titulos-service","timestamp":"2026-06-03T12:10:01.117Z"}
{"lancamento":1434886198,"level":"info","message":"ℹ️ Título 113576/A já estava baixado. Processo ignorado.","service":"btg-baixa-titulos-service","situacao":"BAIXADO","timestamp":"2026-06-03T12:10:01.134Z"}
{"level":"info","message":"🔎 Processando título 113575/C","service":"btg-baixa-titulos-service","timestamp":"2026-06-03T12:10:01.137Z"}
{"level":"info","message":"🌐 Millennium request: GET /MILLENIUM!JOIN_ONEUP.LANCAMENTOS.CONSULTALANCAMENTOS?cnpj=50.649.490%2F0001-20&n_documento=113575%2FC","service":"btg-baixa-titulos-service","timestamp":"2026-06-03T12:10:01.137Z"}
{"lancamento":1434886196,"level":"info","message":"ℹ️ Título 113575/C já estava baixado. Processo ignorado.","service":"btg-baixa-titulos-service","situacao":"BAIXADO","timestamp":"2026-06-03T12:10:01.150Z"}
{"level":"info","message":"🔎 Processando título 113575/B","service":"btg-baixa-titulos-service","timestamp":"2026-06-03T12:10:01.153Z"}
{"level":"info","message":"🌐 Millennium request: GET /MILLENIUM!JOIN_ONEUP.LANCAMENTOS.CONSULTALANCAMENTOS?cnpj=50.649.490%2F0001-20&n_documento=113575%2FB","service":"btg-baixa-titulos-service","timestamp":"2026-06-03T12:10:01.153Z"}
{"lancamento":1434886195,"level":"info","message":"ℹ️ Título 113575/B já estava baixado. Processo ignorado.","service":"btg-baixa-titulos-service","situacao":"BAIXADO","timestamp":"2026-06-03T12:10:01.169Z"}
{"level":"info","message":"🔎 Processando título 113575/A","service":"btg-baixa-titulos-service","timestamp":"2026-06-03T12:10:01.172Z"}
{"level":"info","message":"🌐 Millennium request: GET /MILLENIUM!JOIN_ONEUP.LANCAMENTOS.CONSULTALANCAMENTOS?cnpj=50.649.490%2F0001-20&n_documento=113575%2FA","service":"btg-baixa-titulos-service","timestamp":"2026-06-03T12:10:01.172Z"}
{"lancamento":1434886194,"level":"info","message":"ℹ️ Título 113575/A já estava baixado. Processo ignorado.","service":"btg-baixa-titulos-service","situacao":"BAIXADO","timestamp":"2026-06-03T12:10:01.188Z"}
{"level":"info","message":"🔎 Processando título 113574/C","service":"btg-baixa-titulos-service","timestamp":"2026-06-03T12:10:01.192Z"}
{"level":"info","message":"🌐 Millennium request: GET /MILLENIUM!JOIN_ONEUP.LANCAMENTOS.CONSULTALANCAMENTOS?cnpj=50.649.490%2F0001-20&n_documento=113574%2FC","service":"btg-baixa-titulos-service","timestamp":"2026-06-03T12:10:01.192Z"}
{"lancamento":1434886192,"level":"info","message":"ℹ️ Título 113574/C já estava baixado. Processo ignorado.","service":"btg-baixa-titulos-service","situacao":"BAIXADO","timestamp":"2026-06-03T12:10:01.235Z"}
{"level":"info","message":"🔎 Processando título 113574/B","service":"btg-baixa-titulos-service","timestamp":"2026-06-03T12:10:01.241Z"}
{"level":"info","message":"🌐 Millennium request: GET /MILLENIUM!JOIN_ONEUP.LANCAMENTOS.CONSULTALANCAMENTOS?cnpj=50.649.490%2F0001-20&n_documento=113574%2FB","service":"btg-baixa-titulos-service","timestamp":"2026-06-03T12:10:01.241Z"}
{"lancamento":1434886191,"level":"info","message":"ℹ️ Título 113574/B já estava baixado. Processo ignorado.","service":"btg-baixa-titulos-service","situacao":"BAIXADO","timestamp":"2026-06-03T12:10:01.257Z"}
{"level":"info","message":"🔎 Processando título 113574/A","service":"btg-baixa-titulos-service","timestamp":"2026-06-03T12:10:01.262Z"}
{"level":"info","message":"🌐 Millennium request: GET /MILLENIUM!JOIN_ONEUP.LANCAMENTOS.CONSULTALANCAMENTOS?cnpj=50.649.490%2F0001-20&n_documento=113574%2FA","service":"btg-baixa-titulos-service","timestamp":"2026-06-03T12:10:01.262Z"}
{"lancamento":1434886190,"level":"info","message":"ℹ️ Título 113574/A já estava baixado. Processo ignorado.","service":"btg-baixa-titulos-service","situacao":"BAIXADO","timestamp":"2026-06-03T12:10:01.278Z"}
{"level":"info","message":"🔎 Processando título 113573/C","service":"btg-baixa-titulos-service","timestamp":"2026-06-03T12:10:01.282Z"}
{"level":"info","message":"🌐 Millennium request: GET /MILLENIUM!JOIN_ONEUP.LANCAMENTOS.CONSULTALANCAMENTOS?cnpj=50.649.490%2F0001-20&n_documento=113573%2FC","service":"btg-baixa-titulos-service","timestamp":"2026-06-03T12:10:01.283Z"}
{"lancamento":1434886189,"level":"info","message":"ℹ️ Título 113573/C já estava baixado. Processo ignorado.","service":"btg-baixa-titulos-service","situacao":"BAIXADO","timestamp":"2026-06-03T12:10:01.300Z"}
{"level":"info","message":"🔎 Processando título 113573/B","service":"btg-baixa-titulos-service","timestamp":"2026-06-03T12:10:01.305Z"}
{"level":"info","message":"🌐 Millennium request: GET /MILLENIUM!JOIN_ONEUP.LANCAMENTOS.CONSULTALANCAMENTOS?cnpj=50.649.490%2F0001-20&n_documento=113573%2FB","service":"btg-baixa-titulos-service","timestamp":"2026-06-03T12:10:01.305Z"}
{"lancamento":1434886188,"level":"info","message":"ℹ️ Título 113573/B já estava baixado. Processo ignorado.","service":"btg-baixa-titulos-service","situacao":"BAIXADO","timestamp":"2026-06-03T12:10:01.409Z"}
{"level":"info","message":"🔎 Processando título 113573/A","service":"btg-baixa-titulos-service","timestamp":"2026-06-03T12:10:01.417Z"}
{"level":"info","message":"🌐 Millennium request: GET /MILLENIUM!JOIN_ONEUP.LANCAMENTOS.CONSULTALANCAMENTOS?cnpj=50.649.490%2F0001-20&n_documento=113573%2FA","service":"btg-baixa-titulos-service","timestamp":"2026-06-03T12:10:01.417Z"}
{"lancamento":1434886187,"level":"info","message":"ℹ️ Título 113573/A já estava baixado. Processo ignorado.","service":"btg-baixa-titulos-service","situacao":"BAIXADO","timestamp":"2026-06-03T12:10:01.435Z"}
{"level":"info","message":"🔎 Processando título 38105/B","service":"btg-baixa-titulos-service","timestamp":"2026-06-03T12:10:01.442Z"}
{"level":"info","message":"🌐 Millennium request: GET /MILLENIUM!JOIN_ONEUP.LANCAMENTOS.CONSULTALANCAMENTOS?n_documento=38105%2FB&cpf=231.048.214-53","service":"btg-baixa-titulos-service","timestamp":"2026-06-03T12:10:01.442Z"}
{"lancamento":1434883535,"level":"info","message":"ℹ️ Título 38105/B já estava baixado. Processo ignorado.","service":"btg-baixa-titulos-service","situacao":"BAIXADO","timestamp":"2026-06-03T12:10:01.458Z"}
{"level":"info","message":"🔎 Processando título 38105/A","service":"btg-baixa-titulos-service","timestamp":"2026-06-03T12:10:01.465Z"}
{"level":"info","message":"🌐 Millennium request: GET /MILLENIUM!JOIN_ONEUP.LANCAMENTOS.CONSULTALANCAMENTOS?n_documento=38105%2FA&cpf=231.048.214-53","service":"btg-baixa-titulos-service","timestamp":"2026-06-03T12:10:01.466Z"}
{"lancamento":1434883534,"level":"info","message":"ℹ️ Título 38105/A já estava baixado. Processo ignorado.","service":"btg-baixa-titulos-service","situacao":"BAIXADO","timestamp":"2026-06-03T12:10:01.482Z"}
{"level":"info","message":"🔎 Processando título 113474/D","service":"btg-baixa-titulos-service","timestamp":"2026-06-03T12:10:01.485Z"}
{"level":"info","message":"🌐 Millennium request: GET /MILLENIUM!JOIN_ONEUP.LANCAMENTOS.CONSULTALANCAMENTOS?cnpj=57.408.548%2F0001-92&n_documento=113474%2FD","service":"btg-baixa-titulos-service","timestamp":"2026-06-03T12:10:01.486Z"}
{"lancamento":1434884928,"level":"info","message":"ℹ️ Título 113474/D já estava baixado. Processo ignorado.","service":"btg-baixa-titulos-service","situacao":"BAIXADO","timestamp":"2026-06-03T12:10:01.509Z"}
{"level":"info","message":"🔎 Processando título 113474/C","service":"btg-baixa-titulos-service","timestamp":"2026-06-03T12:10:01.515Z"}
{"level":"info","message":"🌐 Millennium request: GET /MILLENIUM!JOIN_ONEUP.LANCAMENTOS.CONSULTALANCAMENTOS?cnpj=57.408.548%2F0001-92&n_documento=113474%2FC","service":"btg-baixa-titulos-service","timestamp":"2026-06-03T12:10:01.515Z"}
{"lancamento":1434884927,"level":"info","message":"ℹ️ Título 113474/C já estava baixado. Processo ignorado.","service":"btg-baixa-titulos-service","situacao":"BAIXADO","timestamp":"2026-06-03T12:10:01.532Z"}
{"level":"info","message":"🔎 Processando título 113474/B","service":"btg-baixa-titulos-service","timestamp":"2026-06-03T12:10:01.536Z"}
{"level":"info","message":"🌐 Millennium request: GET /MILLENIUM!JOIN_ONEUP.LANCAMENTOS.CONSULTALANCAMENTOS?cnpj=57.408.548%2F0001-92&n_documento=113474%2FB","service":"btg-baixa-titulos-service","timestamp":"2026-06-03T12:10:01.536Z"}
{"lancamento":1434884926,"level":"info","message":"ℹ️ Título 113474/B já estava baixado. Processo ignorado.","service":"btg-baixa-titulos-service","situacao":"BAIXADO","timestamp":"2026-06-03T12:10:01.556Z"}
{"level":"info","message":"🔎 Processando título 113474/A","service":"btg-baixa-titulos-service","timestamp":"2026-06-03T12:10:01.561Z"}
{"level":"info","message":"🌐 Millennium request: GET /MILLENIUM!JOIN_ONEUP.LANCAMENTOS.CONSULTALANCAMENTOS?cnpj=57.408.548%2F0001-92&n_documento=113474%2FA","service":"btg-baixa-titulos-service","timestamp":"2026-06-03T12:10:01.561Z"}
{"lancamento":1434884925,"level":"info","message":"ℹ️ Título 113474/A já estava baixado. Processo ignorado.","service":"btg-baixa-titulos-service","situacao":"BAIXADO","timestamp":"2026-06-03T12:10:01.580Z"}
{"level":"info","message":"🔎 Processando título 113329/D","service":"btg-baixa-titulos-service","timestamp":"2026-06-03T12:10:01.584Z"}
{"level":"info","message":"🌐 Millennium request: GET /MILLENIUM!JOIN_ONEUP.LANCAMENTOS.CONSULTALANCAMENTOS?cnpj=57.408.548%2F0001-92&n_documento=113329%2FD","service":"btg-baixa-titulos-service","timestamp":"2026-06-03T12:10:01.585Z"}
{"lancamento":1434884028,"level":"info","message":"ℹ️ Título 113329/D já estava baixado. Processo ignorado.","service":"btg-baixa-titulos-service","situacao":"BAIXADO","timestamp":"2026-06-03T12:10:01.603Z"}
{"level":"info","message":"🔎 Processando título 113329/C","service":"btg-baixa-titulos-service","timestamp":"2026-06-03T12:10:01.606Z"}
{"level":"info","message":"🌐 Millennium request: GET /MILLENIUM!JOIN_ONEUP.LANCAMENTOS.CONSULTALANCAMENTOS?cnpj=57.408.548%2F0001-92&n_documento=113329%2FC","service":"btg-baixa-titulos-service","timestamp":"2026-06-03T12:10:01.607Z"}
{"lancamento":1434884027,"level":"info","message":"ℹ️ Título 113329/C já estava baixado. Processo ignorado.","service":"btg-baixa-titulos-service","situacao":"BAIXADO","timestamp":"2026-06-03T12:10:01.622Z"}
{"level":"info","message":"🔎 Processando título 113329/B","service":"btg-baixa-titulos-service","timestamp":"2026-06-03T12:10:01.627Z"}
{"level":"info","message":"🌐 Millennium request: GET /MILLENIUM!JOIN_ONEUP.LANCAMENTOS.CONSULTALANCAMENTOS?cnpj=57.408.548%2F0001-92&n_documento=113329%2FB","service":"btg-baixa-titulos-service","timestamp":"2026-06-03T12:10:01.627Z"}
{"lancamento":1434884026,"level":"info","message":"ℹ️ Título 113329/B já estava baixado. Processo ignorado.","service":"btg-baixa-titulos-service","situacao":"BAIXADO","timestamp":"2026-06-03T12:10:01.643Z"}
{"level":"info","message":"🔎 Processando título 113329/A","service":"btg-baixa-titulos-service","timestamp":"2026-06-03T12:10:01.647Z"}
{"level":"info","message":"🌐 Millennium request: GET /MILLENIUM!JOIN_ONEUP.LANCAMENTOS.CONSULTALANCAMENTOS?cnpj=57.408.548%2F0001-92&n_documento=113329%2FA","service":"btg-baixa-titulos-service","timestamp":"2026-06-03T12:10:01.647Z"}
{"lancamento":1434884025,"level":"info","message":"ℹ️ Título 113329/A já estava baixado. Processo ignorado.","service":"btg-baixa-titulos-service","situacao":"BAIXADO","timestamp":"2026-06-03T12:10:01.662Z"}
{"level":"info","message":"🔎 Processando título 113269/D","service":"btg-baixa-titulos-service","timestamp":"2026-06-03T12:10:01.666Z"}
{"level":"info","message":"🌐 Millennium request: GET /MILLENIUM!JOIN_ONEUP.LANCAMENTOS.CONSULTALANCAMENTOS?cnpj=57.408.548%2F0001-92&n_documento=113269%2FD","service":"btg-baixa-titulos-service","timestamp":"2026-06-03T12:10:01.666Z"}
{"lancamento":1434882837,"level":"info","message":"ℹ️ Título 113269/D já estava baixado. Processo ignorado.","service":"btg-baixa-titulos-service","situacao":"BAIXADO","timestamp":"2026-06-03T12:10:01.682Z"}
{"level":"info","message":"🔎 Processando título 113269/C","service":"btg-baixa-titulos-service","timestamp":"2026-06-03T12:10:01.685Z"}
{"level":"info","message":"🌐 Millennium request: GET /MILLENIUM!JOIN_ONEUP.LANCAMENTOS.CONSULTALANCAMENTOS?cnpj=57.408.548%2F0001-92&n_documento=113269%2FC","service":"btg-baixa-titulos-service","timestamp":"2026-06-03T12:10:01.686Z"}
{"lancamento":1434882836,"level":"info","message":"ℹ️ Título 113269/C já estava baixado. Processo ignorado.","service":"btg-baixa-titulos-service","situacao":"BAIXADO","timestamp":"2026-06-03T12:10:01.701Z"}
{"level":"info","message":"🔎 Processando título 113269/B","service":"btg-baixa-titulos-service","timestamp":"2026-06-03T12:10:01.705Z"}
{"level":"info","message":"🌐 Millennium request: GET /MILLENIUM!JOIN_ONEUP.LANCAMENTOS.CONSULTALANCAMENTOS?cnpj=57.408.548%2F0001-92&n_documento=113269%2FB","service":"btg-baixa-titulos-service","timestamp":"2026-06-03T12:10:01.705Z"}
{"lancamento":1434882835,"level":"info","message":"ℹ️ Título 113269/B já estava baixado. Processo ignorado.","service":"btg-baixa-titulos-service","situacao":"BAIXADO","timestamp":"2026-06-03T12:10:01.724Z"}
{"level":"info","message":"🔎 Processando título 113269/A","service":"btg-baixa-titulos-service","timestamp":"2026-06-03T12:10:01.727Z"}
{"level":"info","message":"🌐 Millennium request: GET /MILLENIUM!JOIN_ONEUP.LANCAMENTOS.CONSULTALANCAMENTOS?cnpj=57.408.548%2F0001-92&n_documento=113269%2FA","service":"btg-baixa-titulos-service","timestamp":"2026-06-03T12:10:01.728Z"}
{"lancamento":1434882834,"level":"info","message":"ℹ️ Título 113269/A já estava baixado. Processo ignorado.","service":"btg-baixa-titulos-service","situacao":"BAIXADO","timestamp":"2026-06-03T12:10:01.743Z"}
{"level":"info","message":"🔎 Processando título 113264/D","service":"btg-baixa-titulos-service","timestamp":"2026-06-03T12:10:01.747Z"}
{"level":"info","message":"🌐 Millennium request: GET /MILLENIUM!JOIN_ONEUP.LANCAMENTOS.CONSULTALANCAMENTOS?cnpj=57.408.548%2F0001-92&n_documento=113264%2FD","service":"btg-baixa-titulos-service","timestamp":"2026-06-03T12:10:01.747Z"}
{"lancamento":1434882821,"level":"info","message":"ℹ️ Título 113264/D já estava baixado. Processo ignorado.","service":"btg-baixa-titulos-service","situacao":"BAIXADO","timestamp":"2026-06-03T12:10:01.764Z"}
{"level":"info","message":"🔎 Processando título 113264/C","service":"btg-baixa-titulos-service","timestamp":"2026-06-03T12:10:01.769Z"}
{"level":"info","message":"🌐 Millennium request: GET /MILLENIUM!JOIN_ONEUP.LANCAMENTOS.CONSULTALANCAMENTOS?cnpj=57.408.548%2F0001-92&n_documento=113264%2FC","service":"btg-baixa-titulos-service","timestamp":"2026-06-03T12:10:01.769Z"}
{"lancamento":1434882820,"level":"info","message":"ℹ️ Título 113264/C já estava baixado. Processo ignorado.","service":"btg-baixa-titulos-service","situacao":"BAIXADO","timestamp":"2026-06-03T12:10:01.783Z"}
{"level":"info","message":"🔎 Processando título 113264/B","service":"btg-baixa-titulos-service","timestamp":"2026-06-03T12:10:01.786Z"}
{"level":"info","message":"🌐 Millennium request: GET /MILLENIUM!JOIN_ONEUP.LANCAMENTOS.CONSULTALANCAMENTOS?cnpj=57.408.548%2F0001-92&n_documento=113264%2FB","service":"btg-baixa-titulos-service","timestamp":"2026-06-03T12:10:01.786Z"}
{"lancamento":1434882819,"level":"info","message":"ℹ️ Título 113264/B já estava baixado. Processo ignorado.","service":"btg-baixa-titulos-service","situacao":"BAIXADO","timestamp":"2026-06-03T12:10:01.803Z"}
{"level":"info","message":"🔎 Processando título 113264/A","service":"btg-baixa-titulos-service","timestamp":"2026-06-03T12:10:01.805Z"}
{"level":"info","message":"🌐 Millennium request: GET /MILLENIUM!JOIN_ONEUP.LANCAMENTOS.CONSULTALANCAMENTOS?cnpj=57.408.548%2F0001-92&n_documento=113264%2FA","service":"btg-baixa-titulos-service","timestamp":"2026-06-03T12:10:01.805Z"}
{"lancamento":1434882818,"level":"info","message":"ℹ️ Título 113264/A já estava baixado. Processo ignorado.","service":"btg-baixa-titulos-service","situacao":"BAIXADO","timestamp":"2026-06-03T12:10:01.822Z"}
{"level":"info","message":"🔎 Processando título 112947/D","service":"btg-baixa-titulos-service","timestamp":"2026-06-03T12:10:01.826Z"}
{"level":"info","message":"🌐 Millennium request: GET /MILLENIUM!JOIN_ONEUP.LANCAMENTOS.CONSULTALANCAMENTOS?cnpj=57.408.548%2F0001-92&n_documento=112947%2FD","service":"btg-baixa-titulos-service","timestamp":"2026-06-03T12:10:01.826Z"}
{"lancamento":1434881462,"level":"info","message":"ℹ️ Título 112947/D já estava baixado. Processo ignorado.","service":"btg-baixa-titulos-service","situacao":"BAIXADO","timestamp":"2026-06-03T12:10:01.842Z"}
{"level":"info","message":"🔎 Processando título 112947/C","service":"btg-baixa-titulos-service","timestamp":"2026-06-03T12:10:01.846Z"}
{"level":"info","message":"🌐 Millennium request: GET /MILLENIUM!JOIN_ONEUP.LANCAMENTOS.CONSULTALANCAMENTOS?cnpj=57.408.548%2F0001-92&n_documento=112947%2FC","service":"btg-baixa-titulos-service","timestamp":"2026-06-03T12:10:01.846Z"}
{"lancamento":1434881461,"level":"info","message":"ℹ️ Título 112947/C já estava baixado. Processo ignorado.","service":"btg-baixa-titulos-service","situacao":"BAIXADO","timestamp":"2026-06-03T12:10:01.950Z"}
{"level":"info","message":"🔎 Processando título 112947/B","service":"btg-baixa-titulos-service","timestamp":"2026-06-03T12:10:01.959Z"}
{"level":"info","message":"🌐 Millennium request: GET /MILLENIUM!JOIN_ONEUP.LANCAMENTOS.CONSULTALANCAMENTOS?cnpj=57.408.548%2F0001-92&n_documento=112947%2FB","service":"btg-baixa-titulos-service","timestamp":"2026-06-03T12:10:01.959Z"}
{"lancamento":1434881460,"level":"info","message":"ℹ️ Título 112947/B já estava baixado. Processo ignorado.","service":"btg-baixa-titulos-service","situacao":"BAIXADO","timestamp":"2026-06-03T12:10:01.979Z"}
{"level":"info","message":"🔎 Processando título 112947/A","service":"btg-baixa-titulos-service","timestamp":"2026-06-03T12:10:01.987Z"}
{"level":"info","message":"🌐 Millennium request: GET /MILLENIUM!JOIN_ONEUP.LANCAMENTOS.CONSULTALANCAMENTOS?cnpj=57.408.548%2F0001-92&n_documento=112947%2FA","service":"btg-baixa-titulos-service","timestamp":"2026-06-03T12:10:01.987Z"}
{"lancamento":1434881459,"level":"info","message":"ℹ️ Título 112947/A já estava baixado. Processo ignorado.","service":"btg-baixa-titulos-service","situacao":"BAIXADO","timestamp":"2026-06-03T12:10:02.004Z"}
{"level":"info","message":"🔎 Processando título 112761/C","service":"btg-baixa-titulos-service","timestamp":"2026-06-03T12:10:02.011Z"}
{"level":"info","message":"🌐 Millennium request: GET /MILLENIUM!JOIN_ONEUP.LANCAMENTOS.CONSULTALANCAMENTOS?cnpj=21.067.137%2F0001-33&n_documento=112761%2FC","service":"btg-baixa-titulos-service","timestamp":"2026-06-03T12:10:02.011Z"}
{"lancamento":1434880541,"level":"info","message":"ℹ️ Título 112761/C já estava baixado. Processo ignorado.","service":"btg-baixa-titulos-service","situacao":"BAIXADO","timestamp":"2026-06-03T12:10:02.029Z"}
{"level":"info","message":"🔎 Processando título 112761/B","service":"btg-baixa-titulos-service","timestamp":"2026-06-03T12:10:02.034Z"}
{"level":"info","message":"🌐 Millennium request: GET /MILLENIUM!JOIN_ONEUP.LANCAMENTOS.CONSULTALANCAMENTOS?cnpj=21.067.137%2F0001-33&n_documento=112761%2FB","service":"btg-baixa-titulos-service","timestamp":"2026-06-03T12:10:02.034Z"}
{"lancamento":1434880540,"level":"info","message":"ℹ️ Título 112761/B já estava baixado. Processo ignorado.","service":"btg-baixa-titulos-service","situacao":"BAIXADO","timestamp":"2026-06-03T12:10:02.048Z"}
{"level":"info","message":"🔎 Processando título 112761/A","service":"btg-baixa-titulos-service","timestamp":"2026-06-03T12:10:02.052Z"}
{"level":"info","message":"🌐 Millennium request: GET /MILLENIUM!JOIN_ONEUP.LANCAMENTOS.CONSULTALANCAMENTOS?cnpj=21.067.137%2F0001-33&n_documento=112761%2FA","service":"btg-baixa-titulos-service","timestamp":"2026-06-03T12:10:02.052Z"}
{"lancamento":1434880539,"level":"info","message":"ℹ️ Título 112761/A já estava baixado. Processo ignorado.","service":"btg-baixa-titulos-service","situacao":"BAIXADO","timestamp":"2026-06-03T12:10:02.073Z"}
{"level":"info","message":"🔎 Processando título 113263/E","service":"btg-baixa-titulos-service","timestamp":"2026-06-03T12:10:02.076Z"}
{"level":"info","message":"🌐 Millennium request: GET /MILLENIUM!JOIN_ONEUP.LANCAMENTOS.CONSULTALANCAMENTOS?cnpj=73.652.158%2F0001-10&n_documento=113263%2FE","service":"btg-baixa-titulos-service","timestamp":"2026-06-03T12:10:02.076Z"}
{"lancamento":1434882810,"level":"info","message":"ℹ️ Título 113263/E já estava baixado. Processo ignorado.","service":"btg-baixa-titulos-service","situacao":"BAIXADO","timestamp":"2026-06-03T12:10:02.093Z"}
{"level":"info","message":"🔎 Processando título 113263/D","service":"btg-baixa-titulos-service","timestamp":"2026-06-03T12:10:02.097Z"}
{"level":"info","message":"🌐 Millennium request: GET /MILLENIUM!JOIN_ONEUP.LANCAMENTOS.CONSULTALANCAMENTOS?cnpj=73.652.158%2F0001-10&n_documento=113263%2FD","service":"btg-baixa-titulos-service","timestamp":"2026-06-03T12:10:02.097Z"}
{"lancamento":1434882809,"level":"info","message":"ℹ️ Título 113263/D já estava baixado. Processo ignorado.","service":"btg-baixa-titulos-service","situacao":"BAIXADO","timestamp":"2026-06-03T12:10:02.115Z"}
{"level":"info","message":"🔎 Processando título 113263/C","service":"btg-baixa-titulos-service","timestamp":"2026-06-03T12:10:02.120Z"}
{"level":"info","message":"🌐 Millennium request: GET /MILLENIUM!JOIN_ONEUP.LANCAMENTOS.CONSULTALANCAMENTOS?cnpj=73.652.158%2F0001-10&n_documento=113263%2FC","service":"btg-baixa-titulos-service","timestamp":"2026-06-03T12:10:02.120Z"}
{"lancamento":1434882808,"level":"info","message":"ℹ️ Título 113263/C já estava baixado. Processo ignorado.","service":"btg-baixa-titulos-service","situacao":"BAIXADO","timestamp":"2026-06-03T12:10:02.136Z"}
{"level":"info","message":"🔎 Processando título 113263/B","service":"btg-baixa-titulos-service","timestamp":"2026-06-03T12:10:02.139Z"}
{"level":"info","message":"🌐 Millennium request: GET /MILLENIUM!JOIN_ONEUP.LANCAMENTOS.CONSULTALANCAMENTOS?cnpj=73.652.158%2F0001-10&n_documento=113263%2FB","service":"btg-baixa-titulos-service","timestamp":"2026-06-03T12:10:02.139Z"}
{"lancamento":1434882807,"level":"info","message":"ℹ️ Título 113263/B já estava baixado. Processo ignorado.","service":"btg-baixa-titulos-service","situacao":"BAIXADO","timestamp":"2026-06-03T12:10:02.161Z"}
{"level":"info","message":"🔎 Processando título 113263/A","service":"btg-baixa-titulos-service","timestamp":"2026-06-03T12:10:02.166Z"}
{"level":"info","message":"🌐 Millennium request: GET /MILLENIUM!JOIN_ONEUP.LANCAMENTOS.CONSULTALANCAMENTOS?cnpj=73.652.158%2F0001-10&n_documento=113263%2FA","service":"btg-baixa-titulos-service","timestamp":"2026-06-03T12:10:02.166Z"}
{"lancamento":1434882806,"level":"info","message":"ℹ️ Título 113263/A já estava baixado. Processo ignorado.","service":"btg-baixa-titulos-service","situacao":"BAIXADO","timestamp":"2026-06-03T12:10:02.181Z"}
{"level":"info","message":"🔎 Processando título 112648/E","service":"btg-baixa-titulos-service","timestamp":"2026-06-03T12:10:02.185Z"}
{"level":"info","message":"🌐 Millennium request: GET /MILLENIUM!JOIN_ONEUP.LANCAMENTOS.CONSULTALANCAMENTOS?cnpj=03.247.651%2F0001-79&n_documento=112648%2FE","service":"btg-baixa-titulos-service","timestamp":"2026-06-03T12:10:02.185Z"}
{"lancamento":1434880183,"level":"info","message":"ℹ️ Título 112648/E já estava baixado. Processo ignorado.","service":"btg-baixa-titulos-service","situacao":"BAIXADO","timestamp":"2026-06-03T12:10:02.264Z"}
{"level":"info","message":"🔎 Processando título 112648/D","service":"btg-baixa-titulos-service","timestamp":"2026-06-03T12:10:02.273Z"}
{"level":"info","message":"🌐 Millennium request: GET /MILLENIUM!JOIN_ONEUP.LANCAMENTOS.CONSULTALANCAMENTOS?cnpj=03.247.651%2F0001-79&n_documento=112648%2FD","service":"btg-baixa-titulos-service","timestamp":"2026-06-03T12:10:02.273Z"}
{"lancamento":1434880182,"level":"info","message":"ℹ️ Título 112648/D já estava baixado. Processo ignorado.","service":"btg-baixa-titulos-service","situacao":"BAIXADO","timestamp":"2026-06-03T12:10:02.299Z"}
{"level":"info","message":"🔎 Processando título 112648/C","service":"btg-baixa-titulos-service","timestamp":"2026-06-03T12:10:02.307Z"}
{"level":"info","message":"🌐 Millennium request: GET /MILLENIUM!JOIN_ONEUP.LANCAMENTOS.CONSULTALANCAMENTOS?cnpj=03.247.651%2F0001-79&n_documento=112648%2FC","service":"btg-baixa-titulos-service","timestamp":"2026-06-03T12:10:02.307Z"}
{"lancamento":1434880181,"level":"info","message":"ℹ️ Título 112648/C já estava baixado. Processo ignorado.","service":"btg-baixa-titulos-service","situacao":"BAIXADO","timestamp":"2026-06-03T12:10:02.325Z"}
{"level":"info","message":"🔎 Processando título 112648/B","service":"btg-baixa-titulos-service","timestamp":"2026-06-03T12:10:02.333Z"}
{"level":"info","message":"🌐 Millennium request: GET /MILLENIUM!JOIN_ONEUP.LANCAMENTOS.CONSULTALANCAMENTOS?cnpj=03.247.651%2F0001-79&n_documento=112648%2FB","service":"btg-baixa-titulos-service","timestamp":"2026-06-03T12:10:02.333Z"}
{"lancamento":1434880180,"level":"info","message":"ℹ️ Título 112648/B já estava baixado. Processo ignorado.","service":"btg-baixa-titulos-service","situacao":"BAIXADO","timestamp":"2026-06-03T12:10:02.352Z"}
{"level":"info","message":"🔎 Processando título 112648/A","service":"btg-baixa-titulos-service","timestamp":"2026-06-03T12:10:02.359Z"}
{"level":"info","message":"🌐 Millennium request: GET /MILLENIUM!JOIN_ONEUP.LANCAMENTOS.CONSULTALANCAMENTOS?cnpj=03.247.651%2F0001-79&n_documento=112648%2FA","service":"btg-baixa-titulos-service","timestamp":"2026-06-03T12:10:02.360Z"}
{"lancamento":1434880179,"level":"info","message":"ℹ️ Título 112648/A já estava baixado. Processo ignorado.","service":"btg-baixa-titulos-service","situacao":"BAIXADO","timestamp":"2026-06-03T12:10:02.459Z"}
{"level":"info","message":"🔎 Processando título FRE 111087","service":"btg-baixa-titulos-service","timestamp":"2026-06-03T12:10:02.469Z"}
{"level":"info","message":"🌐 Millennium request: GET /MILLENIUM!JOIN_ONEUP.LANCAMENTOS.CONSULTALANCAMENTOS?cnpj=09.598.379%2F0001-58&n_documento=FRE%20111087","service":"btg-baixa-titulos-service","timestamp":"2026-06-03T12:10:02.469Z"}
{"lancamento":1434878962,"level":"info","message":"ℹ️ Título FRE 111087 já estava baixado. Processo ignorado.","service":"btg-baixa-titulos-service","situacao":"BAIXADO","timestamp":"2026-06-03T12:10:02.487Z"}
{"level":"info","message":"🔎 Processando título 112541/C","service":"btg-baixa-titulos-service","timestamp":"2026-06-03T12:10:02.492Z"}
{"level":"info","message":"🌐 Millennium request: GET /MILLENIUM!JOIN_ONEUP.LANCAMENTOS.CONSULTALANCAMENTOS?cnpj=59.205.187%2F0001-02&n_documento=112541%2FC","service":"btg-baixa-titulos-service","timestamp":"2026-06-03T12:10:02.493Z"}
{"lancamento":1434878806,"level":"info","message":"ℹ️ Título 112541/C já estava baixado. Processo ignorado.","service":"btg-baixa-titulos-service","situacao":"BAIXADO","timestamp":"2026-06-03T12:10:02.511Z"}
{"level":"info","message":"🔎 Processando título 112541/B","service":"btg-baixa-titulos-service","timestamp":"2026-06-03T12:10:02.516Z"}
{"level":"info","message":"🌐 Millennium request: GET /MILLENIUM!JOIN_ONEUP.LANCAMENTOS.CONSULTALANCAMENTOS?cnpj=59.205.187%2F0001-02&n_documento=112541%2FB","service":"btg-baixa-titulos-service","timestamp":"2026-06-03T12:10:02.516Z"}
{"lancamento":1434878805,"level":"info","message":"ℹ️ Título 112541/B já estava baixado. Processo ignorado.","service":"btg-baixa-titulos-service","situacao":"BAIXADO","timestamp":"2026-06-03T12:10:02.538Z"}
{"level":"info","message":"🔎 Processando título 112541/A","service":"btg-baixa-titulos-service","timestamp":"2026-06-03T12:10:02.540Z"}
{"level":"info","message":"🌐 Millennium request: GET /MILLENIUM!JOIN_ONEUP.LANCAMENTOS.CONSULTALANCAMENTOS?cnpj=59.205.187%2F0001-02&n_documento=112541%2FA","service":"btg-baixa-titulos-service","timestamp":"2026-06-03T12:10:02.540Z"}
{"lancamento":1434878804,"level":"info","message":"ℹ️ Título 112541/A já estava baixado. Processo ignorado.","service":"btg-baixa-titulos-service","situacao":"BAIXADO","timestamp":"2026-06-03T12:10:02.558Z"}
{"level":"info","message":"🔎 Processando título CORRE 109505","service":"btg-baixa-titulos-service","timestamp":"2026-06-03T12:10:02.560Z"}
{"level":"info","message":"🌐 Millennium request: GET /MILLENIUM!JOIN_ONEUP.LANCAMENTOS.CONSULTALANCAMENTOS?cnpj=21.067.137%2F0001-33&n_documento=CORRE%20109505","service":"btg-baixa-titulos-service","timestamp":"2026-06-03T12:10:02.560Z"}
{"lancamento":1434878942,"level":"info","message":"ℹ️ Título CORRE 109505 já estava baixado. Processo ignorado.","service":"btg-baixa-titulos-service","situacao":"BAIXADO","timestamp":"2026-06-03T12:10:02.576Z"}
{"level":"info","message":"🔎 Processando título 112542/C","service":"btg-baixa-titulos-service","timestamp":"2026-06-03T12:10:02.578Z"}
{"level":"info","message":"🌐 Millennium request: GET /MILLENIUM!JOIN_ONEUP.LANCAMENTOS.CONSULTALANCAMENTOS?cnpj=21.067.137%2F0001-33&n_documento=112542%2FC","service":"btg-baixa-titulos-service","timestamp":"2026-06-03T12:10:02.578Z"}
{"lancamento":1434878816,"level":"info","message":"ℹ️ Título 112542/C já estava baixado. Processo ignorado.","service":"btg-baixa-titulos-service","situacao":"BAIXADO","timestamp":"2026-06-03T12:10:02.598Z"}
{"level":"info","message":"🔎 Processando título 112542/B","service":"btg-baixa-titulos-service","timestamp":"2026-06-03T12:10:02.600Z"}
{"level":"info","message":"🌐 Millennium request: GET /MILLENIUM!JOIN_ONEUP.LANCAMENTOS.CONSULTALANCAMENTOS?cnpj=21.067.137%2F0001-33&n_documento=112542%2FB","service":"btg-baixa-titulos-service","timestamp":"2026-06-03T12:10:02.600Z"}
{"lancamento":1434878815,"level":"info","message":"ℹ️ Título 112542/B já estava baixado. Processo ignorado.","service":"btg-baixa-titulos-service","situacao":"BAIXADO","timestamp":"2026-06-03T12:10:02.616Z"}
{"level":"info","message":"🔎 Processando título 112542/A","service":"btg-baixa-titulos-service","timestamp":"2026-06-03T12:10:02.619Z"}
{"level":"info","message":"🌐 Millennium request: GET /MILLENIUM!JOIN_ONEUP.LANCAMENTOS.CONSULTALANCAMENTOS?cnpj=21.067.137%2F0001-33&n_documento=112542%2FA","service":"btg-baixa-titulos-service","timestamp":"2026-06-03T12:10:02.619Z"}
{"lancamento":1434878814,"level":"info","message":"ℹ️ Título 112542/A já estava baixado. Processo ignorado.","service":"btg-baixa-titulos-service","situacao":"BAIXADO","timestamp":"2026-06-03T12:10:02.634Z"}
{"level":"info","message":"🔎 Processando título FRE 110754","service":"btg-baixa-titulos-service","timestamp":"2026-06-03T12:10:02.636Z"}
{"level":"info","message":"🌐 Millennium request: GET /MILLENIUM!JOIN_ONEUP.LANCAMENTOS.CONSULTALANCAMENTOS?cnpj=03.294.992%2F0001-03&n_documento=FRE%20110754","service":"btg-baixa-titulos-service","timestamp":"2026-06-03T12:10:02.637Z"}
{"lancamento":1434878959,"level":"info","message":"ℹ️ Título FRE 110754 já estava baixado. Processo ignorado.","service":"btg-baixa-titulos-service","situacao":"BAIXADO","timestamp":"2026-06-03T12:10:02.652Z"}
{"level":"info","message":"🔎 Processando título FRE 110595","service":"btg-baixa-titulos-service","timestamp":"2026-06-03T12:10:02.655Z"}
{"level":"info","message":"🌐 Millennium request: GET /MILLENIUM!JOIN_ONEUP.LANCAMENTOS.CONSULTALANCAMENTOS?cnpj=57.408.548%2F0001-92&n_documento=FRE%20110595","service":"btg-baixa-titulos-service","timestamp":"2026-06-03T12:10:02.655Z"}
{"lancamento":1434878956,"level":"info","message":"ℹ️ Título FRE 110595 já estava baixado. Processo ignorado.","service":"btg-baixa-titulos-service","situacao":"BAIXADO","timestamp":"2026-06-03T12:10:02.669Z"}
{"level":"info","message":"🔎 Processando título CORRE 111369","service":"btg-baixa-titulos-service","timestamp":"2026-06-03T12:10:02.671Z"}
{"level":"info","message":"🌐 Millennium request: GET /MILLENIUM!JOIN_ONEUP.LANCAMENTOS.CONSULTALANCAMENTOS?cnpj=57.408.548%2F0001-92&n_documento=CORRE%20111369","service":"btg-baixa-titulos-service","timestamp":"2026-06-03T12:10:02.671Z"}
{"lancamento":1434878955,"level":"info","message":"ℹ️ Título CORRE 111369 já estava baixado. Processo ignorado.","service":"btg-baixa-titulos-service","situacao":"BAIXADO","timestamp":"2026-06-03T12:10:02.686Z"}
{"level":"info","message":"🔎 Processando título CORRE 111088","service":"btg-baixa-titulos-service","timestamp":"2026-06-03T12:10:02.689Z"}
{"level":"info","message":"🌐 Millennium request: GET /MILLENIUM!JOIN_ONEUP.LANCAMENTOS.CONSULTALANCAMENTOS?cnpj=57.408.548%2F0001-92&n_documento=CORRE%20111088","service":"btg-baixa-titulos-service","timestamp":"2026-06-03T12:10:02.689Z"}
{"lancamento":1434878952,"level":"info","message":"ℹ️ Título CORRE 111088 já estava baixado. Processo ignorado.","service":"btg-baixa-titulos-service","situacao":"BAIXADO","timestamp":"2026-06-03T12:10:02.703Z"}
{"level":"info","message":"🔎 Processando título CORRE 110166","service":"btg-baixa-titulos-service","timestamp":"2026-06-03T12:10:02.706Z"}
{"level":"info","message":"🌐 Millennium request: GET /MILLENIUM!JOIN_ONEUP.LANCAMENTOS.CONSULTALANCAMENTOS?cnpj=57.408.548%2F0001-92&n_documento=CORRE%20110166","service":"btg-baixa-titulos-service","timestamp":"2026-06-03T12:10:02.706Z"}
{"lancamento":1434878948,"level":"info","message":"ℹ️ Título CORRE 110166 já estava baixado. Processo ignorado.","service":"btg-baixa-titulos-service","situacao":"BAIXADO","timestamp":"2026-06-03T12:10:02.719Z"}
{"level":"info","message":"🔎 Processando título CORRE 110251","service":"btg-baixa-titulos-service","timestamp":"2026-06-03T12:10:02.723Z"}
{"level":"info","message":"🌐 Millennium request: GET /MILLENIUM!JOIN_ONEUP.LANCAMENTOS.CONSULTALANCAMENTOS?cnpj=01.329.811%2F0001-01&n_documento=CORRE%20110251","service":"btg-baixa-titulos-service","timestamp":"2026-06-03T12:10:02.723Z"}
{"lancamento":1434878949,"level":"info","message":"ℹ️ Título CORRE 110251 já estava baixado. Processo ignorado.","service":"btg-baixa-titulos-service","situacao":"BAIXADO","timestamp":"2026-06-03T12:10:02.736Z"}
{"level":"info","message":"🔎 Processando título CORRE 111399","service":"btg-baixa-titulos-service","timestamp":"2026-06-03T12:10:02.740Z"}
{"level":"info","message":"🌐 Millennium request: GET /MILLENIUM!JOIN_ONEUP.LANCAMENTOS.CONSULTALANCAMENTOS?cnpj=01.009.793%2F0001-72&n_documento=CORRE%20111399","service":"btg-baixa-titulos-service","timestamp":"2026-06-03T12:10:02.740Z"}
{"lancamento":1434878953,"level":"info","message":"ℹ️ Título CORRE 111399 já estava baixado. Processo ignorado.","service":"btg-baixa-titulos-service","situacao":"BAIXADO","timestamp":"2026-06-03T12:10:02.755Z"}
{"level":"info","message":"🔎 Processando título CORRE 110761","service":"btg-baixa-titulos-service","timestamp":"2026-06-03T12:10:02.758Z"}
{"level":"info","message":"🌐 Millennium request: GET /MILLENIUM!JOIN_ONEUP.LANCAMENTOS.CONSULTALANCAMENTOS?cnpj=01.009.793%2F0001-72&n_documento=CORRE%20110761","service":"btg-baixa-titulos-service","timestamp":"2026-06-03T12:10:02.758Z"}
{"lancamento":1434878951,"level":"info","message":"ℹ️ Título CORRE 110761 já estava baixado. Processo ignorado.","service":"btg-baixa-titulos-service","situacao":"BAIXADO","timestamp":"2026-06-03T12:10:02.777Z"}
{"level":"info","message":"🔎 Processando título 111423/C","service":"btg-baixa-titulos-service","timestamp":"2026-06-03T12:10:02.780Z"}
{"level":"info","message":"🌐 Millennium request: GET /MILLENIUM!JOIN_ONEUP.LANCAMENTOS.CONSULTALANCAMENTOS?cnpj=96.609.490%2F0001-05&n_documento=111423%2FC","service":"btg-baixa-titulos-service","timestamp":"2026-06-03T12:10:02.780Z"}
{"lancamento":1434871829,"level":"info","message":"ℹ️ Título 111423/C já estava baixado. Processo ignorado.","service":"btg-baixa-titulos-service","situacao":"BAIXADO","timestamp":"2026-06-03T12:10:02.794Z"}
{"level":"info","message":"🔎 Processando título 111423/B","service":"btg-baixa-titulos-service","timestamp":"2026-06-03T12:10:02.797Z"}
{"level":"info","message":"🌐 Millennium request: GET /MILLENIUM!JOIN_ONEUP.LANCAMENTOS.CONSULTALANCAMENTOS?cnpj=96.609.490%2F0001-05&n_documento=111423%2FB","service":"btg-baixa-titulos-service","timestamp":"2026-06-03T12:10:02.797Z"}
{"lancamento":1434871828,"level":"info","message":"ℹ️ Título 111423/B já estava baixado. Processo ignorado.","service":"btg-baixa-titulos-service","situacao":"BAIXADO","timestamp":"2026-06-03T12:10:02.814Z"}
{"level":"info","message":"🔎 Processando título 111423/A","service":"btg-baixa-titulos-service","timestamp":"2026-06-03T12:10:02.817Z"}
{"level":"info","message":"🌐 Millennium request: GET /MILLENIUM!JOIN_ONEUP.LANCAMENTOS.CONSULTALANCAMENTOS?cnpj=96.609.490%2F0001-05&n_documento=111423%2FA","service":"btg-baixa-titulos-service","timestamp":"2026-06-03T12:10:02.817Z"}
{"lancamento":1434871827,"level":"info","message":"ℹ️ Título 111423/A já estava baixado. Processo ignorado.","service":"btg-baixa-titulos-service","situacao":"BAIXADO","timestamp":"2026-06-03T12:10:02.829Z"}
{"level":"info","message":"🔎 Processando título 111852","service":"btg-baixa-titulos-service","timestamp":"2026-06-03T12:10:02.833Z"}
{"level":"info","message":"🌐 Millennium request: GET /MILLENIUM!JOIN_ONEUP.LANCAMENTOS.CONSULTALANCAMENTOS?cnpj=09.598.379%2F0001-58&n_documento=111852","service":"btg-baixa-titulos-service","timestamp":"2026-06-03T12:10:02.833Z"}
{"lancamento":1434874737,"level":"info","message":"ℹ️ Título 111852 já estava baixado. Processo ignorado.","service":"btg-baixa-titulos-service","situacao":"BAIXADO","timestamp":"2026-06-03T12:10:02.848Z"}
{"level":"info","message":"🔎 Processando título 111857/C","service":"btg-baixa-titulos-service","timestamp":"2026-06-03T12:10:02.851Z"}
{"level":"info","message":"🌐 Millennium request: GET /MILLENIUM!JOIN_ONEUP.LANCAMENTOS.CONSULTALANCAMENTOS?cnpj=21.067.137%2F0001-33&n_documento=111857%2FC","service":"btg-baixa-titulos-service","timestamp":"2026-06-03T12:10:02.851Z"}
{"lancamento":1434874752,"level":"info","message":"ℹ️ Título 111857/C já estava baixado. Processo ignorado.","service":"btg-baixa-titulos-service","situacao":"BAIXADO","timestamp":"2026-06-03T12:10:02.867Z"}
{"level":"info","message":"🔎 Processando título 111857/B","service":"btg-baixa-titulos-service","timestamp":"2026-06-03T12:10:02.870Z"}
{"level":"info","message":"🌐 Millennium request: GET /MILLENIUM!JOIN_ONEUP.LANCAMENTOS.CONSULTALANCAMENTOS?cnpj=21.067.137%2F0001-33&n_documento=111857%2FB","service":"btg-baixa-titulos-service","timestamp":"2026-06-03T12:10:02.870Z"}
{"lancamento":1434874751,"level":"info","message":"ℹ️ Título 111857/B já estava baixado. Processo ignorado.","service":"btg-baixa-titulos-service","situacao":"BAIXADO","timestamp":"2026-06-03T12:10:02.885Z"}
{"level":"info","message":"🔎 Processando título 111857/A","service":"btg-baixa-titulos-service","timestamp":"2026-06-03T12:10:02.888Z"}
{"level":"info","message":"🌐 Millennium request: GET /MILLENIUM!JOIN_ONEUP.LANCAMENTOS.CONSULTALANCAMENTOS?cnpj=21.067.137%2F0001-33&n_documento=111857%2FA","service":"btg-baixa-titulos-service","timestamp":"2026-06-03T12:10:02.888Z"}
{"lancamento":1434874750,"level":"info","message":"ℹ️ Título 111857/A já estava baixado. Processo ignorado.","service":"btg-baixa-titulos-service","situacao":"BAIXADO","timestamp":"2026-06-03T12:10:02.993Z"}
{"level":"info","message":"🔎 Processando título 111595","service":"btg-baixa-titulos-service","timestamp":"2026-06-03T12:10:03.002Z"}
{"level":"info","message":"🌐 Millennium request: GET /MILLENIUM!JOIN_ONEUP.LANCAMENTOS.CONSULTALANCAMENTOS?cnpj=01.329.811%2F0001-01&n_documento=111595","service":"btg-baixa-titulos-service","timestamp":"2026-06-03T12:10:03.002Z"}
{"lancamento":1434873150,"level":"info","message":"ℹ️ Título 111595 já estava baixado. Processo ignorado.","service":"btg-baixa-titulos-service","situacao":"BAIXADO","timestamp":"2026-06-03T12:10:03.020Z"}
{"level":"info","message":"🔎 Processando título 111850/E","service":"btg-baixa-titulos-service","timestamp":"2026-06-03T12:10:03.025Z"}
{"level":"info","message":"🌐 Millennium request: GET /MILLENIUM!JOIN_ONEUP.LANCAMENTOS.CONSULTALANCAMENTOS?cnpj=73.652.158%2F0001-10&n_documento=111850%2FE","service":"btg-baixa-titulos-service","timestamp":"2026-06-03T12:10:03.025Z"}
{"lancamento":1434874734,"level":"info","message":"ℹ️ Título 111850/E já estava baixado. Processo ignorado.","service":"btg-baixa-titulos-service","situacao":"BAIXADO","timestamp":"2026-06-03T12:10:03.041Z"}
{"level":"info","message":"🔎 Processando título 111850/D","service":"btg-baixa-titulos-service","timestamp":"2026-06-03T12:10:03.046Z"}
{"level":"info","message":"🌐 Millennium request: GET /MILLENIUM!JOIN_ONEUP.LANCAMENTOS.CONSULTALANCAMENTOS?cnpj=73.652.158%2F0001-10&n_documento=111850%2FD","service":"btg-baixa-titulos-service","timestamp":"2026-06-03T12:10:03.046Z"}
{"lancamento":1434874733,"level":"info","message":"ℹ️ Título 111850/D já estava baixado. Processo ignorado.","service":"btg-baixa-titulos-service","situacao":"BAIXADO","timestamp":"2026-06-03T12:10:03.062Z"}
{"level":"info","message":"🔎 Processando título 111850/C","service":"btg-baixa-titulos-service","timestamp":"2026-06-03T12:10:03.066Z"}
{"level":"info","message":"🌐 Millennium request: GET /MILLENIUM!JOIN_ONEUP.LANCAMENTOS.CONSULTALANCAMENTOS?cnpj=73.652.158%2F0001-10&n_documento=111850%2FC","service":"btg-baixa-titulos-service","timestamp":"2026-06-03T12:10:03.066Z"}
{"lancamento":1434874732,"level":"info","message":"ℹ️ Título 111850/C já estava baixado. Processo ignorado.","service":"btg-baixa-titulos-service","situacao":"BAIXADO","timestamp":"2026-06-03T12:10:03.083Z"}
{"level":"info","message":"🔎 Processando título 111850/B","service":"btg-baixa-titulos-service","timestamp":"2026-06-03T12:10:03.088Z"}
{"level":"info","message":"🌐 Millennium request: GET /MILLENIUM!JOIN_ONEUP.LANCAMENTOS.CONSULTALANCAMENTOS?cnpj=73.652.158%2F0001-10&n_documento=111850%2FB","service":"btg-baixa-titulos-service","timestamp":"2026-06-03T12:10:03.088Z"}
{"lancamento":1434874731,"level":"info","message":"ℹ️ Título 111850/B já estava baixado. Processo ignorado.","service":"btg-baixa-titulos-service","situacao":"BAIXADO","timestamp":"2026-06-03T12:10:03.102Z"}
{"level":"info","message":"🔎 Processando título 111850/A","service":"btg-baixa-titulos-service","timestamp":"2026-06-03T12:10:03.107Z"}
{"level":"info","message":"🌐 Millennium request: GET /MILLENIUM!JOIN_ONEUP.LANCAMENTOS.CONSULTALANCAMENTOS?cnpj=73.652.158%2F0001-10&n_documento=111850%2FA","service":"btg-baixa-titulos-service","timestamp":"2026-06-03T12:10:03.107Z"}
{"lancamento":1434874730,"level":"info","message":"ℹ️ Título 111850/A já estava baixado. Processo ignorado.","service":"btg-baixa-titulos-service","situacao":"BAIXADO","timestamp":"2026-06-03T12:10:03.123Z"}
{"level":"info","message":"🔎 Processando título 111596/D","service":"btg-baixa-titulos-service","timestamp":"2026-06-03T12:10:03.127Z"}
{"level":"info","message":"🌐 Millennium request: GET /MILLENIUM!JOIN_ONEUP.LANCAMENTOS.CONSULTALANCAMENTOS?cnpj=47.485.403%2F0001-31&n_documento=111596%2FD","service":"btg-baixa-titulos-service","timestamp":"2026-06-03T12:10:03.127Z"}
{"lancamento":1434873154,"level":"info","message":"ℹ️ Título 111596/D já estava baixado. Processo ignorado.","service":"btg-baixa-titulos-service","situacao":"BAIXADO","timestamp":"2026-06-03T12:10:03.144Z"}
{"level":"info","message":"🔎 Processando título 111596/C","service":"btg-baixa-titulos-service","timestamp":"2026-06-03T12:10:03.148Z"}
{"level":"info","message":"🌐 Millennium request: GET /MILLENIUM!JOIN_ONEUP.LANCAMENTOS.CONSULTALANCAMENTOS?cnpj=47.485.403%2F0001-31&n_documento=111596%2FC","service":"btg-baixa-titulos-service","timestamp":"2026-06-03T12:10:03.148Z"}
{"lancamento":1434873153,"level":"info","message":"ℹ️ Título 111596/C já estava baixado. Processo ignorado.","service":"btg-baixa-titulos-service","situacao":"BAIXADO","timestamp":"2026-06-03T12:10:03.165Z"}
{"level":"info","message":"🔎 Processando título 111596/B","service":"btg-baixa-titulos-service","timestamp":"2026-06-03T12:10:03.171Z"}
{"level":"info","message":"🌐 Millennium request: GET /MILLENIUM!JOIN_ONEUP.LANCAMENTOS.CONSULTALANCAMENTOS?cnpj=47.485.403%2F0001-31&n_documento=111596%2FB","service":"btg-baixa-titulos-service","timestamp":"2026-06-03T12:10:03.171Z"}
{"lancamento":1434873152,"level":"info","message":"ℹ️ Título 111596/B já estava baixado. Processo ignorado.","service":"btg-baixa-titulos-service","situacao":"BAIXADO","timestamp":"2026-06-03T12:10:03.189Z"}
{"level":"info","message":"🔎 Processando título 111596/A","service":"btg-baixa-titulos-service","timestamp":"2026-06-03T12:10:03.192Z"}
{"level":"info","message":"🌐 Millennium request: GET /MILLENIUM!JOIN_ONEUP.LANCAMENTOS.CONSULTALANCAMENTOS?cnpj=47.485.403%2F0001-31&n_documento=111596%2FA","service":"btg-baixa-titulos-service","timestamp":"2026-06-03T12:10:03.192Z"}
{"lancamento":1434873151,"level":"info","message":"ℹ️ Título 111596/A já estava baixado. Processo ignorado.","service":"btg-baixa-titulos-service","situacao":"BAIXADO","timestamp":"2026-06-03T12:10:03.208Z"}
{"level":"info","message":"🔎 Processando título 111399","service":"btg-baixa-titulos-service","timestamp":"2026-06-03T12:10:03.210Z"}
{"level":"info","message":"🌐 Millennium request: GET /MILLENIUM!JOIN_ONEUP.LANCAMENTOS.CONSULTALANCAMENTOS?cnpj=01.009.793%2F0001-72&n_documento=111399","service":"btg-baixa-titulos-service","timestamp":"2026-06-03T12:10:03.210Z"}
{"lancamento":1434871265,"level":"info","message":"ℹ️ Título 111399 já estava baixado. Processo ignorado.","service":"btg-baixa-titulos-service","situacao":"BAIXADO","timestamp":"2026-06-03T12:10:03.225Z"}
{"level":"info","message":"🔎 Processando título 111854/D","service":"btg-baixa-titulos-service","timestamp":"2026-06-03T12:10:03.228Z"}
{"level":"info","message":"🌐 Millennium request: GET /MILLENIUM!JOIN_ONEUP.LANCAMENTOS.CONSULTALANCAMENTOS?cnpj=57.408.548%2F0001-92&n_documento=111854%2FD","service":"btg-baixa-titulos-service","timestamp":"2026-06-03T12:10:03.228Z"}
{"lancamento":1434874744,"level":"info","message":"ℹ️ Título 111854/D já estava baixado. Processo ignorado.","service":"btg-baixa-titulos-service","situacao":"BAIXADO","timestamp":"2026-06-03T12:10:03.242Z"}
{"level":"info","message":"🔎 Processando título 111854/C","service":"btg-baixa-titulos-service","timestamp":"2026-06-03T12:10:03.244Z"}
{"level":"info","message":"🌐 Millennium request: GET /MILLENIUM!JOIN_ONEUP.LANCAMENTOS.CONSULTALANCAMENTOS?cnpj=57.408.548%2F0001-92&n_documento=111854%2FC","service":"btg-baixa-titulos-service","timestamp":"2026-06-03T12:10:03.244Z"}
{"lancamento":1434874743,"level":"info","message":"ℹ️ Título 111854/C já estava baixado. Processo ignorado.","service":"btg-baixa-titulos-service","situacao":"BAIXADO","timestamp":"2026-06-03T12:10:03.260Z"}
{"level":"info","message":"🔎 Processando título 111854/B","service":"btg-baixa-titulos-service","timestamp":"2026-06-03T12:10:03.263Z"}
{"level":"info","message":"🌐 Millennium request: GET /MILLENIUM!JOIN_ONEUP.LANCAMENTOS.CONSULTALANCAMENTOS?cnpj=57.408.548%2F0001-92&n_documento=111854%2FB","service":"btg-baixa-titulos-service","timestamp":"2026-06-03T12:10:03.263Z"}
{"lancamento":1434874742,"level":"info","message":"ℹ️ Título 111854/B já estava baixado. Processo ignorado.","service":"btg-baixa-titulos-service","situacao":"BAIXADO","timestamp":"2026-06-03T12:10:03.278Z"}
{"level":"info","message":"🔎 Processando título 111854/A","service":"btg-baixa-titulos-service","timestamp":"2026-06-03T12:10:03.281Z"}
{"level":"info","message":"🌐 Millennium request: GET /MILLENIUM!JOIN_ONEUP.LANCAMENTOS.CONSULTALANCAMENTOS?cnpj=57.408.548%2F0001-92&n_documento=111854%2FA","service":"btg-baixa-titulos-service","timestamp":"2026-06-03T12:10:03.282Z"}
{"lancamento":1434874741,"level":"info","message":"ℹ️ Título 111854/A já estava baixado. Processo ignorado.","service":"btg-baixa-titulos-service","situacao":"BAIXADO","timestamp":"2026-06-03T12:10:03.298Z"}
{"level":"info","message":"🔎 Processando título 111394/D","service":"btg-baixa-titulos-service","timestamp":"2026-06-03T12:10:03.301Z"}
{"level":"info","message":"🌐 Millennium request: GET /MILLENIUM!JOIN_ONEUP.LANCAMENTOS.CONSULTALANCAMENTOS?cnpj=57.408.548%2F0001-92&n_documento=111394%2FD","service":"btg-baixa-titulos-service","timestamp":"2026-06-03T12:10:03.301Z"}
{"lancamento":1434871224,"level":"info","message":"ℹ️ Título 111394/D já estava baixado. Processo ignorado.","service":"btg-baixa-titulos-service","situacao":"BAIXADO","timestamp":"2026-06-03T12:10:03.314Z"}
{"level":"info","message":"🔎 Processando título 111394/C","service":"btg-baixa-titulos-service","timestamp":"2026-06-03T12:10:03.317Z"}
{"level":"info","message":"🌐 Millennium request: GET /MILLENIUM!JOIN_ONEUP.LANCAMENTOS.CONSULTALANCAMENTOS?cnpj=57.408.548%2F0001-92&n_documento=111394%2FC","service":"btg-baixa-titulos-service","timestamp":"2026-06-03T12:10:03.317Z"}
{"lancamento":1434871223,"level":"info","message":"ℹ️ Título 111394/C já estava baixado. Processo ignorado.","service":"btg-baixa-titulos-service","situacao":"BAIXADO","timestamp":"2026-06-03T12:10:03.333Z"}
{"level":"info","message":"🔎 Processando título 111394/B","service":"btg-baixa-titulos-service","timestamp":"2026-06-03T12:10:03.336Z"}
{"level":"info","message":"🌐 Millennium request: GET /MILLENIUM!JOIN_ONEUP.LANCAMENTOS.CONSULTALANCAMENTOS?cnpj=57.408.548%2F0001-92&n_documento=111394%2FB","service":"btg-baixa-titulos-service","timestamp":"2026-06-03T12:10:03.336Z"}
{"lancamento":1434871222,"level":"info","message":"ℹ️ Título 111394/B já estava baixado. Processo ignorado.","service":"btg-baixa-titulos-service","situacao":"BAIXADO","timestamp":"2026-06-03T12:10:03.351Z"}
{"level":"info","message":"🔎 Processando título 111394/A","service":"btg-baixa-titulos-service","timestamp":"2026-06-03T12:10:03.354Z"}
{"level":"info","message":"🌐 Millennium request: GET /MILLENIUM!JOIN_ONEUP.LANCAMENTOS.CONSULTALANCAMENTOS?cnpj=57.408.548%2F0001-92&n_documento=111394%2FA","service":"btg-baixa-titulos-service","timestamp":"2026-06-03T12:10:03.354Z"}
{"lancamento":1434871221,"level":"info","message":"ℹ️ Título 111394/A já estava baixado. Processo ignorado.","service":"btg-baixa-titulos-service","situacao":"BAIXADO","timestamp":"2026-06-03T12:10:03.370Z"}
{"level":"info","message":"🔎 Processando título 111250/A","service":"btg-baixa-titulos-service","timestamp":"2026-06-03T12:10:03.373Z"}
{"level":"info","message":"🌐 Millennium request: GET /MILLENIUM!JOIN_ONEUP.LANCAMENTOS.CONSULTALANCAMENTOS?cnpj=47.485.403%2F0001-31&n_documento=111250%2FA","service":"btg-baixa-titulos-service","timestamp":"2026-06-03T12:10:03.373Z"}
{"lancamento":1434870043,"level":"info","message":"ℹ️ Título 111250/A já estava baixado. Processo ignorado.","service":"btg-baixa-titulos-service","situacao":"BAIXADO","timestamp":"2026-06-03T12:10:03.389Z"}
{"level":"info","message":"🔎 Processando título 111249/C","service":"btg-baixa-titulos-service","timestamp":"2026-06-03T12:10:03.393Z"}
{"level":"info","message":"🌐 Millennium request: GET /MILLENIUM!JOIN_ONEUP.LANCAMENTOS.CONSULTALANCAMENTOS?cnpj=47.485.403%2F0001-31&n_documento=111249%2FC","service":"btg-baixa-titulos-service","timestamp":"2026-06-03T12:10:03.393Z"}
{"lancamento":1434870035,"level":"info","message":"ℹ️ Título 111249/C já estava baixado. Processo ignorado.","service":"btg-baixa-titulos-service","situacao":"BAIXADO","timestamp":"2026-06-03T12:10:03.409Z"}
{"level":"info","message":"🔎 Processando título 111249/B","service":"btg-baixa-titulos-service","timestamp":"2026-06-03T12:10:03.413Z"}
{"level":"info","message":"🌐 Millennium request: GET /MILLENIUM!JOIN_ONEUP.LANCAMENTOS.CONSULTALANCAMENTOS?cnpj=47.485.403%2F0001-31&n_documento=111249%2FB","service":"btg-baixa-titulos-service","timestamp":"2026-06-03T12:10:03.413Z"}
{"lancamento":1434870034,"level":"info","message":"ℹ️ Título 111249/B já estava baixado. Processo ignorado.","service":"btg-baixa-titulos-service","situacao":"BAIXADO","timestamp":"2026-06-03T12:10:03.516Z"}
{"level":"info","message":"🔎 Processando título 111089/B","service":"btg-baixa-titulos-service","timestamp":"2026-06-03T12:10:03.523Z"}
{"level":"info","message":"🌐 Millennium request: GET /MILLENIUM!JOIN_ONEUP.LANCAMENTOS.CONSULTALANCAMENTOS?cnpj=47.485.403%2F0001-31&n_documento=111089%2FB","service":"btg-baixa-titulos-service","timestamp":"2026-06-03T12:10:03.523Z"}
{"lancamento":1434868843,"level":"info","message":"ℹ️ Título 111089/B já estava baixado. Processo ignorado.","service":"btg-baixa-titulos-service","situacao":"BAIXADO","timestamp":"2026-06-03T12:10:03.542Z"}
{"level":"info","message":"🔎 Processando título 111088/D","service":"btg-baixa-titulos-service","timestamp":"2026-06-03T12:10:03.548Z"}
{"level":"info","message":"🌐 Millennium request: GET /MILLENIUM!JOIN_ONEUP.LANCAMENTOS.CONSULTALANCAMENTOS?cnpj=57.408.548%2F0001-92&n_documento=111088%2FD","service":"btg-baixa-titulos-service","timestamp":"2026-06-03T12:10:03.548Z"}
{"lancamento":1434868822,"level":"info","message":"ℹ️ Título 111088/D já estava baixado. Processo ignorado.","service":"btg-baixa-titulos-service","situacao":"BAIXADO","timestamp":"2026-06-03T12:10:03.565Z"}
{"level":"info","message":"🔎 Processando título 111088/C","service":"btg-baixa-titulos-service","timestamp":"2026-06-03T12:10:03.570Z"}
{"level":"info","message":"🌐 Millennium request: GET /MILLENIUM!JOIN_ONEUP.LANCAMENTOS.CONSULTALANCAMENTOS?cnpj=57.408.548%2F0001-92&n_documento=111088%2FC","service":"btg-baixa-titulos-service","timestamp":"2026-06-03T12:10:03.570Z"}
{"lancamento":1434868821,"level":"info","message":"ℹ️ Título 111088/C já estava baixado. Processo ignorado.","service":"btg-baixa-titulos-service","situacao":"BAIXADO","timestamp":"2026-06-03T12:10:03.586Z"}
{"level":"info","message":"🔎 Processando título 111088/B","service":"btg-baixa-titulos-service","timestamp":"2026-06-03T12:10:03.592Z"}
{"level":"info","message":"🌐 Millennium request: GET /MILLENIUM!JOIN_ONEUP.LANCAMENTOS.CONSULTALANCAMENTOS?cnpj=57.408.548%2F0001-92&n_documento=111088%2FB","service":"btg-baixa-titulos-service","timestamp":"2026-06-03T12:10:03.592Z"}
{"lancamento":1434868820,"level":"info","message":"ℹ️ Título 111088/B já estava baixado. Processo ignorado.","service":"btg-baixa-titulos-service","situacao":"BAIXADO","timestamp":"2026-06-03T12:10:03.608Z"}
{"level":"info","message":"🔎 Processando título 111088/A","service":"btg-baixa-titulos-service","timestamp":"2026-06-03T12:10:03.616Z"}
{"level":"info","message":"🌐 Millennium request: GET /MILLENIUM!JOIN_ONEUP.LANCAMENTOS.CONSULTALANCAMENTOS?cnpj=57.408.548%2F0001-92&n_documento=111088%2FA","service":"btg-baixa-titulos-service","timestamp":"2026-06-03T12:10:03.616Z"}
{"lancamento":1434868819,"level":"info","message":"ℹ️ Título 111088/A já estava baixado. Processo ignorado.","service":"btg-baixa-titulos-service","situacao":"BAIXADO","timestamp":"2026-06-03T12:10:03.631Z"}
{"level":"info","message":"🔎 Processando título 111087","service":"btg-baixa-titulos-service","timestamp":"2026-06-03T12:10:03.637Z"}
{"level":"info","message":"🌐 Millennium request: GET /MILLENIUM!JOIN_ONEUP.LANCAMENTOS.CONSULTALANCAMENTOS?cnpj=09.598.379%2F0001-58&n_documento=111087","service":"btg-baixa-titulos-service","timestamp":"2026-06-03T12:10:03.637Z"}
{"lancamento":1434868811,"level":"info","message":"ℹ️ Título 111087 já estava baixado. Processo ignorado.","service":"btg-baixa-titulos-service","situacao":"BAIXADO","timestamp":"2026-06-03T12:10:03.672Z"}
{"level":"info","message":"🔎 Processando título 109783/C","service":"btg-baixa-titulos-service","timestamp":"2026-06-03T12:10:03.679Z"}
{"level":"info","message":"🌐 Millennium request: GET /MILLENIUM!JOIN_ONEUP.LANCAMENTOS.CONSULTALANCAMENTOS?cnpj=59.205.187%2F0001-02&n_documento=109783%2FC","service":"btg-baixa-titulos-service","timestamp":"2026-06-03T12:10:03.679Z"}
{"lancamento":1434857853,"level":"info","message":"ℹ️ Título 109783/C já estava baixado. Processo ignorado.","service":"btg-baixa-titulos-service","situacao":"BAIXADO","timestamp":"2026-06-03T12:10:03.696Z"}
{"level":"info","message":"🔎 Processando título 109783/B","service":"btg-baixa-titulos-service","timestamp":"2026-06-03T12:10:03.704Z"}
{"level":"info","message":"🌐 Millennium request: GET /MILLENIUM!JOIN_ONEUP.LANCAMENTOS.CONSULTALANCAMENTOS?cnpj=59.205.187%2F0001-02&n_documento=109783%2FB","service":"btg-baixa-titulos-service","timestamp":"2026-06-03T12:10:03.705Z"}
{"lancamento":1434857852,"level":"info","message":"ℹ️ Título 109783/B já estava baixado. Processo ignorado.","service":"btg-baixa-titulos-service","situacao":"BAIXADO","timestamp":"2026-06-03T12:10:03.723Z"}
{"level":"info","message":"🔎 Processando título 109783/A","service":"btg-baixa-titulos-service","timestamp":"2026-06-03T12:10:03.730Z"}
{"level":"info","message":"🌐 Millennium request: GET /MILLENIUM!JOIN_ONEUP.LANCAMENTOS.CONSULTALANCAMENTOS?cnpj=59.205.187%2F0001-02&n_documento=109783%2FA","service":"btg-baixa-titulos-service","timestamp":"2026-06-03T12:10:03.730Z"}
{"lancamento":1434857851,"level":"info","message":"ℹ️ Título 109783/A já estava baixado. Processo ignorado.","service":"btg-baixa-titulos-service","situacao":"BAIXADO","timestamp":"2026-06-03T12:10:03.747Z"}
{"level":"info","message":"🔎 Processando título 109505/C","service":"btg-baixa-titulos-service","timestamp":"2026-06-03T12:10:03.752Z"}
{"level":"info","message":"🌐 Millennium request: GET /MILLENIUM!JOIN_ONEUP.LANCAMENTOS.CONSULTALANCAMENTOS?cnpj=21.067.137%2F0001-33&n_documento=109505%2FC","service":"btg-baixa-titulos-service","timestamp":"2026-06-03T12:10:03.752Z"}
{"lancamento":1434856382,"level":"info","message":"ℹ️ Título 109505/C já estava baixado. Processo ignorado.","service":"btg-baixa-titulos-service","situacao":"BAIXADO","timestamp":"2026-06-03T12:10:03.768Z"}
{"level":"info","message":"🔎 Processando título 109505/B","service":"btg-baixa-titulos-service","timestamp":"2026-06-03T12:10:03.773Z"}
{"level":"info","message":"🌐 Millennium request: GET /MILLENIUM!JOIN_ONEUP.LANCAMENTOS.CONSULTALANCAMENTOS?cnpj=21.067.137%2F0001-33&n_documento=109505%2FB","service":"btg-baixa-titulos-service","timestamp":"2026-06-03T12:10:03.773Z"}
{"lancamento":1434856381,"level":"info","message":"ℹ️ Título 109505/B já estava baixado. Processo ignorado.","service":"btg-baixa-titulos-service","situacao":"BAIXADO","timestamp":"2026-06-03T12:10:03.797Z"}
{"level":"info","message":"🔎 Processando título 109505/A","service":"btg-baixa-titulos-service","timestamp":"2026-06-03T12:10:03.800Z"}
{"level":"info","message":"🌐 Millennium request: GET /MILLENIUM!JOIN_ONEUP.LANCAMENTOS.CONSULTALANCAMENTOS?cnpj=21.067.137%2F0001-33&n_documento=109505%2FA","service":"btg-baixa-titulos-service","timestamp":"2026-06-03T12:10:03.800Z"}
{"lancamento":1434856380,"level":"info","message":"ℹ️ Título 109505/A já estava baixado. Processo ignorado.","service":"btg-baixa-titulos-service","situacao":"BAIXADO","timestamp":"2026-06-03T12:10:03.815Z"}
{"level":"info","message":"🔎 Processando título 109795/E","service":"btg-baixa-titulos-service","timestamp":"2026-06-03T12:10:03.818Z"}
{"level":"info","message":"🌐 Millennium request: GET /MILLENIUM!JOIN_ONEUP.LANCAMENTOS.CONSULTALANCAMENTOS?cnpj=44.999.259%2F0001-63&n_documento=109795%2FE","service":"btg-baixa-titulos-service","timestamp":"2026-06-03T12:10:03.818Z"}
{"lancamento":1434857920,"level":"info","message":"ℹ️ Título 109795/E já estava baixado. Processo ignorado.","service":"btg-baixa-titulos-service","situacao":"BAIXADO","timestamp":"2026-06-03T12:10:03.836Z"}
{"level":"info","message":"🔎 Processando título 109795/D","service":"btg-baixa-titulos-service","timestamp":"2026-06-03T12:10:03.839Z"}
{"level":"info","message":"🌐 Millennium request: GET /MILLENIUM!JOIN_ONEUP.LANCAMENTOS.CONSULTALANCAMENTOS?cnpj=44.999.259%2F0001-63&n_documento=109795%2FD","service":"btg-baixa-titulos-service","timestamp":"2026-06-03T12:10:03.839Z"}
{"lancamento":1434857919,"level":"info","message":"ℹ️ Título 109795/D já estava baixado. Processo ignorado.","service":"btg-baixa-titulos-service","situacao":"BAIXADO","timestamp":"2026-06-03T12:10:03.852Z"}
{"level":"info","message":"🔎 Processando título 109795/C","service":"btg-baixa-titulos-service","timestamp":"2026-06-03T12:10:03.856Z"}
{"level":"info","message":"🌐 Millennium request: GET /MILLENIUM!JOIN_ONEUP.LANCAMENTOS.CONSULTALANCAMENTOS?cnpj=44.999.259%2F0001-63&n_documento=109795%2FC","service":"btg-baixa-titulos-service","timestamp":"2026-06-03T12:10:03.856Z"}
{"lancamento":1434857918,"level":"info","message":"ℹ️ Título 109795/C já estava baixado. Processo ignorado.","service":"btg-baixa-titulos-service","situacao":"BAIXADO","timestamp":"2026-06-03T12:10:03.871Z"}
{"level":"info","message":"🔎 Processando título 111369/D","service":"btg-baixa-titulos-service","timestamp":"2026-06-03T12:10:03.875Z"}
{"level":"info","message":"🌐 Millennium request: GET /MILLENIUM!JOIN_ONEUP.LANCAMENTOS.CONSULTALANCAMENTOS?cnpj=57.408.548%2F0001-92&n_documento=111369%2FD","service":"btg-baixa-titulos-service","timestamp":"2026-06-03T12:10:03.875Z"}
{"lancamento":1434871086,"level":"info","message":"ℹ️ Título 111369/D já estava baixado. Processo ignorado.","service":"btg-baixa-titulos-service","situacao":"BAIXADO","timestamp":"2026-06-03T12:10:03.890Z"}
{"level":"info","message":"🔎 Processando título 109795/B","service":"btg-baixa-titulos-service","timestamp":"2026-06-03T12:10:03.894Z"}
{"level":"info","message":"🌐 Millennium request: GET /MILLENIUM!JOIN_ONEUP.LANCAMENTOS.CONSULTALANCAMENTOS?cnpj=44.999.259%2F0001-63&n_documento=109795%2FB","service":"btg-baixa-titulos-service","timestamp":"2026-06-03T12:10:03.894Z"}
{"lancamento":1434857917,"level":"info","message":"ℹ️ Título 109795/B já estava baixado. Processo ignorado.","service":"btg-baixa-titulos-service","situacao":"BAIXADO","timestamp":"2026-06-03T12:10:03.911Z"}
{"level":"info","message":"🔎 Processando título 111369/C","service":"btg-baixa-titulos-service","timestamp":"2026-06-03T12:10:03.915Z"}
{"level":"info","message":"🌐 Millennium request: GET /MILLENIUM!JOIN_ONEUP.LANCAMENTOS.CONSULTALANCAMENTOS?cnpj=57.408.548%2F0001-92&n_documento=111369%2FC","service":"btg-baixa-titulos-service","timestamp":"2026-06-03T12:10:03.915Z"}
{"lancamento":1434871085,"level":"info","message":"ℹ️ Título 111369/C já estava baixado. Processo ignorado.","service":"btg-baixa-titulos-service","situacao":"BAIXADO","timestamp":"2026-06-03T12:10:03.931Z"}
{"level":"info","message":"🔎 Processando título 109795/A","service":"btg-baixa-titulos-service","timestamp":"2026-06-03T12:10:03.935Z"}
{"level":"info","message":"🌐 Millennium request: GET /MILLENIUM!JOIN_ONEUP.LANCAMENTOS.CONSULTALANCAMENTOS?cnpj=44.999.259%2F0001-63&n_documento=109795%2FA","service":"btg-baixa-titulos-service","timestamp":"2026-06-03T12:10:03.935Z"}
{"lancamento":1434857916,"level":"info","message":"ℹ️ Título 109795/A já estava baixado. Processo ignorado.","service":"btg-baixa-titulos-service","situacao":"BAIXADO","timestamp":"2026-06-03T12:10:04.029Z"}
{"level":"info","message":"🔎 Processando título 111369/B","service":"btg-baixa-titulos-service","timestamp":"2026-06-03T12:10:04.039Z"}
{"level":"info","message":"🌐 Millennium request: GET /MILLENIUM!JOIN_ONEUP.LANCAMENTOS.CONSULTALANCAMENTOS?cnpj=57.408.548%2F0001-92&n_documento=111369%2FB","service":"btg-baixa-titulos-service","timestamp":"2026-06-03T12:10:04.040Z"}
{"lancamento":1434871084,"level":"info","message":"ℹ️ Título 111369/B já estava baixado. Processo ignorado.","service":"btg-baixa-titulos-service","situacao":"BAIXADO","timestamp":"2026-06-03T12:10:04.057Z"}
{"level":"info","message":"🔎 Processando título 111369/A","service":"btg-baixa-titulos-service","timestamp":"2026-06-03T12:10:04.064Z"}
{"level":"info","message":"🌐 Millennium request: GET /MILLENIUM!JOIN_ONEUP.LANCAMENTOS.CONSULTALANCAMENTOS?cnpj=57.408.548%2F0001-92&n_documento=111369%2FA","service":"btg-baixa-titulos-service","timestamp":"2026-06-03T12:10:04.064Z"}
{"lancamento":1434871083,"level":"info","message":"ℹ️ Título 111369/A já estava baixado. Processo ignorado.","service":"btg-baixa-titulos-service","situacao":"BAIXADO","timestamp":"2026-06-03T12:10:04.082Z"}
{"level":"info","message":"🔎 Processando título 109417/D","service":"btg-baixa-titulos-service","timestamp":"2026-06-03T12:10:04.088Z"}
{"level":"info","message":"🌐 Millennium request: GET /MILLENIUM!JOIN_ONEUP.LANCAMENTOS.CONSULTALANCAMENTOS?cnpj=00.768.271%2F0001-91&n_documento=109417%2FD","service":"btg-baixa-titulos-service","timestamp":"2026-06-03T12:10:04.088Z"}
{"lancamento":1434856131,"level":"info","message":"ℹ️ Título 109417/D já estava baixado. Processo ignorado.","service":"btg-baixa-titulos-service","situacao":"BAIXADO","timestamp":"2026-06-03T12:10:04.105Z"}
{"level":"info","message":"🔎 Processando título 109417/C","service":"btg-baixa-titulos-service","timestamp":"2026-06-03T12:10:04.111Z"}
{"level":"info","message":"🌐 Millennium request: GET /MILLENIUM!JOIN_ONEUP.LANCAMENTOS.CONSULTALANCAMENTOS?cnpj=00.768.271%2F0001-91&n_documento=109417%2FC","service":"btg-baixa-titulos-service","timestamp":"2026-06-03T12:10:04.111Z"}
{"lancamento":1434856130,"level":"info","message":"ℹ️ Título 109417/C já estava baixado. Processo ignorado.","service":"btg-baixa-titulos-service","situacao":"BAIXADO","timestamp":"2026-06-03T12:10:04.130Z"}
{"level":"info","message":"🔎 Processando título 111257/C","service":"btg-baixa-titulos-service","timestamp":"2026-06-03T12:10:04.134Z"}
{"level":"info","message":"🌐 Millennium request: GET /MILLENIUM!JOIN_ONEUP.LANCAMENTOS.CONSULTALANCAMENTOS?cnpj=47.485.403%2F0001-31&n_documento=111257%2FC","service":"btg-baixa-titulos-service","timestamp":"2026-06-03T12:10:04.134Z"}
{"lancamento":1434870092,"level":"info","message":"ℹ️ Título 111257/C já estava baixado. Processo ignorado.","service":"btg-baixa-titulos-service","situacao":"BAIXADO","timestamp":"2026-06-03T12:10:04.150Z"}
{"level":"info","message":"🔎 Processando título 109417/B","service":"btg-baixa-titulos-service","timestamp":"2026-06-03T12:10:04.154Z"}
{"level":"info","message":"🌐 Millennium request: GET /MILLENIUM!JOIN_ONEUP.LANCAMENTOS.CONSULTALANCAMENTOS?cnpj=00.768.271%2F0001-91&n_documento=109417%2FB","service":"btg-baixa-titulos-service","timestamp":"2026-06-03T12:10:04.154Z"}
{"lancamento":1434856129,"level":"info","message":"ℹ️ Título 109417/B já estava baixado. Processo ignorado.","service":"btg-baixa-titulos-service","situacao":"BAIXADO","timestamp":"2026-06-03T12:10:04.173Z"}
{"level":"info","message":"🔎 Processando título 111257/B","service":"btg-baixa-titulos-service","timestamp":"2026-06-03T12:10:04.177Z"}
{"level":"info","message":"🌐 Millennium request: GET /MILLENIUM!JOIN_ONEUP.LANCAMENTOS.CONSULTALANCAMENTOS?cnpj=47.485.403%2F0001-31&n_documento=111257%2FB","service":"btg-baixa-titulos-service","timestamp":"2026-06-03T12:10:04.177Z"}
{"lancamento":1434870091,"level":"info","message":"ℹ️ Título 111257/B já estava baixado. Processo ignorado.","service":"btg-baixa-titulos-service","situacao":"BAIXADO","timestamp":"2026-06-03T12:10:04.193Z"}
{"level":"info","message":"🔎 Processando título 111257/A","service":"btg-baixa-titulos-service","timestamp":"2026-06-03T12:10:04.196Z"}
{"level":"info","message":"🌐 Millennium request: GET /MILLENIUM!JOIN_ONEUP.LANCAMENTOS.CONSULTALANCAMENTOS?cnpj=47.485.403%2F0001-31&n_documento=111257%2FA","service":"btg-baixa-titulos-service","timestamp":"2026-06-03T12:10:04.197Z"}
{"lancamento":1434870090,"level":"info","message":"ℹ️ Título 111257/A já estava baixado. Processo ignorado.","service":"btg-baixa-titulos-service","situacao":"BAIXADO","timestamp":"2026-06-03T12:10:04.213Z"}
{"level":"info","message":"🔎 Processando título 109417/A","service":"btg-baixa-titulos-service","timestamp":"2026-06-03T12:10:04.217Z"}
{"level":"info","message":"🌐 Millennium request: GET /MILLENIUM!JOIN_ONEUP.LANCAMENTOS.CONSULTALANCAMENTOS?cnpj=00.768.271%2F0001-91&n_documento=109417%2FA","service":"btg-baixa-titulos-service","timestamp":"2026-06-03T12:10:04.218Z"}
{"lancamento":1434856128,"level":"info","message":"ℹ️ Título 109417/A já estava baixado. Processo ignorado.","service":"btg-baixa-titulos-service","situacao":"BAIXADO","timestamp":"2026-06-03T12:10:04.234Z"}
{"level":"info","message":"🔎 Processando título 111256/C","service":"btg-baixa-titulos-service","timestamp":"2026-06-03T12:10:04.237Z"}
{"level":"info","message":"🌐 Millennium request: GET /MILLENIUM!JOIN_ONEUP.LANCAMENTOS.CONSULTALANCAMENTOS?cnpj=47.485.403%2F0001-31&n_documento=111256%2FC","service":"btg-baixa-titulos-service","timestamp":"2026-06-03T12:10:04.237Z"}
{"lancamento":1434870087,"level":"info","message":"ℹ️ Título 111256/C já estava baixado. Processo ignorado.","service":"btg-baixa-titulos-service","situacao":"BAIXADO","timestamp":"2026-06-03T12:10:04.254Z"}
{"level":"info","message":"🔎 Processando título 111256/B","service":"btg-baixa-titulos-service","timestamp":"2026-06-03T12:10:04.256Z"}
{"level":"info","message":"🌐 Millennium request: GET /MILLENIUM!JOIN_ONEUP.LANCAMENTOS.CONSULTALANCAMENTOS?cnpj=47.485.403%2F0001-31&n_documento=111256%2FB","service":"btg-baixa-titulos-service","timestamp":"2026-06-03T12:10:04.256Z"}
{"lancamento":1434870086,"level":"info","message":"ℹ️ Título 111256/B já estava baixado. Processo ignorado.","service":"btg-baixa-titulos-service","situacao":"BAIXADO","timestamp":"2026-06-03T12:10:04.271Z"}
{"level":"info","message":"🔎 Processando título 109244/E","service":"btg-baixa-titulos-service","timestamp":"2026-06-03T12:10:04.273Z"}
{"level":"info","message":"🌐 Millennium request: GET /MILLENIUM!JOIN_ONEUP.LANCAMENTOS.CONSULTALANCAMENTOS?cnpj=03.247.651%2F0001-79&n_documento=109244%2FE","service":"btg-baixa-titulos-service","timestamp":"2026-06-03T12:10:04.273Z"}
{"lancamento":1434855325,"level":"info","message":"ℹ️ Título 109244/E já estava baixado. Processo ignorado.","service":"btg-baixa-titulos-service","situacao":"BAIXADO","timestamp":"2026-06-03T12:10:04.288Z"}
{"level":"info","message":"🔎 Processando título 109244/D","service":"btg-baixa-titulos-service","timestamp":"2026-06-03T12:10:04.289Z"}
{"level":"info","message":"🌐 Millennium request: GET /MILLENIUM!JOIN_ONEUP.LANCAMENTOS.CONSULTALANCAMENTOS?cnpj=03.247.651%2F0001-79&n_documento=109244%2FD","service":"btg-baixa-titulos-service","timestamp":"2026-06-03T12:10:04.289Z"}
{"lancamento":1434855324,"level":"info","message":"ℹ️ Título 109244/D já estava baixado. Processo ignorado.","service":"btg-baixa-titulos-service","situacao":"BAIXADO","timestamp":"2026-06-03T12:10:04.305Z"}
{"level":"info","message":"🔎 Processando título 111254/C","service":"btg-baixa-titulos-service","timestamp":"2026-06-03T12:10:04.307Z"}
{"level":"info","message":"🌐 Millennium request: GET /MILLENIUM!JOIN_ONEUP.LANCAMENTOS.CONSULTALANCAMENTOS?cnpj=47.485.403%2F0001-31&n_documento=111254%2FC","service":"btg-baixa-titulos-service","timestamp":"2026-06-03T12:10:04.307Z"}
{"lancamento":1434870073,"level":"info","message":"ℹ️ Título 111254/C já estava baixado. Processo ignorado.","service":"btg-baixa-titulos-service","situacao":"BAIXADO","timestamp":"2026-06-03T12:10:04.323Z"}
{"level":"info","message":"🔎 Processando título 111254/B","service":"btg-baixa-titulos-service","timestamp":"2026-06-03T12:10:04.326Z"}
{"level":"info","message":"🌐 Millennium request: GET /MILLENIUM!JOIN_ONEUP.LANCAMENTOS.CONSULTALANCAMENTOS?cnpj=47.485.403%2F0001-31&n_documento=111254%2FB","service":"btg-baixa-titulos-service","timestamp":"2026-06-03T12:10:04.326Z"}
{"lancamento":1434870072,"level":"info","message":"ℹ️ Título 111254/B já estava baixado. Processo ignorado.","service":"btg-baixa-titulos-service","situacao":"BAIXADO","timestamp":"2026-06-03T12:10:04.341Z"}
{"level":"info","message":"🔎 Processando título 109244/C","service":"btg-baixa-titulos-service","timestamp":"2026-06-03T12:10:04.343Z"}
{"level":"info","message":"🌐 Millennium request: GET /MILLENIUM!JOIN_ONEUP.LANCAMENTOS.CONSULTALANCAMENTOS?cnpj=03.247.651%2F0001-79&n_documento=109244%2FC","service":"btg-baixa-titulos-service","timestamp":"2026-06-03T12:10:04.343Z"}
{"lancamento":1434855323,"level":"info","message":"ℹ️ Título 109244/C já estava baixado. Processo ignorado.","service":"btg-baixa-titulos-service","situacao":"BAIXADO","timestamp":"2026-06-03T12:10:04.359Z"}
{"level":"info","message":"🔎 Processando título 109244/B","service":"btg-baixa-titulos-service","timestamp":"2026-06-03T12:10:04.362Z"}
{"level":"info","message":"🌐 Millennium request: GET /MILLENIUM!JOIN_ONEUP.LANCAMENTOS.CONSULTALANCAMENTOS?cnpj=03.247.651%2F0001-79&n_documento=109244%2FB","service":"btg-baixa-titulos-service","timestamp":"2026-06-03T12:10:04.362Z"}
{"lancamento":1434855322,"level":"info","message":"ℹ️ Título 109244/B já estava baixado. Processo ignorado.","service":"btg-baixa-titulos-service","situacao":"BAIXADO","timestamp":"2026-06-03T12:10:04.377Z"}
{"level":"info","message":"🔎 Processando título 111254/A","service":"btg-baixa-titulos-service","timestamp":"2026-06-03T12:10:04.380Z"}
{"level":"info","message":"🌐 Millennium request: GET /MILLENIUM!JOIN_ONEUP.LANCAMENTOS.CONSULTALANCAMENTOS?cnpj=47.485.403%2F0001-31&n_documento=111254%2FA","service":"btg-baixa-titulos-service","timestamp":"2026-06-03T12:10:04.380Z"}
{"lancamento":1434870071,"level":"info","message":"ℹ️ Título 111254/A já estava baixado. Processo ignorado.","service":"btg-baixa-titulos-service","situacao":"BAIXADO","timestamp":"2026-06-03T12:10:04.394Z"}
{"level":"info","message":"🔎 Processando título 109244/A","service":"btg-baixa-titulos-service","timestamp":"2026-06-03T12:10:04.397Z"}
{"level":"info","message":"🌐 Millennium request: GET /MILLENIUM!JOIN_ONEUP.LANCAMENTOS.CONSULTALANCAMENTOS?cnpj=03.247.651%2F0001-79&n_documento=109244%2FA","service":"btg-baixa-titulos-service","timestamp":"2026-06-03T12:10:04.397Z"}
{"lancamento":1434855321,"level":"info","message":"ℹ️ Título 109244/A já estava baixado. Processo ignorado.","service":"btg-baixa-titulos-service","situacao":"BAIXADO","timestamp":"2026-06-03T12:10:04.413Z"}
{"level":"info","message":"🔎 Processando título 111043/D","service":"btg-baixa-titulos-service","timestamp":"2026-06-03T12:10:04.416Z"}
{"level":"info","message":"🌐 Millennium request: GET /MILLENIUM!JOIN_ONEUP.LANCAMENTOS.CONSULTALANCAMENTOS?cnpj=57.408.548%2F0001-92&n_documento=111043%2FD","service":"btg-baixa-titulos-service","timestamp":"2026-06-03T12:10:04.416Z"}
{"lancamento":1434868706,"level":"info","message":"ℹ️ Título 111043/D já estava baixado. Processo ignorado.","service":"btg-baixa-titulos-service","situacao":"BAIXADO","timestamp":"2026-06-03T12:10:04.431Z"}
{"level":"info","message":"🔎 Processando título 111043/C","service":"btg-baixa-titulos-service","timestamp":"2026-06-03T12:10:04.434Z"}
{"level":"info","message":"🌐 Millennium request: GET /MILLENIUM!JOIN_ONEUP.LANCAMENTOS.CONSULTALANCAMENTOS?cnpj=57.408.548%2F0001-92&n_documento=111043%2FC","service":"btg-baixa-titulos-service","timestamp":"2026-06-03T12:10:04.434Z"}
{"lancamento":1434868705,"level":"info","message":"ℹ️ Título 111043/C já estava baixado. Processo ignorado.","service":"btg-baixa-titulos-service","situacao":"BAIXADO","timestamp":"2026-06-03T12:10:04.449Z"}
{"level":"info","message":"🔎 Processando título 111043/B","service":"btg-baixa-titulos-service","timestamp":"2026-06-03T12:10:04.453Z"}
{"level":"info","message":"🌐 Millennium request: GET /MILLENIUM!JOIN_ONEUP.LANCAMENTOS.CONSULTALANCAMENTOS?cnpj=57.408.548%2F0001-92&n_documento=111043%2FB","service":"btg-baixa-titulos-service","timestamp":"2026-06-03T12:10:04.453Z"}
{"lancamento":1434868704,"level":"info","message":"ℹ️ Título 111043/B já estava baixado. Processo ignorado.","service":"btg-baixa-titulos-service","situacao":"BAIXADO","timestamp":"2026-06-03T12:10:04.554Z"}
{"level":"info","message":"🔎 Processando título 111043/A","service":"btg-baixa-titulos-service","timestamp":"2026-06-03T12:10:04.564Z"}
{"level":"info","message":"🌐 Millennium request: GET /MILLENIUM!JOIN_ONEUP.LANCAMENTOS.CONSULTALANCAMENTOS?cnpj=57.408.548%2F0001-92&n_documento=111043%2FA","service":"btg-baixa-titulos-service","timestamp":"2026-06-03T12:10:04.564Z"}
{"lancamento":1434868703,"level":"info","message":"ℹ️ Título 111043/A já estava baixado. Processo ignorado.","service":"btg-baixa-titulos-service","situacao":"BAIXADO","timestamp":"2026-06-03T12:10:04.588Z"}
{"level":"info","message":"🔎 Processando título 110977/D","service":"btg-baixa-titulos-service","timestamp":"2026-06-03T12:10:04.597Z"}
{"level":"info","message":"🌐 Millennium request: GET /MILLENIUM!JOIN_ONEUP.LANCAMENTOS.CONSULTALANCAMENTOS?cnpj=57.408.548%2F0001-92&n_documento=110977%2FD","service":"btg-baixa-titulos-service","timestamp":"2026-06-03T12:10:04.597Z"}
{"lancamento":1434868583,"level":"info","message":"ℹ️ Título 110977/D já estava baixado. Processo ignorado.","service":"btg-baixa-titulos-service","situacao":"BAIXADO","timestamp":"2026-06-03T12:10:04.616Z"}
{"level":"info","message":"🔎 Processando título 110977/C","service":"btg-baixa-titulos-service","timestamp":"2026-06-03T12:10:04.621Z"}
{"level":"info","message":"🌐 Millennium request: GET /MILLENIUM!JOIN_ONEUP.LANCAMENTOS.CONSULTALANCAMENTOS?cnpj=57.408.548%2F0001-92&n_documento=110977%2FC","service":"btg-baixa-titulos-service","timestamp":"2026-06-03T12:10:04.621Z"}
{"lancamento":1434868582,"level":"info","message":"ℹ️ Título 110977/C já estava baixado. Processo ignorado.","service":"btg-baixa-titulos-service","situacao":"BAIXADO","timestamp":"2026-06-03T12:10:04.636Z"}
{"level":"info","message":"🔎 Processando título 110977/B","service":"btg-baixa-titulos-service","timestamp":"2026-06-03T12:10:04.641Z"}
{"level":"info","message":"🌐 Millennium request: GET /MILLENIUM!JOIN_ONEUP.LANCAMENTOS.CONSULTALANCAMENTOS?cnpj=57.408.548%2F0001-92&n_documento=110977%2FB","service":"btg-baixa-titulos-service","timestamp":"2026-06-03T12:10:04.641Z"}
{"lancamento":1434868581,"level":"info","message":"ℹ️ Título 110977/B já estava baixado. Processo ignorado.","service":"btg-baixa-titulos-service","situacao":"BAIXADO","timestamp":"2026-06-03T12:10:04.660Z"}
{"level":"info","message":"🔎 Processando título 111253/B","service":"btg-baixa-titulos-service","timestamp":"2026-06-03T12:10:04.664Z"}
{"level":"info","message":"🌐 Millennium request: GET /MILLENIUM!JOIN_ONEUP.LANCAMENTOS.CONSULTALANCAMENTOS?cnpj=47.485.403%2F0001-31&n_documento=111253%2FB","service":"btg-baixa-titulos-service","timestamp":"2026-06-03T12:10:04.664Z"}
{"lancamento":1434870067,"level":"info","message":"ℹ️ Título 111253/B já estava baixado. Processo ignorado.","service":"btg-baixa-titulos-service","situacao":"BAIXADO","timestamp":"2026-06-03T12:10:04.677Z"}
{"level":"info","message":"🔎 Processando título 111253/A","service":"btg-baixa-titulos-service","timestamp":"2026-06-03T12:10:04.681Z"}
{"level":"info","message":"🌐 Millennium request: GET /MILLENIUM!JOIN_ONEUP.LANCAMENTOS.CONSULTALANCAMENTOS?cnpj=47.485.403%2F0001-31&n_documento=111253%2FA","service":"btg-baixa-titulos-service","timestamp":"2026-06-03T12:10:04.681Z"}
{"lancamento":1434870066,"level":"info","message":"ℹ️ Título 111253/A já estava baixado. Processo ignorado.","service":"btg-baixa-titulos-service","situacao":"BAIXADO","timestamp":"2026-06-03T12:10:04.697Z"}
{"level":"info","message":"🔎 Processando título 111252/C","service":"btg-baixa-titulos-service","timestamp":"2026-06-03T12:10:04.701Z"}
{"level":"info","message":"🌐 Millennium request: GET /MILLENIUM!JOIN_ONEUP.LANCAMENTOS.CONSULTALANCAMENTOS?cnpj=47.485.403%2F0001-31&n_documento=111252%2FC","service":"btg-baixa-titulos-service","timestamp":"2026-06-03T12:10:04.701Z"}
{"lancamento":1434870065,"level":"info","message":"ℹ️ Título 111252/C já estava baixado. Processo ignorado.","service":"btg-baixa-titulos-service","situacao":"BAIXADO","timestamp":"2026-06-03T12:10:04.716Z"}
{"level":"info","message":"🔎 Processando título 110977/A","service":"btg-baixa-titulos-service","timestamp":"2026-06-03T12:10:04.721Z"}
{"level":"info","message":"🌐 Millennium request: GET /MILLENIUM!JOIN_ONEUP.LANCAMENTOS.CONSULTALANCAMENTOS?cnpj=57.408.548%2F0001-92&n_documento=110977%2FA","service":"btg-baixa-titulos-service","timestamp":"2026-06-03T12:10:04.721Z"}
{"lancamento":1434868580,"level":"info","message":"ℹ️ Título 110977/A já estava baixado. Processo ignorado.","service":"btg-baixa-titulos-service","situacao":"BAIXADO","timestamp":"2026-06-03T12:10:04.734Z"}
{"level":"info","message":"🔎 Processando título 111251/C","service":"btg-baixa-titulos-service","timestamp":"2026-06-03T12:10:04.738Z"}
{"level":"info","message":"🌐 Millennium request: GET /MILLENIUM!JOIN_ONEUP.LANCAMENTOS.CONSULTALANCAMENTOS?cnpj=47.485.403%2F0001-31&n_documento=111251%2FC","service":"btg-baixa-titulos-service","timestamp":"2026-06-03T12:10:04.738Z"}
{"lancamento":1434870059,"level":"info","message":"ℹ️ Título 111251/C já estava baixado. Processo ignorado.","service":"btg-baixa-titulos-service","situacao":"BAIXADO","timestamp":"2026-06-03T12:10:04.754Z"}
{"level":"info","message":"🔎 Processando título 111251/B","service":"btg-baixa-titulos-service","timestamp":"2026-06-03T12:10:04.758Z"}
{"level":"info","message":"🌐 Millennium request: GET /MILLENIUM!JOIN_ONEUP.LANCAMENTOS.CONSULTALANCAMENTOS?cnpj=47.485.403%2F0001-31&n_documento=111251%2FB","service":"btg-baixa-titulos-service","timestamp":"2026-06-03T12:10:04.758Z"}
{"lancamento":1434870058,"level":"info","message":"ℹ️ Título 111251/B já estava baixado. Processo ignorado.","service":"btg-baixa-titulos-service","situacao":"BAIXADO","timestamp":"2026-06-03T12:10:04.778Z"}
{"level":"info","message":"🔎 Processando título 109093/D","service":"btg-baixa-titulos-service","timestamp":"2026-06-03T12:10:04.783Z"}
{"level":"info","message":"🌐 Millennium request: GET /MILLENIUM!JOIN_ONEUP.LANCAMENTOS.CONSULTALANCAMENTOS?cnpj=57.408.548%2F0001-92&n_documento=109093%2FD","service":"btg-baixa-titulos-service","timestamp":"2026-06-03T12:10:04.783Z"}
{"lancamento":1434854194,"level":"info","message":"ℹ️ Título 109093/D já estava baixado. Processo ignorado.","service":"btg-baixa-titulos-service","situacao":"BAIXADO","timestamp":"2026-06-03T12:10:04.799Z"}
{"level":"info","message":"🔎 Processando título 111251/A","service":"btg-baixa-titulos-service","timestamp":"2026-06-03T12:10:04.803Z"}
{"level":"info","message":"🌐 Millennium request: GET /MILLENIUM!JOIN_ONEUP.LANCAMENTOS.CONSULTALANCAMENTOS?cnpj=47.485.403%2F0001-31&n_documento=111251%2FA","service":"btg-baixa-titulos-service","timestamp":"2026-06-03T12:10:04.803Z"}
{"lancamento":1434870057,"level":"info","message":"ℹ️ Título 111251/A já estava baixado. Processo ignorado.","service":"btg-baixa-titulos-service","situacao":"BAIXADO","timestamp":"2026-06-03T12:10:04.819Z"}
{"level":"info","message":"🔎 Processando título 109093/C","service":"btg-baixa-titulos-service","timestamp":"2026-06-03T12:10:04.824Z"}
{"level":"info","message":"🌐 Millennium request: GET /MILLENIUM!JOIN_ONEUP.LANCAMENTOS.CONSULTALANCAMENTOS?cnpj=57.408.548%2F0001-92&n_documento=109093%2FC","service":"btg-baixa-titulos-service","timestamp":"2026-06-03T12:10:04.824Z"}
{"lancamento":1434854193,"level":"info","message":"ℹ️ Título 109093/C já estava baixado. Processo ignorado.","service":"btg-baixa-titulos-service","situacao":"BAIXADO","timestamp":"2026-06-03T12:10:04.842Z"}
{"level":"info","message":"🔎 Processando título 111250/C","service":"btg-baixa-titulos-service","timestamp":"2026-06-03T12:10:04.848Z"}
{"level":"info","message":"🌐 Millennium request: GET /MILLENIUM!JOIN_ONEUP.LANCAMENTOS.CONSULTALANCAMENTOS?cnpj=47.485.403%2F0001-31&n_documento=111250%2FC","service":"btg-baixa-titulos-service","timestamp":"2026-06-03T12:10:04.848Z"}
{"lancamento":1434870045,"level":"info","message":"ℹ️ Título 111250/C já estava baixado. Processo ignorado.","service":"btg-baixa-titulos-service","situacao":"BAIXADO","timestamp":"2026-06-03T12:10:04.864Z"}
{"level":"info","message":"🔎 Processando título 109093/B","service":"btg-baixa-titulos-service","timestamp":"2026-06-03T12:10:04.868Z"}
{"level":"info","message":"🌐 Millennium request: GET /MILLENIUM!JOIN_ONEUP.LANCAMENTOS.CONSULTALANCAMENTOS?cnpj=57.408.548%2F0001-92&n_documento=109093%2FB","service":"btg-baixa-titulos-service","timestamp":"2026-06-03T12:10:04.868Z"}
{"lancamento":1434854192,"level":"info","message":"ℹ️ Título 109093/B já estava baixado. Processo ignorado.","service":"btg-baixa-titulos-service","situacao":"BAIXADO","timestamp":"2026-06-03T12:10:04.885Z"}
{"level":"info","message":"🔎 Processando título 109093/A","service":"btg-baixa-titulos-service","timestamp":"2026-06-03T12:10:04.889Z"}
{"level":"info","message":"🌐 Millennium request: GET /MILLENIUM!JOIN_ONEUP.LANCAMENTOS.CONSULTALANCAMENTOS?cnpj=57.408.548%2F0001-92&n_documento=109093%2FA","service":"btg-baixa-titulos-service","timestamp":"2026-06-03T12:10:04.889Z"}
{"lancamento":1434854191,"level":"info","message":"ℹ️ Título 109093/A já estava baixado. Processo ignorado.","service":"btg-baixa-titulos-service","situacao":"BAIXADO","timestamp":"2026-06-03T12:10:04.908Z"}
{"level":"info","message":"🔎 Processando título 111250/B","service":"btg-baixa-titulos-service","timestamp":"2026-06-03T12:10:04.912Z"}
{"level":"info","message":"🌐 Millennium request: GET /MILLENIUM!JOIN_ONEUP.LANCAMENTOS.CONSULTALANCAMENTOS?cnpj=47.485.403%2F0001-31&n_documento=111250%2FB","service":"btg-baixa-titulos-service","timestamp":"2026-06-03T12:10:04.912Z"}
{"lancamento":1434870044,"level":"info","message":"ℹ️ Título 111250/B já estava baixado. Processo ignorado.","service":"btg-baixa-titulos-service","situacao":"BAIXADO","timestamp":"2026-06-03T12:10:04.927Z"}
{"level":"info","message":"🔎 Processando título 110976","service":"btg-baixa-titulos-service","timestamp":"2026-06-03T12:10:04.932Z"}
{"level":"info","message":"🌐 Millennium request: GET /MILLENIUM!JOIN_ONEUP.LANCAMENTOS.CONSULTALANCAMENTOS?cnpj=77.857.555%2F0009-36&n_documento=110976","service":"btg-baixa-titulos-service","timestamp":"2026-06-03T12:10:04.932Z"}
{"lancamento":1434868578,"level":"info","message":"ℹ️ Título 110976 já estava baixado. Processo ignorado.","service":"btg-baixa-titulos-service","situacao":"BAIXADO","timestamp":"2026-06-03T12:10:04.950Z"}
{"level":"info","message":"🔎 Processando título 110946","service":"btg-baixa-titulos-service","timestamp":"2026-06-03T12:10:04.954Z"}
{"level":"info","message":"🌐 Millennium request: GET /MILLENIUM!JOIN_ONEUP.LANCAMENTOS.CONSULTALANCAMENTOS?cnpj=01.329.811%2F0001-01&n_documento=110946","service":"btg-baixa-titulos-service","timestamp":"2026-06-03T12:10:04.954Z"}
{"lancamento":1434868117,"level":"info","message":"ℹ️ Título 110946 já estava baixado. Processo ignorado.","service":"btg-baixa-titulos-service","situacao":"BAIXADO","timestamp":"2026-06-03T12:10:04.971Z"}
{"level":"info","message":"🔎 Processando título 110759/C","service":"btg-baixa-titulos-service","timestamp":"2026-06-03T12:10:04.975Z"}
{"level":"info","message":"🌐 Millennium request: GET /MILLENIUM!JOIN_ONEUP.LANCAMENTOS.CONSULTALANCAMENTOS?cnpj=73.652.158%2F0001-10&n_documento=110759%2FC","service":"btg-baixa-titulos-service","timestamp":"2026-06-03T12:10:04.975Z"}
{"lancamento":1434866525,"level":"info","message":"ℹ️ Título 110759/C já estava baixado. Processo ignorado.","service":"btg-baixa-titulos-service","situacao":"BAIXADO","timestamp":"2026-06-03T12:10:05.079Z"}
{"level":"info","message":"🔎 Processando título 110759/B","service":"btg-baixa-titulos-service","timestamp":"2026-06-03T12:10:05.089Z"}
{"level":"info","message":"🌐 Millennium request: GET /MILLENIUM!JOIN_ONEUP.LANCAMENTOS.CONSULTALANCAMENTOS?cnpj=73.652.158%2F0001-10&n_documento=110759%2FB","service":"btg-baixa-titulos-service","timestamp":"2026-06-03T12:10:05.090Z"}
{"lancamento":1434866524,"level":"info","message":"ℹ️ Título 110759/B já estava baixado. Processo ignorado.","service":"btg-baixa-titulos-service","situacao":"BAIXADO","timestamp":"2026-06-03T12:10:05.107Z"}
{"level":"info","message":"🔎 Processando título 110759/A","service":"btg-baixa-titulos-service","timestamp":"2026-06-03T12:10:05.113Z"}
{"level":"info","message":"🌐 Millennium request: GET /MILLENIUM!JOIN_ONEUP.LANCAMENTOS.CONSULTALANCAMENTOS?cnpj=73.652.158%2F0001-10&n_documento=110759%2FA","service":"btg-baixa-titulos-service","timestamp":"2026-06-03T12:10:05.113Z"}
{"lancamento":1434866523,"level":"info","message":"ℹ️ Título 110759/A já estava baixado. Processo ignorado.","service":"btg-baixa-titulos-service","situacao":"BAIXADO","timestamp":"2026-06-03T12:10:05.130Z"}
{"level":"info","message":"🔎 Processando título 110757/C","service":"btg-baixa-titulos-service","timestamp":"2026-06-03T12:10:05.135Z"}
{"level":"info","message":"🌐 Millennium request: GET /MILLENIUM!JOIN_ONEUP.LANCAMENTOS.CONSULTALANCAMENTOS?cnpj=59.205.187%2F0001-02&n_documento=110757%2FC","service":"btg-baixa-titulos-service","timestamp":"2026-06-03T12:10:05.135Z"}
{"lancamento":1434866522,"level":"info","message":"ℹ️ Título 110757/C já estava baixado. Processo ignorado.","service":"btg-baixa-titulos-service","situacao":"BAIXADO","timestamp":"2026-06-03T12:10:05.152Z"}
{"level":"info","message":"🔎 Processando título 110757/B","service":"btg-baixa-titulos-service","timestamp":"2026-06-03T12:10:05.157Z"}
{"level":"info","message":"🌐 Millennium request: GET /MILLENIUM!JOIN_ONEUP.LANCAMENTOS.CONSULTALANCAMENTOS?cnpj=59.205.187%2F0001-02&n_documento=110757%2FB","service":"btg-baixa-titulos-service","timestamp":"2026-06-03T12:10:05.157Z"}
{"lancamento":1434866521,"level":"info","message":"ℹ️ Título 110757/B já estava baixado. Processo ignorado.","service":"btg-baixa-titulos-service","situacao":"BAIXADO","timestamp":"2026-06-03T12:10:05.173Z"}
{"level":"info","message":"🔎 Processando título 110757/A","service":"btg-baixa-titulos-service","timestamp":"2026-06-03T12:10:05.178Z"}
{"level":"info","message":"🌐 Millennium request: GET /MILLENIUM!JOIN_ONEUP.LANCAMENTOS.CONSULTALANCAMENTOS?cnpj=59.205.187%2F0001-02&n_documento=110757%2FA","service":"btg-baixa-titulos-service","timestamp":"2026-06-03T12:10:05.178Z"}
{"lancamento":1434866520,"level":"info","message":"ℹ️ Título 110757/A já estava baixado. Processo ignorado.","service":"btg-baixa-titulos-service","situacao":"BAIXADO","timestamp":"2026-06-03T12:10:05.193Z"}
{"level":"info","message":"🔎 Processando título 110754/H","service":"btg-baixa-titulos-service","timestamp":"2026-06-03T12:10:05.197Z"}
{"level":"info","message":"🌐 Millennium request: GET /MILLENIUM!JOIN_ONEUP.LANCAMENTOS.CONSULTALANCAMENTOS?cnpj=03.294.992%2F0001-03&n_documento=110754%2FH","service":"btg-baixa-titulos-service","timestamp":"2026-06-03T12:10:05.197Z"}
{"lancamento":1434866518,"level":"info","message":"ℹ️ Título 110754/H já estava baixado. Processo ignorado.","service":"btg-baixa-titulos-service","situacao":"BAIXADO","timestamp":"2026-06-03T12:10:05.211Z"}
{"level":"info","message":"🔎 Processando título 110754/G","service":"btg-baixa-titulos-service","timestamp":"2026-06-03T12:10:05.215Z"}
{"level":"info","message":"🌐 Millennium request: GET /MILLENIUM!JOIN_ONEUP.LANCAMENTOS.CONSULTALANCAMENTOS?cnpj=03.294.992%2F0001-03&n_documento=110754%2FG","service":"btg-baixa-titulos-service","timestamp":"2026-06-03T12:10:05.215Z"}
{"lancamento":1434866517,"level":"info","message":"ℹ️ Título 110754/G já estava baixado. Processo ignorado.","service":"btg-baixa-titulos-service","situacao":"BAIXADO","timestamp":"2026-06-03T12:10:05.235Z"}
{"level":"info","message":"🔎 Processando título 110754/F","service":"btg-baixa-titulos-service","timestamp":"2026-06-03T12:10:05.239Z"}
{"level":"info","message":"🌐 Millennium request: GET /MILLENIUM!JOIN_ONEUP.LANCAMENTOS.CONSULTALANCAMENTOS?cnpj=03.294.992%2F0001-03&n_documento=110754%2FF","service":"btg-baixa-titulos-service","timestamp":"2026-06-03T12:10:05.239Z"}
{"lancamento":1434866516,"level":"info","message":"ℹ️ Título 110754/F já estava baixado. Processo ignorado.","service":"btg-baixa-titulos-service","situacao":"BAIXADO","timestamp":"2026-06-03T12:10:05.254Z"}
{"level":"info","message":"🔎 Processando título 110754/E","service":"btg-baixa-titulos-service","timestamp":"2026-06-03T12:10:05.257Z"}
{"level":"info","message":"🌐 Millennium request: GET /MILLENIUM!JOIN_ONEUP.LANCAMENTOS.CONSULTALANCAMENTOS?cnpj=03.294.992%2F0001-03&n_documento=110754%2FE","service":"btg-baixa-titulos-service","timestamp":"2026-06-03T12:10:05.257Z"}
{"lancamento":1434866515,"level":"info","message":"ℹ️ Título 110754/E já estava baixado. Processo ignorado.","service":"btg-baixa-titulos-service","situacao":"BAIXADO","timestamp":"2026-06-03T12:10:05.274Z"}
{"level":"info","message":"🔎 Processando título 110754/D","service":"btg-baixa-titulos-service","timestamp":"2026-06-03T12:10:05.277Z"}
{"level":"info","message":"🌐 Millennium request: GET /MILLENIUM!JOIN_ONEUP.LANCAMENTOS.CONSULTALANCAMENTOS?cnpj=03.294.992%2F0001-03&n_documento=110754%2FD","service":"btg-baixa-titulos-service","timestamp":"2026-06-03T12:10:05.277Z"}
{"lancamento":1434866514,"level":"info","message":"ℹ️ Título 110754/D já estava baixado. Processo ignorado.","service":"btg-baixa-titulos-service","situacao":"BAIXADO","timestamp":"2026-06-03T12:10:05.293Z"}
{"level":"info","message":"🔎 Processando título 110754/C","service":"btg-baixa-titulos-service","timestamp":"2026-06-03T12:10:05.297Z"}
{"level":"info","message":"🌐 Millennium request: GET /MILLENIUM!JOIN_ONEUP.LANCAMENTOS.CONSULTALANCAMENTOS?cnpj=03.294.992%2F0001-03&n_documento=110754%2FC","service":"btg-baixa-titulos-service","timestamp":"2026-06-03T12:10:05.297Z"}
{"lancamento":1434866513,"level":"info","message":"ℹ️ Título 110754/C já estava baixado. Processo ignorado.","service":"btg-baixa-titulos-service","situacao":"BAIXADO","timestamp":"2026-06-03T12:10:05.313Z"}
{"level":"info","message":"🔎 Processando título 110754/B","service":"btg-baixa-titulos-service","timestamp":"2026-06-03T12:10:05.317Z"}
{"level":"info","message":"🌐 Millennium request: GET /MILLENIUM!JOIN_ONEUP.LANCAMENTOS.CONSULTALANCAMENTOS?cnpj=03.294.992%2F0001-03&n_documento=110754%2FB","service":"btg-baixa-titulos-service","timestamp":"2026-06-03T12:10:05.317Z"}
{"lancamento":1434866512,"level":"info","message":"ℹ️ Título 110754/B já estava baixado. Processo ignorado.","service":"btg-baixa-titulos-service","situacao":"BAIXADO","timestamp":"2026-06-03T12:10:05.333Z"}
{"level":"info","message":"🔎 Processando título 110597/E","service":"btg-baixa-titulos-service","timestamp":"2026-06-03T12:10:05.337Z"}
{"level":"info","message":"🌐 Millennium request: GET /MILLENIUM!JOIN_ONEUP.LANCAMENTOS.CONSULTALANCAMENTOS?cnpj=03.247.651%2F0001-79&n_documento=110597%2FE","service":"btg-baixa-titulos-service","timestamp":"2026-06-03T12:10:05.337Z"}
{"lancamento":1434863697,"level":"info","message":"ℹ️ Título 110597/E já estava baixado. Processo ignorado.","service":"btg-baixa-titulos-service","situacao":"BAIXADO","timestamp":"2026-06-03T12:10:05.352Z"}
{"level":"info","message":"🔎 Processando título 110597/D","service":"btg-baixa-titulos-service","timestamp":"2026-06-03T12:10:05.357Z"}
{"level":"info","message":"🌐 Millennium request: GET /MILLENIUM!JOIN_ONEUP.LANCAMENTOS.CONSULTALANCAMENTOS?cnpj=03.247.651%2F0001-79&n_documento=110597%2FD","service":"btg-baixa-titulos-service","timestamp":"2026-06-03T12:10:05.357Z"}
{"lancamento":1434863696,"level":"info","message":"ℹ️ Título 110597/D já estava baixado. Processo ignorado.","service":"btg-baixa-titulos-service","situacao":"BAIXADO","timestamp":"2026-06-03T12:10:05.373Z"}
{"level":"info","message":"🔎 Processando título 110597/C","service":"btg-baixa-titulos-service","timestamp":"2026-06-03T12:10:05.377Z"}
{"level":"info","message":"🌐 Millennium request: GET /MILLENIUM!JOIN_ONEUP.LANCAMENTOS.CONSULTALANCAMENTOS?cnpj=03.247.651%2F0001-79&n_documento=110597%2FC","service":"btg-baixa-titulos-service","timestamp":"2026-06-03T12:10:05.377Z"}
{"lancamento":1434863695,"level":"info","message":"ℹ️ Título 110597/C já estava baixado. Processo ignorado.","service":"btg-baixa-titulos-service","situacao":"BAIXADO","timestamp":"2026-06-03T12:10:05.394Z"}
{"level":"info","message":"🔎 Processando título 110597/B","service":"btg-baixa-titulos-service","timestamp":"2026-06-03T12:10:05.397Z"}
{"level":"info","message":"🌐 Millennium request: GET /MILLENIUM!JOIN_ONEUP.LANCAMENTOS.CONSULTALANCAMENTOS?cnpj=03.247.651%2F0001-79&n_documento=110597%2FB","service":"btg-baixa-titulos-service","timestamp":"2026-06-03T12:10:05.397Z"}
{"lancamento":1434863694,"level":"info","message":"ℹ️ Título 110597/B já estava baixado. Processo ignorado.","service":"btg-baixa-titulos-service","situacao":"BAIXADO","timestamp":"2026-06-03T12:10:05.411Z"}
{"level":"info","message":"🔎 Processando título 110597/A","service":"btg-baixa-titulos-service","timestamp":"2026-06-03T12:10:05.414Z"}
{"level":"info","message":"🌐 Millennium request: GET /MILLENIUM!JOIN_ONEUP.LANCAMENTOS.CONSULTALANCAMENTOS?cnpj=03.247.651%2F0001-79&n_documento=110597%2FA","service":"btg-baixa-titulos-service","timestamp":"2026-06-03T12:10:05.414Z"}
{"lancamento":1434863693,"level":"info","message":"ℹ️ Título 110597/A já estava baixado. Processo ignorado.","service":"btg-baixa-titulos-service","situacao":"BAIXADO","timestamp":"2026-06-03T12:10:05.431Z"}
{"level":"info","message":"🔎 Processando título 110754/A","service":"btg-baixa-titulos-service","timestamp":"2026-06-03T12:10:05.433Z"}
{"level":"info","message":"🌐 Millennium request: GET /MILLENIUM!JOIN_ONEUP.LANCAMENTOS.CONSULTALANCAMENTOS?cnpj=03.294.992%2F0001-03&n_documento=110754%2FA","service":"btg-baixa-titulos-service","timestamp":"2026-06-03T12:10:05.433Z"}
{"lancamento":1434866511,"level":"info","message":"ℹ️ Título 110754/A já estava baixado. Processo ignorado.","service":"btg-baixa-titulos-service","situacao":"BAIXADO","timestamp":"2026-06-03T12:10:05.450Z"}
{"level":"info","message":"🔎 Processando título 110596/E","service":"btg-baixa-titulos-service","timestamp":"2026-06-03T12:10:05.453Z"}
{"level":"info","message":"🌐 Millennium request: GET /MILLENIUM!JOIN_ONEUP.LANCAMENTOS.CONSULTALANCAMENTOS?cnpj=44.999.259%2F0001-63&n_documento=110596%2FE","service":"btg-baixa-titulos-service","timestamp":"2026-06-03T12:10:05.453Z"}
{"lancamento":1434863676,"level":"info","message":"ℹ️ Título 110596/E já estava baixado. Processo ignorado.","service":"btg-baixa-titulos-service","situacao":"BAIXADO","timestamp":"2026-06-03T12:10:05.468Z"}
{"level":"info","message":"🔎 Processando título 110596/D","service":"btg-baixa-titulos-service","timestamp":"2026-06-03T12:10:05.471Z"}
{"level":"info","message":"🌐 Millennium request: GET /MILLENIUM!JOIN_ONEUP.LANCAMENTOS.CONSULTALANCAMENTOS?cnpj=44.999.259%2F0001-63&n_documento=110596%2FD","service":"btg-baixa-titulos-service","timestamp":"2026-06-03T12:10:05.471Z"}
{"lancamento":1434863675,"level":"info","message":"ℹ️ Título 110596/D já estava baixado. Processo ignorado.","service":"btg-baixa-titulos-service","situacao":"BAIXADO","timestamp":"2026-06-03T12:10:05.488Z"}
{"level":"info","message":"🔎 Processando título 110596/C","service":"btg-baixa-titulos-service","timestamp":"2026-06-03T12:10:05.492Z"}
{"level":"info","message":"🌐 Millennium request: GET /MILLENIUM!JOIN_ONEUP.LANCAMENTOS.CONSULTALANCAMENTOS?cnpj=44.999.259%2F0001-63&n_documento=110596%2FC","service":"btg-baixa-titulos-service","timestamp":"2026-06-03T12:10:05.492Z"}
{"lancamento":1434863674,"level":"info","message":"ℹ️ Título 110596/C já estava baixado. Processo ignorado.","service":"btg-baixa-titulos-service","situacao":"BAIXADO","timestamp":"2026-06-03T12:10:05.508Z"}
{"level":"info","message":"🔎 Processando título 110596/B","service":"btg-baixa-titulos-service","timestamp":"2026-06-03T12:10:05.511Z"}
{"level":"info","message":"🌐 Millennium request: GET /MILLENIUM!JOIN_ONEUP.LANCAMENTOS.CONSULTALANCAMENTOS?cnpj=44.999.259%2F0001-63&n_documento=110596%2FB","service":"btg-baixa-titulos-service","timestamp":"2026-06-03T12:10:05.511Z"}
{"lancamento":1434863673,"level":"info","message":"ℹ️ Título 110596/B já estava baixado. Processo ignorado.","service":"btg-baixa-titulos-service","situacao":"BAIXADO","timestamp":"2026-06-03T12:10:05.614Z"}
{"level":"info","message":"🔎 Processando título 110596/A","service":"btg-baixa-titulos-service","timestamp":"2026-06-03T12:10:05.624Z"}
{"level":"info","message":"🌐 Millennium request: GET /MILLENIUM!JOIN_ONEUP.LANCAMENTOS.CONSULTALANCAMENTOS?cnpj=44.999.259%2F0001-63&n_documento=110596%2FA","service":"btg-baixa-titulos-service","timestamp":"2026-06-03T12:10:05.624Z"}
{"lancamento":1434863672,"level":"info","message":"ℹ️ Título 110596/A já estava baixado. Processo ignorado.","service":"btg-baixa-titulos-service","situacao":"BAIXADO","timestamp":"2026-06-03T12:10:05.643Z"}
{"level":"info","message":"🔎 Processando título 37614/F","service":"btg-baixa-titulos-service","timestamp":"2026-06-03T12:10:05.649Z"}
{"level":"info","message":"🌐 Millennium request: GET /MILLENIUM!JOIN_ONEUP.LANCAMENTOS.CONSULTALANCAMENTOS?n_documento=37614%2FF&cpf=906.260.791-87","service":"btg-baixa-titulos-service","timestamp":"2026-06-03T12:10:05.649Z"}
{"lancamento":1434861828,"level":"info","message":"ℹ️ Título 37614/F já estava baixado. Processo ignorado.","service":"btg-baixa-titulos-service","situacao":"BAIXADO","timestamp":"2026-06-03T12:10:05.665Z"}
{"level":"info","message":"🔎 Processando título 37614/E","service":"btg-baixa-titulos-service","timestamp":"2026-06-03T12:10:05.672Z"}
{"level":"info","message":"🌐 Millennium request: GET /MILLENIUM!JOIN_ONEUP.LANCAMENTOS.CONSULTALANCAMENTOS?n_documento=37614%2FE&cpf=906.260.791-87","service":"btg-baixa-titulos-service","timestamp":"2026-06-03T12:10:05.672Z"}
{"lancamento":1434861827,"level":"info","message":"ℹ️ Título 37614/E já estava baixado. Processo ignorado.","service":"btg-baixa-titulos-service","situacao":"BAIXADO","timestamp":"2026-06-03T12:10:05.688Z"}
{"level":"info","message":"🔎 Processando título 110233/A","service":"btg-baixa-titulos-service","timestamp":"2026-06-03T12:10:05.692Z"}
{"level":"info","message":"🌐 Millennium request: GET /MILLENIUM!JOIN_ONEUP.LANCAMENTOS.CONSULTALANCAMENTOS?cnpj=07.030.508%2F0001-81&n_documento=110233%2FA","service":"btg-baixa-titulos-service","timestamp":"2026-06-03T12:10:05.692Z"}
{"lancamento":1434861382,"level":"info","message":"ℹ️ Título 110233/A já estava baixado. Processo ignorado.","service":"btg-baixa-titulos-service","situacao":"BAIXADO","timestamp":"2026-06-03T12:10:05.710Z"}
{"level":"info","message":"🔎 Processando título 37614/D","service":"btg-baixa-titulos-service","timestamp":"2026-06-03T12:10:05.714Z"}
{"level":"info","message":"🌐 Millennium request: GET /MILLENIUM!JOIN_ONEUP.LANCAMENTOS.CONSULTALANCAMENTOS?n_documento=37614%2FD&cpf=906.260.791-87","service":"btg-baixa-titulos-service","timestamp":"2026-06-03T12:10:05.714Z"}
{"lancamento":1434861826,"level":"info","message":"ℹ️ Título 37614/D já estava baixado. Processo ignorado.","service":"btg-baixa-titulos-service","situacao":"BAIXADO","timestamp":"2026-06-03T12:10:05.730Z"}
{"level":"info","message":"🔎 Processando título 37614/C","service":"btg-baixa-titulos-service","timestamp":"2026-06-03T12:10:05.734Z"}
{"level":"info","message":"🌐 Millennium request: GET /MILLENIUM!JOIN_ONEUP.LANCAMENTOS.CONSULTALANCAMENTOS?n_documento=37614%2FC&cpf=906.260.791-87","service":"btg-baixa-titulos-service","timestamp":"2026-06-03T12:10:05.734Z"}
{"lancamento":1434861825,"level":"info","message":"ℹ️ Título 37614/C já estava baixado. Processo ignorado.","service":"btg-baixa-titulos-service","situacao":"BAIXADO","timestamp":"2026-06-03T12:10:05.749Z"}
{"level":"info","message":"🔎 Processando título 110594/E","service":"btg-baixa-titulos-service","timestamp":"2026-06-03T12:10:05.754Z"}
{"level":"info","message":"🌐 Millennium request: GET /MILLENIUM!JOIN_ONEUP.LANCAMENTOS.CONSULTALANCAMENTOS?cnpj=00.768.271%2F0001-91&n_documento=110594%2FE","service":"btg-baixa-titulos-service","timestamp":"2026-06-03T12:10:05.755Z"}
{"lancamento":1434863645,"level":"info","message":"ℹ️ Título 110594/E já estava baixado. Processo ignorado.","service":"btg-baixa-titulos-service","situacao":"BAIXADO","timestamp":"2026-06-03T12:10:05.770Z"}
{"level":"info","message":"🔎 Processando título 37614/B","service":"btg-baixa-titulos-service","timestamp":"2026-06-03T12:10:05.774Z"}
{"level":"info","message":"🌐 Millennium request: GET /MILLENIUM!JOIN_ONEUP.LANCAMENTOS.CONSULTALANCAMENTOS?n_documento=37614%2FB&cpf=906.260.791-87","service":"btg-baixa-titulos-service","timestamp":"2026-06-03T12:10:05.774Z"}
{"lancamento":1434861824,"level":"info","message":"ℹ️ Título 37614/B já estava baixado. Processo ignorado.","service":"btg-baixa-titulos-service","situacao":"BAIXADO","timestamp":"2026-06-03T12:10:05.799Z"}
{"level":"info","message":"🔎 Processando título 110594/D","service":"btg-baixa-titulos-service","timestamp":"2026-06-03T12:10:05.805Z"}
{"level":"info","message":"🌐 Millennium request: GET /MILLENIUM!JOIN_ONEUP.LANCAMENTOS.CONSULTALANCAMENTOS?cnpj=00.768.271%2F0001-91&n_documento=110594%2FD","service":"btg-baixa-titulos-service","timestamp":"2026-06-03T12:10:05.805Z"}
{"lancamento":1434863644,"level":"info","message":"ℹ️ Título 110594/D já estava baixado. Processo ignorado.","service":"btg-baixa-titulos-service","situacao":"BAIXADO","timestamp":"2026-06-03T12:10:05.821Z"}
{"level":"info","message":"🔎 Processando título 37614/A","service":"btg-baixa-titulos-service","timestamp":"2026-06-03T12:10:05.826Z"}
{"level":"info","message":"🌐 Millennium request: GET /MILLENIUM!JOIN_ONEUP.LANCAMENTOS.CONSULTALANCAMENTOS?n_documento=37614%2FA&cpf=906.260.791-87","service":"btg-baixa-titulos-service","timestamp":"2026-06-03T12:10:05.826Z"}
{"lancamento":1434861823,"level":"info","message":"ℹ️ Título 37614/A já estava baixado. Processo ignorado.","service":"btg-baixa-titulos-service","situacao":"BAIXADO","timestamp":"2026-06-03T12:10:05.843Z"}
{"level":"info","message":"🔎 Processando título 110594/C","service":"btg-baixa-titulos-service","timestamp":"2026-06-03T12:10:05.847Z"}
{"level":"info","message":"🌐 Millennium request: GET /MILLENIUM!JOIN_ONEUP.LANCAMENTOS.CONSULTALANCAMENTOS?cnpj=00.768.271%2F0001-91&n_documento=110594%2FC","service":"btg-baixa-titulos-service","timestamp":"2026-06-03T12:10:05.847Z"}
{"lancamento":1434863643,"level":"info","message":"ℹ️ Título 110594/C já estava baixado. Processo ignorado.","service":"btg-baixa-titulos-service","situacao":"BAIXADO","timestamp":"2026-06-03T12:10:05.862Z"}
{"level":"info","message":"🔎 Processando título 110942/C","service":"btg-baixa-titulos-service","timestamp":"2026-06-03T12:10:05.868Z"}
{"level":"info","message":"🌐 Millennium request: GET /MILLENIUM!JOIN_ONEUP.LANCAMENTOS.CONSULTALANCAMENTOS?cnpj=50.649.490%2F0001-20&n_documento=110942%2FC","service":"btg-baixa-titulos-service","timestamp":"2026-06-03T12:10:05.868Z"}
{"lancamento":1434868107,"level":"info","message":"ℹ️ Título 110942/C já estava baixado. Processo ignorado.","service":"btg-baixa-titulos-service","situacao":"BAIXADO","timestamp":"2026-06-03T12:10:05.884Z"}
{"level":"info","message":"🔎 Processando título 110594/B","service":"btg-baixa-titulos-service","timestamp":"2026-06-03T12:10:05.889Z"}
{"level":"info","message":"🌐 Millennium request: GET /MILLENIUM!JOIN_ONEUP.LANCAMENTOS.CONSULTALANCAMENTOS?cnpj=00.768.271%2F0001-91&n_documento=110594%2FB","service":"btg-baixa-titulos-service","timestamp":"2026-06-03T12:10:05.889Z"}
{"lancamento":1434863642,"level":"info","message":"ℹ️ Título 110594/B já estava baixado. Processo ignorado.","service":"btg-baixa-titulos-service","situacao":"BAIXADO","timestamp":"2026-06-03T12:10:05.904Z"}
{"level":"info","message":"🔎 Processando título 110942/B","service":"btg-baixa-titulos-service","timestamp":"2026-06-03T12:10:05.909Z"}
{"level":"info","message":"🌐 Millennium request: GET /MILLENIUM!JOIN_ONEUP.LANCAMENTOS.CONSULTALANCAMENTOS?cnpj=50.649.490%2F0001-20&n_documento=110942%2FB","service":"btg-baixa-titulos-service","timestamp":"2026-06-03T12:10:05.909Z"}
{"lancamento":1434868106,"level":"info","message":"ℹ️ Título 110942/B já estava baixado. Processo ignorado.","service":"btg-baixa-titulos-service","situacao":"BAIXADO","timestamp":"2026-06-03T12:10:05.926Z"}
{"level":"info","message":"🔎 Processando título 110942/A","service":"btg-baixa-titulos-service","timestamp":"2026-06-03T12:10:05.930Z"}
{"level":"info","message":"🌐 Millennium request: GET /MILLENIUM!JOIN_ONEUP.LANCAMENTOS.CONSULTALANCAMENTOS?cnpj=50.649.490%2F0001-20&n_documento=110942%2FA","service":"btg-baixa-titulos-service","timestamp":"2026-06-03T12:10:05.930Z"}
{"lancamento":1434868105,"level":"info","message":"ℹ️ Título 110942/A já estava baixado. Processo ignorado.","service":"btg-baixa-titulos-service","situacao":"BAIXADO","timestamp":"2026-06-03T12:10:05.948Z"}
{"level":"info","message":"🔎 Processando título 110594/A","service":"btg-baixa-titulos-service","timestamp":"2026-06-03T12:10:05.953Z"}
{"level":"info","message":"🌐 Millennium request: GET /MILLENIUM!JOIN_ONEUP.LANCAMENTOS.CONSULTALANCAMENTOS?cnpj=00.768.271%2F0001-91&n_documento=110594%2FA","service":"btg-baixa-titulos-service","timestamp":"2026-06-03T12:10:05.953Z"}
{"lancamento":1434863641,"level":"info","message":"ℹ️ Título 110594/A já estava baixado. Processo ignorado.","service":"btg-baixa-titulos-service","situacao":"BAIXADO","timestamp":"2026-06-03T12:10:05.969Z"}
{"level":"info","message":"🔎 Processando título 110941/C","service":"btg-baixa-titulos-service","timestamp":"2026-06-03T12:10:05.975Z"}
{"level":"info","message":"🌐 Millennium request: GET /MILLENIUM!JOIN_ONEUP.LANCAMENTOS.CONSULTALANCAMENTOS?cnpj=50.649.490%2F0001-20&n_documento=110941%2FC","service":"btg-baixa-titulos-service","timestamp":"2026-06-03T12:10:05.975Z"}
{"lancamento":1434868102,"level":"info","message":"ℹ️ Título 110941/C já estava baixado. Processo ignorado.","service":"btg-baixa-titulos-service","situacao":"BAIXADO","timestamp":"2026-06-03T12:10:05.992Z"}
{"level":"info","message":"🔎 Processando título 110168/C","service":"btg-baixa-titulos-service","timestamp":"2026-06-03T12:10:05.997Z"}
{"level":"info","message":"🌐 Millennium request: GET /MILLENIUM!JOIN_ONEUP.LANCAMENTOS.CONSULTALANCAMENTOS?cnpj=59.205.187%2F0001-02&n_documento=110168%2FC","service":"btg-baixa-titulos-service","timestamp":"2026-06-03T12:10:05.997Z"}
{"lancamento":1434860998,"level":"info","message":"ℹ️ Título 110168/C já estava baixado. Processo ignorado.","service":"btg-baixa-titulos-service","situacao":"BAIXADO","timestamp":"2026-06-03T12:10:06.019Z"}
{"level":"info","message":"🔎 Processando título 110941/B","service":"btg-baixa-titulos-service","timestamp":"2026-06-03T12:10:06.024Z"}
{"level":"info","message":"🌐 Millennium request: GET /MILLENIUM!JOIN_ONEUP.LANCAMENTOS.CONSULTALANCAMENTOS?cnpj=50.649.490%2F0001-20&n_documento=110941%2FB","service":"btg-baixa-titulos-service","timestamp":"2026-06-03T12:10:06.024Z"}
{"lancamento":1434868101,"level":"info","message":"ℹ️ Título 110941/B já estava baixado. Processo ignorado.","service":"btg-baixa-titulos-service","situacao":"BAIXADO","timestamp":"2026-06-03T12:10:06.127Z"}
{"level":"info","message":"🔎 Processando título 110168/B","service":"btg-baixa-titulos-service","timestamp":"2026-06-03T12:10:06.138Z"}
{"level":"info","message":"🌐 Millennium request: GET /MILLENIUM!JOIN_ONEUP.LANCAMENTOS.CONSULTALANCAMENTOS?cnpj=59.205.187%2F0001-02&n_documento=110168%2FB","service":"btg-baixa-titulos-service","timestamp":"2026-06-03T12:10:06.138Z"}
{"lancamento":1434860997,"level":"info","message":"ℹ️ Título 110168/B já estava baixado. Processo ignorado.","service":"btg-baixa-titulos-service","situacao":"BAIXADO","timestamp":"2026-06-03T12:10:06.162Z"}
{"level":"info","message":"🔎 Processando título 110941/A","service":"btg-baixa-titulos-service","timestamp":"2026-06-03T12:10:06.170Z"}
{"level":"info","message":"🌐 Millennium request: GET /MILLENIUM!JOIN_ONEUP.LANCAMENTOS.CONSULTALANCAMENTOS?cnpj=50.649.490%2F0001-20&n_documento=110941%2FA","service":"btg-baixa-titulos-service","timestamp":"2026-06-03T12:10:06.171Z"}
{"lancamento":1434868100,"level":"info","message":"ℹ️ Título 110941/A já estava baixado. Processo ignorado.","service":"btg-baixa-titulos-service","situacao":"BAIXADO","timestamp":"2026-06-03T12:10:06.189Z"}
{"level":"info","message":"🔎 Processando título 110168/A","service":"btg-baixa-titulos-service","timestamp":"2026-06-03T12:10:06.197Z"}
{"level":"info","message":"🌐 Millennium request: GET /MILLENIUM!JOIN_ONEUP.LANCAMENTOS.CONSULTALANCAMENTOS?cnpj=59.205.187%2F0001-02&n_documento=110168%2FA","service":"btg-baixa-titulos-service","timestamp":"2026-06-03T12:10:06.197Z"}
{"lancamento":1434860996,"level":"info","message":"ℹ️ Título 110168/A já estava baixado. Processo ignorado.","service":"btg-baixa-titulos-service","situacao":"BAIXADO","timestamp":"2026-06-03T12:10:06.214Z"}
{"level":"info","message":"🔎 Processando título 110939/C","service":"btg-baixa-titulos-service","timestamp":"2026-06-03T12:10:06.220Z"}
{"level":"info","message":"🌐 Millennium request: GET /MILLENIUM!JOIN_ONEUP.LANCAMENTOS.CONSULTALANCAMENTOS?cnpj=50.649.490%2F0001-20&n_documento=110939%2FC","service":"btg-baixa-titulos-service","timestamp":"2026-06-03T12:10:06.220Z"}
{"lancamento":1434868098,"level":"info","message":"ℹ️ Título 110939/C já estava baixado. Processo ignorado.","service":"btg-baixa-titulos-service","situacao":"BAIXADO","timestamp":"2026-06-03T12:10:06.235Z"}
{"level":"info","message":"🔎 Processando título 110591","service":"btg-baixa-titulos-service","timestamp":"2026-06-03T12:10:06.240Z"}
{"level":"info","message":"🌐 Millennium request: GET /MILLENIUM!JOIN_ONEUP.LANCAMENTOS.CONSULTALANCAMENTOS?cnpj=01.329.811%2F0001-01&n_documento=110591","service":"btg-baixa-titulos-service","timestamp":"2026-06-03T12:10:06.240Z"}
{"lancamento":1434863544,"level":"info","message":"ℹ️ Título 110591 já estava baixado. Processo ignorado.","service":"btg-baixa-titulos-service","situacao":"BAIXADO","timestamp":"2026-06-03T12:10:06.256Z"}
{"level":"info","message":"🔎 Processando título 110939/B","service":"btg-baixa-titulos-service","timestamp":"2026-06-03T12:10:06.260Z"}
{"level":"info","message":"🌐 Millennium request: GET /MILLENIUM!JOIN_ONEUP.LANCAMENTOS.CONSULTALANCAMENTOS?cnpj=50.649.490%2F0001-20&n_documento=110939%2FB","service":"btg-baixa-titulos-service","timestamp":"2026-06-03T12:10:06.260Z"}
{"lancamento":1434868097,"level":"info","message":"ℹ️ Título 110939/B já estava baixado. Processo ignorado.","service":"btg-baixa-titulos-service","situacao":"BAIXADO","timestamp":"2026-06-03T12:10:06.274Z"}
{"level":"info","message":"🔎 Processando título 110595/D","service":"btg-baixa-titulos-service","timestamp":"2026-06-03T12:10:06.278Z"}
{"level":"info","message":"🌐 Millennium request: GET /MILLENIUM!JOIN_ONEUP.LANCAMENTOS.CONSULTALANCAMENTOS?cnpj=57.408.548%2F0001-92&n_documento=110595%2FD","service":"btg-baixa-titulos-service","timestamp":"2026-06-03T12:10:06.278Z"}
{"lancamento":1434863649,"level":"info","message":"ℹ️ Título 110595/D já estava baixado. Processo ignorado.","service":"btg-baixa-titulos-service","situacao":"BAIXADO","timestamp":"2026-06-03T12:10:06.292Z"}
{"level":"info","message":"🔎 Processando título 110939/A","service":"btg-baixa-titulos-service","timestamp":"2026-06-03T12:10:06.297Z"}
{"level":"info","message":"🌐 Millennium request: GET /MILLENIUM!JOIN_ONEUP.LANCAMENTOS.CONSULTALANCAMENTOS?cnpj=50.649.490%2F0001-20&n_documento=110939%2FA","service":"btg-baixa-titulos-service","timestamp":"2026-06-03T12:10:06.297Z"}
{"lancamento":1434868096,"level":"info","message":"ℹ️ Título 110939/A já estava baixado. Processo ignorado.","service":"btg-baixa-titulos-service","situacao":"BAIXADO","timestamp":"2026-06-03T12:10:06.314Z"}
{"level":"info","message":"🔎 Processando título 110595/C","service":"btg-baixa-titulos-service","timestamp":"2026-06-03T12:10:06.318Z"}
{"level":"info","message":"🌐 Millennium request: GET /MILLENIUM!JOIN_ONEUP.LANCAMENTOS.CONSULTALANCAMENTOS?cnpj=57.408.548%2F0001-92&n_documento=110595%2FC","service":"btg-baixa-titulos-service","timestamp":"2026-06-03T12:10:06.318Z"}
{"lancamento":1434863648,"level":"info","message":"ℹ️ Título 110595/C já estava baixado. Processo ignorado.","service":"btg-baixa-titulos-service","situacao":"BAIXADO","timestamp":"2026-06-03T12:10:06.373Z"}
{"level":"info","message":"🔎 Processando título 110938/C","service":"btg-baixa-titulos-service","timestamp":"2026-06-03T12:10:06.383Z"}
{"level":"info","message":"🌐 Millennium request: GET /MILLENIUM!JOIN_ONEUP.LANCAMENTOS.CONSULTALANCAMENTOS?cnpj=50.649.490%2F0001-20&n_documento=110938%2FC","service":"btg-baixa-titulos-service","timestamp":"2026-06-03T12:10:06.383Z"}
{"lancamento":1434868095,"level":"info","message":"ℹ️ Título 110938/C já estava baixado. Processo ignorado.","service":"btg-baixa-titulos-service","situacao":"BAIXADO","timestamp":"2026-06-03T12:10:06.440Z"}
{"level":"info","message":"🔎 Processando título 110595/B","service":"btg-baixa-titulos-service","timestamp":"2026-06-03T12:10:06.450Z"}
{"level":"info","message":"🌐 Millennium request: GET /MILLENIUM!JOIN_ONEUP.LANCAMENTOS.CONSULTALANCAMENTOS?cnpj=57.408.548%2F0001-92&n_documento=110595%2FB","service":"btg-baixa-titulos-service","timestamp":"2026-06-03T12:10:06.451Z"}
{"lancamento":1434863647,"level":"info","message":"ℹ️ Título 110595/B já estava baixado. Processo ignorado.","service":"btg-baixa-titulos-service","situacao":"BAIXADO","timestamp":"2026-06-03T12:10:06.469Z"}
{"level":"info","message":"🔎 Processando título 110938/B","service":"btg-baixa-titulos-service","timestamp":"2026-06-03T12:10:06.477Z"}
{"level":"info","message":"🌐 Millennium request: GET /MILLENIUM!JOIN_ONEUP.LANCAMENTOS.CONSULTALANCAMENTOS?cnpj=50.649.490%2F0001-20&n_documento=110938%2FB","service":"btg-baixa-titulos-service","timestamp":"2026-06-03T12:10:06.477Z"}
{"lancamento":1434868094,"level":"info","message":"ℹ️ Título 110938/B já estava baixado. Processo ignorado.","service":"btg-baixa-titulos-service","situacao":"BAIXADO","timestamp":"2026-06-03T12:10:06.494Z"}
{"level":"info","message":"🔎 Processando título 110595/A","service":"btg-baixa-titulos-service","timestamp":"2026-06-03T12:10:06.498Z"}
{"level":"info","message":"🌐 Millennium request: GET /MILLENIUM!JOIN_ONEUP.LANCAMENTOS.CONSULTALANCAMENTOS?cnpj=57.408.548%2F0001-92&n_documento=110595%2FA","service":"btg-baixa-titulos-service","timestamp":"2026-06-03T12:10:06.498Z"}
{"lancamento":1434863646,"level":"info","message":"ℹ️ Título 110595/A já estava baixado. Processo ignorado.","service":"btg-baixa-titulos-service","situacao":"BAIXADO","timestamp":"2026-06-03T12:10:06.514Z"}
{"level":"info","message":"🔎 Processando título 110938/A","service":"btg-baixa-titulos-service","timestamp":"2026-06-03T12:10:06.519Z"}
{"level":"info","message":"🌐 Millennium request: GET /MILLENIUM!JOIN_ONEUP.LANCAMENTOS.CONSULTALANCAMENTOS?cnpj=50.649.490%2F0001-20&n_documento=110938%2FA","service":"btg-baixa-titulos-service","timestamp":"2026-06-03T12:10:06.519Z"}
{"lancamento":1434868093,"level":"info","message":"ℹ️ Título 110938/A já estava baixado. Processo ignorado.","service":"btg-baixa-titulos-service","situacao":"BAIXADO","timestamp":"2026-06-03T12:10:06.535Z"}
{"level":"info","message":"🔎 Processando título 110166/D","service":"btg-baixa-titulos-service","timestamp":"2026-06-03T12:10:06.540Z"}
{"level":"info","message":"🌐 Millennium request: GET /MILLENIUM!JOIN_ONEUP.LANCAMENTOS.CONSULTALANCAMENTOS?cnpj=57.408.548%2F0001-92&n_documento=110166%2FD","service":"btg-baixa-titulos-service","timestamp":"2026-06-03T12:10:06.540Z"}
{"lancamento":1434860994,"level":"info","message":"ℹ️ Título 110166/D já estava baixado. Processo ignorado.","service":"btg-baixa-titulos-service","situacao":"BAIXADO","timestamp":"2026-06-03T12:10:06.650Z"}
{"level":"info","message":"🔎 Processando título 110937/C","service":"btg-baixa-titulos-service","timestamp":"2026-06-03T12:10:06.661Z"}
{"level":"info","message":"🌐 Millennium request: GET /MILLENIUM!JOIN_ONEUP.LANCAMENTOS.CONSULTALANCAMENTOS?cnpj=50.649.490%2F0001-20&n_documento=110937%2FC","service":"btg-baixa-titulos-service","timestamp":"2026-06-03T12:10:06.661Z"}
{"lancamento":1434868091,"level":"info","message":"ℹ️ Título 110937/C já estava baixado. Processo ignorado.","service":"btg-baixa-titulos-service","situacao":"BAIXADO","timestamp":"2026-06-03T12:10:06.676Z"}
{"level":"info","message":"🔎 Processando título 110166/C","service":"btg-baixa-titulos-service","timestamp":"2026-06-03T12:10:06.682Z"}
{"level":"info","message":"🌐 Millennium request: GET /MILLENIUM!JOIN_ONEUP.LANCAMENTOS.CONSULTALANCAMENTOS?cnpj=57.408.548%2F0001-92&n_documento=110166%2FC","service":"btg-baixa-titulos-service","timestamp":"2026-06-03T12:10:06.682Z"}
{"lancamento":1434860993,"level":"info","message":"ℹ️ Título 110166/C já estava baixado. Processo ignorado.","service":"btg-baixa-titulos-service","situacao":"BAIXADO","timestamp":"2026-06-03T12:10:06.700Z"}
{"level":"info","message":"🔎 Processando título 110937/B","service":"btg-baixa-titulos-service","timestamp":"2026-06-03T12:10:06.706Z"}
{"level":"info","message":"🌐 Millennium request: GET /MILLENIUM!JOIN_ONEUP.LANCAMENTOS.CONSULTALANCAMENTOS?cnpj=50.649.490%2F0001-20&n_documento=110937%2FB","service":"btg-baixa-titulos-service","timestamp":"2026-06-03T12:10:06.706Z"}
{"lancamento":1434868090,"level":"info","message":"ℹ️ Título 110937/B já estava baixado. Processo ignorado.","service":"btg-baixa-titulos-service","situacao":"BAIXADO","timestamp":"2026-06-03T12:10:06.722Z"}
{"level":"info","message":"🔎 Processando título 110166/B","service":"btg-baixa-titulos-service","timestamp":"2026-06-03T12:10:06.727Z"}
{"level":"info","message":"🌐 Millennium request: GET /MILLENIUM!JOIN_ONEUP.LANCAMENTOS.CONSULTALANCAMENTOS?cnpj=57.408.548%2F0001-92&n_documento=110166%2FB","service":"btg-baixa-titulos-service","timestamp":"2026-06-03T12:10:06.727Z"}
{"lancamento":1434860992,"level":"info","message":"ℹ️ Título 110166/B já estava baixado. Processo ignorado.","service":"btg-baixa-titulos-service","situacao":"BAIXADO","timestamp":"2026-06-03T12:10:06.744Z"}
{"level":"info","message":"🔎 Processando título 110937/A","service":"btg-baixa-titulos-service","timestamp":"2026-06-03T12:10:06.749Z"}
{"level":"info","message":"🌐 Millennium request: GET /MILLENIUM!JOIN_ONEUP.LANCAMENTOS.CONSULTALANCAMENTOS?cnpj=50.649.490%2F0001-20&n_documento=110937%2FA","service":"btg-baixa-titulos-service","timestamp":"2026-06-03T12:10:06.749Z"}
{"lancamento":1434868089,"level":"info","message":"ℹ️ Título 110937/A já estava baixado. Processo ignorado.","service":"btg-baixa-titulos-service","situacao":"BAIXADO","timestamp":"2026-06-03T12:10:06.766Z"}
{"level":"info","message":"🔎 Processando título 110166/A","service":"btg-baixa-titulos-service","timestamp":"2026-06-03T12:10:06.772Z"}
{"level":"info","message":"🌐 Millennium request: GET /MILLENIUM!JOIN_ONEUP.LANCAMENTOS.CONSULTALANCAMENTOS?cnpj=57.408.548%2F0001-92&n_documento=110166%2FA","service":"btg-baixa-titulos-service","timestamp":"2026-06-03T12:10:06.772Z"}
{"lancamento":1434860991,"level":"info","message":"ℹ️ Título 110166/A já estava baixado. Processo ignorado.","service":"btg-baixa-titulos-service","situacao":"BAIXADO","timestamp":"2026-06-03T12:10:06.786Z"}
{"level":"info","message":"🔎 Processando título 110936/C","service":"btg-baixa-titulos-service","timestamp":"2026-06-03T12:10:06.791Z"}
{"level":"info","message":"🌐 Millennium request: GET /MILLENIUM!JOIN_ONEUP.LANCAMENTOS.CONSULTALANCAMENTOS?cnpj=50.649.490%2F0001-20&n_documento=110936%2FC","service":"btg-baixa-titulos-service","timestamp":"2026-06-03T12:10:06.791Z"}
{"lancamento":1434868084,"level":"info","message":"ℹ️ Título 110936/C já estava baixado. Processo ignorado.","service":"btg-baixa-titulos-service","situacao":"BAIXADO","timestamp":"2026-06-03T12:10:06.806Z"}
{"level":"info","message":"🔎 Processando título 109911/D","service":"btg-baixa-titulos-service","timestamp":"2026-06-03T12:10:06.810Z"}
{"level":"info","message":"🌐 Millennium request: GET /MILLENIUM!JOIN_ONEUP.LANCAMENTOS.CONSULTALANCAMENTOS?cnpj=56.961.472%2F0001-65&n_documento=109911%2FD","service":"btg-baixa-titulos-service","timestamp":"2026-06-03T12:10:06.810Z"}
{"lancamento":1434858494,"level":"info","message":"ℹ️ Título 109911/D já estava baixado. Processo ignorado.","service":"btg-baixa-titulos-service","situacao":"BAIXADO","timestamp":"2026-06-03T12:10:06.826Z"}
{"level":"info","message":"🔎 Processando título 110936/B","service":"btg-baixa-titulos-service","timestamp":"2026-06-03T12:10:06.830Z"}
{"level":"info","message":"🌐 Millennium request: GET /MILLENIUM!JOIN_ONEUP.LANCAMENTOS.CONSULTALANCAMENTOS?cnpj=50.649.490%2F0001-20&n_documento=110936%2FB","service":"btg-baixa-titulos-service","timestamp":"2026-06-03T12:10:06.830Z"}
{"lancamento":1434868083,"level":"info","message":"ℹ️ Título 110936/B já estava baixado. Processo ignorado.","service":"btg-baixa-titulos-service","situacao":"BAIXADO","timestamp":"2026-06-03T12:10:06.851Z"}
{"level":"info","message":"🔎 Processando título 109911/C","service":"btg-baixa-titulos-service","timestamp":"2026-06-03T12:10:06.855Z"}
{"level":"info","message":"🌐 Millennium request: GET /MILLENIUM!JOIN_ONEUP.LANCAMENTOS.CONSULTALANCAMENTOS?cnpj=56.961.472%2F0001-65&n_documento=109911%2FC","service":"btg-baixa-titulos-service","timestamp":"2026-06-03T12:10:06.855Z"}
{"lancamento":1434858493,"level":"info","message":"ℹ️ Título 109911/C já estava baixado. Processo ignorado.","service":"btg-baixa-titulos-service","situacao":"BAIXADO","timestamp":"2026-06-03T12:10:06.872Z"}
{"level":"info","message":"🔎 Processando título 110936/A","service":"btg-baixa-titulos-service","timestamp":"2026-06-03T12:10:06.877Z"}
{"level":"info","message":"🌐 Millennium request: GET /MILLENIUM!JOIN_ONEUP.LANCAMENTOS.CONSULTALANCAMENTOS?cnpj=50.649.490%2F0001-20&n_documento=110936%2FA","service":"btg-baixa-titulos-service","timestamp":"2026-06-03T12:10:06.877Z"}
{"lancamento":1434868082,"level":"info","message":"ℹ️ Título 110936/A já estava baixado. Processo ignorado.","service":"btg-baixa-titulos-service","situacao":"BAIXADO","timestamp":"2026-06-03T12:10:06.894Z"}
{"level":"info","message":"🔎 Processando título 109911/B","service":"btg-baixa-titulos-service","timestamp":"2026-06-03T12:10:06.898Z"}
{"level":"info","message":"🌐 Millennium request: GET /MILLENIUM!JOIN_ONEUP.LANCAMENTOS.CONSULTALANCAMENTOS?cnpj=56.961.472%2F0001-65&n_documento=109911%2FB","service":"btg-baixa-titulos-service","timestamp":"2026-06-03T12:10:06.898Z"}
{"lancamento":1434858492,"level":"info","message":"ℹ️ Título 109911/B já estava baixado. Processo ignorado.","service":"btg-baixa-titulos-service","situacao":"BAIXADO","timestamp":"2026-06-03T12:10:06.915Z"}
{"level":"info","message":"🔎 Processando título 110935/C","service":"btg-baixa-titulos-service","timestamp":"2026-06-03T12:10:06.920Z"}
{"level":"info","message":"🌐 Millennium request: GET /MILLENIUM!JOIN_ONEUP.LANCAMENTOS.CONSULTALANCAMENTOS?cnpj=50.649.490%2F0001-20&n_documento=110935%2FC","service":"btg-baixa-titulos-service","timestamp":"2026-06-03T12:10:06.920Z"}
{"lancamento":1434868081,"level":"info","message":"ℹ️ Título 110935/C já estava baixado. Processo ignorado.","service":"btg-baixa-titulos-service","situacao":"BAIXADO","timestamp":"2026-06-03T12:10:06.937Z"}
{"level":"info","message":"🔎 Processando título 110935/B","service":"btg-baixa-titulos-service","timestamp":"2026-06-03T12:10:06.941Z"}
{"level":"info","message":"🌐 Millennium request: GET /MILLENIUM!JOIN_ONEUP.LANCAMENTOS.CONSULTALANCAMENTOS?cnpj=50.649.490%2F0001-20&n_documento=110935%2FB","service":"btg-baixa-titulos-service","timestamp":"2026-06-03T12:10:06.941Z"}
{"lancamento":1434868080,"level":"info","message":"ℹ️ Título 110935/B já estava baixado. Processo ignorado.","service":"btg-baixa-titulos-service","situacao":"BAIXADO","timestamp":"2026-06-03T12:10:06.957Z"}
{"level":"info","message":"🔎 Processando título 109911/A","service":"btg-baixa-titulos-service","timestamp":"2026-06-03T12:10:06.962Z"}
{"level":"info","message":"🌐 Millennium request: GET /MILLENIUM!JOIN_ONEUP.LANCAMENTOS.CONSULTALANCAMENTOS?cnpj=56.961.472%2F0001-65&n_documento=109911%2FA","service":"btg-baixa-titulos-service","timestamp":"2026-06-03T12:10:06.962Z"}
{"lancamento":1434858491,"level":"info","message":"ℹ️ Título 109911/A já estava baixado. Processo ignorado.","service":"btg-baixa-titulos-service","situacao":"BAIXADO","timestamp":"2026-06-03T12:10:06.979Z"}
{"level":"info","message":"🔎 Processando título 110935/A","service":"btg-baixa-titulos-service","timestamp":"2026-06-03T12:10:06.984Z"}
{"level":"info","message":"🌐 Millennium request: GET /MILLENIUM!JOIN_ONEUP.LANCAMENTOS.CONSULTALANCAMENTOS?cnpj=50.649.490%2F0001-20&n_documento=110935%2FA","service":"btg-baixa-titulos-service","timestamp":"2026-06-03T12:10:06.984Z"}
{"lancamento":1434868079,"level":"info","message":"ℹ️ Título 110935/A já estava baixado. Processo ignorado.","service":"btg-baixa-titulos-service","situacao":"BAIXADO","timestamp":"2026-06-03T12:10:07.006Z"}
{"level":"info","message":"🔎 Processando título 110934/C","service":"btg-baixa-titulos-service","timestamp":"2026-06-03T12:10:07.011Z"}
{"level":"info","message":"🌐 Millennium request: GET /MILLENIUM!JOIN_ONEUP.LANCAMENTOS.CONSULTALANCAMENTOS?cnpj=50.649.490%2F0001-20&n_documento=110934%2FC","service":"btg-baixa-titulos-service","timestamp":"2026-06-03T12:10:07.011Z"}
{"lancamento":1434868074,"level":"info","message":"ℹ️ Título 110934/C já estava baixado. Processo ignorado.","service":"btg-baixa-titulos-service","situacao":"BAIXADO","timestamp":"2026-06-03T12:10:07.028Z"}
{"level":"info","message":"🔎 Processando título 110934/B","service":"btg-baixa-titulos-service","timestamp":"2026-06-03T12:10:07.033Z"}
{"level":"info","message":"🌐 Millennium request: GET /MILLENIUM!JOIN_ONEUP.LANCAMENTOS.CONSULTALANCAMENTOS?cnpj=50.649.490%2F0001-20&n_documento=110934%2FB","service":"btg-baixa-titulos-service","timestamp":"2026-06-03T12:10:07.033Z"}
{"lancamento":1434868073,"level":"info","message":"ℹ️ Título 110934/B já estava baixado. Processo ignorado.","service":"btg-baixa-titulos-service","situacao":"BAIXADO","timestamp":"2026-06-03T12:10:07.052Z"}
{"level":"info","message":"🔎 Processando título 110934/A","service":"btg-baixa-titulos-service","timestamp":"2026-06-03T12:10:07.056Z"}
{"level":"info","message":"🌐 Millennium request: GET /MILLENIUM!JOIN_ONEUP.LANCAMENTOS.CONSULTALANCAMENTOS?cnpj=50.649.490%2F0001-20&n_documento=110934%2FA","service":"btg-baixa-titulos-service","timestamp":"2026-06-03T12:10:07.056Z"}
{"lancamento":1434868072,"level":"info","message":"ℹ️ Título 110934/A já estava baixado. Processo ignorado.","service":"btg-baixa-titulos-service","situacao":"BAIXADO","timestamp":"2026-06-03T12:10:07.070Z"}
{"level":"info","message":"🔎 Processando título 110761","service":"btg-baixa-titulos-service","timestamp":"2026-06-03T12:10:07.074Z"}
{"level":"info","message":"🌐 Millennium request: GET /MILLENIUM!JOIN_ONEUP.LANCAMENTOS.CONSULTALANCAMENTOS?cnpj=01.009.793%2F0001-72&n_documento=110761","service":"btg-baixa-titulos-service","timestamp":"2026-06-03T12:10:07.074Z"}
{"lancamento":1434866540,"level":"info","message":"ℹ️ Título 110761 já estava baixado. Processo ignorado.","service":"btg-baixa-titulos-service","situacao":"BAIXADO","timestamp":"2026-06-03T12:10:07.177Z"}
{"level":"info","message":"🔎 Processando título 110759/E","service":"btg-baixa-titulos-service","timestamp":"2026-06-03T12:10:07.187Z"}
{"level":"info","message":"🌐 Millennium request: GET /MILLENIUM!JOIN_ONEUP.LANCAMENTOS.CONSULTALANCAMENTOS?cnpj=73.652.158%2F0001-10&n_documento=110759%2FE","service":"btg-baixa-titulos-service","timestamp":"2026-06-03T12:10:07.187Z"}
{"lancamento":1434866527,"level":"info","message":"ℹ️ Título 110759/E já estava baixado. Processo ignorado.","service":"btg-baixa-titulos-service","situacao":"BAIXADO","timestamp":"2026-06-03T12:10:07.204Z"}
{"level":"info","message":"🔎 Processando título 110759/D","service":"btg-baixa-titulos-service","timestamp":"2026-06-03T12:10:07.212Z"}
{"level":"info","message":"🌐 Millennium request: GET /MILLENIUM!JOIN_ONEUP.LANCAMENTOS.CONSULTALANCAMENTOS?cnpj=73.652.158%2F0001-10&n_documento=110759%2FD","service":"btg-baixa-titulos-service","timestamp":"2026-06-03T12:10:07.212Z"}
{"lancamento":1434866526,"level":"info","message":"ℹ️ Título 110759/D já estava baixado. Processo ignorado.","service":"btg-baixa-titulos-service","situacao":"BAIXADO","timestamp":"2026-06-03T12:10:07.226Z"}
{"level":"info","message":"🔎 Processando título CORRE 108314","service":"btg-baixa-titulos-service","timestamp":"2026-06-03T12:10:07.232Z"}
{"level":"info","message":"🌐 Millennium request: GET /MILLENIUM!JOIN_ONEUP.LANCAMENTOS.CONSULTALANCAMENTOS?cnpj=02.355.679%2F0001-67&n_documento=CORRE%20108314","service":"btg-baixa-titulos-service","timestamp":"2026-06-03T12:10:07.232Z"}
{"lancamento":1434857620,"level":"info","message":"ℹ️ Título CORRE 108314 já estava baixado. Processo ignorado.","service":"btg-baixa-titulos-service","situacao":"BAIXADO","timestamp":"2026-06-03T12:10:07.248Z"}
{"level":"info","message":"🔎 Processando título CORRE 108313","service":"btg-baixa-titulos-service","timestamp":"2026-06-03T12:10:07.254Z"}
{"level":"info","message":"🌐 Millennium request: GET /MILLENIUM!JOIN_ONEUP.LANCAMENTOS.CONSULTALANCAMENTOS?cnpj=22.031.998%2F0001-24&n_documento=CORRE%20108313","service":"btg-baixa-titulos-service","timestamp":"2026-06-03T12:10:07.254Z"}
{"lancamento":1434857617,"level":"info","message":"ℹ️ Título CORRE 108313 já estava baixado. Processo ignorado.","service":"btg-baixa-titulos-service","situacao":"BAIXADO","timestamp":"2026-06-03T12:10:07.269Z"}
{"level":"info","message":"🔎 Processando título FRE 108317","service":"btg-baixa-titulos-service","timestamp":"2026-06-03T12:10:07.274Z"}
{"level":"info","message":"🌐 Millennium request: GET /MILLENIUM!JOIN_ONEUP.LANCAMENTOS.CONSULTALANCAMENTOS?cnpj=03.294.992%2F0001-03&n_documento=FRE%20108317","service":"btg-baixa-titulos-service","timestamp":"2026-06-03T12:10:07.274Z"}
{"lancamento":1434857396,"level":"info","message":"ℹ️ Título FRE 108317 já estava baixado. Processo ignorado.","service":"btg-baixa-titulos-service","situacao":"BAIXADO","timestamp":"2026-06-03T12:10:07.290Z"}
{"level":"info","message":"🔎 Processando título FRE 108253","service":"btg-baixa-titulos-service","timestamp":"2026-06-03T12:10:07.296Z"}
{"level":"info","message":"🌐 Millennium request: GET /MILLENIUM!JOIN_ONEUP.LANCAMENTOS.CONSULTALANCAMENTOS?cnpj=57.408.548%2F0001-92&n_documento=FRE%20108253","service":"btg-baixa-titulos-service","timestamp":"2026-06-03T12:10:07.296Z"}
{"lancamento":1434857394,"level":"info","message":"ℹ️ Título FRE 108253 já estava baixado. Processo ignorado.","service":"btg-baixa-titulos-service","situacao":"BAIXADO","timestamp":"2026-06-03T12:10:07.314Z"}
{"level":"info","message":"🔎 Processando título CORRE 109093","service":"btg-baixa-titulos-service","timestamp":"2026-06-03T12:10:07.319Z"}
{"level":"info","message":"🌐 Millennium request: GET /MILLENIUM!JOIN_ONEUP.LANCAMENTOS.CONSULTALANCAMENTOS?cnpj=57.408.548%2F0001-92&n_documento=CORRE%20109093","service":"btg-baixa-titulos-service","timestamp":"2026-06-03T12:10:07.319Z"}
{"lancamento":1434857622,"level":"info","message":"ℹ️ Título CORRE 109093 já estava baixado. Processo ignorado.","service":"btg-baixa-titulos-service","situacao":"BAIXADO","timestamp":"2026-06-03T12:10:07.334Z"}
{"level":"info","message":"🔎 Processando título CORRE 108156","service":"btg-baixa-titulos-service","timestamp":"2026-06-03T12:10:07.338Z"}
{"level":"info","message":"🌐 Millennium request: GET /MILLENIUM!JOIN_ONEUP.LANCAMENTOS.CONSULTALANCAMENTOS?cnpj=57.408.548%2F0001-92&n_documento=CORRE%20108156","service":"btg-baixa-titulos-service","timestamp":"2026-06-03T12:10:07.338Z"}
{"lancamento":1434857602,"level":"info","message":"ℹ️ Título CORRE 108156 já estava baixado. Processo ignorado.","service":"btg-baixa-titulos-service","situacao":"BAIXADO","timestamp":"2026-06-03T12:10:07.356Z"}
{"level":"info","message":"🔎 Processando título CORRE 108020","service":"btg-baixa-titulos-service","timestamp":"2026-06-03T12:10:07.360Z"}
{"level":"info","message":"🌐 Millennium request: GET /MILLENIUM!JOIN_ONEUP.LANCAMENTOS.CONSULTALANCAMENTOS?cnpj=57.408.548%2F0001-92&n_documento=CORRE%20108020","service":"btg-baixa-titulos-service","timestamp":"2026-06-03T12:10:07.360Z"}
{"lancamento":1434857442,"level":"info","message":"ℹ️ Título CORRE 108020 já estava baixado. Processo ignorado.","service":"btg-baixa-titulos-service","situacao":"BAIXADO","timestamp":"2026-06-03T12:10:07.377Z"}
{"level":"info","message":"🔎 Processando título CORRE 107627","service":"btg-baixa-titulos-service","timestamp":"2026-06-03T12:10:07.382Z"}
{"level":"info","message":"🌐 Millennium request: GET /MILLENIUM!JOIN_ONEUP.LANCAMENTOS.CONSULTALANCAMENTOS?cnpj=57.408.548%2F0001-92&n_documento=CORRE%20107627","service":"btg-baixa-titulos-service","timestamp":"2026-06-03T12:10:07.382Z"}
{"lancamento":1434857433,"level":"info","message":"ℹ️ Título CORRE 107627 já estava baixado. Processo ignorado.","service":"btg-baixa-titulos-service","situacao":"BAIXADO","timestamp":"2026-06-03T12:10:07.396Z"}
{"level":"info","message":"🔎 Processando título FRE 108251","service":"btg-baixa-titulos-service","timestamp":"2026-06-03T12:10:07.400Z"}
{"level":"info","message":"🌐 Millennium request: GET /MILLENIUM!JOIN_ONEUP.LANCAMENTOS.CONSULTALANCAMENTOS?cnpj=01.009.793%2F0001-72&n_documento=FRE%20108251","service":"btg-baixa-titulos-service","timestamp":"2026-06-03T12:10:07.400Z"}
{"lancamento":1434857395,"level":"info","message":"ℹ️ Título FRE 108251 já estava baixado. Processo ignorado.","service":"btg-baixa-titulos-service","situacao":"BAIXADO","timestamp":"2026-06-03T12:10:07.412Z"}
{"level":"info","message":"🔎 Processando título 108304","service":"btg-baixa-titulos-service","timestamp":"2026-06-03T12:10:07.417Z"}
{"level":"info","message":"🌐 Millennium request: GET /MILLENIUM!JOIN_ONEUP.LANCAMENTOS.CONSULTALANCAMENTOS?cnpj=07.409.302%2F0001-67&n_documento=108304","service":"btg-baixa-titulos-service","timestamp":"2026-06-03T12:10:07.417Z"}
{"lancamento":1434857621,"level":"info","message":"ℹ️ Título 108304 já estava baixado. Processo ignorado.","service":"btg-baixa-titulos-service","situacao":"BAIXADO","timestamp":"2026-06-03T12:10:07.435Z"}
{"level":"info","message":"🔎 Processando título 106147/B","service":"btg-baixa-titulos-service","timestamp":"2026-06-03T12:10:07.439Z"}
{"level":"info","message":"🌐 Millennium request: GET /MILLENIUM!JOIN_ONEUP.LANCAMENTOS.CONSULTALANCAMENTOS?cnpj=50.649.490%2F0001-20&n_documento=106147%2FB","service":"btg-baixa-titulos-service","timestamp":"2026-06-03T12:10:07.439Z"}
{"lancamento":1434801563,"level":"info","message":"ℹ️ Título 106147/B já estava baixado. Processo ignorado.","service":"btg-baixa-titulos-service","situacao":"BAIXADO","timestamp":"2026-06-03T12:10:07.459Z"}
{"level":"info","message":"🔎 Processando título 106147/C","service":"btg-baixa-titulos-service","timestamp":"2026-06-03T12:10:07.464Z"}
{"level":"info","message":"🌐 Millennium request: GET /MILLENIUM!JOIN_ONEUP.LANCAMENTOS.CONSULTALANCAMENTOS?cnpj=50.649.490%2F0001-20&n_documento=106147%2FC","service":"btg-baixa-titulos-service","timestamp":"2026-06-03T12:10:07.464Z"}
{"lancamento":1434801564,"level":"info","message":"ℹ️ Título 106147/C já estava baixado. Processo ignorado.","service":"btg-baixa-titulos-service","situacao":"BAIXADO","timestamp":"2026-06-03T12:10:07.478Z"}
{"level":"info","message":"🔎 Processando título 106139/B","service":"btg-baixa-titulos-service","timestamp":"2026-06-03T12:10:07.482Z"}
{"level":"info","message":"🌐 Millennium request: GET /MILLENIUM!JOIN_ONEUP.LANCAMENTOS.CONSULTALANCAMENTOS?cnpj=50.649.490%2F0001-20&n_documento=106139%2FB","service":"btg-baixa-titulos-service","timestamp":"2026-06-03T12:10:07.482Z"}
{"lancamento":1434801525,"level":"info","message":"ℹ️ Título 106139/B já estava baixado. Processo ignorado.","service":"btg-baixa-titulos-service","situacao":"BAIXADO","timestamp":"2026-06-03T12:10:07.495Z"}
{"level":"info","message":"🔎 Processando título 106135/C","service":"btg-baixa-titulos-service","timestamp":"2026-06-03T12:10:07.498Z"}
{"level":"info","message":"🌐 Millennium request: GET /MILLENIUM!JOIN_ONEUP.LANCAMENTOS.CONSULTALANCAMENTOS?cnpj=50.649.490%2F0001-20&n_documento=106135%2FC","service":"btg-baixa-titulos-service","timestamp":"2026-06-03T12:10:07.498Z"}
{"lancamento":1434801481,"level":"info","message":"ℹ️ Título 106135/C já estava baixado. Processo ignorado.","service":"btg-baixa-titulos-service","situacao":"BAIXADO","timestamp":"2026-06-03T12:10:07.514Z"}
{"level":"info","message":"🔎 Processando título 106141/B","service":"btg-baixa-titulos-service","timestamp":"2026-06-03T12:10:07.518Z"}
{"level":"info","message":"🌐 Millennium request: GET /MILLENIUM!JOIN_ONEUP.LANCAMENTOS.CONSULTALANCAMENTOS?cnpj=50.649.490%2F0001-20&n_documento=106141%2FB","service":"btg-baixa-titulos-service","timestamp":"2026-06-03T12:10:07.518Z"}
{"lancamento":1434801534,"level":"info","message":"ℹ️ Título 106141/B já estava baixado. Processo ignorado.","service":"btg-baixa-titulos-service","situacao":"BAIXADO","timestamp":"2026-06-03T12:10:07.535Z"}
{"level":"info","message":"🔎 Processando título 106143/C","service":"btg-baixa-titulos-service","timestamp":"2026-06-03T12:10:07.539Z"}
{"level":"info","message":"🌐 Millennium request: GET /MILLENIUM!JOIN_ONEUP.LANCAMENTOS.CONSULTALANCAMENTOS?cnpj=50.649.490%2F0001-20&n_documento=106143%2FC","service":"btg-baixa-titulos-service","timestamp":"2026-06-03T12:10:07.539Z"}
{"lancamento":1434801552,"level":"info","message":"ℹ️ Título 106143/C já estava baixado. Processo ignorado.","service":"btg-baixa-titulos-service","situacao":"BAIXADO","timestamp":"2026-06-03T12:10:07.553Z"}
{"level":"info","message":"🔎 Processando título 106143/B","service":"btg-baixa-titulos-service","timestamp":"2026-06-03T12:10:07.557Z"}
{"level":"info","message":"🌐 Millennium request: GET /MILLENIUM!JOIN_ONEUP.LANCAMENTOS.CONSULTALANCAMENTOS?cnpj=50.649.490%2F0001-20&n_documento=106143%2FB","service":"btg-baixa-titulos-service","timestamp":"2026-06-03T12:10:07.557Z"}
{"lancamento":1434801551,"level":"info","message":"ℹ️ Título 106143/B já estava baixado. Processo ignorado.","service":"btg-baixa-titulos-service","situacao":"BAIXADO","timestamp":"2026-06-03T12:10:07.572Z"}
{"level":"info","message":"🔎 Processando título 106145/B","service":"btg-baixa-titulos-service","timestamp":"2026-06-03T12:10:07.576Z"}
{"level":"info","message":"🌐 Millennium request: GET /MILLENIUM!JOIN_ONEUP.LANCAMENTOS.CONSULTALANCAMENTOS?cnpj=50.649.490%2F0001-20&n_documento=106145%2FB","service":"btg-baixa-titulos-service","timestamp":"2026-06-03T12:10:07.576Z"}
{"lancamento":1434801556,"level":"info","message":"ℹ️ Título 106145/B já estava baixado. Processo ignorado.","service":"btg-baixa-titulos-service","situacao":"BAIXADO","timestamp":"2026-06-03T12:10:07.593Z"}
{"level":"info","message":"🔎 Processando título 106130/B","service":"btg-baixa-titulos-service","timestamp":"2026-06-03T12:10:07.599Z"}
{"level":"info","message":"🌐 Millennium request: GET /MILLENIUM!JOIN_ONEUP.LANCAMENTOS.CONSULTALANCAMENTOS?cnpj=50.649.490%2F0001-20&n_documento=106130%2FB","service":"btg-baixa-titulos-service","timestamp":"2026-06-03T12:10:07.599Z"}
{"lancamento":1434801462,"level":"info","message":"ℹ️ Título 106130/B já estava baixado. Processo ignorado.","service":"btg-baixa-titulos-service","situacao":"BAIXADO","timestamp":"2026-06-03T12:10:07.701Z"}
{"level":"info","message":"🔎 Processando título 106115/A","service":"btg-baixa-titulos-service","timestamp":"2026-06-03T12:10:07.713Z"}
{"level":"info","message":"🌐 Millennium request: GET /MILLENIUM!JOIN_ONEUP.LANCAMENTOS.CONSULTALANCAMENTOS?cnpj=47.485.403%2F0001-31&n_documento=106115%2FA","service":"btg-baixa-titulos-service","timestamp":"2026-06-03T12:10:07.713Z"}
{"lancamento":1434801385,"level":"info","message":"ℹ️ Título 106115/A já estava baixado. Processo ignorado.","service":"btg-baixa-titulos-service","situacao":"BAIXADO","timestamp":"2026-06-03T12:10:07.730Z"}
{"level":"info","message":"🔎 Processando título 106115/B","service":"btg-baixa-titulos-service","timestamp":"2026-06-03T12:10:07.738Z"}
{"level":"info","message":"🌐 Millennium request: GET /MILLENIUM!JOIN_ONEUP.LANCAMENTOS.CONSULTALANCAMENTOS?cnpj=47.485.403%2F0001-31&n_documento=106115%2FB","service":"btg-baixa-titulos-service","timestamp":"2026-06-03T12:10:07.738Z"}
{"lancamento":1434801386,"level":"info","message":"ℹ️ Título 106115/B já estava baixado. Processo ignorado.","service":"btg-baixa-titulos-service","situacao":"BAIXADO","timestamp":"2026-06-03T12:10:07.753Z"}
{"level":"info","message":"🔎 Processando título 106117/B","service":"btg-baixa-titulos-service","timestamp":"2026-06-03T12:10:07.758Z"}
{"level":"info","message":"🌐 Millennium request: GET /MILLENIUM!JOIN_ONEUP.LANCAMENTOS.CONSULTALANCAMENTOS?cnpj=47.485.403%2F0001-31&n_documento=106117%2FB","service":"btg-baixa-titulos-service","timestamp":"2026-06-03T12:10:07.758Z"}
{"lancamento":1434801392,"level":"info","message":"ℹ️ Título 106117/B já estava baixado. Processo ignorado.","service":"btg-baixa-titulos-service","situacao":"BAIXADO","timestamp":"2026-06-03T12:10:07.773Z"}
{"level":"info","message":"🔎 Processando título 106121/C","service":"btg-baixa-titulos-service","timestamp":"2026-06-03T12:10:07.778Z"}
{"level":"info","message":"🌐 Millennium request: GET /MILLENIUM!JOIN_ONEUP.LANCAMENTOS.CONSULTALANCAMENTOS?cnpj=47.485.403%2F0001-31&n_documento=106121%2FC","service":"btg-baixa-titulos-service","timestamp":"2026-06-03T12:10:07.778Z"}
{"lancamento":1434801426,"level":"info","message":"ℹ️ Título 106121/C já estava baixado. Processo ignorado.","service":"btg-baixa-titulos-service","situacao":"BAIXADO","timestamp":"2026-06-03T12:10:07.792Z"}
{"level":"info","message":"🔎 Processando título 106121/B","service":"btg-baixa-titulos-service","timestamp":"2026-06-03T12:10:07.797Z"}
{"level":"info","message":"🌐 Millennium request: GET /MILLENIUM!JOIN_ONEUP.LANCAMENTOS.CONSULTALANCAMENTOS?cnpj=47.485.403%2F0001-31&n_documento=106121%2FB","service":"btg-baixa-titulos-service","timestamp":"2026-06-03T12:10:07.797Z"}
{"lancamento":1434801425,"level":"info","message":"ℹ️ Título 106121/B já estava baixado. Processo ignorado.","service":"btg-baixa-titulos-service","situacao":"BAIXADO","timestamp":"2026-06-03T12:10:07.814Z"}
{"level":"info","message":"🔎 Processando título 106120/B","service":"btg-baixa-titulos-service","timestamp":"2026-06-03T12:10:07.819Z"}
{"level":"info","message":"🌐 Millennium request: GET /MILLENIUM!JOIN_ONEUP.LANCAMENTOS.CONSULTALANCAMENTOS?cnpj=47.485.403%2F0001-31&n_documento=106120%2FB","service":"btg-baixa-titulos-service","timestamp":"2026-06-03T12:10:07.819Z"}
{"lancamento":1434801418,"level":"info","message":"ℹ️ Título 106120/B já estava baixado. Processo ignorado.","service":"btg-baixa-titulos-service","situacao":"BAIXADO","timestamp":"2026-06-03T12:10:07.835Z"}
{"level":"info","message":"🔎 Processando título 109075/C","service":"btg-baixa-titulos-service","timestamp":"2026-06-03T12:10:07.839Z"}
{"level":"info","message":"🌐 Millennium request: GET /MILLENIUM!JOIN_ONEUP.LANCAMENTOS.CONSULTALANCAMENTOS?cnpj=01.329.811%2F0001-01&n_documento=109075%2FC","service":"btg-baixa-titulos-service","timestamp":"2026-06-03T12:10:07.839Z"}
{"erro":"Título não localizado: 109075/C","level":"error","message":"❌ Erro no título 109075/C","service":"btg-baixa-titulos-service","status":"ERRO_CONSULTA","timestamp":"2026-06-03T12:10:07.853Z"}
{"level":"info","message":"🔎 Processando título RA-06-11","service":"btg-baixa-titulos-service","timestamp":"2026-06-03T12:10:07.858Z"}
{"level":"info","message":"🌐 Millennium request: GET /MILLENIUM!JOIN_ONEUP.LANCAMENTOS.CONSULTALANCAMENTOS?cnpj=01.329.811%2F0001-01&n_documento=RA-06-11","service":"btg-baixa-titulos-service","timestamp":"2026-06-03T12:10:07.858Z"}
{"erro":"Título não localizado: RA-06-11","level":"error","message":"❌ Erro no título RA-06-11","service":"btg-baixa-titulos-service","status":"ERRO_CONSULTA","timestamp":"2026-06-03T12:10:07.872Z"}
{"level":"info","message":"🔎 Processando título 107627/D","service":"btg-baixa-titulos-service","timestamp":"2026-06-03T12:10:07.878Z"}
{"level":"info","message":"🌐 Millennium request: GET /MILLENIUM!JOIN_ONEUP.LANCAMENTOS.CONSULTALANCAMENTOS?cnpj=57.408.548%2F0001-92&n_documento=107627%2FD","service":"btg-baixa-titulos-service","timestamp":"2026-06-03T12:10:07.878Z"}
{"lancamento":1434808247,"level":"info","message":"ℹ️ Título 107627/D já estava baixado. Processo ignorado.","service":"btg-baixa-titulos-service","situacao":"BAIXADO","timestamp":"2026-06-03T12:10:07.894Z"}
{"level":"info","message":"🔎 Processando título 108331/C","service":"btg-baixa-titulos-service","timestamp":"2026-06-03T12:10:07.898Z"}
{"level":"info","message":"🌐 Millennium request: GET /MILLENIUM!JOIN_ONEUP.LANCAMENTOS.CONSULTALANCAMENTOS?cnpj=47.485.403%2F0001-31&n_documento=108331%2FC","service":"btg-baixa-titulos-service","timestamp":"2026-06-03T12:10:07.898Z"}
{"lancamento":1434850370,"level":"info","message":"ℹ️ Título 108331/C já estava baixado. Processo ignorado.","service":"btg-baixa-titulos-service","situacao":"BAIXADO","timestamp":"2026-06-03T12:10:07.914Z"}
{"level":"info","message":"🔎 Processando título 108317/F","service":"btg-baixa-titulos-service","timestamp":"2026-06-03T12:10:07.919Z"}
{"level":"info","message":"🌐 Millennium request: GET /MILLENIUM!JOIN_ONEUP.LANCAMENTOS.CONSULTALANCAMENTOS?cnpj=03.294.992%2F0001-03&n_documento=108317%2FF","service":"btg-baixa-titulos-service","timestamp":"2026-06-03T12:10:07.919Z"}
{"lancamento":1434850308,"level":"info","message":"ℹ️ Título 108317/F já estava baixado. Processo ignorado.","service":"btg-baixa-titulos-service","situacao":"BAIXADO","timestamp":"2026-06-03T12:10:07.936Z"}
{"level":"info","message":"🔎 Processando título 108328/C","service":"btg-baixa-titulos-service","timestamp":"2026-06-03T12:10:07.941Z"}
{"level":"info","message":"🌐 Millennium request: GET /MILLENIUM!JOIN_ONEUP.LANCAMENTOS.CONSULTALANCAMENTOS?cnpj=59.205.187%2F0001-02&n_documento=108328%2FC","service":"btg-baixa-titulos-service","timestamp":"2026-06-03T12:10:07.941Z"}
{"lancamento":1434850363,"level":"info","message":"ℹ️ Título 108328/C já estava baixado. Processo ignorado.","service":"btg-baixa-titulos-service","situacao":"BAIXADO","timestamp":"2026-06-03T12:10:07.956Z"}
{"level":"info","message":"🔎 Processando título 108327/C","service":"btg-baixa-titulos-service","timestamp":"2026-06-03T12:10:07.960Z"}
{"level":"info","message":"🌐 Millennium request: GET /MILLENIUM!JOIN_ONEUP.LANCAMENTOS.CONSULTALANCAMENTOS?cnpj=73.652.158%2F0001-10&n_documento=108327%2FC","service":"btg-baixa-titulos-service","timestamp":"2026-06-03T12:10:07.960Z"}
{"lancamento":1434850357,"level":"info","message":"ℹ️ Título 108327/C já estava baixado. Processo ignorado.","service":"btg-baixa-titulos-service","situacao":"BAIXADO","timestamp":"2026-06-03T12:10:07.975Z"}
{"level":"info","message":"🔎 Processando título 108326/C","service":"btg-baixa-titulos-service","timestamp":"2026-06-03T12:10:07.979Z"}
{"level":"info","message":"🌐 Millennium request: GET /MILLENIUM!JOIN_ONEUP.LANCAMENTOS.CONSULTALANCAMENTOS?cnpj=96.609.490%2F0001-05&n_documento=108326%2FC","service":"btg-baixa-titulos-service","timestamp":"2026-06-03T12:10:07.979Z"}
{"lancamento":1434850354,"level":"info","message":"ℹ️ Título 108326/C já estava baixado. Processo ignorado.","service":"btg-baixa-titulos-service","situacao":"BAIXADO","timestamp":"2026-06-03T12:10:07.993Z"}
{"level":"info","message":"🔎 Processando título 108323/C","service":"btg-baixa-titulos-service","timestamp":"2026-06-03T12:10:07.996Z"}
{"level":"info","message":"🌐 Millennium request: GET /MILLENIUM!JOIN_ONEUP.LANCAMENTOS.CONSULTALANCAMENTOS?cnpj=47.485.403%2F0001-31&n_documento=108323%2FC","service":"btg-baixa-titulos-service","timestamp":"2026-06-03T12:10:07.996Z"}
{"lancamento":1434850342,"level":"info","message":"ℹ️ Título 108323/C já estava baixado. Processo ignorado.","service":"btg-baixa-titulos-service","situacao":"BAIXADO","timestamp":"2026-06-03T12:10:08.010Z"}
{"level":"info","message":"🔎 Processando título 108324/C","service":"btg-baixa-titulos-service","timestamp":"2026-06-03T12:10:08.013Z"}
{"level":"info","message":"🌐 Millennium request: GET /MILLENIUM!JOIN_ONEUP.LANCAMENTOS.CONSULTALANCAMENTOS?cnpj=47.485.403%2F0001-31&n_documento=108324%2FC","service":"btg-baixa-titulos-service","timestamp":"2026-06-03T12:10:08.013Z"}
{"lancamento":1434850351,"level":"info","message":"ℹ️ Título 108324/C já estava baixado. Processo ignorado.","service":"btg-baixa-titulos-service","situacao":"BAIXADO","timestamp":"2026-06-03T12:10:08.028Z"}
{"level":"info","message":"🔎 Processando título 108322/C","service":"btg-baixa-titulos-service","timestamp":"2026-06-03T12:10:08.030Z"}
{"level":"info","message":"🌐 Millennium request: GET /MILLENIUM!JOIN_ONEUP.LANCAMENTOS.CONSULTALANCAMENTOS?cnpj=47.485.403%2F0001-31&n_documento=108322%2FC","service":"btg-baixa-titulos-service","timestamp":"2026-06-03T12:10:08.030Z"}
{"lancamento":1434850337,"level":"info","message":"ℹ️ Título 108322/C já estava baixado. Processo ignorado.","service":"btg-baixa-titulos-service","situacao":"BAIXADO","timestamp":"2026-06-03T12:10:08.043Z"}
{"level":"info","message":"🔎 Processando título 108321/C","service":"btg-baixa-titulos-service","timestamp":"2026-06-03T12:10:08.045Z"}
{"level":"info","message":"🌐 Millennium request: GET /MILLENIUM!JOIN_ONEUP.LANCAMENTOS.CONSULTALANCAMENTOS?cnpj=47.485.403%2F0001-31&n_documento=108321%2FC","service":"btg-baixa-titulos-service","timestamp":"2026-06-03T12:10:08.045Z"}
{"lancamento":1434850333,"level":"info","message":"ℹ️ Título 108321/C já estava baixado. Processo ignorado.","service":"btg-baixa-titulos-service","situacao":"BAIXADO","timestamp":"2026-06-03T12:10:08.061Z"}
{"level":"info","message":"🔎 Processando título 108320/C","service":"btg-baixa-titulos-service","timestamp":"2026-06-03T12:10:08.064Z"}
{"level":"info","message":"🌐 Millennium request: GET /MILLENIUM!JOIN_ONEUP.LANCAMENTOS.CONSULTALANCAMENTOS?cnpj=47.485.403%2F0001-31&n_documento=108320%2FC","service":"btg-baixa-titulos-service","timestamp":"2026-06-03T12:10:08.064Z"}
{"lancamento":1434850328,"level":"info","message":"ℹ️ Título 108320/C já estava baixado. Processo ignorado.","service":"btg-baixa-titulos-service","situacao":"BAIXADO","timestamp":"2026-06-03T12:10:08.078Z"}
{"level":"info","message":"🔎 Processando título 108318/C","service":"btg-baixa-titulos-service","timestamp":"2026-06-03T12:10:08.082Z"}
{"level":"info","message":"🌐 Millennium request: GET /MILLENIUM!JOIN_ONEUP.LANCAMENTOS.CONSULTALANCAMENTOS?cnpj=50.649.490%2F0001-20&n_documento=108318%2FC","service":"btg-baixa-titulos-service","timestamp":"2026-06-03T12:10:08.082Z"}
{"lancamento":1434850324,"level":"info","message":"ℹ️ Título 108318/C já estava baixado. Processo ignorado.","service":"btg-baixa-titulos-service","situacao":"BAIXADO","timestamp":"2026-06-03T12:10:08.097Z"}
{"level":"info","message":"🔎 Processando título 108315/C","service":"btg-baixa-titulos-service","timestamp":"2026-06-03T12:10:08.099Z"}
{"level":"info","message":"🌐 Millennium request: GET /MILLENIUM!JOIN_ONEUP.LANCAMENTOS.CONSULTALANCAMENTOS?cnpj=06.181.589%2F0001-58&n_documento=108315%2FC","service":"btg-baixa-titulos-service","timestamp":"2026-06-03T12:10:08.099Z"}
{"lancamento":1434850298,"level":"info","message":"ℹ️ Título 108315/C já estava baixado. Processo ignorado.","service":"btg-baixa-titulos-service","situacao":"BAIXADO","timestamp":"2026-06-03T12:10:08.113Z"}
{"level":"info","message":"🔎 Processando título 108317/E","service":"btg-baixa-titulos-service","timestamp":"2026-06-03T12:10:08.118Z"}
{"level":"info","message":"🌐 Millennium request: GET /MILLENIUM!JOIN_ONEUP.LANCAMENTOS.CONSULTALANCAMENTOS?cnpj=03.294.992%2F0001-03&n_documento=108317%2FE","service":"btg-baixa-titulos-service","timestamp":"2026-06-03T12:10:08.118Z"}
{"lancamento":1434850307,"level":"info","message":"ℹ️ Título 108317/E já estava baixado. Processo ignorado.","service":"btg-baixa-titulos-service","situacao":"BAIXADO","timestamp":"2026-06-03T12:10:08.222Z"}
{"level":"info","message":"🔎 Processando título 108313/C","service":"btg-baixa-titulos-service","timestamp":"2026-06-03T12:10:08.230Z"}
{"level":"info","message":"🌐 Millennium request: GET /MILLENIUM!JOIN_ONEUP.LANCAMENTOS.CONSULTALANCAMENTOS?cnpj=22.031.998%2F0001-24&n_documento=108313%2FC","service":"btg-baixa-titulos-service","timestamp":"2026-06-03T12:10:08.230Z"}
{"lancamento":1434850291,"level":"info","message":"ℹ️ Título 108313/C já estava baixado. Processo ignorado.","service":"btg-baixa-titulos-service","situacao":"BAIXADO","timestamp":"2026-06-03T12:10:08.245Z"}
{"level":"info","message":"🔎 Processando título 108310/C","service":"btg-baixa-titulos-service","timestamp":"2026-06-03T12:10:08.252Z"}
{"level":"info","message":"🌐 Millennium request: GET /MILLENIUM!JOIN_ONEUP.LANCAMENTOS.CONSULTALANCAMENTOS?cnpj=03.247.651%2F0001-79&n_documento=108310%2FC","service":"btg-baixa-titulos-service","timestamp":"2026-06-03T12:10:08.252Z"}
{"lancamento":1434850286,"level":"info","message":"ℹ️ Título 108310/C já estava baixado. Processo ignorado.","service":"btg-baixa-titulos-service","situacao":"BAIXADO","timestamp":"2026-06-03T12:10:08.269Z"}
{"level":"info","message":"🔎 Processando título 108306/C","service":"btg-baixa-titulos-service","timestamp":"2026-06-03T12:10:08.275Z"}
{"level":"info","message":"🌐 Millennium request: GET /MILLENIUM!JOIN_ONEUP.LANCAMENTOS.CONSULTALANCAMENTOS?cnpj=00.768.271%2F0001-91&n_documento=108306%2FC","service":"btg-baixa-titulos-service","timestamp":"2026-06-03T12:10:08.275Z"}
{"lancamento":1434850219,"level":"info","message":"ℹ️ Título 108306/C já estava baixado. Processo ignorado.","service":"btg-baixa-titulos-service","situacao":"BAIXADO","timestamp":"2026-06-03T12:10:08.294Z"}
{"level":"info","message":"🔎 Processando título 108253/C","service":"btg-baixa-titulos-service","timestamp":"2026-06-03T12:10:08.298Z"}
{"level":"info","message":"🌐 Millennium request: GET /MILLENIUM!JOIN_ONEUP.LANCAMENTOS.CONSULTALANCAMENTOS?cnpj=57.408.548%2F0001-92&n_documento=108253%2FC","service":"btg-baixa-titulos-service","timestamp":"2026-06-03T12:10:08.298Z"}
{"lancamento":1434850049,"level":"info","message":"ℹ️ Título 108253/C já estava baixado. Processo ignorado.","service":"btg-baixa-titulos-service","situacao":"BAIXADO","timestamp":"2026-06-03T12:10:08.312Z"}
{"level":"info","message":"🔎 Processando título 108304/C","service":"btg-baixa-titulos-service","timestamp":"2026-06-03T12:10:08.318Z"}
{"level":"info","message":"🌐 Millennium request: GET /MILLENIUM!JOIN_ONEUP.LANCAMENTOS.CONSULTALANCAMENTOS?cnpj=07.409.302%2F0001-67&n_documento=108304%2FC","service":"btg-baixa-titulos-service","timestamp":"2026-06-03T12:10:08.319Z"}
{"lancamento":1434850214,"level":"info","message":"ℹ️ Título 108304/C já estava baixado. Processo ignorado.","service":"btg-baixa-titulos-service","situacao":"BAIXADO","timestamp":"2026-06-03T12:10:08.334Z"}
{"level":"info","message":"🔎 Processando título 108226/C","service":"btg-baixa-titulos-service","timestamp":"2026-06-03T12:10:08.340Z"}
{"level":"info","message":"🌐 Millennium request: GET /MILLENIUM!JOIN_ONEUP.LANCAMENTOS.CONSULTALANCAMENTOS?cnpj=50.649.490%2F0001-20&n_documento=108226%2FC","service":"btg-baixa-titulos-service","timestamp":"2026-06-03T12:10:08.340Z"}
{"lancamento":1434849909,"level":"info","message":"ℹ️ Título 108226/C já estava baixado. Processo ignorado.","service":"btg-baixa-titulos-service","situacao":"BAIXADO","timestamp":"2026-06-03T12:10:08.358Z"}
{"level":"info","message":"🔎 Processando título 108252/C","service":"btg-baixa-titulos-service","timestamp":"2026-06-03T12:10:08.364Z"}
{"level":"info","message":"🌐 Millennium request: GET /MILLENIUM!JOIN_ONEUP.LANCAMENTOS.CONSULTALANCAMENTOS?cnpj=44.999.259%2F0001-63&n_documento=108252%2FC","service":"btg-baixa-titulos-service","timestamp":"2026-06-03T12:10:08.364Z"}
{"lancamento":1434850044,"level":"info","message":"ℹ️ Título 108252/C já estava baixado. Processo ignorado.","service":"btg-baixa-titulos-service","situacao":"BAIXADO","timestamp":"2026-06-03T12:10:08.378Z"}
{"level":"info","message":"🔎 Processando título 108225/C","service":"btg-baixa-titulos-service","timestamp":"2026-06-03T12:10:08.382Z"}
{"level":"info","message":"🌐 Millennium request: GET /MILLENIUM!JOIN_ONEUP.LANCAMENTOS.CONSULTALANCAMENTOS?cnpj=50.649.490%2F0001-20&n_documento=108225%2FC","service":"btg-baixa-titulos-service","timestamp":"2026-06-03T12:10:08.382Z"}
{"lancamento":1434849896,"level":"info","message":"ℹ️ Título 108225/C já estava baixado. Processo ignorado.","service":"btg-baixa-titulos-service","situacao":"BAIXADO","timestamp":"2026-06-03T12:10:08.397Z"}
{"level":"info","message":"🔎 Processando título 108222/C","service":"btg-baixa-titulos-service","timestamp":"2026-06-03T12:10:08.402Z"}
{"level":"info","message":"🌐 Millennium request: GET /MILLENIUM!JOIN_ONEUP.LANCAMENTOS.CONSULTALANCAMENTOS?cnpj=50.649.490%2F0001-20&n_documento=108222%2FC","service":"btg-baixa-titulos-service","timestamp":"2026-06-03T12:10:08.402Z"}
{"lancamento":1434849890,"level":"info","message":"ℹ️ Título 108222/C já estava baixado. Processo ignorado.","service":"btg-baixa-titulos-service","situacao":"BAIXADO","timestamp":"2026-06-03T12:10:08.418Z"}
{"level":"info","message":"🔎 Processando título 108224/C","service":"btg-baixa-titulos-service","timestamp":"2026-06-03T12:10:08.424Z"}
{"level":"info","message":"🌐 Millennium request: GET /MILLENIUM!JOIN_ONEUP.LANCAMENTOS.CONSULTALANCAMENTOS?cnpj=50.649.490%2F0001-20&n_documento=108224%2FC","service":"btg-baixa-titulos-service","timestamp":"2026-06-03T12:10:08.424Z"}
{"lancamento":1434849893,"level":"info","message":"ℹ️ Título 108224/C já estava baixado. Processo ignorado.","service":"btg-baixa-titulos-service","situacao":"BAIXADO","timestamp":"2026-06-03T12:10:08.440Z"}
{"level":"info","message":"🔎 Processando título 108327/E","service":"btg-baixa-titulos-service","timestamp":"2026-06-03T12:10:08.447Z"}
{"level":"info","message":"🌐 Millennium request: GET /MILLENIUM!JOIN_ONEUP.LANCAMENTOS.CONSULTALANCAMENTOS?cnpj=73.652.158%2F0001-10&n_documento=108327%2FE","service":"btg-baixa-titulos-service","timestamp":"2026-06-03T12:10:08.447Z"}
{"lancamento":1434850359,"level":"info","message":"ℹ️ Título 108327/E já estava baixado. Processo ignorado.","service":"btg-baixa-titulos-service","situacao":"BAIXADO","timestamp":"2026-06-03T12:10:08.462Z"}
{"level":"info","message":"🔎 Processando título 108219/C","service":"btg-baixa-titulos-service","timestamp":"2026-06-03T12:10:08.466Z"}
{"level":"info","message":"🌐 Millennium request: GET /MILLENIUM!JOIN_ONEUP.LANCAMENTOS.CONSULTALANCAMENTOS?cnpj=50.649.490%2F0001-20&n_documento=108219%2FC","service":"btg-baixa-titulos-service","timestamp":"2026-06-03T12:10:08.466Z"}
{"lancamento":1434849879,"level":"info","message":"ℹ️ Título 108219/C já estava baixado. Processo ignorado.","service":"btg-baixa-titulos-service","situacao":"BAIXADO","timestamp":"2026-06-03T12:10:08.481Z"}
{"level":"info","message":"🔎 Processando título 108221/C","service":"btg-baixa-titulos-service","timestamp":"2026-06-03T12:10:08.485Z"}
{"level":"info","message":"🌐 Millennium request: GET /MILLENIUM!JOIN_ONEUP.LANCAMENTOS.CONSULTALANCAMENTOS?cnpj=50.649.490%2F0001-20&n_documento=108221%2FC","service":"btg-baixa-titulos-service","timestamp":"2026-06-03T12:10:08.485Z"}
{"lancamento":1434849887,"level":"info","message":"ℹ️ Título 108221/C já estava baixado. Processo ignorado.","service":"btg-baixa-titulos-service","situacao":"BAIXADO","timestamp":"2026-06-03T12:10:08.500Z"}
{"level":"info","message":"🔎 Processando título 108156/C","service":"btg-baixa-titulos-service","timestamp":"2026-06-03T12:10:08.505Z"}
{"level":"info","message":"🌐 Millennium request: GET /MILLENIUM!JOIN_ONEUP.LANCAMENTOS.CONSULTALANCAMENTOS?cnpj=57.408.548%2F0001-92&n_documento=108156%2FC","service":"btg-baixa-titulos-service","timestamp":"2026-06-03T12:10:08.505Z"}
{"lancamento":1434849579,"level":"info","message":"ℹ️ Título 108156/C já estava baixado. Processo ignorado.","service":"btg-baixa-titulos-service","situacao":"BAIXADO","timestamp":"2026-06-03T12:10:08.520Z"}
{"level":"info","message":"🔎 Processando título 108317/I","service":"btg-baixa-titulos-service","timestamp":"2026-06-03T12:10:08.525Z"}
{"level":"info","message":"🌐 Millennium request: GET /MILLENIUM!JOIN_ONEUP.LANCAMENTOS.CONSULTALANCAMENTOS?cnpj=03.294.992%2F0001-03&n_documento=108317%2FI","service":"btg-baixa-titulos-service","timestamp":"2026-06-03T12:10:08.525Z"}
{"lancamento":1434850311,"level":"info","message":"ℹ️ Título 108317/I já estava baixado. Processo ignorado.","service":"btg-baixa-titulos-service","situacao":"BAIXADO","timestamp":"2026-06-03T12:10:08.539Z"}
{"level":"info","message":"🔎 Processando título 108157/C","service":"btg-baixa-titulos-service","timestamp":"2026-06-03T12:10:08.543Z"}
{"level":"info","message":"🌐 Millennium request: GET /MILLENIUM!JOIN_ONEUP.LANCAMENTOS.CONSULTALANCAMENTOS?cnpj=03.294.992%2F0001-03&n_documento=108157%2FC","service":"btg-baixa-titulos-service","timestamp":"2026-06-03T12:10:08.543Z"}
{"lancamento":1434849583,"level":"info","message":"ℹ️ Título 108157/C já estava baixado. Processo ignorado.","service":"btg-baixa-titulos-service","situacao":"BAIXADO","timestamp":"2026-06-03T12:10:08.557Z"}
{"level":"info","message":"🔎 Processando título 108315/E","service":"btg-baixa-titulos-service","timestamp":"2026-06-03T12:10:08.561Z"}
{"level":"info","message":"🌐 Millennium request: GET /MILLENIUM!JOIN_ONEUP.LANCAMENTOS.CONSULTALANCAMENTOS?cnpj=06.181.589%2F0001-58&n_documento=108315%2FE","service":"btg-baixa-titulos-service","timestamp":"2026-06-03T12:10:08.561Z"}
{"lancamento":1434850300,"level":"info","message":"ℹ️ Título 108315/E já estava baixado. Processo ignorado.","service":"btg-baixa-titulos-service","situacao":"BAIXADO","timestamp":"2026-06-03T12:10:08.580Z"}
{"level":"info","message":"🔎 Processando título 107660/C","service":"btg-baixa-titulos-service","timestamp":"2026-06-03T12:10:08.585Z"}
{"level":"info","message":"🌐 Millennium request: GET /MILLENIUM!JOIN_ONEUP.LANCAMENTOS.CONSULTALANCAMENTOS?cnpj=57.408.548%2F0001-92&n_documento=107660%2FC","service":"btg-baixa-titulos-service","timestamp":"2026-06-03T12:10:08.585Z"}
{"lancamento":1434808277,"level":"info","message":"ℹ️ Título 107660/C já estava baixado. Processo ignorado.","service":"btg-baixa-titulos-service","situacao":"BAIXADO","timestamp":"2026-06-03T12:10:08.605Z"}
{"level":"info","message":"🔎 Processando título 108310/E","service":"btg-baixa-titulos-service","timestamp":"2026-06-03T12:10:08.610Z"}
{"level":"info","message":"🌐 Millennium request: GET /MILLENIUM!JOIN_ONEUP.LANCAMENTOS.CONSULTALANCAMENTOS?cnpj=03.247.651%2F0001-79&n_documento=108310%2FE","service":"btg-baixa-titulos-service","timestamp":"2026-06-03T12:10:08.610Z"}
{"lancamento":1434850288,"level":"info","message":"ℹ️ Título 108310/E já estava baixado. Processo ignorado.","service":"btg-baixa-titulos-service","situacao":"BAIXADO","timestamp":"2026-06-03T12:10:08.624Z"}
{"level":"info","message":"🔎 Processando título 108157/E","service":"btg-baixa-titulos-service","timestamp":"2026-06-03T12:10:08.630Z"}
{"level":"info","message":"🌐 Millennium request: GET /MILLENIUM!JOIN_ONEUP.LANCAMENTOS.CONSULTALANCAMENTOS?cnpj=03.294.992%2F0001-03&n_documento=108157%2FE","service":"btg-baixa-titulos-service","timestamp":"2026-06-03T12:10:08.630Z"}
{"lancamento":1434849585,"level":"info","message":"ℹ️ Título 108157/E já estava baixado. Processo ignorado.","service":"btg-baixa-titulos-service","situacao":"BAIXADO","timestamp":"2026-06-03T12:10:08.645Z"}
{"level":"info","message":"🔎 Processando título 108252/E","service":"btg-baixa-titulos-service","timestamp":"2026-06-03T12:10:08.650Z"}
{"level":"info","message":"🌐 Millennium request: GET /MILLENIUM!JOIN_ONEUP.LANCAMENTOS.CONSULTALANCAMENTOS?cnpj=44.999.259%2F0001-63&n_documento=108252%2FE","service":"btg-baixa-titulos-service","timestamp":"2026-06-03T12:10:08.650Z"}
{"lancamento":1434850046,"level":"info","message":"ℹ️ Título 108252/E já estava baixado. Processo ignorado.","service":"btg-baixa-titulos-service","situacao":"BAIXADO","timestamp":"2026-06-03T12:10:08.747Z"}
{"level":"info","message":"🔎 Processando título 108020/C","service":"btg-baixa-titulos-service","timestamp":"2026-06-03T12:10:08.758Z"}
{"level":"info","message":"🌐 Millennium request: GET /MILLENIUM!JOIN_ONEUP.LANCAMENTOS.CONSULTALANCAMENTOS?cnpj=57.408.548%2F0001-92&n_documento=108020%2FC","service":"btg-baixa-titulos-service","timestamp":"2026-06-03T12:10:08.758Z"}
{"lancamento":1434848920,"level":"info","message":"ℹ️ Título 108020/C já estava baixado. Processo ignorado.","service":"btg-baixa-titulos-service","situacao":"BAIXADO","timestamp":"2026-06-03T12:10:08.773Z"}
{"level":"info","message":"🔎 Processando título 108327/D","service":"btg-baixa-titulos-service","timestamp":"2026-06-03T12:10:08.779Z"}
{"level":"info","message":"🌐 Millennium request: GET /MILLENIUM!JOIN_ONEUP.LANCAMENTOS.CONSULTALANCAMENTOS?cnpj=73.652.158%2F0001-10&n_documento=108327%2FD","service":"btg-baixa-titulos-service","timestamp":"2026-06-03T12:10:08.779Z"}
{"lancamento":1434850358,"level":"info","message":"ℹ️ Título 108327/D já estava baixado. Processo ignorado.","service":"btg-baixa-titulos-service","situacao":"BAIXADO","timestamp":"2026-06-03T12:10:08.794Z"}
{"level":"info","message":"🔎 Processando título 107627/C","service":"btg-baixa-titulos-service","timestamp":"2026-06-03T12:10:08.799Z"}
{"level":"info","message":"🌐 Millennium request: GET /MILLENIUM!JOIN_ONEUP.LANCAMENTOS.CONSULTALANCAMENTOS?cnpj=57.408.548%2F0001-92&n_documento=107627%2FC","service":"btg-baixa-titulos-service","timestamp":"2026-06-03T12:10:08.799Z"}
{"lancamento":1434808246,"level":"info","message":"ℹ️ Título 107627/C já estava baixado. Processo ignorado.","service":"btg-baixa-titulos-service","situacao":"BAIXADO","timestamp":"2026-06-03T12:10:08.813Z"}
{"level":"info","message":"🔎 Processando título 108317/H","service":"btg-baixa-titulos-service","timestamp":"2026-06-03T12:10:08.819Z"}
{"level":"info","message":"🌐 Millennium request: GET /MILLENIUM!JOIN_ONEUP.LANCAMENTOS.CONSULTALANCAMENTOS?cnpj=03.294.992%2F0001-03&n_documento=108317%2FH","service":"btg-baixa-titulos-service","timestamp":"2026-06-03T12:10:08.819Z"}
{"lancamento":1434850310,"level":"info","message":"ℹ️ Título 108317/H já estava baixado. Processo ignorado.","service":"btg-baixa-titulos-service","situacao":"BAIXADO","timestamp":"2026-06-03T12:10:08.834Z"}
{"level":"info","message":"🔎 Processando título 108317/D","service":"btg-baixa-titulos-service","timestamp":"2026-06-03T12:10:08.839Z"}
{"level":"info","message":"🌐 Millennium request: GET /MILLENIUM!JOIN_ONEUP.LANCAMENTOS.CONSULTALANCAMENTOS?cnpj=03.294.992%2F0001-03&n_documento=108317%2FD","service":"btg-baixa-titulos-service","timestamp":"2026-06-03T12:10:08.839Z"}
{"lancamento":1434850306,"level":"info","message":"ℹ️ Título 108317/D já estava baixado. Processo ignorado.","service":"btg-baixa-titulos-service","situacao":"BAIXADO","timestamp":"2026-06-03T12:10:08.856Z"}
{"level":"info","message":"🔎 Processando título 108315/D","service":"btg-baixa-titulos-service","timestamp":"2026-06-03T12:10:08.861Z"}
{"level":"info","message":"🌐 Millennium request: GET /MILLENIUM!JOIN_ONEUP.LANCAMENTOS.CONSULTALANCAMENTOS?cnpj=06.181.589%2F0001-58&n_documento=108315%2FD","service":"btg-baixa-titulos-service","timestamp":"2026-06-03T12:10:08.861Z"}
{"lancamento":1434850299,"level":"info","message":"ℹ️ Título 108315/D já estava baixado. Processo ignorado.","service":"btg-baixa-titulos-service","situacao":"BAIXADO","timestamp":"2026-06-03T12:10:08.875Z"}
{"level":"info","message":"🔎 Processando título 108327/B","service":"btg-baixa-titulos-service","timestamp":"2026-06-03T12:10:08.882Z"}
{"level":"info","message":"🌐 Millennium request: GET /MILLENIUM!JOIN_ONEUP.LANCAMENTOS.CONSULTALANCAMENTOS?cnpj=73.652.158%2F0001-10&n_documento=108327%2FB","service":"btg-baixa-titulos-service","timestamp":"2026-06-03T12:10:08.882Z"}
{"lancamento":1434850356,"level":"info","message":"ℹ️ Título 108327/B já estava baixado. Processo ignorado.","service":"btg-baixa-titulos-service","situacao":"BAIXADO","timestamp":"2026-06-03T12:10:08.894Z"}
{"level":"info","message":"🔎 Processando título 108317/G","service":"btg-baixa-titulos-service","timestamp":"2026-06-03T12:10:08.899Z"}
{"level":"info","message":"🌐 Millennium request: GET /MILLENIUM!JOIN_ONEUP.LANCAMENTOS.CONSULTALANCAMENTOS?cnpj=03.294.992%2F0001-03&n_documento=108317%2FG","service":"btg-baixa-titulos-service","timestamp":"2026-06-03T12:10:08.899Z"}
{"lancamento":1434850309,"level":"info","message":"ℹ️ Título 108317/G já estava baixado. Processo ignorado.","service":"btg-baixa-titulos-service","situacao":"BAIXADO","timestamp":"2026-06-03T12:10:08.912Z"}
{"level":"info","message":"🔎 Processando título 108315/B","service":"btg-baixa-titulos-service","timestamp":"2026-06-03T12:10:08.917Z"}
{"level":"info","message":"🌐 Millennium request: GET /MILLENIUM!JOIN_ONEUP.LANCAMENTOS.CONSULTALANCAMENTOS?cnpj=06.181.589%2F0001-58&n_documento=108315%2FB","service":"btg-baixa-titulos-service","timestamp":"2026-06-03T12:10:08.917Z"}
{"lancamento":1434850297,"level":"info","message":"ℹ️ Título 108315/B já estava baixado. Processo ignorado.","service":"btg-baixa-titulos-service","situacao":"BAIXADO","timestamp":"2026-06-03T12:10:08.931Z"}
{"level":"info","message":"🔎 Processando título 108317/C","service":"btg-baixa-titulos-service","timestamp":"2026-06-03T12:10:08.936Z"}
{"level":"info","message":"🌐 Millennium request: GET /MILLENIUM!JOIN_ONEUP.LANCAMENTOS.CONSULTALANCAMENTOS?cnpj=03.294.992%2F0001-03&n_documento=108317%2FC","service":"btg-baixa-titulos-service","timestamp":"2026-06-03T12:10:08.936Z"}
{"lancamento":1434850305,"level":"info","message":"ℹ️ Título 108317/C já estava baixado. Processo ignorado.","service":"btg-baixa-titulos-service","situacao":"BAIXADO","timestamp":"2026-06-03T12:10:08.949Z"}
{"level":"info","message":"🔎 Processando título 108253/D","service":"btg-baixa-titulos-service","timestamp":"2026-06-03T12:10:08.953Z"}
{"level":"info","message":"🌐 Millennium request: GET /MILLENIUM!JOIN_ONEUP.LANCAMENTOS.CONSULTALANCAMENTOS?cnpj=57.408.548%2F0001-92&n_documento=108253%2FD","service":"btg-baixa-titulos-service","timestamp":"2026-06-03T12:10:08.953Z"}
{"lancamento":1434850050,"level":"info","message":"ℹ️ Título 108253/D já estava baixado. Processo ignorado.","service":"btg-baixa-titulos-service","situacao":"BAIXADO","timestamp":"2026-06-03T12:10:08.972Z"}
{"level":"info","message":"🔎 Processando título 108306/D","service":"btg-baixa-titulos-service","timestamp":"2026-06-03T12:10:08.977Z"}
{"level":"info","message":"🌐 Millennium request: GET /MILLENIUM!JOIN_ONEUP.LANCAMENTOS.CONSULTALANCAMENTOS?cnpj=00.768.271%2F0001-91&n_documento=108306%2FD","service":"btg-baixa-titulos-service","timestamp":"2026-06-03T12:10:08.977Z"}
{"lancamento":1434850220,"level":"info","message":"ℹ️ Título 108306/D já estava baixado. Processo ignorado.","service":"btg-baixa-titulos-service","situacao":"BAIXADO","timestamp":"2026-06-03T12:10:08.994Z"}
{"level":"info","message":"🔎 Processando título 108310/B","service":"btg-baixa-titulos-service","timestamp":"2026-06-03T12:10:08.998Z"}
{"level":"info","message":"🌐 Millennium request: GET /MILLENIUM!JOIN_ONEUP.LANCAMENTOS.CONSULTALANCAMENTOS?cnpj=03.247.651%2F0001-79&n_documento=108310%2FB","service":"btg-baixa-titulos-service","timestamp":"2026-06-03T12:10:08.998Z"}
{"lancamento":1434850285,"level":"info","message":"ℹ️ Título 108310/B já estava baixado. Processo ignorado.","service":"btg-baixa-titulos-service","situacao":"BAIXADO","timestamp":"2026-06-03T12:10:09.015Z"}
{"level":"info","message":"🔎 Processando título 108310/D","service":"btg-baixa-titulos-service","timestamp":"2026-06-03T12:10:09.021Z"}
{"level":"info","message":"🌐 Millennium request: GET /MILLENIUM!JOIN_ONEUP.LANCAMENTOS.CONSULTALANCAMENTOS?cnpj=03.247.651%2F0001-79&n_documento=108310%2FD","service":"btg-baixa-titulos-service","timestamp":"2026-06-03T12:10:09.021Z"}
{"lancamento":1434850287,"level":"info","message":"ℹ️ Título 108310/D já estava baixado. Processo ignorado.","service":"btg-baixa-titulos-service","situacao":"BAIXADO","timestamp":"2026-06-03T12:10:09.035Z"}
{"level":"info","message":"🔎 Processando título 108306/B","service":"btg-baixa-titulos-service","timestamp":"2026-06-03T12:10:09.040Z"}
{"level":"info","message":"🌐 Millennium request: GET /MILLENIUM!JOIN_ONEUP.LANCAMENTOS.CONSULTALANCAMENTOS?cnpj=00.768.271%2F0001-91&n_documento=108306%2FB","service":"btg-baixa-titulos-service","timestamp":"2026-06-03T12:10:09.040Z"}
{"lancamento":1434850218,"level":"info","message":"ℹ️ Título 108306/B já estava baixado. Processo ignorado.","service":"btg-baixa-titulos-service","situacao":"BAIXADO","timestamp":"2026-06-03T12:10:09.055Z"}
{"level":"info","message":"🔎 Processando título 108252/D","service":"btg-baixa-titulos-service","timestamp":"2026-06-03T12:10:09.061Z"}
{"level":"info","message":"🌐 Millennium request: GET /MILLENIUM!JOIN_ONEUP.LANCAMENTOS.CONSULTALANCAMENTOS?cnpj=44.999.259%2F0001-63&n_documento=108252%2FD","service":"btg-baixa-titulos-service","timestamp":"2026-06-03T12:10:09.061Z"}
{"lancamento":1434850045,"level":"info","message":"ℹ️ Título 108252/D já estava baixado. Processo ignorado.","service":"btg-baixa-titulos-service","situacao":"BAIXADO","timestamp":"2026-06-03T12:10:09.075Z"}
{"level":"info","message":"🔎 Processando título 108253/B","service":"btg-baixa-titulos-service","timestamp":"2026-06-03T12:10:09.080Z"}
{"level":"info","message":"🌐 Millennium request: GET /MILLENIUM!JOIN_ONEUP.LANCAMENTOS.CONSULTALANCAMENTOS?cnpj=57.408.548%2F0001-92&n_documento=108253%2FB","service":"btg-baixa-titulos-service","timestamp":"2026-06-03T12:10:09.080Z"}
{"lancamento":1434850048,"level":"info","message":"ℹ️ Título 108253/B já estava baixado. Processo ignorado.","service":"btg-baixa-titulos-service","situacao":"BAIXADO","timestamp":"2026-06-03T12:10:09.094Z"}
{"level":"info","message":"🔎 Processando título 108157/D","service":"btg-baixa-titulos-service","timestamp":"2026-06-03T12:10:09.099Z"}
{"level":"info","message":"🌐 Millennium request: GET /MILLENIUM!JOIN_ONEUP.LANCAMENTOS.CONSULTALANCAMENTOS?cnpj=03.294.992%2F0001-03&n_documento=108157%2FD","service":"btg-baixa-titulos-service","timestamp":"2026-06-03T12:10:09.100Z"}
{"lancamento":1434849584,"level":"info","message":"ℹ️ Título 108157/D já estava baixado. Processo ignorado.","service":"btg-baixa-titulos-service","situacao":"BAIXADO","timestamp":"2026-06-03T12:10:09.112Z"}
{"level":"info","message":"🔎 Processando título 108252/B","service":"btg-baixa-titulos-service","timestamp":"2026-06-03T12:10:09.117Z"}
{"level":"info","message":"🌐 Millennium request: GET /MILLENIUM!JOIN_ONEUP.LANCAMENTOS.CONSULTALANCAMENTOS?cnpj=44.999.259%2F0001-63&n_documento=108252%2FB","service":"btg-baixa-titulos-service","timestamp":"2026-06-03T12:10:09.118Z"}
{"lancamento":1434850043,"level":"info","message":"ℹ️ Título 108252/B já estava baixado. Processo ignorado.","service":"btg-baixa-titulos-service","situacao":"BAIXADO","timestamp":"2026-06-03T12:10:09.131Z"}
{"level":"info","message":"🔎 Processando título 108326/B","service":"btg-baixa-titulos-service","timestamp":"2026-06-03T12:10:09.137Z"}
{"level":"info","message":"🌐 Millennium request: GET /MILLENIUM!JOIN_ONEUP.LANCAMENTOS.CONSULTALANCAMENTOS?cnpj=96.609.490%2F0001-05&n_documento=108326%2FB","service":"btg-baixa-titulos-service","timestamp":"2026-06-03T12:10:09.137Z"}
{"lancamento":1434850353,"level":"info","message":"ℹ️ Título 108326/B já estava baixado. Processo ignorado.","service":"btg-baixa-titulos-service","situacao":"BAIXADO","timestamp":"2026-06-03T12:10:09.153Z"}
{"level":"info","message":"🔎 Processando título 108020/D","service":"btg-baixa-titulos-service","timestamp":"2026-06-03T12:10:09.159Z"}
{"level":"info","message":"🌐 Millennium request: GET /MILLENIUM!JOIN_ONEUP.LANCAMENTOS.CONSULTALANCAMENTOS?cnpj=57.408.548%2F0001-92&n_documento=108020%2FD","service":"btg-baixa-titulos-service","timestamp":"2026-06-03T12:10:09.159Z"}
{"lancamento":1434848921,"level":"info","message":"ℹ️ Título 108020/D já estava baixado. Processo ignorado.","service":"btg-baixa-titulos-service","situacao":"BAIXADO","timestamp":"2026-06-03T12:10:09.175Z"}
{"level":"info","message":"🔎 Processando título 108328/B","service":"btg-baixa-titulos-service","timestamp":"2026-06-03T12:10:09.180Z"}
{"level":"info","message":"🌐 Millennium request: GET /MILLENIUM!JOIN_ONEUP.LANCAMENTOS.CONSULTALANCAMENTOS?cnpj=59.205.187%2F0001-02&n_documento=108328%2FB","service":"btg-baixa-titulos-service","timestamp":"2026-06-03T12:10:09.180Z"}
{"lancamento":1434850362,"level":"info","message":"ℹ️ Título 108328/B já estava baixado. Processo ignorado.","service":"btg-baixa-titulos-service","situacao":"BAIXADO","timestamp":"2026-06-03T12:10:09.282Z"}
{"level":"info","message":"🔎 Processando título 108156/D","service":"btg-baixa-titulos-service","timestamp":"2026-06-03T12:10:09.287Z"}
{"level":"info","message":"🌐 Millennium request: GET /MILLENIUM!JOIN_ONEUP.LANCAMENTOS.CONSULTALANCAMENTOS?cnpj=57.408.548%2F0001-92&n_documento=108156%2FD","service":"btg-baixa-titulos-service","timestamp":"2026-06-03T12:10:09.287Z"}
{"lancamento":1434849580,"level":"info","message":"ℹ️ Título 108156/D já estava baixado. Processo ignorado.","service":"btg-baixa-titulos-service","situacao":"BAIXADO","timestamp":"2026-06-03T12:10:09.304Z"}
{"level":"info","message":"🔎 Processando título 108331/B","service":"btg-baixa-titulos-service","timestamp":"2026-06-03T12:10:09.307Z"}
{"level":"info","message":"🌐 Millennium request: GET /MILLENIUM!JOIN_ONEUP.LANCAMENTOS.CONSULTALANCAMENTOS?cnpj=47.485.403%2F0001-31&n_documento=108331%2FB","service":"btg-baixa-titulos-service","timestamp":"2026-06-03T12:10:09.307Z"}
{"lancamento":1434850369,"level":"info","message":"ℹ️ Título 108331/B já estava baixado. Processo ignorado.","service":"btg-baixa-titulos-service","situacao":"BAIXADO","timestamp":"2026-06-03T12:10:09.323Z"}
{"level":"info","message":"🔎 Processando título 107660/D","service":"btg-baixa-titulos-service","timestamp":"2026-06-03T12:10:09.326Z"}
{"level":"info","message":"🌐 Millennium request: GET /MILLENIUM!JOIN_ONEUP.LANCAMENTOS.CONSULTALANCAMENTOS?cnpj=57.408.548%2F0001-92&n_documento=107660%2FD","service":"btg-baixa-titulos-service","timestamp":"2026-06-03T12:10:09.326Z"}
{"lancamento":1434808278,"level":"info","message":"ℹ️ Título 107660/D já estava baixado. Processo ignorado.","service":"btg-baixa-titulos-service","situacao":"BAIXADO","timestamp":"2026-06-03T12:10:09.340Z"}
{"level":"info","message":"🔎 Processando título 108324/B","service":"btg-baixa-titulos-service","timestamp":"2026-06-03T12:10:09.343Z"}
{"level":"info","message":"🌐 Millennium request: GET /MILLENIUM!JOIN_ONEUP.LANCAMENTOS.CONSULTALANCAMENTOS?cnpj=47.485.403%2F0001-31&n_documento=108324%2FB","service":"btg-baixa-titulos-service","timestamp":"2026-06-03T12:10:09.344Z"}
{"lancamento":1434850350,"level":"info","message":"ℹ️ Título 108324/B já estava baixado. Processo ignorado.","service":"btg-baixa-titulos-service","situacao":"BAIXADO","timestamp":"2026-06-03T12:10:09.358Z"}
{"level":"info","message":"🔎 Processando título 108323/B","service":"btg-baixa-titulos-service","timestamp":"2026-06-03T12:10:09.361Z"}
{"level":"info","message":"🌐 Millennium request: GET /MILLENIUM!JOIN_ONEUP.LANCAMENTOS.CONSULTALANCAMENTOS?cnpj=47.485.403%2F0001-31&n_documento=108323%2FB","service":"btg-baixa-titulos-service","timestamp":"2026-06-03T12:10:09.361Z"}
{"lancamento":1434850341,"level":"info","message":"ℹ️ Título 108323/B já estava baixado. Processo ignorado.","service":"btg-baixa-titulos-service","situacao":"BAIXADO","timestamp":"2026-06-03T12:10:09.376Z"}
{"level":"info","message":"🔎 Processando título 108320/B","service":"btg-baixa-titulos-service","timestamp":"2026-06-03T12:10:09.380Z"}
{"level":"info","message":"🌐 Millennium request: GET /MILLENIUM!JOIN_ONEUP.LANCAMENTOS.CONSULTALANCAMENTOS?cnpj=47.485.403%2F0001-31&n_documento=108320%2FB","service":"btg-baixa-titulos-service","timestamp":"2026-06-03T12:10:09.380Z"}
{"lancamento":1434850327,"level":"info","message":"ℹ️ Título 108320/B já estava baixado. Processo ignorado.","service":"btg-baixa-titulos-service","situacao":"BAIXADO","timestamp":"2026-06-03T12:10:09.393Z"}
{"level":"info","message":"🔎 Processando título 108313/B","service":"btg-baixa-titulos-service","timestamp":"2026-06-03T12:10:09.398Z"}
{"level":"info","message":"🌐 Millennium request: GET /MILLENIUM!JOIN_ONEUP.LANCAMENTOS.CONSULTALANCAMENTOS?cnpj=22.031.998%2F0001-24&n_documento=108313%2FB","service":"btg-baixa-titulos-service","timestamp":"2026-06-03T12:10:09.398Z"}
{"lancamento":1434850290,"level":"info","message":"ℹ️ Título 108313/B já estava baixado. Processo ignorado.","service":"btg-baixa-titulos-service","situacao":"BAIXADO","timestamp":"2026-06-03T12:10:09.412Z"}
{"level":"info","message":"🔎 Processando título 108318/B","service":"btg-baixa-titulos-service","timestamp":"2026-06-03T12:10:09.417Z"}
{"level":"info","message":"🌐 Millennium request: GET /MILLENIUM!JOIN_ONEUP.LANCAMENTOS.CONSULTALANCAMENTOS?cnpj=50.649.490%2F0001-20&n_documento=108318%2FB","service":"btg-baixa-titulos-service","timestamp":"2026-06-03T12:10:09.417Z"}
{"lancamento":1434850323,"level":"info","message":"ℹ️ Título 108318/B já estava baixado. Processo ignorado.","service":"btg-baixa-titulos-service","situacao":"BAIXADO","timestamp":"2026-06-03T12:10:09.433Z"}
{"level":"info","message":"🔎 Processando título 106806/D","service":"btg-baixa-titulos-service","timestamp":"2026-06-03T12:10:09.438Z"}
{"level":"info","message":"🌐 Millennium request: GET /MILLENIUM!JOIN_ONEUP.LANCAMENTOS.CONSULTALANCAMENTOS?cnpj=44.999.259%2F0001-63&n_documento=106806%2FD","service":"btg-baixa-titulos-service","timestamp":"2026-06-03T12:10:09.438Z"}
{"lancamento":1434804044,"level":"info","message":"ℹ️ Título 106806/D já estava baixado. Processo ignorado.","service":"btg-baixa-titulos-service","situacao":"BAIXADO","timestamp":"2026-06-03T12:10:09.454Z"}
{"level":"info","message":"🔎 Processando título 106806/E","service":"btg-baixa-titulos-service","timestamp":"2026-06-03T12:10:09.459Z"}
{"level":"info","message":"🌐 Millennium request: GET /MILLENIUM!JOIN_ONEUP.LANCAMENTOS.CONSULTALANCAMENTOS?cnpj=44.999.259%2F0001-63&n_documento=106806%2FE","service":"btg-baixa-titulos-service","timestamp":"2026-06-03T12:10:09.459Z"}
{"lancamento":1434804045,"level":"info","message":"ℹ️ Título 106806/E já estava baixado. Processo ignorado.","service":"btg-baixa-titulos-service","situacao":"BAIXADO","timestamp":"2026-06-03T12:10:09.475Z"}
{"level":"info","message":"🔎 Processando título 106806/A","service":"btg-baixa-titulos-service","timestamp":"2026-06-03T12:10:09.480Z"}
{"level":"info","message":"🌐 Millennium request: GET /MILLENIUM!JOIN_ONEUP.LANCAMENTOS.CONSULTALANCAMENTOS?cnpj=44.999.259%2F0001-63&n_documento=106806%2FA","service":"btg-baixa-titulos-service","timestamp":"2026-06-03T12:10:09.480Z"}
{"lancamento":1434804041,"level":"info","message":"ℹ️ Título 106806/A já estava baixado. Processo ignorado.","service":"btg-baixa-titulos-service","situacao":"BAIXADO","timestamp":"2026-06-03T12:10:09.492Z"}
{"level":"info","message":"🔎 Processando título 106806/C","service":"btg-baixa-titulos-service","timestamp":"2026-06-03T12:10:09.497Z"}
{"level":"info","message":"🌐 Millennium request: GET /MILLENIUM!JOIN_ONEUP.LANCAMENTOS.CONSULTALANCAMENTOS?cnpj=44.999.259%2F0001-63&n_documento=106806%2FC","service":"btg-baixa-titulos-service","timestamp":"2026-06-03T12:10:09.497Z"}
{"lancamento":1434804043,"level":"info","message":"ℹ️ Título 106806/C já estava baixado. Processo ignorado.","service":"btg-baixa-titulos-service","situacao":"BAIXADO","timestamp":"2026-06-03T12:10:09.511Z"}
{"level":"info","message":"🔎 Processando título 106806/B","service":"btg-baixa-titulos-service","timestamp":"2026-06-03T12:10:09.516Z"}
{"level":"info","message":"🌐 Millennium request: GET /MILLENIUM!JOIN_ONEUP.LANCAMENTOS.CONSULTALANCAMENTOS?cnpj=44.999.259%2F0001-63&n_documento=106806%2FB","service":"btg-baixa-titulos-service","timestamp":"2026-06-03T12:10:09.516Z"}
{"lancamento":1434804042,"level":"info","message":"ℹ️ Título 106806/B já estava baixado. Processo ignorado.","service":"btg-baixa-titulos-service","situacao":"BAIXADO","timestamp":"2026-06-03T12:10:09.535Z"}
{"level":"info","message":"🔎 Processando título 106709/C","service":"btg-baixa-titulos-service","timestamp":"2026-06-03T12:10:09.540Z"}
{"level":"info","message":"🌐 Millennium request: GET /MILLENIUM!JOIN_ONEUP.LANCAMENTOS.CONSULTALANCAMENTOS?cnpj=00.768.271%2F0001-91&n_documento=106709%2FC","service":"btg-baixa-titulos-service","timestamp":"2026-06-03T12:10:09.540Z"}
{"lancamento":1434803745,"level":"info","message":"ℹ️ Título 106709/C já estava baixado. Processo ignorado.","service":"btg-baixa-titulos-service","situacao":"BAIXADO","timestamp":"2026-06-03T12:10:09.556Z"}
{"level":"info","message":"🔎 Processando título 106709/D","service":"btg-baixa-titulos-service","timestamp":"2026-06-03T12:10:09.561Z"}
{"level":"info","message":"🌐 Millennium request: GET /MILLENIUM!JOIN_ONEUP.LANCAMENTOS.CONSULTALANCAMENTOS?cnpj=00.768.271%2F0001-91&n_documento=106709%2FD","service":"btg-baixa-titulos-service","timestamp":"2026-06-03T12:10:09.561Z"}
{"lancamento":1434803746,"level":"info","message":"ℹ️ Título 106709/D já estava baixado. Processo ignorado.","service":"btg-baixa-titulos-service","situacao":"BAIXADO","timestamp":"2026-06-03T12:10:09.594Z"}
{"level":"info","message":"🔎 Processando título 106709/B","service":"btg-baixa-titulos-service","timestamp":"2026-06-03T12:10:09.601Z"}
{"level":"info","message":"🌐 Millennium request: GET /MILLENIUM!JOIN_ONEUP.LANCAMENTOS.CONSULTALANCAMENTOS?cnpj=00.768.271%2F0001-91&n_documento=106709%2FB","service":"btg-baixa-titulos-service","timestamp":"2026-06-03T12:10:09.601Z"}
{"lancamento":1434803744,"level":"info","message":"ℹ️ Título 106709/B já estava baixado. Processo ignorado.","service":"btg-baixa-titulos-service","situacao":"BAIXADO","timestamp":"2026-06-03T12:10:09.616Z"}
{"level":"info","message":"🔎 Processando título 106655/E","service":"btg-baixa-titulos-service","timestamp":"2026-06-03T12:10:09.622Z"}
{"level":"info","message":"🌐 Millennium request: GET /MILLENIUM!JOIN_ONEUP.LANCAMENTOS.CONSULTALANCAMENTOS?cnpj=73.652.158%2F0001-10&n_documento=106655%2FE","service":"btg-baixa-titulos-service","timestamp":"2026-06-03T12:10:09.622Z"}
{"lancamento":1434803559,"level":"info","message":"ℹ️ Título 106655/E já estava baixado. Processo ignorado.","service":"btg-baixa-titulos-service","situacao":"BAIXADO","timestamp":"2026-06-03T12:10:09.635Z"}
{"level":"info","message":"🔎 Processando título 106709/A","service":"btg-baixa-titulos-service","timestamp":"2026-06-03T12:10:09.641Z"}
{"level":"info","message":"🌐 Millennium request: GET /MILLENIUM!JOIN_ONEUP.LANCAMENTOS.CONSULTALANCAMENTOS?cnpj=00.768.271%2F0001-91&n_documento=106709%2FA","service":"btg-baixa-titulos-service","timestamp":"2026-06-03T12:10:09.641Z"}
{"lancamento":1434803743,"level":"info","message":"ℹ️ Título 106709/A já estava baixado. Processo ignorado.","service":"btg-baixa-titulos-service","situacao":"BAIXADO","timestamp":"2026-06-03T12:10:09.656Z"}
{"level":"info","message":"🔎 Processando título 106655/C","service":"btg-baixa-titulos-service","timestamp":"2026-06-03T12:10:09.661Z"}
{"level":"info","message":"🌐 Millennium request: GET /MILLENIUM!JOIN_ONEUP.LANCAMENTOS.CONSULTALANCAMENTOS?cnpj=73.652.158%2F0001-10&n_documento=106655%2FC","service":"btg-baixa-titulos-service","timestamp":"2026-06-03T12:10:09.661Z"}
{"lancamento":1434803557,"level":"info","message":"ℹ️ Título 106655/C já estava baixado. Processo ignorado.","service":"btg-baixa-titulos-service","situacao":"BAIXADO","timestamp":"2026-06-03T12:10:09.676Z"}
{"level":"info","message":"🔎 Processando título 106655/B","service":"btg-baixa-titulos-service","timestamp":"2026-06-03T12:10:09.679Z"}
{"level":"info","message":"🌐 Millennium request: GET /MILLENIUM!JOIN_ONEUP.LANCAMENTOS.CONSULTALANCAMENTOS?cnpj=73.652.158%2F0001-10&n_documento=106655%2FB","service":"btg-baixa-titulos-service","timestamp":"2026-06-03T12:10:09.679Z"}
{"lancamento":1434803556,"level":"info","message":"ℹ️ Título 106655/B já estava baixado. Processo ignorado.","service":"btg-baixa-titulos-service","situacao":"BAIXADO","timestamp":"2026-06-03T12:10:09.694Z"}
{"level":"info","message":"🔎 Processando título 106655/D","service":"btg-baixa-titulos-service","timestamp":"2026-06-03T12:10:09.697Z"}
{"level":"info","message":"🌐 Millennium request: GET /MILLENIUM!JOIN_ONEUP.LANCAMENTOS.CONSULTALANCAMENTOS?cnpj=73.652.158%2F0001-10&n_documento=106655%2FD","service":"btg-baixa-titulos-service","timestamp":"2026-06-03T12:10:09.697Z"}
{"lancamento":1434803558,"level":"info","message":"ℹ️ Título 106655/D já estava baixado. Processo ignorado.","service":"btg-baixa-titulos-service","situacao":"BAIXADO","timestamp":"2026-06-03T12:10:09.795Z"}
{"level":"info","message":"🔎 Processando título 106702/D","service":"btg-baixa-titulos-service","timestamp":"2026-06-03T12:10:09.805Z"}
{"level":"info","message":"🌐 Millennium request: GET /MILLENIUM!JOIN_ONEUP.LANCAMENTOS.CONSULTALANCAMENTOS?cnpj=57.408.548%2F0001-92&n_documento=106702%2FD","service":"btg-baixa-titulos-service","timestamp":"2026-06-03T12:10:09.805Z"}
{"lancamento":1434803693,"level":"info","message":"ℹ️ Título 106702/D já estava baixado. Processo ignorado.","service":"btg-baixa-titulos-service","situacao":"BAIXADO","timestamp":"2026-06-03T12:10:09.821Z"}
{"level":"info","message":"🔎 Processando título 106655/A","service":"btg-baixa-titulos-service","timestamp":"2026-06-03T12:10:09.827Z"}
{"level":"info","message":"🌐 Millennium request: GET /MILLENIUM!JOIN_ONEUP.LANCAMENTOS.CONSULTALANCAMENTOS?cnpj=73.652.158%2F0001-10&n_documento=106655%2FA","service":"btg-baixa-titulos-service","timestamp":"2026-06-03T12:10:09.827Z"}
{"lancamento":1434803555,"level":"info","message":"ℹ️ Título 106655/A já estava baixado. Processo ignorado.","service":"btg-baixa-titulos-service","situacao":"BAIXADO","timestamp":"2026-06-03T12:10:09.842Z"}
{"level":"info","message":"🔎 Processando título 106702/B","service":"btg-baixa-titulos-service","timestamp":"2026-06-03T12:10:09.848Z"}
{"level":"info","message":"🌐 Millennium request: GET /MILLENIUM!JOIN_ONEUP.LANCAMENTOS.CONSULTALANCAMENTOS?cnpj=57.408.548%2F0001-92&n_documento=106702%2FB","service":"btg-baixa-titulos-service","timestamp":"2026-06-03T12:10:09.848Z"}
{"lancamento":1434803691,"level":"info","message":"ℹ️ Título 106702/B já estava baixado. Processo ignorado.","service":"btg-baixa-titulos-service","situacao":"BAIXADO","timestamp":"2026-06-03T12:10:09.863Z"}
{"level":"info","message":"🔎 Processando título 106702/C","service":"btg-baixa-titulos-service","timestamp":"2026-06-03T12:10:09.869Z"}
{"level":"info","message":"🌐 Millennium request: GET /MILLENIUM!JOIN_ONEUP.LANCAMENTOS.CONSULTALANCAMENTOS?cnpj=57.408.548%2F0001-92&n_documento=106702%2FC","service":"btg-baixa-titulos-service","timestamp":"2026-06-03T12:10:09.869Z"}
{"lancamento":1434803692,"level":"info","message":"ℹ️ Título 106702/C já estava baixado. Processo ignorado.","service":"btg-baixa-titulos-service","situacao":"BAIXADO","timestamp":"2026-06-03T12:10:09.883Z"}
{"level":"info","message":"🔎 Processando título 106654/C","service":"btg-baixa-titulos-service","timestamp":"2026-06-03T12:10:09.888Z"}
{"level":"info","message":"🌐 Millennium request: GET /MILLENIUM!JOIN_ONEUP.LANCAMENTOS.CONSULTALANCAMENTOS?cnpj=57.408.548%2F0001-92&n_documento=106654%2FC","service":"btg-baixa-titulos-service","timestamp":"2026-06-03T12:10:09.888Z"}
{"lancamento":1434803553,"level":"info","message":"ℹ️ Título 106654/C já estava baixado. Processo ignorado.","service":"btg-baixa-titulos-service","situacao":"BAIXADO","timestamp":"2026-06-03T12:10:09.901Z"}
{"level":"info","message":"🔎 Processando título 106654/D","service":"btg-baixa-titulos-service","timestamp":"2026-06-03T12:10:09.905Z"}
{"level":"info","message":"🌐 Millennium request: GET /MILLENIUM!JOIN_ONEUP.LANCAMENTOS.CONSULTALANCAMENTOS?cnpj=57.408.548%2F0001-92&n_documento=106654%2FD","service":"btg-baixa-titulos-service","timestamp":"2026-06-03T12:10:09.905Z"}
{"lancamento":1434803554,"level":"info","message":"ℹ️ Título 106654/D já estava baixado. Processo ignorado.","service":"btg-baixa-titulos-service","situacao":"BAIXADO","timestamp":"2026-06-03T12:10:09.922Z"}
{"level":"info","message":"🔎 Processando título 106702/A","service":"btg-baixa-titulos-service","timestamp":"2026-06-03T12:10:09.926Z"}
{"level":"info","message":"🌐 Millennium request: GET /MILLENIUM!JOIN_ONEUP.LANCAMENTOS.CONSULTALANCAMENTOS?cnpj=57.408.548%2F0001-92&n_documento=106702%2FA","service":"btg-baixa-titulos-service","timestamp":"2026-06-03T12:10:09.926Z"}
{"lancamento":1434803690,"level":"info","message":"ℹ️ Título 106702/A já estava baixado. Processo ignorado.","service":"btg-baixa-titulos-service","situacao":"BAIXADO","timestamp":"2026-06-03T12:10:09.944Z"}
{"level":"info","message":"🔎 Processando título 106654/B","service":"btg-baixa-titulos-service","timestamp":"2026-06-03T12:10:09.949Z"}
{"level":"info","message":"🌐 Millennium request: GET /MILLENIUM!JOIN_ONEUP.LANCAMENTOS.CONSULTALANCAMENTOS?cnpj=57.408.548%2F0001-92&n_documento=106654%2FB","service":"btg-baixa-titulos-service","timestamp":"2026-06-03T12:10:09.949Z"}
{"lancamento":1434803552,"level":"info","message":"ℹ️ Título 106654/B já estava baixado. Processo ignorado.","service":"btg-baixa-titulos-service","situacao":"BAIXADO","timestamp":"2026-06-03T12:10:09.964Z"}
{"level":"info","message":"🔎 Processando título 106654/A","service":"btg-baixa-titulos-service","timestamp":"2026-06-03T12:10:09.969Z"}
{"level":"info","message":"🌐 Millennium request: GET /MILLENIUM!JOIN_ONEUP.LANCAMENTOS.CONSULTALANCAMENTOS?cnpj=57.408.548%2F0001-92&n_documento=106654%2FA","service":"btg-baixa-titulos-service","timestamp":"2026-06-03T12:10:09.969Z"}
{"lancamento":1434803551,"level":"info","message":"ℹ️ Título 106654/A já estava baixado. Processo ignorado.","service":"btg-baixa-titulos-service","situacao":"BAIXADO","timestamp":"2026-06-03T12:10:09.984Z"}
{"level":"info","message":"🔎 Processando título 108304/B","service":"btg-baixa-titulos-service","timestamp":"2026-06-03T12:10:09.990Z"}
{"level":"info","message":"🌐 Millennium request: GET /MILLENIUM!JOIN_ONEUP.LANCAMENTOS.CONSULTALANCAMENTOS?cnpj=07.409.302%2F0001-67&n_documento=108304%2FB","service":"btg-baixa-titulos-service","timestamp":"2026-06-03T12:10:09.990Z"}
{"lancamento":1434850213,"level":"info","message":"ℹ️ Título 108304/B já estava baixado. Processo ignorado.","service":"btg-baixa-titulos-service","situacao":"BAIXADO","timestamp":"2026-06-03T12:10:10.005Z"}
{"level":"info","message":"🔎 Processando título 108226/B","service":"btg-baixa-titulos-service","timestamp":"2026-06-03T12:10:10.010Z"}
{"level":"info","message":"🌐 Millennium request: GET /MILLENIUM!JOIN_ONEUP.LANCAMENTOS.CONSULTALANCAMENTOS?cnpj=50.649.490%2F0001-20&n_documento=108226%2FB","service":"btg-baixa-titulos-service","timestamp":"2026-06-03T12:10:10.010Z"}
{"lancamento":1434849908,"level":"info","message":"ℹ️ Título 108226/B já estava baixado. Processo ignorado.","service":"btg-baixa-titulos-service","situacao":"BAIXADO","timestamp":"2026-06-03T12:10:10.026Z"}
{"level":"info","message":"🔎 Processando título 108224/B","service":"btg-baixa-titulos-service","timestamp":"2026-06-03T12:10:10.031Z"}
{"level":"info","message":"🌐 Millennium request: GET /MILLENIUM!JOIN_ONEUP.LANCAMENTOS.CONSULTALANCAMENTOS?cnpj=50.649.490%2F0001-20&n_documento=108224%2FB","service":"btg-baixa-titulos-service","timestamp":"2026-06-03T12:10:10.031Z"}
{"lancamento":1434849892,"level":"info","message":"ℹ️ Título 108224/B já estava baixado. Processo ignorado.","service":"btg-baixa-titulos-service","situacao":"BAIXADO","timestamp":"2026-06-03T12:10:10.048Z"}
{"level":"info","message":"🔎 Processando título 108225/B","service":"btg-baixa-titulos-service","timestamp":"2026-06-03T12:10:10.053Z"}
{"level":"info","message":"🌐 Millennium request: GET /MILLENIUM!JOIN_ONEUP.LANCAMENTOS.CONSULTALANCAMENTOS?cnpj=50.649.490%2F0001-20&n_documento=108225%2FB","service":"btg-baixa-titulos-service","timestamp":"2026-06-03T12:10:10.053Z"}
{"lancamento":1434849895,"level":"info","message":"ℹ️ Título 108225/B já estava baixado. Processo ignorado.","service":"btg-baixa-titulos-service","situacao":"BAIXADO","timestamp":"2026-06-03T12:10:10.067Z"}
{"level":"info","message":"🔎 Processando título 108222/B","service":"btg-baixa-titulos-service","timestamp":"2026-06-03T12:10:10.072Z"}
{"level":"info","message":"🌐 Millennium request: GET /MILLENIUM!JOIN_ONEUP.LANCAMENTOS.CONSULTALANCAMENTOS?cnpj=50.649.490%2F0001-20&n_documento=108222%2FB","service":"btg-baixa-titulos-service","timestamp":"2026-06-03T12:10:10.072Z"}
{"lancamento":1434849889,"level":"info","message":"ℹ️ Título 108222/B já estava baixado. Processo ignorado.","service":"btg-baixa-titulos-service","situacao":"BAIXADO","timestamp":"2026-06-03T12:10:10.086Z"}
{"level":"info","message":"🔎 Processando título 108221/B","service":"btg-baixa-titulos-service","timestamp":"2026-06-03T12:10:10.091Z"}
{"level":"info","message":"🌐 Millennium request: GET /MILLENIUM!JOIN_ONEUP.LANCAMENTOS.CONSULTALANCAMENTOS?cnpj=50.649.490%2F0001-20&n_documento=108221%2FB","service":"btg-baixa-titulos-service","timestamp":"2026-06-03T12:10:10.091Z"}
{"lancamento":1434849886,"level":"info","message":"ℹ️ Título 108221/B já estava baixado. Processo ignorado.","service":"btg-baixa-titulos-service","situacao":"BAIXADO","timestamp":"2026-06-03T12:10:10.107Z"}
{"level":"info","message":"🔎 Processando título 108219/B","service":"btg-baixa-titulos-service","timestamp":"2026-06-03T12:10:10.112Z"}
{"level":"info","message":"🌐 Millennium request: GET /MILLENIUM!JOIN_ONEUP.LANCAMENTOS.CONSULTALANCAMENTOS?cnpj=50.649.490%2F0001-20&n_documento=108219%2FB","service":"btg-baixa-titulos-service","timestamp":"2026-06-03T12:10:10.112Z"}
{"lancamento":1434849878,"level":"info","message":"ℹ️ Título 108219/B já estava baixado. Processo ignorado.","service":"btg-baixa-titulos-service","situacao":"BAIXADO","timestamp":"2026-06-03T12:10:10.127Z"}
{"level":"info","message":"🔎 Processando título 108156/B","service":"btg-baixa-titulos-service","timestamp":"2026-06-03T12:10:10.132Z"}
{"level":"info","message":"🌐 Millennium request: GET /MILLENIUM!JOIN_ONEUP.LANCAMENTOS.CONSULTALANCAMENTOS?cnpj=57.408.548%2F0001-92&n_documento=108156%2FB","service":"btg-baixa-titulos-service","timestamp":"2026-06-03T12:10:10.132Z"}
{"lancamento":1434849578,"level":"info","message":"ℹ️ Título 108156/B já estava baixado. Processo ignorado.","service":"btg-baixa-titulos-service","situacao":"BAIXADO","timestamp":"2026-06-03T12:10:10.148Z"}
{"level":"info","message":"🔎 Processando título 108157/B","service":"btg-baixa-titulos-service","timestamp":"2026-06-03T12:10:10.154Z"}
{"level":"info","message":"🌐 Millennium request: GET /MILLENIUM!JOIN_ONEUP.LANCAMENTOS.CONSULTALANCAMENTOS?cnpj=03.294.992%2F0001-03&n_documento=108157%2FB","service":"btg-baixa-titulos-service","timestamp":"2026-06-03T12:10:10.154Z"}
{"lancamento":1434849582,"level":"info","message":"ℹ️ Título 108157/B já estava baixado. Processo ignorado.","service":"btg-baixa-titulos-service","situacao":"BAIXADO","timestamp":"2026-06-03T12:10:10.172Z"}
{"level":"info","message":"🔎 Processando título 108021/B","service":"btg-baixa-titulos-service","timestamp":"2026-06-03T12:10:10.177Z"}
{"level":"info","message":"🌐 Millennium request: GET /MILLENIUM!JOIN_ONEUP.LANCAMENTOS.CONSULTALANCAMENTOS?cnpj=07.030.508%2F0001-81&n_documento=108021%2FB","service":"btg-baixa-titulos-service","timestamp":"2026-06-03T12:10:10.177Z"}
{"lancamento":1434848940,"level":"info","message":"ℹ️ Título 108021/B já estava baixado. Processo ignorado.","service":"btg-baixa-titulos-service","situacao":"BAIXADO","timestamp":"2026-06-03T12:10:10.194Z"}
{"level":"info","message":"🔎 Processando título 107660/B","service":"btg-baixa-titulos-service","timestamp":"2026-06-03T12:10:10.199Z"}
{"level":"info","message":"🌐 Millennium request: GET /MILLENIUM!JOIN_ONEUP.LANCAMENTOS.CONSULTALANCAMENTOS?cnpj=57.408.548%2F0001-92&n_documento=107660%2FB","service":"btg-baixa-titulos-service","timestamp":"2026-06-03T12:10:10.199Z"}
{"lancamento":1434808276,"level":"info","message":"ℹ️ Título 107660/B já estava baixado. Processo ignorado.","service":"btg-baixa-titulos-service","situacao":"BAIXADO","timestamp":"2026-06-03T12:10:10.215Z"}
{"level":"info","message":"🔎 Processando título 108020/B","service":"btg-baixa-titulos-service","timestamp":"2026-06-03T12:10:10.220Z"}
{"level":"info","message":"🌐 Millennium request: GET /MILLENIUM!JOIN_ONEUP.LANCAMENTOS.CONSULTALANCAMENTOS?cnpj=57.408.548%2F0001-92&n_documento=108020%2FB","service":"btg-baixa-titulos-service","timestamp":"2026-06-03T12:10:10.220Z"}
{"lancamento":1434848919,"level":"info","message":"ℹ️ Título 108020/B já estava baixado. Processo ignorado.","service":"btg-baixa-titulos-service","situacao":"BAIXADO","timestamp":"2026-06-03T12:10:10.324Z"}
{"level":"info","message":"🔎 Processando título 108331/A","service":"btg-baixa-titulos-service","timestamp":"2026-06-03T12:10:10.335Z"}
{"level":"info","message":"🌐 Millennium request: GET /MILLENIUM!JOIN_ONEUP.LANCAMENTOS.CONSULTALANCAMENTOS?cnpj=47.485.403%2F0001-31&n_documento=108331%2FA","service":"btg-baixa-titulos-service","timestamp":"2026-06-03T12:10:10.335Z"}
{"lancamento":1434850368,"level":"info","message":"ℹ️ Título 108331/A já estava baixado. Processo ignorado.","service":"btg-baixa-titulos-service","situacao":"BAIXADO","timestamp":"2026-06-03T12:10:10.351Z"}
{"level":"info","message":"🔎 Processando título 108317/B","service":"btg-baixa-titulos-service","timestamp":"2026-06-03T12:10:10.358Z"}
{"level":"info","message":"🌐 Millennium request: GET /MILLENIUM!JOIN_ONEUP.LANCAMENTOS.CONSULTALANCAMENTOS?cnpj=03.294.992%2F0001-03&n_documento=108317%2FB","service":"btg-baixa-titulos-service","timestamp":"2026-06-03T12:10:10.358Z"}
{"lancamento":1434850304,"level":"info","message":"ℹ️ Título 108317/B já estava baixado. Processo ignorado.","service":"btg-baixa-titulos-service","situacao":"BAIXADO","timestamp":"2026-06-03T12:10:10.377Z"}
{"level":"info","message":"🔎 Processando título 107627/B","service":"btg-baixa-titulos-service","timestamp":"2026-06-03T12:10:10.385Z"}
{"level":"info","message":"🌐 Millennium request: GET /MILLENIUM!JOIN_ONEUP.LANCAMENTOS.CONSULTALANCAMENTOS?cnpj=57.408.548%2F0001-92&n_documento=107627%2FB","service":"btg-baixa-titulos-service","timestamp":"2026-06-03T12:10:10.385Z"}
{"lancamento":1434808245,"level":"info","message":"ℹ️ Título 107627/B já estava baixado. Processo ignorado.","service":"btg-baixa-titulos-service","situacao":"BAIXADO","timestamp":"2026-06-03T12:10:10.401Z"}
{"level":"info","message":"🔎 Processando título 108327/A","service":"btg-baixa-titulos-service","timestamp":"2026-06-03T12:10:10.406Z"}
{"level":"info","message":"🌐 Millennium request: GET /MILLENIUM!JOIN_ONEUP.LANCAMENTOS.CONSULTALANCAMENTOS?cnpj=73.652.158%2F0001-10&n_documento=108327%2FA","service":"btg-baixa-titulos-service","timestamp":"2026-06-03T12:10:10.406Z"}
{"lancamento":1434850355,"level":"info","message":"ℹ️ Título 108327/A já estava baixado. Processo ignorado.","service":"btg-baixa-titulos-service","situacao":"BAIXADO","timestamp":"2026-06-03T12:10:10.422Z"}
{"level":"info","message":"🔎 Processando título 108328/A","service":"btg-baixa-titulos-service","timestamp":"2026-06-03T12:10:10.428Z"}
{"level":"info","message":"🌐 Millennium request: GET /MILLENIUM!JOIN_ONEUP.LANCAMENTOS.CONSULTALANCAMENTOS?cnpj=59.205.187%2F0001-02&n_documento=108328%2FA","service":"btg-baixa-titulos-service","timestamp":"2026-06-03T12:10:10.428Z"}
{"lancamento":1434850361,"level":"info","message":"ℹ️ Título 108328/A já estava baixado. Processo ignorado.","service":"btg-baixa-titulos-service","situacao":"BAIXADO","timestamp":"2026-06-03T12:10:10.444Z"}
{"level":"info","message":"🔎 Processando título 108324/A","service":"btg-baixa-titulos-service","timestamp":"2026-06-03T12:10:10.448Z"}
{"level":"info","message":"🌐 Millennium request: GET /MILLENIUM!JOIN_ONEUP.LANCAMENTOS.CONSULTALANCAMENTOS?cnpj=47.485.403%2F0001-31&n_documento=108324%2FA","service":"btg-baixa-titulos-service","timestamp":"2026-06-03T12:10:10.448Z"}
{"lancamento":1434850349,"level":"info","message":"ℹ️ Título 108324/A já estava baixado. Processo ignorado.","service":"btg-baixa-titulos-service","situacao":"BAIXADO","timestamp":"2026-06-03T12:10:10.463Z"}
{"level":"info","message":"🔎 Processando título 108326/A","service":"btg-baixa-titulos-service","timestamp":"2026-06-03T12:10:10.468Z"}
{"level":"info","message":"🌐 Millennium request: GET /MILLENIUM!JOIN_ONEUP.LANCAMENTOS.CONSULTALANCAMENTOS?cnpj=96.609.490%2F0001-05&n_documento=108326%2FA","service":"btg-baixa-titulos-service","timestamp":"2026-06-03T12:10:10.468Z"}
{"lancamento":1434850352,"level":"info","message":"ℹ️ Título 108326/A já estava baixado. Processo ignorado.","service":"btg-baixa-titulos-service","situacao":"BAIXADO","timestamp":"2026-06-03T12:10:10.483Z"}
{"level":"info","message":"🔎 Processando título 108323/A","service":"btg-baixa-titulos-service","timestamp":"2026-06-03T12:10:10.487Z"}
{"level":"info","message":"🌐 Millennium request: GET /MILLENIUM!JOIN_ONEUP.LANCAMENTOS.CONSULTALANCAMENTOS?cnpj=47.485.403%2F0001-31&n_documento=108323%2FA","service":"btg-baixa-titulos-service","timestamp":"2026-06-03T12:10:10.487Z"}
{"lancamento":1434850340,"level":"info","message":"ℹ️ Título 108323/A já estava baixado. Processo ignorado.","service":"btg-baixa-titulos-service","situacao":"BAIXADO","timestamp":"2026-06-03T12:10:10.502Z"}
{"level":"info","message":"🔎 Processando título 108321/A","service":"btg-baixa-titulos-service","timestamp":"2026-06-03T12:10:10.507Z"}
{"level":"info","message":"🌐 Millennium request: GET /MILLENIUM!JOIN_ONEUP.LANCAMENTOS.CONSULTALANCAMENTOS?cnpj=47.485.403%2F0001-31&n_documento=108321%2FA","service":"btg-baixa-titulos-service","timestamp":"2026-06-03T12:10:10.507Z"}
{"lancamento":1434850331,"level":"info","message":"ℹ️ Título 108321/A já estava baixado. Processo ignorado.","service":"btg-baixa-titulos-service","situacao":"BAIXADO","timestamp":"2026-06-03T12:10:10.522Z"}
{"level":"info","message":"🔎 Processando título 108322/A","service":"btg-baixa-titulos-service","timestamp":"2026-06-03T12:10:10.527Z"}
{"level":"info","message":"🌐 Millennium request: GET /MILLENIUM!JOIN_ONEUP.LANCAMENTOS.CONSULTALANCAMENTOS?cnpj=47.485.403%2F0001-31&n_documento=108322%2FA","service":"btg-baixa-titulos-service","timestamp":"2026-06-03T12:10:10.527Z"}
{"lancamento":1434850335,"level":"info","message":"ℹ️ Título 108322/A já estava baixado. Processo ignorado.","service":"btg-baixa-titulos-service","situacao":"BAIXADO","timestamp":"2026-06-03T12:10:10.546Z"}
{"level":"info","message":"🔎 Processando título 108318/A","service":"btg-baixa-titulos-service","timestamp":"2026-06-03T12:10:10.551Z"}
{"level":"info","message":"🌐 Millennium request: GET /MILLENIUM!JOIN_ONEUP.LANCAMENTOS.CONSULTALANCAMENTOS?cnpj=50.649.490%2F0001-20&n_documento=108318%2FA","service":"btg-baixa-titulos-service","timestamp":"2026-06-03T12:10:10.551Z"}
{"lancamento":1434850322,"level":"info","message":"ℹ️ Título 108318/A já estava baixado. Processo ignorado.","service":"btg-baixa-titulos-service","situacao":"BAIXADO","timestamp":"2026-06-03T12:10:10.566Z"}
{"level":"info","message":"🔎 Processando título 108320/A","service":"btg-baixa-titulos-service","timestamp":"2026-06-03T12:10:10.571Z"}
{"level":"info","message":"🌐 Millennium request: GET /MILLENIUM!JOIN_ONEUP.LANCAMENTOS.CONSULTALANCAMENTOS?cnpj=47.485.403%2F0001-31&n_documento=108320%2FA","service":"btg-baixa-titulos-service","timestamp":"2026-06-03T12:10:10.571Z"}
{"lancamento":1434850326,"level":"info","message":"ℹ️ Título 108320/A já estava baixado. Processo ignorado.","service":"btg-baixa-titulos-service","situacao":"BAIXADO","timestamp":"2026-06-03T12:10:10.585Z"}
{"level":"info","message":"🔎 Processando título 108317/A","service":"btg-baixa-titulos-service","timestamp":"2026-06-03T12:10:10.590Z"}
{"level":"info","message":"🌐 Millennium request: GET /MILLENIUM!JOIN_ONEUP.LANCAMENTOS.CONSULTALANCAMENTOS?cnpj=03.294.992%2F0001-03&n_documento=108317%2FA","service":"btg-baixa-titulos-service","timestamp":"2026-06-03T12:10:10.590Z"}
{"lancamento":1434850303,"level":"info","message":"ℹ️ Título 108317/A já estava baixado. Processo ignorado.","service":"btg-baixa-titulos-service","situacao":"BAIXADO","timestamp":"2026-06-03T12:10:10.606Z"}
{"level":"info","message":"🔎 Processando título 108315/A","service":"btg-baixa-titulos-service","timestamp":"2026-06-03T12:10:10.611Z"}
{"level":"info","message":"🌐 Millennium request: GET /MILLENIUM!JOIN_ONEUP.LANCAMENTOS.CONSULTALANCAMENTOS?cnpj=06.181.589%2F0001-58&n_documento=108315%2FA","service":"btg-baixa-titulos-service","timestamp":"2026-06-03T12:10:10.611Z"}
{"lancamento":1434850296,"level":"info","message":"ℹ️ Título 108315/A já estava baixado. Processo ignorado.","service":"btg-baixa-titulos-service","situacao":"BAIXADO","timestamp":"2026-06-03T12:10:10.624Z"}
{"level":"info","message":"🔎 Processando título 108313/A","service":"btg-baixa-titulos-service","timestamp":"2026-06-03T12:10:10.629Z"}
{"level":"info","message":"🌐 Millennium request: GET /MILLENIUM!JOIN_ONEUP.LANCAMENTOS.CONSULTALANCAMENTOS?cnpj=22.031.998%2F0001-24&n_documento=108313%2FA","service":"btg-baixa-titulos-service","timestamp":"2026-06-03T12:10:10.629Z"}
{"lancamento":1434850289,"level":"info","message":"ℹ️ Título 108313/A já estava baixado. Processo ignorado.","service":"btg-baixa-titulos-service","situacao":"BAIXADO","timestamp":"2026-06-03T12:10:10.649Z"}
{"level":"info","message":"🔎 Processando título 108310/A","service":"btg-baixa-titulos-service","timestamp":"2026-06-03T12:10:10.655Z"}
{"level":"info","message":"🌐 Millennium request: GET /MILLENIUM!JOIN_ONEUP.LANCAMENTOS.CONSULTALANCAMENTOS?cnpj=03.247.651%2F0001-79&n_documento=108310%2FA","service":"btg-baixa-titulos-service","timestamp":"2026-06-03T12:10:10.655Z"}
{"lancamento":1434850284,"level":"info","message":"ℹ️ Título 108310/A já estava baixado. Processo ignorado.","service":"btg-baixa-titulos-service","situacao":"BAIXADO","timestamp":"2026-06-03T12:10:10.670Z"}
{"level":"info","message":"🔎 Processando título 108306/A","service":"btg-baixa-titulos-service","timestamp":"2026-06-03T12:10:10.675Z"}
{"level":"info","message":"🌐 Millennium request: GET /MILLENIUM!JOIN_ONEUP.LANCAMENTOS.CONSULTALANCAMENTOS?cnpj=00.768.271%2F0001-91&n_documento=108306%2FA","service":"btg-baixa-titulos-service","timestamp":"2026-06-03T12:10:10.675Z"}
{"lancamento":1434850217,"level":"info","message":"ℹ️ Título 108306/A já estava baixado. Processo ignorado.","service":"btg-baixa-titulos-service","situacao":"BAIXADO","timestamp":"2026-06-03T12:10:10.689Z"}
{"level":"info","message":"🔎 Processando título 108304/A","service":"btg-baixa-titulos-service","timestamp":"2026-06-03T12:10:10.695Z"}
{"level":"info","message":"🌐 Millennium request: GET /MILLENIUM!JOIN_ONEUP.LANCAMENTOS.CONSULTALANCAMENTOS?cnpj=07.409.302%2F0001-67&n_documento=108304%2FA","service":"btg-baixa-titulos-service","timestamp":"2026-06-03T12:10:10.695Z"}
{"lancamento":1434850212,"level":"info","message":"ℹ️ Título 108304/A já estava baixado. Processo ignorado.","service":"btg-baixa-titulos-service","situacao":"BAIXADO","timestamp":"2026-06-03T12:10:10.711Z"}
{"level":"info","message":"🔎 Processando título 108252/A","service":"btg-baixa-titulos-service","timestamp":"2026-06-03T12:10:10.716Z"}
{"level":"info","message":"🌐 Millennium request: GET /MILLENIUM!JOIN_ONEUP.LANCAMENTOS.CONSULTALANCAMENTOS?cnpj=44.999.259%2F0001-63&n_documento=108252%2FA","service":"btg-baixa-titulos-service","timestamp":"2026-06-03T12:10:10.716Z"}
{"lancamento":1434850042,"level":"info","message":"ℹ️ Título 108252/A já estava baixado. Processo ignorado.","service":"btg-baixa-titulos-service","situacao":"BAIXADO","timestamp":"2026-06-03T12:10:10.730Z"}
{"level":"info","message":"🔎 Processando título 108253/A","service":"btg-baixa-titulos-service","timestamp":"2026-06-03T12:10:10.735Z"}
{"level":"info","message":"🌐 Millennium request: GET /MILLENIUM!JOIN_ONEUP.LANCAMENTOS.CONSULTALANCAMENTOS?cnpj=57.408.548%2F0001-92&n_documento=108253%2FA","service":"btg-baixa-titulos-service","timestamp":"2026-06-03T12:10:10.735Z"}
{"lancamento":1434850047,"level":"info","message":"ℹ️ Título 108253/A já estava baixado. Processo ignorado.","service":"btg-baixa-titulos-service","situacao":"BAIXADO","timestamp":"2026-06-03T12:10:10.855Z"}
{"level":"info","message":"🔎 Processando título 108226/A","service":"btg-baixa-titulos-service","timestamp":"2026-06-03T12:10:10.866Z"}
{"level":"info","message":"🌐 Millennium request: GET /MILLENIUM!JOIN_ONEUP.LANCAMENTOS.CONSULTALANCAMENTOS?cnpj=50.649.490%2F0001-20&n_documento=108226%2FA","service":"btg-baixa-titulos-service","timestamp":"2026-06-03T12:10:10.866Z"}
{"lancamento":1434849907,"level":"info","message":"ℹ️ Título 108226/A já estava baixado. Processo ignorado.","service":"btg-baixa-titulos-service","situacao":"BAIXADO","timestamp":"2026-06-03T12:10:10.880Z"}
{"level":"info","message":"🔎 Processando título 108224/A","service":"btg-baixa-titulos-service","timestamp":"2026-06-03T12:10:10.885Z"}
{"level":"info","message":"🌐 Millennium request: GET /MILLENIUM!JOIN_ONEUP.LANCAMENTOS.CONSULTALANCAMENTOS?cnpj=50.649.490%2F0001-20&n_documento=108224%2FA","service":"btg-baixa-titulos-service","timestamp":"2026-06-03T12:10:10.886Z"}
{"lancamento":1434849891,"level":"info","message":"ℹ️ Título 108224/A já estava baixado. Processo ignorado.","service":"btg-baixa-titulos-service","situacao":"BAIXADO","timestamp":"2026-06-03T12:10:10.902Z"}
{"level":"info","message":"🔎 Processando título 108225/A","service":"btg-baixa-titulos-service","timestamp":"2026-06-03T12:10:10.908Z"}
{"level":"info","message":"🌐 Millennium request: GET /MILLENIUM!JOIN_ONEUP.LANCAMENTOS.CONSULTALANCAMENTOS?cnpj=50.649.490%2F0001-20&n_documento=108225%2FA","service":"btg-baixa-titulos-service","timestamp":"2026-06-03T12:10:10.908Z"}
{"lancamento":1434849894,"level":"info","message":"ℹ️ Título 108225/A já estava baixado. Processo ignorado.","service":"btg-baixa-titulos-service","situacao":"BAIXADO","timestamp":"2026-06-03T12:10:10.924Z"}
{"level":"info","message":"🔎 Processando título 108221/A","service":"btg-baixa-titulos-service","timestamp":"2026-06-03T12:10:10.929Z"}
{"level":"info","message":"🌐 Millennium request: GET /MILLENIUM!JOIN_ONEUP.LANCAMENTOS.CONSULTALANCAMENTOS?cnpj=50.649.490%2F0001-20&n_documento=108221%2FA","service":"btg-baixa-titulos-service","timestamp":"2026-06-03T12:10:10.929Z"}
{"lancamento":1434849885,"level":"info","message":"ℹ️ Título 108221/A já estava baixado. Processo ignorado.","service":"btg-baixa-titulos-service","situacao":"BAIXADO","timestamp":"2026-06-03T12:10:10.944Z"}
{"level":"info","message":"🔎 Processando título 108222/A","service":"btg-baixa-titulos-service","timestamp":"2026-06-03T12:10:10.948Z"}
{"level":"info","message":"🌐 Millennium request: GET /MILLENIUM!JOIN_ONEUP.LANCAMENTOS.CONSULTALANCAMENTOS?cnpj=50.649.490%2F0001-20&n_documento=108222%2FA","service":"btg-baixa-titulos-service","timestamp":"2026-06-03T12:10:10.948Z"}
{"lancamento":1434849888,"level":"info","message":"ℹ️ Título 108222/A já estava baixado. Processo ignorado.","service":"btg-baixa-titulos-service","situacao":"BAIXADO","timestamp":"2026-06-03T12:10:10.964Z"}
{"level":"info","message":"🔎 Processando título 108219/A","service":"btg-baixa-titulos-service","timestamp":"2026-06-03T12:10:10.969Z"}
{"level":"info","message":"🌐 Millennium request: GET /MILLENIUM!JOIN_ONEUP.LANCAMENTOS.CONSULTALANCAMENTOS?cnpj=50.649.490%2F0001-20&n_documento=108219%2FA","service":"btg-baixa-titulos-service","timestamp":"2026-06-03T12:10:10.969Z"}
{"lancamento":1434849877,"level":"info","message":"ℹ️ Título 108219/A já estava baixado. Processo ignorado.","service":"btg-baixa-titulos-service","situacao":"BAIXADO","timestamp":"2026-06-03T12:10:10.986Z"}
{"level":"info","message":"🔎 Processando título 108157/A","service":"btg-baixa-titulos-service","timestamp":"2026-06-03T12:10:10.991Z"}
{"level":"info","message":"🌐 Millennium request: GET /MILLENIUM!JOIN_ONEUP.LANCAMENTOS.CONSULTALANCAMENTOS?cnpj=03.294.992%2F0001-03&n_documento=108157%2FA","service":"btg-baixa-titulos-service","timestamp":"2026-06-03T12:10:10.991Z"}
{"lancamento":1434849581,"level":"info","message":"ℹ️ Título 108157/A já estava baixado. Processo ignorado.","service":"btg-baixa-titulos-service","situacao":"BAIXADO","timestamp":"2026-06-03T12:10:11.004Z"}
{"level":"info","message":"🔎 Processando título 108156/A","service":"btg-baixa-titulos-service","timestamp":"2026-06-03T12:10:11.009Z"}
{"level":"info","message":"🌐 Millennium request: GET /MILLENIUM!JOIN_ONEUP.LANCAMENTOS.CONSULTALANCAMENTOS?cnpj=57.408.548%2F0001-92&n_documento=108156%2FA","service":"btg-baixa-titulos-service","timestamp":"2026-06-03T12:10:11.009Z"}
{"lancamento":1434849577,"level":"info","message":"ℹ️ Título 108156/A já estava baixado. Processo ignorado.","service":"btg-baixa-titulos-service","situacao":"BAIXADO","timestamp":"2026-06-03T12:10:11.023Z"}
{"level":"info","message":"🔎 Processando título 108021/A","service":"btg-baixa-titulos-service","timestamp":"2026-06-03T12:10:11.028Z"}
{"level":"info","message":"🌐 Millennium request: GET /MILLENIUM!JOIN_ONEUP.LANCAMENTOS.CONSULTALANCAMENTOS?cnpj=07.030.508%2F0001-81&n_documento=108021%2FA","service":"btg-baixa-titulos-service","timestamp":"2026-06-03T12:10:11.028Z"}
{"lancamento":1434848939,"level":"info","message":"ℹ️ Título 108021/A já estava baixado. Processo ignorado.","service":"btg-baixa-titulos-service","situacao":"BAIXADO","timestamp":"2026-06-03T12:10:11.045Z"}
{"level":"info","message":"🔎 Processando título 108020/A","service":"btg-baixa-titulos-service","timestamp":"2026-06-03T12:10:11.050Z"}
{"level":"info","message":"🌐 Millennium request: GET /MILLENIUM!JOIN_ONEUP.LANCAMENTOS.CONSULTALANCAMENTOS?cnpj=57.408.548%2F0001-92&n_documento=108020%2FA","service":"btg-baixa-titulos-service","timestamp":"2026-06-03T12:10:11.050Z"}
{"lancamento":1434848918,"level":"info","message":"ℹ️ Título 108020/A já estava baixado. Processo ignorado.","service":"btg-baixa-titulos-service","situacao":"BAIXADO","timestamp":"2026-06-03T12:10:11.065Z"}
{"level":"info","message":"🔎 Processando título 107627/A","service":"btg-baixa-titulos-service","timestamp":"2026-06-03T12:10:11.070Z"}
{"level":"info","message":"🌐 Millennium request: GET /MILLENIUM!JOIN_ONEUP.LANCAMENTOS.CONSULTALANCAMENTOS?cnpj=57.408.548%2F0001-92&n_documento=107627%2FA","service":"btg-baixa-titulos-service","timestamp":"2026-06-03T12:10:11.070Z"}
{"lancamento":1434808244,"level":"info","message":"ℹ️ Título 107627/A já estava baixado. Processo ignorado.","service":"btg-baixa-titulos-service","situacao":"BAIXADO","timestamp":"2026-06-03T12:10:11.084Z"}
{"level":"info","message":"🔎 Processando título 107660/A","service":"btg-baixa-titulos-service","timestamp":"2026-06-03T12:10:11.090Z"}
{"level":"info","message":"🌐 Millennium request: GET /MILLENIUM!JOIN_ONEUP.LANCAMENTOS.CONSULTALANCAMENTOS?cnpj=57.408.548%2F0001-92&n_documento=107660%2FA","service":"btg-baixa-titulos-service","timestamp":"2026-06-03T12:10:11.090Z"}
{"lancamento":1434808275,"level":"info","message":"ℹ️ Título 107660/A já estava baixado. Processo ignorado.","service":"btg-baixa-titulos-service","situacao":"BAIXADO","timestamp":"2026-06-03T12:10:11.105Z"}
{"level":"info","message":"🔎 Processando título 108308","service":"btg-baixa-titulos-service","timestamp":"2026-06-03T12:10:11.110Z"}
{"level":"info","message":"🌐 Millennium request: GET /MILLENIUM!JOIN_ONEUP.LANCAMENTOS.CONSULTALANCAMENTOS?cnpj=77.857.555%2F0009-36&n_documento=108308","service":"btg-baixa-titulos-service","timestamp":"2026-06-03T12:10:11.110Z"}
{"lancamento":1434850230,"level":"info","message":"ℹ️ Título 108308 já estava baixado. Processo ignorado.","service":"btg-baixa-titulos-service","situacao":"BAIXADO","timestamp":"2026-06-03T12:10:11.127Z"}
{"level":"info","message":"🔎 Processando título 108314","service":"btg-baixa-titulos-service","timestamp":"2026-06-03T12:10:11.132Z"}
{"level":"info","message":"🌐 Millennium request: GET /MILLENIUM!JOIN_ONEUP.LANCAMENTOS.CONSULTALANCAMENTOS?cnpj=02.355.679%2F0001-67&n_documento=108314","service":"btg-baixa-titulos-service","timestamp":"2026-06-03T12:10:11.132Z"}
{"lancamento":1434850295,"level":"info","message":"ℹ️ Título 108314 já estava baixado. Processo ignorado.","service":"btg-baixa-titulos-service","situacao":"BAIXADO","timestamp":"2026-06-03T12:10:11.149Z"}
{"level":"info","message":"🔎 Processando título 108251","service":"btg-baixa-titulos-service","timestamp":"2026-06-03T12:10:11.154Z"}
{"level":"info","message":"🌐 Millennium request: GET /MILLENIUM!JOIN_ONEUP.LANCAMENTOS.CONSULTALANCAMENTOS?cnpj=01.009.793%2F0001-72&n_documento=108251","service":"btg-baixa-titulos-service","timestamp":"2026-06-03T12:10:11.154Z"}
{"lancamento":1434850041,"level":"info","message":"ℹ️ Título 108251 já estava baixado. Processo ignorado.","service":"btg-baixa-titulos-service","situacao":"BAIXADO","timestamp":"2026-06-03T12:10:11.166Z"}
{"level":"info","message":"🔎 Processando título 107687","service":"btg-baixa-titulos-service","timestamp":"2026-06-03T12:10:11.171Z"}
{"level":"info","message":"🌐 Millennium request: GET /MILLENIUM!JOIN_ONEUP.LANCAMENTOS.CONSULTALANCAMENTOS?cnpj=01.329.811%2F0001-01&n_documento=107687","service":"btg-baixa-titulos-service","timestamp":"2026-06-03T12:10:11.171Z"}
{"lancamento":1434808382,"level":"info","message":"ℹ️ Título 107687 já estava baixado. Processo ignorado.","service":"btg-baixa-titulos-service","situacao":"BAIXADO","timestamp":"2026-06-03T12:10:11.185Z"}
{"level":"info","message":"🔎 Processando título CORRE 107091","service":"btg-baixa-titulos-service","timestamp":"2026-06-03T12:10:11.190Z"}
{"level":"info","message":"🌐 Millennium request: GET /MILLENIUM!JOIN_ONEUP.LANCAMENTOS.CONSULTALANCAMENTOS?cnpj=21.067.137%2F0001-33&n_documento=CORRE%20107091","service":"btg-baixa-titulos-service","timestamp":"2026-06-03T12:10:11.190Z"}
{"lancamento":1434848054,"level":"info","message":"ℹ️ Título CORRE 107091 já estava baixado. Processo ignorado.","service":"btg-baixa-titulos-service","situacao":"BAIXADO","timestamp":"2026-06-03T12:10:11.203Z"}
{"level":"info","message":"🔎 Processando título FRE 107098","service":"btg-baixa-titulos-service","timestamp":"2026-06-03T12:10:11.207Z"}
{"level":"info","message":"🌐 Millennium request: GET /MILLENIUM!JOIN_ONEUP.LANCAMENTOS.CONSULTALANCAMENTOS?cnpj=03.294.992%2F0001-03&n_documento=FRE%20107098","service":"btg-baixa-titulos-service","timestamp":"2026-06-03T12:10:11.207Z"}
{"lancamento":1434848060,"level":"info","message":"ℹ️ Título FRE 107098 já estava baixado. Processo ignorado.","service":"btg-baixa-titulos-service","situacao":"BAIXADO","timestamp":"2026-06-03T12:10:11.223Z"}
{"level":"info","message":"🔎 Processando título CORRE 107089","service":"btg-baixa-titulos-service","timestamp":"2026-06-03T12:10:11.228Z"}
{"level":"info","message":"🌐 Millennium request: GET /MILLENIUM!JOIN_ONEUP.LANCAMENTOS.CONSULTALANCAMENTOS?cnpj=01.934.454%2F0001-00&n_documento=CORRE%20107089","service":"btg-baixa-titulos-service","timestamp":"2026-06-03T12:10:11.228Z"}
{"lancamento":1434848055,"level":"info","message":"ℹ️ Título CORRE 107089 já estava baixado. Processo ignorado.","service":"btg-baixa-titulos-service","situacao":"BAIXADO","timestamp":"2026-06-03T12:10:11.246Z"}
{"level":"info","message":"🔎 Processando título FRE 107179","service":"btg-baixa-titulos-service","timestamp":"2026-06-03T12:10:11.251Z"}
{"level":"info","message":"🌐 Millennium request: GET /MILLENIUM!JOIN_ONEUP.LANCAMENTOS.CONSULTALANCAMENTOS?cnpj=31.505.989%2F0001-19&n_documento=FRE%20107179","service":"btg-baixa-titulos-service","timestamp":"2026-06-03T12:10:11.251Z"}
{"lancamento":1434848061,"level":"info","message":"ℹ️ Título FRE 107179 já estava baixado. Processo ignorado.","service":"btg-baixa-titulos-service","situacao":"BAIXADO","timestamp":"2026-06-03T12:10:11.267Z"}
{"level":"info","message":"🔎 Processando título CORRE 106807","service":"btg-baixa-titulos-service","timestamp":"2026-06-03T12:10:11.272Z"}
{"level":"info","message":"🌐 Millennium request: GET /MILLENIUM!JOIN_ONEUP.LANCAMENTOS.CONSULTALANCAMENTOS?cnpj=01.009.793%2F0001-72&n_documento=CORRE%20106807","service":"btg-baixa-titulos-service","timestamp":"2026-06-03T12:10:11.272Z"}
{"lancamento":1434848053,"level":"info","message":"ℹ️ Título CORRE 106807 já estava baixado. Processo ignorado.","service":"btg-baixa-titulos-service","situacao":"BAIXADO","timestamp":"2026-06-03T12:10:11.370Z"}
{"level":"info","message":"🔎 Processando título CORRE 107178","service":"btg-baixa-titulos-service","timestamp":"2026-06-03T12:10:11.383Z"}
{"level":"info","message":"🌐 Millennium request: GET /MILLENIUM!JOIN_ONEUP.LANCAMENTOS.CONSULTALANCAMENTOS?cnpj=01.009.793%2F0001-72&n_documento=CORRE%20107178","service":"btg-baixa-titulos-service","timestamp":"2026-06-03T12:10:11.383Z"}
{"lancamento":1434848056,"level":"info","message":"ℹ️ Título CORRE 107178 já estava baixado. Processo ignorado.","service":"btg-baixa-titulos-service","situacao":"BAIXADO","timestamp":"2026-06-03T12:10:11.406Z"}
{"level":"info","message":"🔎 Processando título FRE 107100","service":"btg-baixa-titulos-service","timestamp":"2026-06-03T12:10:11.416Z"}
{"level":"info","message":"🌐 Millennium request: GET /MILLENIUM!JOIN_ONEUP.LANCAMENTOS.CONSULTALANCAMENTOS?cnpj=57.408.548%2F0001-92&n_documento=FRE%20107100","service":"btg-baixa-titulos-service","timestamp":"2026-06-03T12:10:11.416Z"}
{"lancamento":1434848059,"level":"info","message":"ℹ️ Título FRE 107100 já estava baixado. Processo ignorado.","service":"btg-baixa-titulos-service","situacao":"BAIXADO","timestamp":"2026-06-03T12:10:11.435Z"}
{"level":"info","message":"🔎 Processando título CORRE 107483","service":"btg-baixa-titulos-service","timestamp":"2026-06-03T12:10:11.442Z"}
{"level":"info","message":"🌐 Millennium request: GET /MILLENIUM!JOIN_ONEUP.LANCAMENTOS.CONSULTALANCAMENTOS?cnpj=57.408.548%2F0001-92&n_documento=CORRE%20107483","service":"btg-baixa-titulos-service","timestamp":"2026-06-03T12:10:11.442Z"}
{"lancamento":1434848058,"level":"info","message":"ℹ️ Título CORRE 107483 já estava baixado. Processo ignorado.","service":"btg-baixa-titulos-service","situacao":"BAIXADO","timestamp":"2026-06-03T12:10:11.456Z"}
{"level":"info","message":"🔎 Processando título CORRE 106702","service":"btg-baixa-titulos-service","timestamp":"2026-06-03T12:10:11.462Z"}
{"level":"info","message":"🌐 Millennium request: GET /MILLENIUM!JOIN_ONEUP.LANCAMENTOS.CONSULTALANCAMENTOS?cnpj=57.408.548%2F0001-92&n_documento=CORRE%20106702","service":"btg-baixa-titulos-service","timestamp":"2026-06-03T12:10:11.462Z"}
{"lancamento":1434848052,"level":"info","message":"ℹ️ Título CORRE 106702 já estava baixado. Processo ignorado.","service":"btg-baixa-titulos-service","situacao":"BAIXADO","timestamp":"2026-06-03T12:10:11.476Z"}
{"level":"info","message":"🔎 Processando título CORRE 107229","service":"btg-baixa-titulos-service","timestamp":"2026-06-03T12:10:11.484Z"}
{"level":"info","message":"🌐 Millennium request: GET /MILLENIUM!JOIN_ONEUP.LANCAMENTOS.CONSULTALANCAMENTOS?cnpj=57.408.548%2F0001-92&n_documento=CORRE%20107229","service":"btg-baixa-titulos-service","timestamp":"2026-06-03T12:10:11.484Z"}
{"lancamento":1434848057,"level":"info","message":"ℹ️ Título CORRE 107229 já estava baixado. Processo ignorado.","service":"btg-baixa-titulos-service","situacao":"BAIXADO","timestamp":"2026-06-03T12:10:11.500Z"}
{"level":"info","message":"🔎 Processando título 1575/3","service":"btg-baixa-titulos-service","timestamp":"2026-06-03T12:10:11.505Z"}
{"level":"info","message":"🌐 Millennium request: GET /MILLENIUM!JOIN_ONEUP.LANCAMENTOS.CONSULTALANCAMENTOS?n_documento=1575%2F3&cpf=815.438.910-04","service":"btg-baixa-titulos-service","timestamp":"2026-06-03T12:10:11.505Z"}
{"lancamento":1434807257,"level":"info","message":"ℹ️ Título 1575/3 já estava baixado. Processo ignorado.","service":"btg-baixa-titulos-service","situacao":"BAIXADO","timestamp":"2026-06-03T12:10:11.556Z"}
{"level":"info","message":"🔎 Processando título 1575/2","service":"btg-baixa-titulos-service","timestamp":"2026-06-03T12:10:11.564Z"}
{"level":"info","message":"🌐 Millennium request: GET /MILLENIUM!JOIN_ONEUP.LANCAMENTOS.CONSULTALANCAMENTOS?n_documento=1575%2F2&cpf=815.438.910-04","service":"btg-baixa-titulos-service","timestamp":"2026-06-03T12:10:11.564Z"}
{"lancamento":1434807256,"level":"info","message":"ℹ️ Título 1575/2 já estava baixado. Processo ignorado.","service":"btg-baixa-titulos-service","situacao":"BAIXADO","timestamp":"2026-06-03T12:10:11.581Z"}
{"level":"info","message":"🔎 Processando título 1575/1","service":"btg-baixa-titulos-service","timestamp":"2026-06-03T12:10:11.587Z"}
{"level":"info","message":"🌐 Millennium request: GET /MILLENIUM!JOIN_ONEUP.LANCAMENTOS.CONSULTALANCAMENTOS?n_documento=1575%2F1&cpf=815.438.910-04","service":"btg-baixa-titulos-service","timestamp":"2026-06-03T12:10:11.587Z"}
{"lancamento":1434807255,"level":"info","message":"ℹ️ Título 1575/1 já estava baixado. Processo ignorado.","service":"btg-baixa-titulos-service","situacao":"BAIXADO","timestamp":"2026-06-03T12:10:11.602Z"}
{"level":"info","message":"🔎 Processando título 107483/D","service":"btg-baixa-titulos-service","timestamp":"2026-06-03T12:10:11.609Z"}
{"level":"info","message":"🌐 Millennium request: GET /MILLENIUM!JOIN_ONEUP.LANCAMENTOS.CONSULTALANCAMENTOS?cnpj=57.408.548%2F0001-92&n_documento=107483%2FD","service":"btg-baixa-titulos-service","timestamp":"2026-06-03T12:10:11.609Z"}
{"lancamento":1434807305,"level":"info","message":"ℹ️ Título 107483/D já estava baixado. Processo ignorado.","service":"btg-baixa-titulos-service","situacao":"BAIXADO","timestamp":"2026-06-03T12:10:11.622Z"}
{"level":"info","message":"🔎 Processando título 107483/C","service":"btg-baixa-titulos-service","timestamp":"2026-06-03T12:10:11.628Z"}
{"level":"info","message":"🌐 Millennium request: GET /MILLENIUM!JOIN_ONEUP.LANCAMENTOS.CONSULTALANCAMENTOS?cnpj=57.408.548%2F0001-92&n_documento=107483%2FC","service":"btg-baixa-titulos-service","timestamp":"2026-06-03T12:10:11.628Z"}
{"lancamento":1434807304,"level":"info","message":"ℹ️ Título 107483/C já estava baixado. Processo ignorado.","service":"btg-baixa-titulos-service","situacao":"BAIXADO","timestamp":"2026-06-03T12:10:11.643Z"}
{"level":"info","message":"🔎 Processando título 107483/B","service":"btg-baixa-titulos-service","timestamp":"2026-06-03T12:10:11.648Z"}
{"level":"info","message":"🌐 Millennium request: GET /MILLENIUM!JOIN_ONEUP.LANCAMENTOS.CONSULTALANCAMENTOS?cnpj=57.408.548%2F0001-92&n_documento=107483%2FB","service":"btg-baixa-titulos-service","timestamp":"2026-06-03T12:10:11.648Z"}
{"lancamento":1434807303,"level":"info","message":"ℹ️ Título 107483/B já estava baixado. Processo ignorado.","service":"btg-baixa-titulos-service","situacao":"BAIXADO","timestamp":"2026-06-03T12:10:11.666Z"}
{"level":"info","message":"🔎 Processando título 107483/A","service":"btg-baixa-titulos-service","timestamp":"2026-06-03T12:10:11.672Z"}
{"level":"info","message":"🌐 Millennium request: GET /MILLENIUM!JOIN_ONEUP.LANCAMENTOS.CONSULTALANCAMENTOS?cnpj=57.408.548%2F0001-92&n_documento=107483%2FA","service":"btg-baixa-titulos-service","timestamp":"2026-06-03T12:10:11.672Z"}
{"lancamento":1434807302,"level":"info","message":"ℹ️ Título 107483/A já estava baixado. Processo ignorado.","service":"btg-baixa-titulos-service","situacao":"BAIXADO","timestamp":"2026-06-03T12:10:11.686Z"}
{"level":"info","message":"🔎 Processando título 01329811","service":"btg-baixa-titulos-service","timestamp":"2026-06-03T12:10:11.692Z"}
{"level":"info","message":"🌐 Millennium request: GET /MILLENIUM!JOIN_ONEUP.LANCAMENTOS.CONSULTALANCAMENTOS?cnpj=01.329.811%2F0001-01&n_documento=01329811","service":"btg-baixa-titulos-service","timestamp":"2026-06-03T12:10:11.692Z"}
{"erro":"Título não localizado: 01329811","level":"error","message":"❌ Erro no título 01329811","service":"btg-baixa-titulos-service","status":"ERRO_CONSULTA","timestamp":"2026-06-03T12:10:11.705Z"}
{"level":"info","message":"🔎 Processando título 06-VL","service":"btg-baixa-titulos-service","timestamp":"2026-06-03T12:10:11.711Z"}
{"level":"info","message":"🌐 Millennium request: GET /MILLENIUM!JOIN_ONEUP.LANCAMENTOS.CONSULTALANCAMENTOS?n_documento=06-VL&cpf=368.542.398-34","service":"btg-baixa-titulos-service","timestamp":"2026-06-03T12:10:11.711Z"}
{"erro":"Título não localizado: 06-VL","level":"error","message":"❌ Erro no título 06-VL","service":"btg-baixa-titulos-service","status":"ERRO_CONSULTA","timestamp":"2026-06-03T12:10:11.735Z"}
{"level":"info","message":"🔎 Processando título 06-VL","service":"btg-baixa-titulos-service","timestamp":"2026-06-03T12:10:11.740Z"}
{"level":"info","message":"🌐 Millennium request: GET /MILLENIUM!JOIN_ONEUP.LANCAMENTOS.CONSULTALANCAMENTOS?n_documento=06-VL&cpf=368.542.398-34","service":"btg-baixa-titulos-service","timestamp":"2026-06-03T12:10:11.740Z"}
{"erro":"Título não localizado: 06-VL","level":"error","message":"❌ Erro no título 06-VL","service":"btg-baixa-titulos-service","status":"ERRO_CONSULTA","timestamp":"2026-06-03T12:10:11.755Z"}
{"level":"info","message":"🔒 Finalizando sessão Millennium","service":"btg-baixa-titulos-service","timestamp":"2026-06-03T12:10:11.760Z"}
{"level":"error","message":"⚠️ Erro ao finalizar sessão Millennium timeout of 60000ms exceeded","service":"btg-baixa-titulos-service","timestamp":"2026-06-03T12:11:11.770Z"}
{"erroGeral":null,"erros":8,"finalizadoEm":"2026-06-03T12:11:11.770Z","jaBaixados":738,"level":"info","message":"🏁 Processamento finalizado","processamentoId":"BTG-20260603-E9D3F5","service":"btg-baixa-titulos-service","sucesso":0,"timestamp":"2026-06-03T12:11:11.778Z","total":746}
{"level":"info","message":"📲 Enviando resumo por WhatsApp","service":"btg-baixa-titulos-service","timestamp":"2026-06-03T12:11:11.824Z"}
{"level":"info","message":"✅ Resumo enviado por WhatsApp","response":{"companyId":1,"filaId":1237,"message":"Mensagem enviada a fila de transmissão com sucesso","schedule":"2026-06-03T12:12:12.632Z"},"service":"btg-baixa-titulos-service","timestamp":"2026-06-03T12:11:13.553Z"}
{"level":"info","message":"ℹ️ Envio de arquivos WhatsApp desabilitado","service":"btg-baixa-titulos-service","timestamp":"2026-06-03T12:11:13.554Z"}
{"level":"info","message":"🔐 Iniciando login no Millennium","service":"btg-baixa-titulos-service","timestamp":"2026-06-03T12:11:32.343Z"}
{"level":"info","logDetailed":false,"message":"🚀 Servidor iniciado com sucesso na porta 3334","nodeEnv":"development","port":3334,"service":"btg-baixa-titulos-service","timestamp":"2026-06-03T12:12:15.597Z"}
{"level":"info","message":"🔐 Iniciando login no Millennium","service":"btg-baixa-titulos-service","timestamp":"2026-06-03T12:12:27.727Z"}
{"erro":"timeout of 60000ms exceeded","level":"error","message":"❌ Erro geral no processamento","processamentoId":"BTG-20260603-6D7A9E","service":"btg-baixa-titulos-service","timestamp":"2026-06-03T12:13:27.739Z"}
{"level":"info","message":"ℹ️ Nenhuma sessão Millennium ativa para finalizar","service":"btg-baixa-titulos-service","timestamp":"2026-06-03T12:13:27.740Z"}
{"erroGeral":"timeout of 60000ms exceeded","erros":0,"finalizadoEm":"2026-06-03T12:13:27.740Z","jaBaixados":0,"level":"info","message":"🏁 Processamento finalizado","processamentoId":"BTG-20260603-6D7A9E","service":"btg-baixa-titulos-service","sucesso":0,"timestamp":"2026-06-03T12:13:27.743Z","total":0}
{"level":"info","message":"📲 Enviando resumo por WhatsApp","service":"btg-baixa-titulos-service","timestamp":"2026-06-03T12:13:27.785Z"}
{"level":"info","message":"✅ Resumo enviado por WhatsApp","response":{"companyId":1,"filaId":1238,"message":"Mensagem enviada a fila de transmissão com sucesso","schedule":"2026-06-03T12:14:28.602Z"},"service":"btg-baixa-titulos-service","timestamp":"2026-06-03T12:13:29.548Z"}
{"level":"info","message":"🔐 Iniciando login no Millennium","service":"btg-baixa-titulos-service","timestamp":"2026-06-03T12:15:04.084Z"}
{"level":"info","message":"✅ Login Millennium realizado com sucesso","service":"btg-baixa-titulos-service","timestamp":"2026-06-03T12:15:06.922Z"}
{"level":"info","message":"🚀 Iniciando processamento de 751 títulos","service":"btg-baixa-titulos-service","timestamp":"2026-06-03T12:15:06.923Z"}
{"level":"info","message":"🔎 Processando título CORRE 124646","service":"btg-baixa-titulos-service","timestamp":"2026-06-03T12:15:06.923Z"}
{"level":"info","message":"🌐 Millennium request: GET /MILLENIUM!JOIN_ONEUP.LANCAMENTOS.CONSULTALANCAMENTOS?cnpj=57.408.548%2F0001-92&n_documento=CORRE%20124646","service":"btg-baixa-titulos-service","timestamp":"2026-06-03T12:15:06.924Z"}
{"lancamento":1434935815,"level":"info","message":"ℹ️ Título CORRE 124646 já estava baixado. Processo ignorado.","service":"btg-baixa-titulos-service","situacao":"BAIXADO","timestamp":"2026-06-03T12:15:06.954Z"}
{"level":"info","message":"🔎 Processando título CORRE 124842","service":"btg-baixa-titulos-service","timestamp":"2026-06-03T12:15:06.955Z"}
{"level":"info","message":"🌐 Millennium request: GET /MILLENIUM!JOIN_ONEUP.LANCAMENTOS.CONSULTALANCAMENTOS?cnpj=03.294.992%2F0001-03&n_documento=CORRE%20124842","service":"btg-baixa-titulos-service","timestamp":"2026-06-03T12:15:06.956Z"}
{"lancamento":1434935816,"level":"info","message":"ℹ️ Título CORRE 124842 já estava baixado. Processo ignorado.","service":"btg-baixa-titulos-service","situacao":"BAIXADO","timestamp":"2026-06-03T12:15:07.063Z"}
{"level":"info","message":"🔎 Processando título FRE 123788","service":"btg-baixa-titulos-service","timestamp":"2026-06-03T12:15:07.067Z"}
{"level":"info","message":"🌐 Millennium request: GET /MILLENIUM!JOIN_ONEUP.LANCAMENTOS.CONSULTALANCAMENTOS?cnpj=01.009.793%2F0001-72&n_documento=FRE%20123788","service":"btg-baixa-titulos-service","timestamp":"2026-06-03T12:15:07.067Z"}
{"lancamento":1434934500,"level":"info","message":"ℹ️ Título FRE 123788 já estava baixado. Processo ignorado.","service":"btg-baixa-titulos-service","situacao":"BAIXADO","timestamp":"2026-06-03T12:15:07.087Z"}
{"level":"info","message":"🔎 Processando título CORRE 124253","service":"btg-baixa-titulos-service","timestamp":"2026-06-03T12:15:07.088Z"}
{"level":"info","message":"🌐 Millennium request: GET /MILLENIUM!JOIN_ONEUP.LANCAMENTOS.CONSULTALANCAMENTOS?cnpj=03.294.992%2F0001-03&n_documento=CORRE%20124253","service":"btg-baixa-titulos-service","timestamp":"2026-06-03T12:15:07.088Z"}
{"lancamento":1434934509,"level":"info","message":"ℹ️ Título CORRE 124253 já estava baixado. Processo ignorado.","service":"btg-baixa-titulos-service","situacao":"BAIXADO","timestamp":"2026-06-03T12:15:07.105Z"}
{"level":"info","message":"🔎 Processando título CORRE 123302","service":"btg-baixa-titulos-service","timestamp":"2026-06-03T12:15:07.105Z"}
{"level":"info","message":"🌐 Millennium request: GET /MILLENIUM!JOIN_ONEUP.LANCAMENTOS.CONSULTALANCAMENTOS?cnpj=57.408.548%2F0001-92&n_documento=CORRE%20123302","service":"btg-baixa-titulos-service","timestamp":"2026-06-03T12:15:07.105Z"}
{"lancamento":1434934503,"level":"info","message":"ℹ️ Título CORRE 123302 já estava baixado. Processo ignorado.","service":"btg-baixa-titulos-service","situacao":"BAIXADO","timestamp":"2026-06-03T12:15:07.123Z"}
{"level":"info","message":"🔎 Processando título CORRE 124031","service":"btg-baixa-titulos-service","timestamp":"2026-06-03T12:15:07.124Z"}
{"level":"info","message":"🌐 Millennium request: GET /MILLENIUM!JOIN_ONEUP.LANCAMENTOS.CONSULTALANCAMENTOS?cnpj=57.408.548%2F0001-92&n_documento=CORRE%20124031","service":"btg-baixa-titulos-service","timestamp":"2026-06-03T12:15:07.124Z"}
{"lancamento":1434934504,"level":"info","message":"ℹ️ Título CORRE 124031 já estava baixado. Processo ignorado.","service":"btg-baixa-titulos-service","situacao":"BAIXADO","timestamp":"2026-06-03T12:15:07.139Z"}
{"level":"info","message":"🔎 Processando título CORRE 123792","service":"btg-baixa-titulos-service","timestamp":"2026-06-03T12:15:07.140Z"}
{"level":"info","message":"🌐 Millennium request: GET /MILLENIUM!JOIN_ONEUP.LANCAMENTOS.CONSULTALANCAMENTOS?cnpj=03.294.992%2F0001-03&n_documento=CORRE%20123792","service":"btg-baixa-titulos-service","timestamp":"2026-06-03T12:15:07.140Z"}
{"lancamento":1434934508,"level":"info","message":"ℹ️ Título CORRE 123792 já estava baixado. Processo ignorado.","service":"btg-baixa-titulos-service","situacao":"BAIXADO","timestamp":"2026-06-03T12:15:07.156Z"}
{"level":"info","message":"🔎 Processando título CORRE 123800","service":"btg-baixa-titulos-service","timestamp":"2026-06-03T12:15:07.157Z"}
{"level":"info","message":"🌐 Millennium request: GET /MILLENIUM!JOIN_ONEUP.LANCAMENTOS.CONSULTALANCAMENTOS?cnpj=02.355.679%2F0001-67&n_documento=CORRE%20123800","service":"btg-baixa-titulos-service","timestamp":"2026-06-03T12:15:07.157Z"}
{"lancamento":1434934511,"level":"info","message":"ℹ️ Título CORRE 123800 já estava baixado. Processo ignorado.","service":"btg-baixa-titulos-service","situacao":"BAIXADO","timestamp":"2026-06-03T12:15:07.173Z"}
{"level":"info","message":"🔎 Processando título CORRE 124220","service":"btg-baixa-titulos-service","timestamp":"2026-06-03T12:15:07.174Z"}
{"level":"info","message":"🌐 Millennium request: GET /MILLENIUM!JOIN_ONEUP.LANCAMENTOS.CONSULTALANCAMENTOS?cnpj=57.408.548%2F0001-92&n_documento=CORRE%20124220","service":"btg-baixa-titulos-service","timestamp":"2026-06-03T12:15:07.174Z"}
{"lancamento":1434934506,"level":"info","message":"ℹ️ Título CORRE 124220 já estava baixado. Processo ignorado.","service":"btg-baixa-titulos-service","situacao":"BAIXADO","timestamp":"2026-06-03T12:15:07.190Z"}
{"level":"info","message":"🔎 Processando título CORRE 122927","service":"btg-baixa-titulos-service","timestamp":"2026-06-03T12:15:07.191Z"}
{"level":"info","message":"🌐 Millennium request: GET /MILLENIUM!JOIN_ONEUP.LANCAMENTOS.CONSULTALANCAMENTOS?cnpj=57.408.548%2F0001-92&n_documento=CORRE%20122927","service":"btg-baixa-titulos-service","timestamp":"2026-06-03T12:15:07.191Z"}
{"lancamento":1434934502,"level":"info","message":"ℹ️ Título CORRE 122927 já estava baixado. Processo ignorado.","service":"btg-baixa-titulos-service","situacao":"BAIXADO","timestamp":"2026-06-03T12:15:07.206Z"}
{"level":"info","message":"🔎 Processando título CORRE 122926","service":"btg-baixa-titulos-service","timestamp":"2026-06-03T12:15:07.206Z"}
{"level":"info","message":"🌐 Millennium request: GET /MILLENIUM!JOIN_ONEUP.LANCAMENTOS.CONSULTALANCAMENTOS?cnpj=03.294.992%2F0001-03&n_documento=CORRE%20122926","service":"btg-baixa-titulos-service","timestamp":"2026-06-03T12:15:07.207Z"}
{"lancamento":1434934507,"level":"info","message":"ℹ️ Título CORRE 122926 já estava baixado. Processo ignorado.","service":"btg-baixa-titulos-service","situacao":"BAIXADO","timestamp":"2026-06-03T12:15:07.221Z"}
{"level":"info","message":"🔎 Processando título CORRE 123826","service":"btg-baixa-titulos-service","timestamp":"2026-06-03T12:15:07.222Z"}
{"level":"info","message":"🌐 Millennium request: GET /MILLENIUM!JOIN_ONEUP.LANCAMENTOS.CONSULTALANCAMENTOS?cnpj=01.329.811%2F0001-01&n_documento=CORRE%20123826","service":"btg-baixa-titulos-service","timestamp":"2026-06-03T12:15:07.222Z"}
{"lancamento":1434934501,"level":"info","message":"ℹ️ Título CORRE 123826 já estava baixado. Processo ignorado.","service":"btg-baixa-titulos-service","situacao":"BAIXADO","timestamp":"2026-06-03T12:15:07.246Z"}
{"level":"info","message":"🔎 Processando título 123841/A","service":"btg-baixa-titulos-service","timestamp":"2026-06-03T12:15:07.247Z"}
{"level":"info","message":"🌐 Millennium request: GET /MILLENIUM!JOIN_ONEUP.LANCAMENTOS.CONSULTALANCAMENTOS?cnpj=06.181.589%2F0001-58&n_documento=123841%2FA","service":"btg-baixa-titulos-service","timestamp":"2026-06-03T12:15:07.247Z"}
{"lancamento":1434931012,"level":"info","message":"📝 Atualizando título 123841/A","payload":{"lancamento":1434931012,"linhaDigitavel":"20890050091295200273696031005802514670000102720","nossoNumero":"49234329520027396","valorJuros":0},"service":"btg-baixa-titulos-service","timestamp":"2026-06-03T12:15:07.263Z"}
{"level":"info","message":"🌐 Millennium request: POST /MILLENIUM!JOIN_ONEUP.LANCAMENTOS.INSEREINFO","service":"btg-baixa-titulos-service","timestamp":"2026-06-03T12:15:07.264Z"}
{"lancamento":1434931012,"level":"info","message":"✅ Título atualizado com sucesso","numeroDocumento":"123841/A","service":"btg-baixa-titulos-service","timestamp":"2026-06-03T12:15:07.295Z","transId":340643558}
{"lancamento":1434931012,"level":"info","message":"💰 Iniciando baixa do título 123841/A","payload":{"CONCILIADO":true,"CONTA":1431333549,"DATA_PAGAMENTO":"2026-06-02","EFETUADO":true,"FILIAL":5,"GERA_OUTRO":false,"LANCAMENTO":1434931012,"OBS":"2026-06-03T12:15:07.295Z - Baixa por retorno automacao importacao excel","STATUS_BAIXA":"N","VALOR":1027.2,"acres_decres":0,"valor_pago":1027.2},"service":"btg-baixa-titulos-service","timestamp":"2026-06-03T12:15:07.295Z"}
{"dataPagamento":"2026-06-02","level":"info","message":"📅 Payload da baixa","service":"btg-baixa-titulos-service","timestamp":"2026-06-03T12:15:07.295Z"}
{"level":"info","message":"🌐 Millennium request: POST /millenium/titulos/baixa","service":"btg-baixa-titulos-service","timestamp":"2026-06-03T12:15:07.295Z"}
{"baixa":1435957152,"level":"info","message":"✅ Título baixado com sucesso","numeroDocumento":"123841/A","service":"btg-baixa-titulos-service","timestamp":"2026-06-03T12:15:09.303Z","valor":1027.2}
{"level":"info","message":"✅ Fluxo concluído para 123841/A","service":"btg-baixa-titulos-service","timestamp":"2026-06-03T12:15:09.303Z"}
{"level":"info","message":"🔎 Processando título 123799/A","service":"btg-baixa-titulos-service","timestamp":"2026-06-03T12:15:09.305Z"}
{"level":"info","message":"🌐 Millennium request: GET /MILLENIUM!JOIN_ONEUP.LANCAMENTOS.CONSULTALANCAMENTOS?cnpj=00.768.271%2F0001-91&n_documento=123799%2FA","service":"btg-baixa-titulos-service","timestamp":"2026-06-03T12:15:09.305Z"}
{"lancamento":1434930786,"level":"info","message":"📝 Atualizando título 123799/A","payload":{"lancamento":1434930786,"linhaDigitavel":"20890050091537800051530031005801614670000067600","nossoNumero":"68513253780005130","valorJuros":0},"service":"btg-baixa-titulos-service","timestamp":"2026-06-03T12:15:09.337Z"}
{"level":"info","message":"🌐 Millennium request: POST /MILLENIUM!JOIN_ONEUP.LANCAMENTOS.INSEREINFO","service":"btg-baixa-titulos-service","timestamp":"2026-06-03T12:15:09.337Z"}
{"lancamento":1434930786,"level":"info","message":"✅ Título atualizado com sucesso","numeroDocumento":"123799/A","service":"btg-baixa-titulos-service","timestamp":"2026-06-03T12:15:09.352Z","transId":340643560}
{"lancamento":1434930786,"level":"info","message":"💰 Iniciando baixa do título 123799/A","payload":{"CONCILIADO":true,"CONTA":1431333549,"DATA_PAGAMENTO":"2026-06-02","EFETUADO":true,"FILIAL":5,"GERA_OUTRO":false,"LANCAMENTO":1434930786,"OBS":"2026-06-03T12:15:09.353Z - Baixa por retorno automacao importacao excel","STATUS_BAIXA":"N","VALOR":676,"acres_decres":0,"valor_pago":676},"service":"btg-baixa-titulos-service","timestamp":"2026-06-03T12:15:09.353Z"}
{"dataPagamento":"2026-06-02","level":"info","message":"📅 Payload da baixa","service":"btg-baixa-titulos-service","timestamp":"2026-06-03T12:15:09.353Z"}
{"level":"info","message":"🌐 Millennium request: POST /millenium/titulos/baixa","service":"btg-baixa-titulos-service","timestamp":"2026-06-03T12:15:09.353Z"}
{"baixa":1435957153,"level":"info","message":"✅ Título baixado com sucesso","numeroDocumento":"123799/A","service":"btg-baixa-titulos-service","timestamp":"2026-06-03T12:15:09.426Z","valor":676}
{"level":"info","message":"✅ Fluxo concluído para 123799/A","service":"btg-baixa-titulos-service","timestamp":"2026-06-03T12:15:09.427Z"}
{"level":"info","message":"🔎 Processando título 122926/A","service":"btg-baixa-titulos-service","timestamp":"2026-06-03T12:15:09.430Z"}
{"level":"info","message":"🌐 Millennium request: GET /MILLENIUM!JOIN_ONEUP.LANCAMENTOS.CONSULTALANCAMENTOS?cnpj=03.294.992%2F0001-03&n_documento=122926%2FA","service":"btg-baixa-titulos-service","timestamp":"2026-06-03T12:15:09.430Z"}
{"lancamento":1434927255,"level":"info","message":"ℹ️ Título 122926/A já estava baixado. Processo ignorado.","service":"btg-baixa-titulos-service","situacao":"BAIXADO","timestamp":"2026-06-03T12:15:09.447Z"}
{"level":"info","message":"🔎 Processando título 123788","service":"btg-baixa-titulos-service","timestamp":"2026-06-03T12:15:09.448Z"}
{"level":"info","message":"🌐 Millennium request: GET /MILLENIUM!JOIN_ONEUP.LANCAMENTOS.CONSULTALANCAMENTOS?cnpj=01.009.793%2F0001-72&n_documento=123788","service":"btg-baixa-titulos-service","timestamp":"2026-06-03T12:15:09.448Z"}
{"lancamento":1434930779,"level":"info","message":"ℹ️ Título 123788 já estava baixado. Processo ignorado.","service":"btg-baixa-titulos-service","situacao":"BAIXADO","timestamp":"2026-06-03T12:15:09.464Z"}
{"level":"info","message":"🔎 Processando título 123827","service":"btg-baixa-titulos-service","timestamp":"2026-06-03T12:15:09.465Z"}
{"level":"info","message":"🌐 Millennium request: GET /MILLENIUM!JOIN_ONEUP.LANCAMENTOS.CONSULTALANCAMENTOS?cnpj=77.857.555%2F0009-36&n_documento=123827","service":"btg-baixa-titulos-service","timestamp":"2026-06-03T12:15:09.465Z"}
{"lancamento":1434930898,"level":"info","message":"ℹ️ Título 123827 já estava baixado. Processo ignorado.","service":"btg-baixa-titulos-service","situacao":"BAIXADO","timestamp":"2026-06-03T12:15:09.482Z"}
{"level":"info","message":"🔎 Processando título 123800","service":"btg-baixa-titulos-service","timestamp":"2026-06-03T12:15:09.483Z"}
{"level":"info","message":"🌐 Millennium request: GET /MILLENIUM!JOIN_ONEUP.LANCAMENTOS.CONSULTALANCAMENTOS?cnpj=02.355.679%2F0001-67&n_documento=123800","service":"btg-baixa-titulos-service","timestamp":"2026-06-03T12:15:09.483Z"}
{"lancamento":1434930791,"level":"info","message":"ℹ️ Título 123800 já estava baixado. Processo ignorado.","service":"btg-baixa-titulos-service","situacao":"BAIXADO","timestamp":"2026-06-03T12:15:09.498Z"}
{"level":"info","message":"🔎 Processando título 123383/A","service":"btg-baixa-titulos-service","timestamp":"2026-06-03T12:15:09.499Z"}
{"level":"info","message":"🌐 Millennium request: GET /MILLENIUM!JOIN_ONEUP.LANCAMENTOS.CONSULTALANCAMENTOS?cnpj=01.934.454%2F0001-00&n_documento=123383%2FA","service":"btg-baixa-titulos-service","timestamp":"2026-06-03T12:15:09.500Z"}
{"lancamento":1434929268,"level":"info","message":"ℹ️ Título 123383/A já estava baixado. Processo ignorado.","service":"btg-baixa-titulos-service","situacao":"BAIXADO","timestamp":"2026-06-03T12:15:09.515Z"}
{"level":"info","message":"🔎 Processando título 123801/A","service":"btg-baixa-titulos-service","timestamp":"2026-06-03T12:15:09.516Z"}
{"level":"info","message":"🌐 Millennium request: GET /MILLENIUM!JOIN_ONEUP.LANCAMENTOS.CONSULTALANCAMENTOS?cnpj=59.205.187%2F0001-02&n_documento=123801%2FA","service":"btg-baixa-titulos-service","timestamp":"2026-06-03T12:15:09.516Z"}
{"lancamento":1434930792,"level":"info","message":"ℹ️ Título 123801/A já estava baixado. Processo ignorado.","service":"btg-baixa-titulos-service","situacao":"BAIXADO","timestamp":"2026-06-03T12:15:09.534Z"}
{"level":"info","message":"🔎 Processando título FRE 122429","service":"btg-baixa-titulos-service","timestamp":"2026-06-03T12:15:09.534Z"}
{"level":"info","message":"🌐 Millennium request: GET /MILLENIUM!JOIN_ONEUP.LANCAMENTOS.CONSULTALANCAMENTOS?cnpj=57.408.548%2F0001-92&n_documento=FRE%20122429","service":"btg-baixa-titulos-service","timestamp":"2026-06-03T12:15:09.534Z"}
{"lancamento":1434927655,"level":"info","message":"ℹ️ Título FRE 122429 já estava baixado. Processo ignorado.","service":"btg-baixa-titulos-service","situacao":"BAIXADO","timestamp":"2026-06-03T12:15:09.551Z"}
{"level":"info","message":"🔎 Processando título FRE 122404","service":"btg-baixa-titulos-service","timestamp":"2026-06-03T12:15:09.552Z"}
{"level":"info","message":"🌐 Millennium request: GET /MILLENIUM!JOIN_ONEUP.LANCAMENTOS.CONSULTALANCAMENTOS?cnpj=03.294.992%2F0001-03&n_documento=FRE%20122404","service":"btg-baixa-titulos-service","timestamp":"2026-06-03T12:15:09.552Z"}
{"lancamento":1434927656,"level":"info","message":"ℹ️ Título FRE 122404 já estava baixado. Processo ignorado.","service":"btg-baixa-titulos-service","situacao":"BAIXADO","timestamp":"2026-06-03T12:15:09.571Z"}
{"level":"info","message":"🔎 Processando título FRE 122395","service":"btg-baixa-titulos-service","timestamp":"2026-06-03T12:15:09.572Z"}
{"level":"info","message":"🌐 Millennium request: GET /MILLENIUM!JOIN_ONEUP.LANCAMENTOS.CONSULTALANCAMENTOS?cnpj=02.355.679%2F0001-67&n_documento=FRE%20122395","service":"btg-baixa-titulos-service","timestamp":"2026-06-03T12:15:09.572Z"}
{"lancamento":1434927659,"level":"info","message":"ℹ️ Título FRE 122395 já estava baixado. Processo ignorado.","service":"btg-baixa-titulos-service","situacao":"BAIXADO","timestamp":"2026-06-03T12:15:09.589Z"}
{"level":"info","message":"🔎 Processando título FRE 122341","service":"btg-baixa-titulos-service","timestamp":"2026-06-03T12:15:09.590Z"}
{"level":"info","message":"🌐 Millennium request: GET /MILLENIUM!JOIN_ONEUP.LANCAMENTOS.CONSULTALANCAMENTOS?cnpj=01.009.793%2F0001-72&n_documento=FRE%20122341","service":"btg-baixa-titulos-service","timestamp":"2026-06-03T12:15:09.590Z"}
{"lancamento":1434927654,"level":"info","message":"ℹ️ Título FRE 122341 já estava baixado. Processo ignorado.","service":"btg-baixa-titulos-service","situacao":"BAIXADO","timestamp":"2026-06-03T12:15:09.691Z"}
{"level":"info","message":"🔎 Processando título CORRE 122599","service":"btg-baixa-titulos-service","timestamp":"2026-06-03T12:15:09.694Z"}
{"level":"info","message":"🌐 Millennium request: GET /MILLENIUM!JOIN_ONEUP.LANCAMENTOS.CONSULTALANCAMENTOS?cnpj=57.408.548%2F0001-92&n_documento=CORRE%20122599","service":"btg-baixa-titulos-service","timestamp":"2026-06-03T12:15:09.694Z"}
{"lancamento":1434927640,"level":"info","message":"ℹ️ Título CORRE 122599 já estava baixado. Processo ignorado.","service":"btg-baixa-titulos-service","situacao":"BAIXADO","timestamp":"2026-06-03T12:15:09.711Z"}
{"level":"info","message":"🔎 Processando título CORRE 122725","service":"btg-baixa-titulos-service","timestamp":"2026-06-03T12:15:09.714Z"}
{"level":"info","message":"🌐 Millennium request: GET /MILLENIUM!JOIN_ONEUP.LANCAMENTOS.CONSULTALANCAMENTOS?cnpj=57.408.548%2F0001-92&n_documento=CORRE%20122725","service":"btg-baixa-titulos-service","timestamp":"2026-06-03T12:15:09.714Z"}
{"lancamento":1434927642,"level":"info","message":"ℹ️ Título CORRE 122725 já estava baixado. Processo ignorado.","service":"btg-baixa-titulos-service","situacao":"BAIXADO","timestamp":"2026-06-03T12:15:09.737Z"}
{"level":"info","message":"🔎 Processando título CORRE 122724","service":"btg-baixa-titulos-service","timestamp":"2026-06-03T12:15:09.738Z"}
{"level":"info","message":"🌐 Millennium request: GET /MILLENIUM!JOIN_ONEUP.LANCAMENTOS.CONSULTALANCAMENTOS?cnpj=57.408.548%2F0001-92&n_documento=CORRE%20122724","service":"btg-baixa-titulos-service","timestamp":"2026-06-03T12:15:09.738Z"}
{"lancamento":1434927641,"level":"info","message":"ℹ️ Título CORRE 122724 já estava baixado. Processo ignorado.","service":"btg-baixa-titulos-service","situacao":"BAIXADO","timestamp":"2026-06-03T12:15:09.754Z"}
{"level":"info","message":"🔎 Processando título CORRE 121444","service":"btg-baixa-titulos-service","timestamp":"2026-06-03T12:15:09.755Z"}
{"level":"info","message":"🌐 Millennium request: GET /MILLENIUM!JOIN_ONEUP.LANCAMENTOS.CONSULTALANCAMENTOS?cnpj=57.408.548%2F0001-92&n_documento=CORRE%20121444","service":"btg-baixa-titulos-service","timestamp":"2026-06-03T12:15:09.755Z"}
{"lancamento":1434927637,"level":"info","message":"ℹ️ Título CORRE 121444 já estava baixado. Processo ignorado.","service":"btg-baixa-titulos-service","situacao":"BAIXADO","timestamp":"2026-06-03T12:15:09.771Z"}
{"level":"info","message":"🔎 Processando título CORRE 121219","service":"btg-baixa-titulos-service","timestamp":"2026-06-03T12:15:09.772Z"}
{"level":"info","message":"🌐 Millennium request: GET /MILLENIUM!JOIN_ONEUP.LANCAMENTOS.CONSULTALANCAMENTOS?cnpj=57.408.548%2F0001-92&n_documento=CORRE%20121219","service":"btg-baixa-titulos-service","timestamp":"2026-06-03T12:15:09.772Z"}
{"lancamento":1434927635,"level":"info","message":"ℹ️ Título CORRE 121219 já estava baixado. Processo ignorado.","service":"btg-baixa-titulos-service","situacao":"BAIXADO","timestamp":"2026-06-03T12:15:09.789Z"}
{"level":"info","message":"🔎 Processando título CORRE 122624","service":"btg-baixa-titulos-service","timestamp":"2026-06-03T12:15:09.790Z"}
{"level":"info","message":"🌐 Millennium request: GET /MILLENIUM!JOIN_ONEUP.LANCAMENTOS.CONSULTALANCAMENTOS?cnpj=21.067.137%2F0001-33&n_documento=CORRE%20122624","service":"btg-baixa-titulos-service","timestamp":"2026-06-03T12:15:09.790Z"}
{"lancamento":1434927652,"level":"info","message":"ℹ️ Título CORRE 122624 já estava baixado. Processo ignorado.","service":"btg-baixa-titulos-service","situacao":"BAIXADO","timestamp":"2026-06-03T12:15:09.808Z"}
{"level":"info","message":"🔎 Processando título CORRE 122020","service":"btg-baixa-titulos-service","timestamp":"2026-06-03T12:15:09.809Z"}
{"level":"info","message":"🌐 Millennium request: GET /MILLENIUM!JOIN_ONEUP.LANCAMENTOS.CONSULTALANCAMENTOS?cnpj=57.408.548%2F0001-92&n_documento=CORRE%20122020","service":"btg-baixa-titulos-service","timestamp":"2026-06-03T12:15:09.809Z"}
{"lancamento":1434927639,"level":"info","message":"ℹ️ Título CORRE 122020 já estava baixado. Processo ignorado.","service":"btg-baixa-titulos-service","situacao":"BAIXADO","timestamp":"2026-06-03T12:15:09.825Z"}
{"level":"info","message":"🔎 Processando título CORRE 121872","service":"btg-baixa-titulos-service","timestamp":"2026-06-03T12:15:09.826Z"}
{"level":"info","message":"🌐 Millennium request: GET /MILLENIUM!JOIN_ONEUP.LANCAMENTOS.CONSULTALANCAMENTOS?cnpj=57.408.548%2F0001-92&n_documento=CORRE%20121872","service":"btg-baixa-titulos-service","timestamp":"2026-06-03T12:15:09.826Z"}
{"lancamento":1434927638,"level":"info","message":"ℹ️ Título CORRE 121872 já estava baixado. Processo ignorado.","service":"btg-baixa-titulos-service","situacao":"BAIXADO","timestamp":"2026-06-03T12:15:09.845Z"}
{"level":"info","message":"🔎 Processando título CORRE 122593","service":"btg-baixa-titulos-service","timestamp":"2026-06-03T12:15:09.846Z"}
{"level":"info","message":"🌐 Millennium request: GET /MILLENIUM!JOIN_ONEUP.LANCAMENTOS.CONSULTALANCAMENTOS?cnpj=21.067.137%2F0001-33&n_documento=CORRE%20122593","service":"btg-baixa-titulos-service","timestamp":"2026-06-03T12:15:09.846Z"}
{"lancamento":1434927648,"level":"info","message":"ℹ️ Título CORRE 122593 já estava baixado. Processo ignorado.","service":"btg-baixa-titulos-service","situacao":"BAIXADO","timestamp":"2026-06-03T12:15:09.863Z"}
{"level":"info","message":"🔎 Processando título CORRE 121369","service":"btg-baixa-titulos-service","timestamp":"2026-06-03T12:15:09.864Z"}
{"level":"info","message":"🌐 Millennium request: GET /MILLENIUM!JOIN_ONEUP.LANCAMENTOS.CONSULTALANCAMENTOS?cnpj=57.408.548%2F0001-92&n_documento=CORRE%20121369","service":"btg-baixa-titulos-service","timestamp":"2026-06-03T12:15:09.864Z"}
{"lancamento":1434927636,"level":"info","message":"ℹ️ Título CORRE 121369 já estava baixado. Processo ignorado.","service":"btg-baixa-titulos-service","situacao":"BAIXADO","timestamp":"2026-06-03T12:15:09.883Z"}
{"level":"info","message":"🔎 Processando título CORRE 121668","service":"btg-baixa-titulos-service","timestamp":"2026-06-03T12:15:09.884Z"}
{"level":"info","message":"🌐 Millennium request: GET /MILLENIUM!JOIN_ONEUP.LANCAMENTOS.CONSULTALANCAMENTOS?cnpj=21.067.137%2F0001-33&n_documento=CORRE%20121668","service":"btg-baixa-titulos-service","timestamp":"2026-06-03T12:15:09.884Z"}
{"lancamento":1434927646,"level":"info","message":"ℹ️ Título CORRE 121668 já estava baixado. Processo ignorado.","service":"btg-baixa-titulos-service","situacao":"BAIXADO","timestamp":"2026-06-03T12:15:09.900Z"}
{"level":"info","message":"🔎 Processando título CORRE 121367","service":"btg-baixa-titulos-service","timestamp":"2026-06-03T12:15:09.901Z"}
{"level":"info","message":"🌐 Millennium request: GET /MILLENIUM!JOIN_ONEUP.LANCAMENTOS.CONSULTALANCAMENTOS?cnpj=01.329.811%2F0001-01&n_documento=CORRE%20121367","service":"btg-baixa-titulos-service","timestamp":"2026-06-03T12:15:09.901Z"}
{"lancamento":1434927644,"level":"info","message":"ℹ️ Título CORRE 121367 já estava baixado. Processo ignorado.","service":"btg-baixa-titulos-service","situacao":"BAIXADO","timestamp":"2026-06-03T12:15:09.915Z"}
{"level":"info","message":"🔎 Processando título 122393/A","service":"btg-baixa-titulos-service","timestamp":"2026-06-03T12:15:09.916Z"}
{"level":"info","message":"🌐 Millennium request: GET /MILLENIUM!JOIN_ONEUP.LANCAMENTOS.CONSULTALANCAMENTOS?cnpj=59.205.187%2F0001-02&n_documento=122393%2FA","service":"btg-baixa-titulos-service","timestamp":"2026-06-03T12:15:09.916Z"}
{"lancamento":1434924411,"level":"info","message":"ℹ️ Título 122393/A já estava baixado. Processo ignorado.","service":"btg-baixa-titulos-service","situacao":"BAIXADO","timestamp":"2026-06-03T12:15:09.930Z"}
{"level":"info","message":"🔎 Processando título 122342/A","service":"btg-baixa-titulos-service","timestamp":"2026-06-03T12:15:09.931Z"}
{"level":"info","message":"🌐 Millennium request: GET /MILLENIUM!JOIN_ONEUP.LANCAMENTOS.CONSULTALANCAMENTOS?cnpj=00.768.271%2F0001-91&n_documento=122342%2FA","service":"btg-baixa-titulos-service","timestamp":"2026-06-03T12:15:09.931Z"}
{"lancamento":1434924368,"level":"info","message":"ℹ️ Título 122342/A já estava baixado. Processo ignorado.","service":"btg-baixa-titulos-service","situacao":"BAIXADO","timestamp":"2026-06-03T12:15:09.948Z"}
{"level":"info","message":"🔎 Processando título 122444/A","service":"btg-baixa-titulos-service","timestamp":"2026-06-03T12:15:09.949Z"}
{"level":"info","message":"🌐 Millennium request: GET /MILLENIUM!JOIN_ONEUP.LANCAMENTOS.CONSULTALANCAMENTOS?cnpj=59.205.187%2F0001-02&n_documento=122444%2FA","service":"btg-baixa-titulos-service","timestamp":"2026-06-03T12:15:09.949Z"}
{"lancamento":1434924544,"level":"info","message":"ℹ️ Título 122444/A já estava baixado. Processo ignorado.","service":"btg-baixa-titulos-service","situacao":"BAIXADO","timestamp":"2026-06-03T12:15:09.965Z"}
{"level":"info","message":"🔎 Processando título 122338/A","service":"btg-baixa-titulos-service","timestamp":"2026-06-03T12:15:09.966Z"}
{"level":"info","message":"🌐 Millennium request: GET /MILLENIUM!JOIN_ONEUP.LANCAMENTOS.CONSULTALANCAMENTOS?cnpj=73.652.158%2F0001-10&n_documento=122338%2FA","service":"btg-baixa-titulos-service","timestamp":"2026-06-03T12:15:09.966Z"}
{"lancamento":1434924358,"level":"info","message":"ℹ️ Título 122338/A já estava baixado. Processo ignorado.","service":"btg-baixa-titulos-service","situacao":"BAIXADO","timestamp":"2026-06-03T12:15:09.980Z"}
{"level":"info","message":"🔎 Processando título 122395","service":"btg-baixa-titulos-service","timestamp":"2026-06-03T12:15:09.981Z"}
{"level":"info","message":"🌐 Millennium request: GET /MILLENIUM!JOIN_ONEUP.LANCAMENTOS.CONSULTALANCAMENTOS?cnpj=02.355.679%2F0001-67&n_documento=122395","service":"btg-baixa-titulos-service","timestamp":"2026-06-03T12:15:09.981Z"}
{"lancamento":1434924415,"level":"info","message":"ℹ️ Título 122395 já estava baixado. Processo ignorado.","service":"btg-baixa-titulos-service","situacao":"BAIXADO","timestamp":"2026-06-03T12:15:09.995Z"}
{"level":"info","message":"🔎 Processando título 122341","service":"btg-baixa-titulos-service","timestamp":"2026-06-03T12:15:09.996Z"}
{"level":"info","message":"🌐 Millennium request: GET /MILLENIUM!JOIN_ONEUP.LANCAMENTOS.CONSULTALANCAMENTOS?cnpj=01.009.793%2F0001-72&n_documento=122341","service":"btg-baixa-titulos-service","timestamp":"2026-06-03T12:15:09.996Z"}
{"lancamento":1434924366,"level":"info","message":"ℹ️ Título 122341 já estava baixado. Processo ignorado.","service":"btg-baixa-titulos-service","situacao":"BAIXADO","timestamp":"2026-06-03T12:15:10.010Z"}
{"level":"info","message":"🔎 Processando título 122336/A","service":"btg-baixa-titulos-service","timestamp":"2026-06-03T12:15:10.011Z"}
{"level":"info","message":"🌐 Millennium request: GET /MILLENIUM!JOIN_ONEUP.LANCAMENTOS.CONSULTALANCAMENTOS?cnpj=50.649.490%2F0001-20&n_documento=122336%2FA","service":"btg-baixa-titulos-service","timestamp":"2026-06-03T12:15:10.011Z"}
{"lancamento":1434924349,"level":"info","message":"ℹ️ Título 122336/A já estava baixado. Processo ignorado.","service":"btg-baixa-titulos-service","situacao":"BAIXADO","timestamp":"2026-06-03T12:15:10.026Z"}
{"level":"info","message":"🔎 Processando título 122343","service":"btg-baixa-titulos-service","timestamp":"2026-06-03T12:15:10.027Z"}
{"level":"info","message":"🌐 Millennium request: GET /MILLENIUM!JOIN_ONEUP.LANCAMENTOS.CONSULTALANCAMENTOS?cnpj=77.857.555%2F0009-36&n_documento=122343","service":"btg-baixa-titulos-service","timestamp":"2026-06-03T12:15:10.027Z"}
{"lancamento":1434924374,"level":"info","message":"ℹ️ Título 122343 já estava baixado. Processo ignorado.","service":"btg-baixa-titulos-service","situacao":"BAIXADO","timestamp":"2026-06-03T12:15:10.041Z"}
{"level":"info","message":"🔎 Processando título 122396","service":"btg-baixa-titulos-service","timestamp":"2026-06-03T12:15:10.042Z"}
{"level":"info","message":"🌐 Millennium request: GET /MILLENIUM!JOIN_ONEUP.LANCAMENTOS.CONSULTALANCAMENTOS?cnpj=01.329.811%2F0001-01&n_documento=122396","service":"btg-baixa-titulos-service","timestamp":"2026-06-03T12:15:10.042Z"}
{"lancamento":1434924416,"level":"info","message":"ℹ️ Título 122396 já estava baixado. Processo ignorado.","service":"btg-baixa-titulos-service","situacao":"BAIXADO","timestamp":"2026-06-03T12:15:10.058Z"}
{"level":"info","message":"🔎 Processando título 122337/A","service":"btg-baixa-titulos-service","timestamp":"2026-06-03T12:15:10.058Z"}
{"level":"info","message":"🌐 Millennium request: GET /MILLENIUM!JOIN_ONEUP.LANCAMENTOS.CONSULTALANCAMENTOS?cnpj=44.999.259%2F0001-63&n_documento=122337%2FA","service":"btg-baixa-titulos-service","timestamp":"2026-06-03T12:15:10.059Z"}
{"lancamento":1434924353,"level":"info","message":"ℹ️ Título 122337/A já estava baixado. Processo ignorado.","service":"btg-baixa-titulos-service","situacao":"BAIXADO","timestamp":"2026-06-03T12:15:10.074Z"}
{"level":"info","message":"🔎 Processando título 121874/A","service":"btg-baixa-titulos-service","timestamp":"2026-06-03T12:15:10.074Z"}
{"level":"info","message":"🌐 Millennium request: GET /MILLENIUM!JOIN_ONEUP.LANCAMENTOS.CONSULTALANCAMENTOS?cnpj=44.999.259%2F0001-63&n_documento=121874%2FA","service":"btg-baixa-titulos-service","timestamp":"2026-06-03T12:15:10.074Z"}
{"lancamento":1434922496,"level":"info","message":"ℹ️ Título 121874/A já estava baixado. Processo ignorado.","service":"btg-baixa-titulos-service","situacao":"BAIXADO","timestamp":"2026-06-03T12:15:10.088Z"}
{"level":"info","message":"🔎 Processando título 122404/A","service":"btg-baixa-titulos-service","timestamp":"2026-06-03T12:15:10.089Z"}
{"level":"info","message":"🌐 Millennium request: GET /MILLENIUM!JOIN_ONEUP.LANCAMENTOS.CONSULTALANCAMENTOS?cnpj=03.294.992%2F0001-03&n_documento=122404%2FA","service":"btg-baixa-titulos-service","timestamp":"2026-06-03T12:15:10.089Z"}
{"lancamento":1434924436,"level":"info","message":"ℹ️ Título 122404/A já estava baixado. Processo ignorado.","service":"btg-baixa-titulos-service","situacao":"BAIXADO","timestamp":"2026-06-03T12:15:10.107Z"}
{"level":"info","message":"🔎 Processando título 122399/A","service":"btg-baixa-titulos-service","timestamp":"2026-06-03T12:15:10.108Z"}
{"level":"info","message":"🌐 Millennium request: GET /MILLENIUM!JOIN_ONEUP.LANCAMENTOS.CONSULTALANCAMENTOS?cnpj=06.181.589%2F0001-58&n_documento=122399%2FA","service":"btg-baixa-titulos-service","timestamp":"2026-06-03T12:15:10.108Z"}
{"lancamento":1434924418,"level":"info","message":"ℹ️ Título 122399/A já estava baixado. Processo ignorado.","service":"btg-baixa-titulos-service","situacao":"BAIXADO","timestamp":"2026-06-03T12:15:10.197Z"}
{"level":"info","message":"🔎 Processando título 122010/A","service":"btg-baixa-titulos-service","timestamp":"2026-06-03T12:15:10.198Z"}
{"level":"info","message":"🌐 Millennium request: GET /MILLENIUM!JOIN_ONEUP.LANCAMENTOS.CONSULTALANCAMENTOS?cnpj=50.649.490%2F0001-20&n_documento=122010%2FA","service":"btg-baixa-titulos-service","timestamp":"2026-06-03T12:15:10.198Z"}
{"lancamento":1434922953,"level":"info","message":"ℹ️ Título 122010/A já estava baixado. Processo ignorado.","service":"btg-baixa-titulos-service","situacao":"BAIXADO","timestamp":"2026-06-03T12:15:10.212Z"}
{"level":"info","message":"🔎 Processando título 122400/A","service":"btg-baixa-titulos-service","timestamp":"2026-06-03T12:15:10.213Z"}
{"level":"info","message":"🌐 Millennium request: GET /MILLENIUM!JOIN_ONEUP.LANCAMENTOS.CONSULTALANCAMENTOS?cnpj=03.247.651%2F0001-79&n_documento=122400%2FA","service":"btg-baixa-titulos-service","timestamp":"2026-06-03T12:15:10.213Z"}
{"lancamento":1434924424,"level":"info","message":"ℹ️ Título 122400/A já estava baixado. Processo ignorado.","service":"btg-baixa-titulos-service","situacao":"BAIXADO","timestamp":"2026-06-03T12:15:10.230Z"}
{"level":"info","message":"🔎 Processando título 105758/C JUROS","service":"btg-baixa-titulos-service","timestamp":"2026-06-03T12:15:10.231Z"}
{"level":"info","message":"🌐 Millennium request: GET /MILLENIUM!JOIN_ONEUP.LANCAMENTOS.CONSULTALANCAMENTOS?cnpj=01.464.095%2F0001-67&n_documento=105758%2FC%20JUROS","service":"btg-baixa-titulos-service","timestamp":"2026-06-03T12:15:10.231Z"}
{"lancamento":1434925090,"level":"info","message":"ℹ️ Título 105758/C JUROS já estava baixado. Processo ignorado.","service":"btg-baixa-titulos-service","situacao":"BAIXADO","timestamp":"2026-06-03T12:15:10.244Z"}
{"level":"info","message":"🔎 Processando título 102319/G JUROS","service":"btg-baixa-titulos-service","timestamp":"2026-06-03T12:15:10.244Z"}
{"level":"info","message":"🌐 Millennium request: GET /MILLENIUM!JOIN_ONEUP.LANCAMENTOS.CONSULTALANCAMENTOS?cnpj=01.464.095%2F0001-67&n_documento=102319%2FG%20JUROS","service":"btg-baixa-titulos-service","timestamp":"2026-06-03T12:15:10.245Z"}
{"lancamento":1434925093,"level":"info","message":"ℹ️ Título 102319/G JUROS já estava baixado. Processo ignorado.","service":"btg-baixa-titulos-service","situacao":"BAIXADO","timestamp":"2026-06-03T12:15:10.260Z"}
{"level":"info","message":"🔎 Processando título FRE 120666","service":"btg-baixa-titulos-service","timestamp":"2026-06-03T12:15:10.261Z"}
{"level":"info","message":"🌐 Millennium request: GET /MILLENIUM!JOIN_ONEUP.LANCAMENTOS.CONSULTALANCAMENTOS?cnpj=02.355.679%2F0001-67&n_documento=FRE%20120666","service":"btg-baixa-titulos-service","timestamp":"2026-06-03T12:15:10.261Z"}
{"lancamento":1434922478,"level":"info","message":"ℹ️ Título FRE 120666 já estava baixado. Processo ignorado.","service":"btg-baixa-titulos-service","situacao":"BAIXADO","timestamp":"2026-06-03T12:15:10.276Z"}
{"level":"info","message":"🔎 Processando título FRE 120631","service":"btg-baixa-titulos-service","timestamp":"2026-06-03T12:15:10.277Z"}
{"level":"info","message":"🌐 Millennium request: GET /MILLENIUM!JOIN_ONEUP.LANCAMENTOS.CONSULTALANCAMENTOS?cnpj=03.294.992%2F0001-03&n_documento=FRE%20120631","service":"btg-baixa-titulos-service","timestamp":"2026-06-03T12:15:10.277Z"}
{"lancamento":1434922472,"level":"info","message":"ℹ️ Título FRE 120631 já estava baixado. Processo ignorado.","service":"btg-baixa-titulos-service","situacao":"BAIXADO","timestamp":"2026-06-03T12:15:10.292Z"}
{"level":"info","message":"🔎 Processando título CORRE 120183","service":"btg-baixa-titulos-service","timestamp":"2026-06-03T12:15:10.293Z"}
{"level":"info","message":"🌐 Millennium request: GET /MILLENIUM!JOIN_ONEUP.LANCAMENTOS.CONSULTALANCAMENTOS?cnpj=03.294.992%2F0001-03&n_documento=CORRE%20120183","service":"btg-baixa-titulos-service","timestamp":"2026-06-03T12:15:10.293Z"}
{"lancamento":1434922458,"level":"info","message":"ℹ️ Título CORRE 120183 já estava baixado. Processo ignorado.","service":"btg-baixa-titulos-service","situacao":"BAIXADO","timestamp":"2026-06-03T12:15:10.308Z"}
{"level":"info","message":"🔎 Processando título FRE 120618","service":"btg-baixa-titulos-service","timestamp":"2026-06-03T12:15:10.309Z"}
{"level":"info","message":"🌐 Millennium request: GET /MILLENIUM!JOIN_ONEUP.LANCAMENTOS.CONSULTALANCAMENTOS?cnpj=01.009.793%2F0001-72&n_documento=FRE%20120618","service":"btg-baixa-titulos-service","timestamp":"2026-06-03T12:15:10.310Z"}
{"lancamento":1434922481,"level":"info","message":"ℹ️ Título FRE 120618 já estava baixado. Processo ignorado.","service":"btg-baixa-titulos-service","situacao":"BAIXADO","timestamp":"2026-06-03T12:15:10.323Z"}
{"level":"info","message":"🔎 Processando título 121368","service":"btg-baixa-titulos-service","timestamp":"2026-06-03T12:15:10.324Z"}
{"level":"info","message":"🌐 Millennium request: GET /MILLENIUM!JOIN_ONEUP.LANCAMENTOS.CONSULTALANCAMENTOS?cnpj=01.009.793%2F0001-72&n_documento=121368","service":"btg-baixa-titulos-service","timestamp":"2026-06-03T12:15:10.324Z"}
{"lancamento":1434920840,"level":"info","message":"ℹ️ Título 121368 já estava baixado. Processo ignorado.","service":"btg-baixa-titulos-service","situacao":"BAIXADO","timestamp":"2026-06-03T12:15:10.374Z"}
{"level":"info","message":"🔎 Processando título FRE 120629","service":"btg-baixa-titulos-service","timestamp":"2026-06-03T12:15:10.376Z"}
{"level":"info","message":"🌐 Millennium request: GET /MILLENIUM!JOIN_ONEUP.LANCAMENTOS.CONSULTALANCAMENTOS?cnpj=57.408.548%2F0001-92&n_documento=FRE%20120629","service":"btg-baixa-titulos-service","timestamp":"2026-06-03T12:15:10.376Z"}
{"lancamento":1434922484,"level":"info","message":"ℹ️ Título FRE 120629 já estava baixado. Processo ignorado.","service":"btg-baixa-titulos-service","situacao":"BAIXADO","timestamp":"2026-06-03T12:15:10.393Z"}
{"level":"info","message":"🔎 Processando título CORRE 120558","service":"btg-baixa-titulos-service","timestamp":"2026-06-03T12:15:10.394Z"}
{"level":"info","message":"🌐 Millennium request: GET /MILLENIUM!JOIN_ONEUP.LANCAMENTOS.CONSULTALANCAMENTOS?cnpj=57.408.548%2F0001-92&n_documento=CORRE%20120558","service":"btg-baixa-titulos-service","timestamp":"2026-06-03T12:15:10.394Z"}
{"erro":"Título não localizado: CORRE 120558","level":"error","message":"❌ Erro no título CORRE 120558","service":"btg-baixa-titulos-service","status":"ERRO_CONSULTA","timestamp":"2026-06-03T12:15:10.407Z"}
{"level":"info","message":"🔎 Processando título CORRE 120329","service":"btg-baixa-titulos-service","timestamp":"2026-06-03T12:15:10.408Z"}
{"level":"info","message":"🌐 Millennium request: GET /MILLENIUM!JOIN_ONEUP.LANCAMENTOS.CONSULTALANCAMENTOS?cnpj=57.408.548%2F0001-92&n_documento=CORRE%20120329","service":"btg-baixa-titulos-service","timestamp":"2026-06-03T12:15:10.408Z"}
{"lancamento":1434922462,"level":"info","message":"ℹ️ Título CORRE 120329 já estava baixado. Processo ignorado.","service":"btg-baixa-titulos-service","situacao":"BAIXADO","timestamp":"2026-06-03T12:15:10.425Z"}
{"level":"info","message":"🔎 Processando título CORRE 120029","service":"btg-baixa-titulos-service","timestamp":"2026-06-03T12:15:10.426Z"}
{"level":"info","message":"🌐 Millennium request: GET /MILLENIUM!JOIN_ONEUP.LANCAMENTOS.CONSULTALANCAMENTOS?cnpj=57.408.548%2F0001-92&n_documento=CORRE%20120029","service":"btg-baixa-titulos-service","timestamp":"2026-06-03T12:15:10.426Z"}
{"lancamento":1434922461,"level":"info","message":"ℹ️ Título CORRE 120029 já estava baixado. Processo ignorado.","service":"btg-baixa-titulos-service","situacao":"BAIXADO","timestamp":"2026-06-03T12:15:10.441Z"}
{"level":"info","message":"🔎 Processando título 120775","service":"btg-baixa-titulos-service","timestamp":"2026-06-03T12:15:10.442Z"}
{"level":"info","message":"🌐 Millennium request: GET /MILLENIUM!JOIN_ONEUP.LANCAMENTOS.CONSULTALANCAMENTOS?cnpj=57.408.548%2F0001-92&n_documento=120775","service":"btg-baixa-titulos-service","timestamp":"2026-06-03T12:15:10.442Z"}
{"erro":"Título não localizado: 120775","level":"error","message":"❌ Erro no título 120775","service":"btg-baixa-titulos-service","status":"ERRO_CONSULTA","timestamp":"2026-06-03T12:15:10.469Z"}
{"level":"info","message":"🔎 Processando título 120620","service":"btg-baixa-titulos-service","timestamp":"2026-06-03T12:15:10.470Z"}
{"level":"info","message":"🌐 Millennium request: GET /MILLENIUM!JOIN_ONEUP.LANCAMENTOS.CONSULTALANCAMENTOS?cnpj=01.329.811%2F0001-01&n_documento=120620","service":"btg-baixa-titulos-service","timestamp":"2026-06-03T12:15:10.470Z"}
{"lancamento":1434917864,"level":"info","message":"ℹ️ Título 120620 já estava baixado. Processo ignorado.","service":"btg-baixa-titulos-service","situacao":"BAIXADO","timestamp":"2026-06-03T12:15:10.486Z"}
{"level":"info","message":"🔎 Processando título 121137/B","service":"btg-baixa-titulos-service","timestamp":"2026-06-03T12:15:10.487Z"}
{"level":"info","message":"🌐 Millennium request: GET /MILLENIUM!JOIN_ONEUP.LANCAMENTOS.CONSULTALANCAMENTOS?cnpj=00.768.271%2F0001-91&n_documento=121137%2FB","service":"btg-baixa-titulos-service","timestamp":"2026-06-03T12:15:10.487Z"}
{"lancamento":1434919879,"level":"info","message":"ℹ️ Título 121137/B já estava baixado. Processo ignorado.","service":"btg-baixa-titulos-service","situacao":"BAIXADO","timestamp":"2026-06-03T12:15:10.504Z"}
{"level":"info","message":"🔎 Processando título 121137/A","service":"btg-baixa-titulos-service","timestamp":"2026-06-03T12:15:10.505Z"}
{"level":"info","message":"🌐 Millennium request: GET /MILLENIUM!JOIN_ONEUP.LANCAMENTOS.CONSULTALANCAMENTOS?cnpj=00.768.271%2F0001-91&n_documento=121137%2FA","service":"btg-baixa-titulos-service","timestamp":"2026-06-03T12:15:10.505Z"}
{"lancamento":1434919878,"level":"info","message":"ℹ️ Título 121137/A já estava baixado. Processo ignorado.","service":"btg-baixa-titulos-service","situacao":"BAIXADO","timestamp":"2026-06-03T12:15:10.520Z"}
{"level":"info","message":"🔎 Processando título 120775/A","service":"btg-baixa-titulos-service","timestamp":"2026-06-03T12:15:10.521Z"}
{"level":"info","message":"🌐 Millennium request: GET /MILLENIUM!JOIN_ONEUP.LANCAMENTOS.CONSULTALANCAMENTOS?cnpj=57.408.548%2F0001-92&n_documento=120775%2FA","service":"btg-baixa-titulos-service","timestamp":"2026-06-03T12:15:10.521Z"}
{"lancamento":1434918824,"level":"info","message":"ℹ️ Título 120775/A já estava baixado. Processo ignorado.","service":"btg-baixa-titulos-service","situacao":"BAIXADO","timestamp":"2026-06-03T12:15:10.537Z"}
{"level":"info","message":"🔎 Processando título 119986/B","service":"btg-baixa-titulos-service","timestamp":"2026-06-03T12:15:10.538Z"}
{"level":"info","message":"🌐 Millennium request: GET /MILLENIUM!JOIN_ONEUP.LANCAMENTOS.CONSULTALANCAMENTOS?cnpj=73.652.158%2F0001-10&n_documento=119986%2FB","service":"btg-baixa-titulos-service","timestamp":"2026-06-03T12:15:10.539Z"}
{"lancamento":1434914964,"level":"info","message":"ℹ️ Título 119986/B já estava baixado. Processo ignorado.","service":"btg-baixa-titulos-service","situacao":"BAIXADO","timestamp":"2026-06-03T12:15:10.553Z"}
{"level":"info","message":"🔎 Processando título 119986/A","service":"btg-baixa-titulos-service","timestamp":"2026-06-03T12:15:10.554Z"}
{"level":"info","message":"🌐 Millennium request: GET /MILLENIUM!JOIN_ONEUP.LANCAMENTOS.CONSULTALANCAMENTOS?cnpj=73.652.158%2F0001-10&n_documento=119986%2FA","service":"btg-baixa-titulos-service","timestamp":"2026-06-03T12:15:10.554Z"}
{"lancamento":1434914963,"level":"info","message":"ℹ️ Título 119986/A já estava baixado. Processo ignorado.","service":"btg-baixa-titulos-service","situacao":"BAIXADO","timestamp":"2026-06-03T12:15:10.570Z"}
{"level":"info","message":"🔎 Processando título FRE 119328","service":"btg-baixa-titulos-service","timestamp":"2026-06-03T12:15:10.571Z"}
{"level":"info","message":"🌐 Millennium request: GET /MILLENIUM!JOIN_ONEUP.LANCAMENTOS.CONSULTALANCAMENTOS?cnpj=57.408.548%2F0001-92&n_documento=FRE%20119328","service":"btg-baixa-titulos-service","timestamp":"2026-06-03T12:15:10.571Z"}
{"erro":"Título não localizado: FRE 119328","level":"error","message":"❌ Erro no título FRE 119328","service":"btg-baixa-titulos-service","status":"ERRO_CONSULTA","timestamp":"2026-06-03T12:15:10.587Z"}
{"level":"info","message":"🔎 Processando título FRE 119325","service":"btg-baixa-titulos-service","timestamp":"2026-06-03T12:15:10.588Z"}
{"level":"info","message":"🌐 Millennium request: GET /MILLENIUM!JOIN_ONEUP.LANCAMENTOS.CONSULTALANCAMENTOS?cnpj=02.355.679%2F0001-67&n_documento=FRE%20119325","service":"btg-baixa-titulos-service","timestamp":"2026-06-03T12:15:10.588Z"}
{"lancamento":1434918566,"level":"info","message":"ℹ️ Título FRE 119325 já estava baixado. Processo ignorado.","service":"btg-baixa-titulos-service","situacao":"BAIXADO","timestamp":"2026-06-03T12:15:10.603Z"}
{"level":"info","message":"🔎 Processando título 120623/B","service":"btg-baixa-titulos-service","timestamp":"2026-06-03T12:15:10.604Z"}
{"level":"info","message":"🌐 Millennium request: GET /MILLENIUM!JOIN_ONEUP.LANCAMENTOS.CONSULTALANCAMENTOS?cnpj=00.768.271%2F0001-91&n_documento=120623%2FB","service":"btg-baixa-titulos-service","timestamp":"2026-06-03T12:15:10.604Z"}
{"lancamento":1434917867,"level":"info","message":"ℹ️ Título 120623/B já estava baixado. Processo ignorado.","service":"btg-baixa-titulos-service","situacao":"BAIXADO","timestamp":"2026-06-03T12:15:10.619Z"}
{"level":"info","message":"🔎 Processando título FRE 119324","service":"btg-baixa-titulos-service","timestamp":"2026-06-03T12:15:10.621Z"}
{"level":"info","message":"🌐 Millennium request: GET /MILLENIUM!JOIN_ONEUP.LANCAMENTOS.CONSULTALANCAMENTOS?cnpj=03.294.992%2F0001-03&n_documento=FRE%20119324","service":"btg-baixa-titulos-service","timestamp":"2026-06-03T12:15:10.621Z"}
{"lancamento":1434918575,"level":"info","message":"ℹ️ Título FRE 119324 já estava baixado. Processo ignorado.","service":"btg-baixa-titulos-service","situacao":"BAIXADO","timestamp":"2026-06-03T12:15:10.637Z"}
{"level":"info","message":"🔎 Processando título 120623/A","service":"btg-baixa-titulos-service","timestamp":"2026-06-03T12:15:10.638Z"}
{"level":"info","message":"🌐 Millennium request: GET /MILLENIUM!JOIN_ONEUP.LANCAMENTOS.CONSULTALANCAMENTOS?cnpj=00.768.271%2F0001-91&n_documento=120623%2FA","service":"btg-baixa-titulos-service","timestamp":"2026-06-03T12:15:10.638Z"}
{"lancamento":1434917866,"level":"info","message":"ℹ️ Título 120623/A já estava baixado. Processo ignorado.","service":"btg-baixa-titulos-service","situacao":"BAIXADO","timestamp":"2026-06-03T12:15:10.741Z"}
{"level":"info","message":"🔎 Processando título FRE 119300","service":"btg-baixa-titulos-service","timestamp":"2026-06-03T12:15:10.744Z"}
{"level":"info","message":"🌐 Millennium request: GET /MILLENIUM!JOIN_ONEUP.LANCAMENTOS.CONSULTALANCAMENTOS?cnpj=01.329.811%2F0001-01&n_documento=FRE%20119300","service":"btg-baixa-titulos-service","timestamp":"2026-06-03T12:15:10.745Z"}
{"lancamento":1434918576,"level":"info","message":"ℹ️ Título FRE 119300 já estava baixado. Processo ignorado.","service":"btg-baixa-titulos-service","situacao":"BAIXADO","timestamp":"2026-06-03T12:15:10.760Z"}
{"level":"info","message":"🔎 Processando título 120620","service":"btg-baixa-titulos-service","timestamp":"2026-06-03T12:15:10.761Z"}
{"level":"info","message":"🌐 Millennium request: GET /MILLENIUM!JOIN_ONEUP.LANCAMENTOS.CONSULTALANCAMENTOS?cnpj=01.329.811%2F0001-01&n_documento=120620","service":"btg-baixa-titulos-service","timestamp":"2026-06-03T12:15:10.761Z"}
{"lancamento":1434917864,"level":"info","message":"ℹ️ Título 120620 já estava baixado. Processo ignorado.","service":"btg-baixa-titulos-service","situacao":"BAIXADO","timestamp":"2026-06-03T12:15:10.777Z"}
{"level":"info","message":"🔎 Processando título FRE 119291","service":"btg-baixa-titulos-service","timestamp":"2026-06-03T12:15:10.778Z"}
{"level":"info","message":"🌐 Millennium request: GET /MILLENIUM!JOIN_ONEUP.LANCAMENTOS.CONSULTALANCAMENTOS?cnpj=01.009.793%2F0001-72&n_documento=FRE%20119291","service":"btg-baixa-titulos-service","timestamp":"2026-06-03T12:15:10.778Z"}
{"lancamento":1434918550,"level":"info","message":"ℹ️ Título FRE 119291 já estava baixado. Processo ignorado.","service":"btg-baixa-titulos-service","situacao":"BAIXADO","timestamp":"2026-06-03T12:15:10.794Z"}
{"level":"info","message":"🔎 Processando título FRE 119286","service":"btg-baixa-titulos-service","timestamp":"2026-06-03T12:15:10.796Z"}
{"level":"info","message":"🌐 Millennium request: GET /MILLENIUM!JOIN_ONEUP.LANCAMENTOS.CONSULTALANCAMENTOS?cnpj=21.067.137%2F0001-33&n_documento=FRE%20119286","service":"btg-baixa-titulos-service","timestamp":"2026-06-03T12:15:10.796Z"}
{"lancamento":1434918567,"level":"info","message":"ℹ️ Título FRE 119286 já estava baixado. Processo ignorado.","service":"btg-baixa-titulos-service","situacao":"BAIXADO","timestamp":"2026-06-03T12:15:10.812Z"}
{"level":"info","message":"🔎 Processando título FRE 117845","service":"btg-baixa-titulos-service","timestamp":"2026-06-03T12:15:10.813Z"}
{"level":"info","message":"🌐 Millennium request: GET /MILLENIUM!JOIN_ONEUP.LANCAMENTOS.CONSULTALANCAMENTOS?cnpj=03.294.992%2F0001-03&n_documento=FRE%20117845","service":"btg-baixa-titulos-service","timestamp":"2026-06-03T12:15:10.813Z"}
{"lancamento":1434918548,"level":"info","message":"ℹ️ Título FRE 117845 já estava baixado. Processo ignorado.","service":"btg-baixa-titulos-service","situacao":"BAIXADO","timestamp":"2026-06-03T12:15:10.828Z"}
{"level":"info","message":"🔎 Processando título FRE 117766","service":"btg-baixa-titulos-service","timestamp":"2026-06-03T12:15:10.829Z"}
{"level":"info","message":"🌐 Millennium request: GET /MILLENIUM!JOIN_ONEUP.LANCAMENTOS.CONSULTALANCAMENTOS?cnpj=57.408.548%2F0001-92&n_documento=FRE%20117766","service":"btg-baixa-titulos-service","timestamp":"2026-06-03T12:15:10.829Z"}
{"lancamento":1434918547,"level":"info","message":"ℹ️ Título FRE 117766 já estava baixado. Processo ignorado.","service":"btg-baixa-titulos-service","situacao":"BAIXADO","timestamp":"2026-06-03T12:15:10.859Z"}
{"level":"info","message":"🔎 Processando título 120619/B","service":"btg-baixa-titulos-service","timestamp":"2026-06-03T12:15:10.860Z"}
{"level":"info","message":"🌐 Millennium request: GET /MILLENIUM!JOIN_ONEUP.LANCAMENTOS.CONSULTALANCAMENTOS?cnpj=73.652.158%2F0001-10&n_documento=120619%2FB","service":"btg-baixa-titulos-service","timestamp":"2026-06-03T12:15:10.860Z"}
{"lancamento":1434917860,"level":"info","message":"ℹ️ Título 120619/B já estava baixado. Processo ignorado.","service":"btg-baixa-titulos-service","situacao":"BAIXADO","timestamp":"2026-06-03T12:15:10.880Z"}
{"level":"info","message":"🔎 Processando título CORRE 118933","service":"btg-baixa-titulos-service","timestamp":"2026-06-03T12:15:10.881Z"}
{"level":"info","message":"🌐 Millennium request: GET /MILLENIUM!JOIN_ONEUP.LANCAMENTOS.CONSULTALANCAMENTOS?cnpj=01.009.793%2F0001-72&n_documento=CORRE%20118933","service":"btg-baixa-titulos-service","timestamp":"2026-06-03T12:15:10.881Z"}
{"lancamento":1434918549,"level":"info","message":"ℹ️ Título CORRE 118933 já estava baixado. Processo ignorado.","service":"btg-baixa-titulos-service","situacao":"BAIXADO","timestamp":"2026-06-03T12:15:10.897Z"}
{"level":"info","message":"🔎 Processando título 120619/A","service":"btg-baixa-titulos-service","timestamp":"2026-06-03T12:15:10.898Z"}
{"level":"info","message":"🌐 Millennium request: GET /MILLENIUM!JOIN_ONEUP.LANCAMENTOS.CONSULTALANCAMENTOS?cnpj=73.652.158%2F0001-10&n_documento=120619%2FA","service":"btg-baixa-titulos-service","timestamp":"2026-06-03T12:15:10.898Z"}
{"lancamento":1434917859,"level":"info","message":"ℹ️ Título 120619/A já estava baixado. Processo ignorado.","service":"btg-baixa-titulos-service","situacao":"BAIXADO","timestamp":"2026-06-03T12:15:10.917Z"}
{"level":"info","message":"🔎 Processando título CORRE 117241","service":"btg-baixa-titulos-service","timestamp":"2026-06-03T12:15:10.918Z"}
{"level":"info","message":"🌐 Millennium request: GET /MILLENIUM!JOIN_ONEUP.LANCAMENTOS.CONSULTALANCAMENTOS?cnpj=03.294.992%2F0001-03&n_documento=CORRE%20117241","service":"btg-baixa-titulos-service","timestamp":"2026-06-03T12:15:10.918Z"}
{"lancamento":1434918546,"level":"info","message":"ℹ️ Título CORRE 117241 já estava baixado. Processo ignorado.","service":"btg-baixa-titulos-service","situacao":"BAIXADO","timestamp":"2026-06-03T12:15:10.933Z"}
{"level":"info","message":"🔎 Processando título 120618","service":"btg-baixa-titulos-service","timestamp":"2026-06-03T12:15:10.934Z"}
{"level":"info","message":"🌐 Millennium request: GET /MILLENIUM!JOIN_ONEUP.LANCAMENTOS.CONSULTALANCAMENTOS?cnpj=01.009.793%2F0001-72&n_documento=120618","service":"btg-baixa-titulos-service","timestamp":"2026-06-03T12:15:10.934Z"}
{"lancamento":1434917858,"level":"info","message":"ℹ️ Título 120618 já estava baixado. Processo ignorado.","service":"btg-baixa-titulos-service","situacao":"BAIXADO","timestamp":"2026-06-03T12:15:10.947Z"}
{"level":"info","message":"🔎 Processando título 120666","service":"btg-baixa-titulos-service","timestamp":"2026-06-03T12:15:10.947Z"}
{"level":"info","message":"🌐 Millennium request: GET /MILLENIUM!JOIN_ONEUP.LANCAMENTOS.CONSULTALANCAMENTOS?cnpj=02.355.679%2F0001-67&n_documento=120666","service":"btg-baixa-titulos-service","timestamp":"2026-06-03T12:15:10.947Z"}
{"lancamento":1434917997,"level":"info","message":"ℹ️ Título 120666 já estava baixado. Processo ignorado.","service":"btg-baixa-titulos-service","situacao":"BAIXADO","timestamp":"2026-06-03T12:15:10.961Z"}
{"level":"info","message":"🔎 Processando título 120614/B","service":"btg-baixa-titulos-service","timestamp":"2026-06-03T12:15:10.961Z"}
{"level":"info","message":"🌐 Millennium request: GET /MILLENIUM!JOIN_ONEUP.LANCAMENTOS.CONSULTALANCAMENTOS?cnpj=50.649.490%2F0001-20&n_documento=120614%2FB","service":"btg-baixa-titulos-service","timestamp":"2026-06-03T12:15:10.961Z"}
{"lancamento":1434917848,"level":"info","message":"ℹ️ Título 120614/B já estava baixado. Processo ignorado.","service":"btg-baixa-titulos-service","situacao":"BAIXADO","timestamp":"2026-06-03T12:15:10.975Z"}
{"level":"info","message":"🔎 Processando título 120614/A","service":"btg-baixa-titulos-service","timestamp":"2026-06-03T12:15:10.975Z"}
{"level":"info","message":"🌐 Millennium request: GET /MILLENIUM!JOIN_ONEUP.LANCAMENTOS.CONSULTALANCAMENTOS?cnpj=50.649.490%2F0001-20&n_documento=120614%2FA","service":"btg-baixa-titulos-service","timestamp":"2026-06-03T12:15:10.976Z"}
{"lancamento":1434917847,"level":"info","message":"ℹ️ Título 120614/A já estava baixado. Processo ignorado.","service":"btg-baixa-titulos-service","situacao":"BAIXADO","timestamp":"2026-06-03T12:15:10.991Z"}
{"level":"info","message":"🔎 Processando título 120640/B","service":"btg-baixa-titulos-service","timestamp":"2026-06-03T12:15:10.991Z"}
{"level":"info","message":"🌐 Millennium request: GET /MILLENIUM!JOIN_ONEUP.LANCAMENTOS.CONSULTALANCAMENTOS?cnpj=50.649.490%2F0001-20&n_documento=120640%2FB","service":"btg-baixa-titulos-service","timestamp":"2026-06-03T12:15:10.991Z"}
{"lancamento":1434917921,"level":"info","message":"ℹ️ Título 120640/B já estava baixado. Processo ignorado.","service":"btg-baixa-titulos-service","situacao":"BAIXADO","timestamp":"2026-06-03T12:15:11.007Z"}
{"level":"info","message":"🔎 Processando título 120640/A","service":"btg-baixa-titulos-service","timestamp":"2026-06-03T12:15:11.008Z"}
{"level":"info","message":"🌐 Millennium request: GET /MILLENIUM!JOIN_ONEUP.LANCAMENTOS.CONSULTALANCAMENTOS?cnpj=50.649.490%2F0001-20&n_documento=120640%2FA","service":"btg-baixa-titulos-service","timestamp":"2026-06-03T12:15:11.008Z"}
{"lancamento":1434917920,"level":"info","message":"ℹ️ Título 120640/A já estava baixado. Processo ignorado.","service":"btg-baixa-titulos-service","situacao":"BAIXADO","timestamp":"2026-06-03T12:15:11.024Z"}
{"level":"info","message":"🔎 Processando título 120638/B","service":"btg-baixa-titulos-service","timestamp":"2026-06-03T12:15:11.025Z"}
{"level":"info","message":"🌐 Millennium request: GET /MILLENIUM!JOIN_ONEUP.LANCAMENTOS.CONSULTALANCAMENTOS?cnpj=01.934.454%2F0001-00&n_documento=120638%2FB","service":"btg-baixa-titulos-service","timestamp":"2026-06-03T12:15:11.025Z"}
{"lancamento":1434917916,"level":"info","message":"ℹ️ Título 120638/B já estava baixado. Processo ignorado.","service":"btg-baixa-titulos-service","situacao":"BAIXADO","timestamp":"2026-06-03T12:15:11.039Z"}
{"level":"info","message":"🔎 Processando título 120183/B","service":"btg-baixa-titulos-service","timestamp":"2026-06-03T12:15:11.039Z"}
{"level":"info","message":"🌐 Millennium request: GET /MILLENIUM!JOIN_ONEUP.LANCAMENTOS.CONSULTALANCAMENTOS?cnpj=03.294.992%2F0001-03&n_documento=120183%2FB","service":"btg-baixa-titulos-service","timestamp":"2026-06-03T12:15:11.039Z"}
{"lancamento":1434916367,"level":"info","message":"ℹ️ Título 120183/B já estava baixado. Processo ignorado.","service":"btg-baixa-titulos-service","situacao":"BAIXADO","timestamp":"2026-06-03T12:15:11.055Z"}
{"level":"info","message":"🔎 Processando título 120638/A","service":"btg-baixa-titulos-service","timestamp":"2026-06-03T12:15:11.056Z"}
{"level":"info","message":"🌐 Millennium request: GET /MILLENIUM!JOIN_ONEUP.LANCAMENTOS.CONSULTALANCAMENTOS?cnpj=01.934.454%2F0001-00&n_documento=120638%2FA","service":"btg-baixa-titulos-service","timestamp":"2026-06-03T12:15:11.056Z"}
{"lancamento":1434917915,"level":"info","message":"ℹ️ Título 120638/A já estava baixado. Processo ignorado.","service":"btg-baixa-titulos-service","situacao":"BAIXADO","timestamp":"2026-06-03T12:15:11.070Z"}
{"level":"info","message":"🔎 Processando título 120183/A","service":"btg-baixa-titulos-service","timestamp":"2026-06-03T12:15:11.071Z"}
{"level":"info","message":"🌐 Millennium request: GET /MILLENIUM!JOIN_ONEUP.LANCAMENTOS.CONSULTALANCAMENTOS?cnpj=03.294.992%2F0001-03&n_documento=120183%2FA","service":"btg-baixa-titulos-service","timestamp":"2026-06-03T12:15:11.071Z"}
{"lancamento":1434916366,"level":"info","message":"ℹ️ Título 120183/A já estava baixado. Processo ignorado.","service":"btg-baixa-titulos-service","situacao":"BAIXADO","timestamp":"2026-06-03T12:15:11.087Z"}
{"level":"info","message":"🔎 Processando título 120634/B","service":"btg-baixa-titulos-service","timestamp":"2026-06-03T12:15:11.088Z"}
{"level":"info","message":"🌐 Millennium request: GET /MILLENIUM!JOIN_ONEUP.LANCAMENTOS.CONSULTALANCAMENTOS?cnpj=06.181.589%2F0001-58&n_documento=120634%2FB","service":"btg-baixa-titulos-service","timestamp":"2026-06-03T12:15:11.088Z"}
{"lancamento":1434917908,"level":"info","message":"ℹ️ Título 120634/B já estava baixado. Processo ignorado.","service":"btg-baixa-titulos-service","situacao":"BAIXADO","timestamp":"2026-06-03T12:15:11.106Z"}
{"level":"info","message":"🔎 Processando título 120559/A","service":"btg-baixa-titulos-service","timestamp":"2026-06-03T12:15:11.107Z"}
{"level":"info","message":"🌐 Millennium request: GET /MILLENIUM!JOIN_ONEUP.LANCAMENTOS.CONSULTALANCAMENTOS?cnpj=57.408.548%2F0001-92&n_documento=120559%2FA","service":"btg-baixa-titulos-service","timestamp":"2026-06-03T12:15:11.107Z"}
{"lancamento":1434917507,"level":"info","message":"ℹ️ Título 120559/A já estava baixado. Processo ignorado.","service":"btg-baixa-titulos-service","situacao":"BAIXADO","timestamp":"2026-06-03T12:15:11.121Z"}
{"level":"info","message":"🔎 Processando título 120634/A","service":"btg-baixa-titulos-service","timestamp":"2026-06-03T12:15:11.121Z"}
{"level":"info","message":"🌐 Millennium request: GET /MILLENIUM!JOIN_ONEUP.LANCAMENTOS.CONSULTALANCAMENTOS?cnpj=06.181.589%2F0001-58&n_documento=120634%2FA","service":"btg-baixa-titulos-service","timestamp":"2026-06-03T12:15:11.121Z"}
{"lancamento":1434917907,"level":"info","message":"ℹ️ Título 120634/A já estava baixado. Processo ignorado.","service":"btg-baixa-titulos-service","situacao":"BAIXADO","timestamp":"2026-06-03T12:15:11.135Z"}
{"level":"info","message":"🔎 Processando título 120558/A","service":"btg-baixa-titulos-service","timestamp":"2026-06-03T12:15:11.136Z"}
{"level":"info","message":"🌐 Millennium request: GET /MILLENIUM!JOIN_ONEUP.LANCAMENTOS.CONSULTALANCAMENTOS?cnpj=57.408.548%2F0001-92&n_documento=120558%2FA","service":"btg-baixa-titulos-service","timestamp":"2026-06-03T12:15:11.136Z"}
{"lancamento":1434917502,"level":"info","message":"ℹ️ Título 120558/A já estava baixado. Processo ignorado.","service":"btg-baixa-titulos-service","situacao":"BAIXADO","timestamp":"2026-06-03T12:15:11.155Z"}
{"level":"info","message":"🔎 Processando título 120633/B","service":"btg-baixa-titulos-service","timestamp":"2026-06-03T12:15:11.156Z"}
{"level":"info","message":"🌐 Millennium request: GET /MILLENIUM!JOIN_ONEUP.LANCAMENTOS.CONSULTALANCAMENTOS?cnpj=03.247.651%2F0001-79&n_documento=120633%2FB","service":"btg-baixa-titulos-service","timestamp":"2026-06-03T12:15:11.156Z"}
{"lancamento":1434917903,"level":"info","message":"ℹ️ Título 120633/B já estava baixado. Processo ignorado.","service":"btg-baixa-titulos-service","situacao":"BAIXADO","timestamp":"2026-06-03T12:15:11.255Z"}
{"level":"info","message":"🔎 Processando título 120633/A","service":"btg-baixa-titulos-service","timestamp":"2026-06-03T12:15:11.258Z"}
{"level":"info","message":"🌐 Millennium request: GET /MILLENIUM!JOIN_ONEUP.LANCAMENTOS.CONSULTALANCAMENTOS?cnpj=03.247.651%2F0001-79&n_documento=120633%2FA","service":"btg-baixa-titulos-service","timestamp":"2026-06-03T12:15:11.258Z"}
{"lancamento":1434917902,"level":"info","message":"ℹ️ Título 120633/A já estava baixado. Processo ignorado.","service":"btg-baixa-titulos-service","situacao":"BAIXADO","timestamp":"2026-06-03T12:15:11.275Z"}
{"level":"info","message":"🔎 Processando título 120329/A","service":"btg-baixa-titulos-service","timestamp":"2026-06-03T12:15:11.277Z"}
{"level":"info","message":"🌐 Millennium request: GET /MILLENIUM!JOIN_ONEUP.LANCAMENTOS.CONSULTALANCAMENTOS?cnpj=57.408.548%2F0001-92&n_documento=120329%2FA","service":"btg-baixa-titulos-service","timestamp":"2026-06-03T12:15:11.277Z"}
{"lancamento":1434917003,"level":"info","message":"ℹ️ Título 120329/A já estava baixado. Processo ignorado.","service":"btg-baixa-titulos-service","situacao":"BAIXADO","timestamp":"2026-06-03T12:15:11.294Z"}
{"level":"info","message":"🔎 Processando título 120632/B","service":"btg-baixa-titulos-service","timestamp":"2026-06-03T12:15:11.296Z"}
{"level":"info","message":"🌐 Millennium request: GET /MILLENIUM!JOIN_ONEUP.LANCAMENTOS.CONSULTALANCAMENTOS?cnpj=50.649.490%2F0001-20&n_documento=120632%2FB","service":"btg-baixa-titulos-service","timestamp":"2026-06-03T12:15:11.296Z"}
{"lancamento":1434917889,"level":"info","message":"ℹ️ Título 120632/B já estava baixado. Processo ignorado.","service":"btg-baixa-titulos-service","situacao":"BAIXADO","timestamp":"2026-06-03T12:15:11.312Z"}
{"level":"info","message":"🔎 Processando título 120632/A","service":"btg-baixa-titulos-service","timestamp":"2026-06-03T12:15:11.314Z"}
{"level":"info","message":"🌐 Millennium request: GET /MILLENIUM!JOIN_ONEUP.LANCAMENTOS.CONSULTALANCAMENTOS?cnpj=50.649.490%2F0001-20&n_documento=120632%2FA","service":"btg-baixa-titulos-service","timestamp":"2026-06-03T12:15:11.314Z"}
{"lancamento":1434917888,"level":"info","message":"ℹ️ Título 120632/A já estava baixado. Processo ignorado.","service":"btg-baixa-titulos-service","situacao":"BAIXADO","timestamp":"2026-06-03T12:15:11.329Z"}
{"level":"info","message":"🔎 Processando título 120029/A","service":"btg-baixa-titulos-service","timestamp":"2026-06-03T12:15:11.332Z"}
{"level":"info","message":"🌐 Millennium request: GET /MILLENIUM!JOIN_ONEUP.LANCAMENTOS.CONSULTALANCAMENTOS?cnpj=57.408.548%2F0001-92&n_documento=120029%2FA","service":"btg-baixa-titulos-service","timestamp":"2026-06-03T12:15:11.332Z"}
{"lancamento":1434915718,"level":"info","message":"ℹ️ Título 120029/A já estava baixado. Processo ignorado.","service":"btg-baixa-titulos-service","situacao":"BAIXADO","timestamp":"2026-06-03T12:15:11.346Z"}
{"level":"info","message":"🔎 Processando título 120631/A","service":"btg-baixa-titulos-service","timestamp":"2026-06-03T12:15:11.348Z"}
{"level":"info","message":"🌐 Millennium request: GET /MILLENIUM!JOIN_ONEUP.LANCAMENTOS.CONSULTALANCAMENTOS?cnpj=03.294.992%2F0001-03&n_documento=120631%2FA","service":"btg-baixa-titulos-service","timestamp":"2026-06-03T12:15:11.348Z"}
{"lancamento":1434917883,"level":"info","message":"ℹ️ Título 120631/A já estava baixado. Processo ignorado.","service":"btg-baixa-titulos-service","situacao":"BAIXADO","timestamp":"2026-06-03T12:15:11.363Z"}
{"level":"info","message":"🔎 Processando título 120613/B","service":"btg-baixa-titulos-service","timestamp":"2026-06-03T12:15:11.365Z"}
{"level":"info","message":"🌐 Millennium request: GET /MILLENIUM!JOIN_ONEUP.LANCAMENTOS.CONSULTALANCAMENTOS?cnpj=50.649.490%2F0001-20&n_documento=120613%2FB","service":"btg-baixa-titulos-service","timestamp":"2026-06-03T12:15:11.365Z"}
{"lancamento":1434917836,"level":"info","message":"ℹ️ Título 120613/B já estava baixado. Processo ignorado.","service":"btg-baixa-titulos-service","situacao":"BAIXADO","timestamp":"2026-06-03T12:15:11.380Z"}
{"level":"info","message":"🔎 Processando título 120629/A","service":"btg-baixa-titulos-service","timestamp":"2026-06-03T12:15:11.382Z"}
{"level":"info","message":"🌐 Millennium request: GET /MILLENIUM!JOIN_ONEUP.LANCAMENTOS.CONSULTALANCAMENTOS?cnpj=57.408.548%2F0001-92&n_documento=120629%2FA","service":"btg-baixa-titulos-service","timestamp":"2026-06-03T12:15:11.383Z"}
{"lancamento":1434917879,"level":"info","message":"ℹ️ Título 120629/A já estava baixado. Processo ignorado.","service":"btg-baixa-titulos-service","situacao":"BAIXADO","timestamp":"2026-06-03T12:15:11.397Z"}
{"level":"info","message":"🔎 Processando título 120613/A","service":"btg-baixa-titulos-service","timestamp":"2026-06-03T12:15:11.399Z"}
{"level":"info","message":"🌐 Millennium request: GET /MILLENIUM!JOIN_ONEUP.LANCAMENTOS.CONSULTALANCAMENTOS?cnpj=50.649.490%2F0001-20&n_documento=120613%2FA","service":"btg-baixa-titulos-service","timestamp":"2026-06-03T12:15:11.399Z"}
{"lancamento":1434917835,"level":"info","message":"ℹ️ Título 120613/A já estava baixado. Processo ignorado.","service":"btg-baixa-titulos-service","situacao":"BAIXADO","timestamp":"2026-06-03T12:15:11.413Z"}
{"level":"info","message":"🔎 Processando título 120628","service":"btg-baixa-titulos-service","timestamp":"2026-06-03T12:15:11.415Z"}
{"level":"info","message":"🌐 Millennium request: GET /MILLENIUM!JOIN_ONEUP.LANCAMENTOS.CONSULTALANCAMENTOS?cnpj=77.857.555%2F0009-36&n_documento=120628","service":"btg-baixa-titulos-service","timestamp":"2026-06-03T12:15:11.415Z"}
{"lancamento":1434917878,"level":"info","message":"ℹ️ Título 120628 já estava baixado. Processo ignorado.","service":"btg-baixa-titulos-service","situacao":"BAIXADO","timestamp":"2026-06-03T12:15:11.431Z"}
{"level":"info","message":"🔎 Processando título 120611/B","service":"btg-baixa-titulos-service","timestamp":"2026-06-03T12:15:11.432Z"}
{"level":"info","message":"🌐 Millennium request: GET /MILLENIUM!JOIN_ONEUP.LANCAMENTOS.CONSULTALANCAMENTOS?cnpj=50.649.490%2F0001-20&n_documento=120611%2FB","service":"btg-baixa-titulos-service","timestamp":"2026-06-03T12:15:11.432Z"}
{"lancamento":1434917833,"level":"info","message":"ℹ️ Título 120611/B já estava baixado. Processo ignorado.","service":"btg-baixa-titulos-service","situacao":"BAIXADO","timestamp":"2026-06-03T12:15:11.450Z"}
{"level":"info","message":"🔎 Processando título 120611/A","service":"btg-baixa-titulos-service","timestamp":"2026-06-03T12:15:11.452Z"}
{"level":"info","message":"🌐 Millennium request: GET /MILLENIUM!JOIN_ONEUP.LANCAMENTOS.CONSULTALANCAMENTOS?cnpj=50.649.490%2F0001-20&n_documento=120611%2FA","service":"btg-baixa-titulos-service","timestamp":"2026-06-03T12:15:11.452Z"}
{"lancamento":1434917832,"level":"info","message":"ℹ️ Título 120611/A já estava baixado. Processo ignorado.","service":"btg-baixa-titulos-service","situacao":"BAIXADO","timestamp":"2026-06-03T12:15:11.475Z"}
{"level":"info","message":"🔎 Processando título 120625/B","service":"btg-baixa-titulos-service","timestamp":"2026-06-03T12:15:11.477Z"}
{"level":"info","message":"🌐 Millennium request: GET /MILLENIUM!JOIN_ONEUP.LANCAMENTOS.CONSULTALANCAMENTOS?cnpj=44.999.259%2F0001-63&n_documento=120625%2FB","service":"btg-baixa-titulos-service","timestamp":"2026-06-03T12:15:11.477Z"}
{"lancamento":1434917872,"level":"info","message":"ℹ️ Título 120625/B já estava baixado. Processo ignorado.","service":"btg-baixa-titulos-service","situacao":"BAIXADO","timestamp":"2026-06-03T12:15:11.494Z"}
{"level":"info","message":"🔎 Processando título 119929/B","service":"btg-baixa-titulos-service","timestamp":"2026-06-03T12:15:11.496Z"}
{"level":"info","message":"🌐 Millennium request: GET /MILLENIUM!JOIN_ONEUP.LANCAMENTOS.CONSULTALANCAMENTOS?cnpj=03.247.651%2F0001-79&n_documento=119929%2FB","service":"btg-baixa-titulos-service","timestamp":"2026-06-03T12:15:11.496Z"}
{"lancamento":1434914751,"level":"info","message":"ℹ️ Título 119929/B já estava baixado. Processo ignorado.","service":"btg-baixa-titulos-service","situacao":"BAIXADO","timestamp":"2026-06-03T12:15:11.513Z"}
{"level":"info","message":"🔎 Processando título 120625/A","service":"btg-baixa-titulos-service","timestamp":"2026-06-03T12:15:11.516Z"}
{"level":"info","message":"🌐 Millennium request: GET /MILLENIUM!JOIN_ONEUP.LANCAMENTOS.CONSULTALANCAMENTOS?cnpj=44.999.259%2F0001-63&n_documento=120625%2FA","service":"btg-baixa-titulos-service","timestamp":"2026-06-03T12:15:11.516Z"}
{"lancamento":1434917871,"level":"info","message":"ℹ️ Título 120625/A já estava baixado. Processo ignorado.","service":"btg-baixa-titulos-service","situacao":"BAIXADO","timestamp":"2026-06-03T12:15:11.532Z"}
{"level":"info","message":"🔎 Processando título 119929/A","service":"btg-baixa-titulos-service","timestamp":"2026-06-03T12:15:11.534Z"}
{"level":"info","message":"🌐 Millennium request: GET /MILLENIUM!JOIN_ONEUP.LANCAMENTOS.CONSULTALANCAMENTOS?cnpj=03.247.651%2F0001-79&n_documento=119929%2FA","service":"btg-baixa-titulos-service","timestamp":"2026-06-03T12:15:11.534Z"}
{"lancamento":1434914750,"level":"info","message":"ℹ️ Título 119929/A já estava baixado. Processo ignorado.","service":"btg-baixa-titulos-service","situacao":"BAIXADO","timestamp":"2026-06-03T12:15:11.550Z"}
{"level":"info","message":"🔎 Processando título 119716/A","service":"btg-baixa-titulos-service","timestamp":"2026-06-03T12:15:11.553Z"}
{"level":"info","message":"🌐 Millennium request: GET /MILLENIUM!JOIN_ONEUP.LANCAMENTOS.CONSULTALANCAMENTOS?cnpj=57.408.548%2F0001-92&n_documento=119716%2FA","service":"btg-baixa-titulos-service","timestamp":"2026-06-03T12:15:11.553Z"}
{"lancamento":1434913667,"level":"info","message":"ℹ️ Título 119716/A já estava baixado. Processo ignorado.","service":"btg-baixa-titulos-service","situacao":"BAIXADO","timestamp":"2026-06-03T12:15:11.567Z"}
{"level":"info","message":"🔎 Processando título 119297/B","service":"btg-baixa-titulos-service","timestamp":"2026-06-03T12:15:11.569Z"}
{"level":"info","message":"🌐 Millennium request: GET /MILLENIUM!JOIN_ONEUP.LANCAMENTOS.CONSULTALANCAMENTOS?cnpj=73.652.158%2F0001-10&n_documento=119297%2FB","service":"btg-baixa-titulos-service","timestamp":"2026-06-03T12:15:11.569Z"}
{"lancamento":1434911786,"level":"info","message":"ℹ️ Título 119297/B já estava baixado. Processo ignorado.","service":"btg-baixa-titulos-service","situacao":"BAIXADO","timestamp":"2026-06-03T12:15:11.585Z"}
{"level":"info","message":"🔎 Processando título 119297/A","service":"btg-baixa-titulos-service","timestamp":"2026-06-03T12:15:11.587Z"}
{"level":"info","message":"🌐 Millennium request: GET /MILLENIUM!JOIN_ONEUP.LANCAMENTOS.CONSULTALANCAMENTOS?cnpj=73.652.158%2F0001-10&n_documento=119297%2FA","service":"btg-baixa-titulos-service","timestamp":"2026-06-03T12:15:11.587Z"}
{"lancamento":1434911785,"level":"info","message":"ℹ️ Título 119297/A já estava baixado. Processo ignorado.","service":"btg-baixa-titulos-service","situacao":"BAIXADO","timestamp":"2026-06-03T12:15:11.609Z"}
{"level":"info","message":"🔎 Processando título 119291","service":"btg-baixa-titulos-service","timestamp":"2026-06-03T12:15:11.611Z"}
{"level":"info","message":"🌐 Millennium request: GET /MILLENIUM!JOIN_ONEUP.LANCAMENTOS.CONSULTALANCAMENTOS?cnpj=01.009.793%2F0001-72&n_documento=119291","service":"btg-baixa-titulos-service","timestamp":"2026-06-03T12:15:11.611Z"}
{"lancamento":1434911781,"level":"info","message":"ℹ️ Título 119291 já estava baixado. Processo ignorado.","service":"btg-baixa-titulos-service","situacao":"BAIXADO","timestamp":"2026-06-03T12:15:11.627Z"}
{"level":"info","message":"🔎 Processando título 119290/C","service":"btg-baixa-titulos-service","timestamp":"2026-06-03T12:15:11.628Z"}
{"level":"info","message":"🌐 Millennium request: GET /MILLENIUM!JOIN_ONEUP.LANCAMENTOS.CONSULTALANCAMENTOS?cnpj=06.181.589%2F0001-58&n_documento=119290%2FC","service":"btg-baixa-titulos-service","timestamp":"2026-06-03T12:15:11.628Z"}
{"lancamento":1434911778,"level":"info","message":"📝 Atualizando título 119290/C","payload":{"lancamento":1434911778,"linhaDigitavel":"20890050091737521975948031005803414730000664592","nossoNumero":"25851673752197548","valorJuros":0},"service":"btg-baixa-titulos-service","timestamp":"2026-06-03T12:15:11.646Z"}
{"level":"info","message":"🌐 Millennium request: POST /MILLENIUM!JOIN_ONEUP.LANCAMENTOS.INSEREINFO","service":"btg-baixa-titulos-service","timestamp":"2026-06-03T12:15:11.647Z"}
{"lancamento":1434911778,"level":"info","message":"✅ Título atualizado com sucesso","numeroDocumento":"119290/C","service":"btg-baixa-titulos-service","timestamp":"2026-06-03T12:15:11.679Z","transId":340643562}
{"lancamento":1434911778,"level":"info","message":"💰 Iniciando baixa do título 119290/C","payload":{"CONCILIADO":true,"CONTA":1431333549,"DATA_PAGAMENTO":"2026-06-02","EFETUADO":true,"FILIAL":5,"GERA_OUTRO":false,"LANCAMENTO":1434911778,"OBS":"2026-06-03T12:15:11.679Z - Baixa por retorno automacao importacao excel","STATUS_BAIXA":"N","VALOR":6645.92,"acres_decres":0,"valor_pago":6645.92},"service":"btg-baixa-titulos-service","timestamp":"2026-06-03T12:15:11.680Z"}
{"dataPagamento":"2026-06-02","level":"info","message":"📅 Payload da baixa","service":"btg-baixa-titulos-service","timestamp":"2026-06-03T12:15:11.680Z"}
{"level":"info","message":"🌐 Millennium request: POST /millenium/titulos/baixa","service":"btg-baixa-titulos-service","timestamp":"2026-06-03T12:15:11.680Z"}
{"baixa":1435957154,"level":"info","message":"✅ Título baixado com sucesso","numeroDocumento":"119290/C","service":"btg-baixa-titulos-service","timestamp":"2026-06-03T12:15:11.980Z","valor":6645.92}
{"level":"info","message":"✅ Fluxo concluído para 119290/C","service":"btg-baixa-titulos-service","timestamp":"2026-06-03T12:15:11.980Z"}
{"level":"info","message":"🔎 Processando título 119290/B","service":"btg-baixa-titulos-service","timestamp":"2026-06-03T12:15:11.984Z"}
{"level":"info","message":"🌐 Millennium request: GET /MILLENIUM!JOIN_ONEUP.LANCAMENTOS.CONSULTALANCAMENTOS?cnpj=06.181.589%2F0001-58&n_documento=119290%2FB","service":"btg-baixa-titulos-service","timestamp":"2026-06-03T12:15:11.984Z"}
{"lancamento":1434911777,"level":"info","message":"ℹ️ Título 119290/B já estava baixado. Processo ignorado.","service":"btg-baixa-titulos-service","situacao":"BAIXADO","timestamp":"2026-06-03T12:15:12.000Z"}
{"level":"info","message":"🔎 Processando título 119290/A","service":"btg-baixa-titulos-service","timestamp":"2026-06-03T12:15:12.003Z"}
{"level":"info","message":"🌐 Millennium request: GET /MILLENIUM!JOIN_ONEUP.LANCAMENTOS.CONSULTALANCAMENTOS?cnpj=06.181.589%2F0001-58&n_documento=119290%2FA","service":"btg-baixa-titulos-service","timestamp":"2026-06-03T12:15:12.003Z"}
{"lancamento":1434911776,"level":"info","message":"ℹ️ Título 119290/A já estava baixado. Processo ignorado.","service":"btg-baixa-titulos-service","situacao":"BAIXADO","timestamp":"2026-06-03T12:15:12.020Z"}
{"level":"info","message":"🔎 Processando título 119347/B","service":"btg-baixa-titulos-service","timestamp":"2026-06-03T12:15:12.021Z"}
{"level":"info","message":"🌐 Millennium request: GET /MILLENIUM!JOIN_ONEUP.LANCAMENTOS.CONSULTALANCAMENTOS?cnpj=03.247.651%2F0001-79&n_documento=119347%2FB","service":"btg-baixa-titulos-service","timestamp":"2026-06-03T12:15:12.021Z"}
{"lancamento":1434911970,"level":"info","message":"ℹ️ Título 119347/B já estava baixado. Processo ignorado.","service":"btg-baixa-titulos-service","situacao":"BAIXADO","timestamp":"2026-06-03T12:15:12.039Z"}
{"level":"info","message":"🔎 Processando título 119289","service":"btg-baixa-titulos-service","timestamp":"2026-06-03T12:15:12.041Z"}
{"level":"info","message":"🌐 Millennium request: GET /MILLENIUM!JOIN_ONEUP.LANCAMENTOS.CONSULTALANCAMENTOS?cnpj=77.857.555%2F0009-36&n_documento=119289","service":"btg-baixa-titulos-service","timestamp":"2026-06-03T12:15:12.041Z"}
{"lancamento":1434911775,"level":"info","message":"ℹ️ Título 119289 já estava baixado. Processo ignorado.","service":"btg-baixa-titulos-service","situacao":"BAIXADO","timestamp":"2026-06-03T12:15:12.057Z"}
{"level":"info","message":"🔎 Processando título 119347/A","service":"btg-baixa-titulos-service","timestamp":"2026-06-03T12:15:12.059Z"}
{"level":"info","message":"🌐 Millennium request: GET /MILLENIUM!JOIN_ONEUP.LANCAMENTOS.CONSULTALANCAMENTOS?cnpj=03.247.651%2F0001-79&n_documento=119347%2FA","service":"btg-baixa-titulos-service","timestamp":"2026-06-03T12:15:12.059Z"}
{"lancamento":1434911969,"level":"info","message":"ℹ️ Título 119347/A já estava baixado. Processo ignorado.","service":"btg-baixa-titulos-service","situacao":"BAIXADO","timestamp":"2026-06-03T12:15:12.074Z"}
{"level":"info","message":"🔎 Processando título 119288/B","service":"btg-baixa-titulos-service","timestamp":"2026-06-03T12:15:12.076Z"}
{"level":"info","message":"🌐 Millennium request: GET /MILLENIUM!JOIN_ONEUP.LANCAMENTOS.CONSULTALANCAMENTOS?cnpj=59.205.187%2F0001-02&n_documento=119288%2FB","service":"btg-baixa-titulos-service","timestamp":"2026-06-03T12:15:12.076Z"}
{"lancamento":1434911773,"level":"info","message":"ℹ️ Título 119288/B já estava baixado. Processo ignorado.","service":"btg-baixa-titulos-service","situacao":"BAIXADO","timestamp":"2026-06-03T12:15:12.092Z"}
{"level":"info","message":"🔎 Processando título 119288/A","service":"btg-baixa-titulos-service","timestamp":"2026-06-03T12:15:12.093Z"}
{"level":"info","message":"🌐 Millennium request: GET /MILLENIUM!JOIN_ONEUP.LANCAMENTOS.CONSULTALANCAMENTOS?cnpj=59.205.187%2F0001-02&n_documento=119288%2FA","service":"btg-baixa-titulos-service","timestamp":"2026-06-03T12:15:12.093Z"}
{"lancamento":1434911772,"level":"info","message":"ℹ️ Título 119288/A já estava baixado. Processo ignorado.","service":"btg-baixa-titulos-service","situacao":"BAIXADO","timestamp":"2026-06-03T12:15:12.106Z"}
{"level":"info","message":"🔎 Processando título 119329/A","service":"btg-baixa-titulos-service","timestamp":"2026-06-03T12:15:12.107Z"}
{"level":"info","message":"🌐 Millennium request: GET /MILLENIUM!JOIN_ONEUP.LANCAMENTOS.CONSULTALANCAMENTOS?cnpj=57.408.548%2F0001-92&n_documento=119329%2FA","service":"btg-baixa-titulos-service","timestamp":"2026-06-03T12:15:12.107Z"}
{"lancamento":1434911894,"level":"info","message":"ℹ️ Título 119329/A já estava baixado. Processo ignorado.","service":"btg-baixa-titulos-service","situacao":"BAIXADO","timestamp":"2026-06-03T12:15:12.125Z"}
{"level":"info","message":"🔎 Processando título 119287/B","service":"btg-baixa-titulos-service","timestamp":"2026-06-03T12:15:12.126Z"}
{"level":"info","message":"🌐 Millennium request: GET /MILLENIUM!JOIN_ONEUP.LANCAMENTOS.CONSULTALANCAMENTOS?cnpj=01.934.454%2F0001-00&n_documento=119287%2FB","service":"btg-baixa-titulos-service","timestamp":"2026-06-03T12:15:12.126Z"}
{"lancamento":1434911770,"level":"info","message":"ℹ️ Título 119287/B já estava baixado. Processo ignorado.","service":"btg-baixa-titulos-service","situacao":"BAIXADO","timestamp":"2026-06-03T12:15:12.140Z"}
{"level":"info","message":"🔎 Processando título 119287/A","service":"btg-baixa-titulos-service","timestamp":"2026-06-03T12:15:12.142Z"}
{"level":"info","message":"🌐 Millennium request: GET /MILLENIUM!JOIN_ONEUP.LANCAMENTOS.CONSULTALANCAMENTOS?cnpj=01.934.454%2F0001-00&n_documento=119287%2FA","service":"btg-baixa-titulos-service","timestamp":"2026-06-03T12:15:12.142Z"}
{"lancamento":1434911769,"level":"info","message":"ℹ️ Título 119287/A já estava baixado. Processo ignorado.","service":"btg-baixa-titulos-service","situacao":"BAIXADO","timestamp":"2026-06-03T12:15:12.156Z"}
{"level":"info","message":"🔎 Processando título 119328/A","service":"btg-baixa-titulos-service","timestamp":"2026-06-03T12:15:12.158Z"}
{"level":"info","message":"🌐 Millennium request: GET /MILLENIUM!JOIN_ONEUP.LANCAMENTOS.CONSULTALANCAMENTOS?cnpj=57.408.548%2F0001-92&n_documento=119328%2FA","service":"btg-baixa-titulos-service","timestamp":"2026-06-03T12:15:12.158Z"}
{"lancamento":1434911890,"level":"info","message":"ℹ️ Título 119328/A já estava baixado. Processo ignorado.","service":"btg-baixa-titulos-service","situacao":"BAIXADO","timestamp":"2026-06-03T12:15:12.174Z"}
{"level":"info","message":"🔎 Processando título 119286/A","service":"btg-baixa-titulos-service","timestamp":"2026-06-03T12:15:12.175Z"}
{"level":"info","message":"🌐 Millennium request: GET /MILLENIUM!JOIN_ONEUP.LANCAMENTOS.CONSULTALANCAMENTOS?cnpj=21.067.137%2F0001-33&n_documento=119286%2FA","service":"btg-baixa-titulos-service","timestamp":"2026-06-03T12:15:12.175Z"}
{"lancamento":1434911766,"level":"info","message":"ℹ️ Título 119286/A já estava baixado. Processo ignorado.","service":"btg-baixa-titulos-service","situacao":"BAIXADO","timestamp":"2026-06-03T12:15:12.192Z"}
{"level":"info","message":"🔎 Processando título 119327/A","service":"btg-baixa-titulos-service","timestamp":"2026-06-03T12:15:12.194Z"}
{"level":"info","message":"🌐 Millennium request: GET /MILLENIUM!JOIN_ONEUP.LANCAMENTOS.CONSULTALANCAMENTOS?cnpj=57.408.548%2F0001-92&n_documento=119327%2FA","service":"btg-baixa-titulos-service","timestamp":"2026-06-03T12:15:12.194Z"}
{"lancamento":1434911885,"level":"info","message":"ℹ️ Título 119327/A já estava baixado. Processo ignorado.","service":"btg-baixa-titulos-service","situacao":"BAIXADO","timestamp":"2026-06-03T12:15:12.210Z"}
{"level":"info","message":"🔎 Processando título 119285/B","service":"btg-baixa-titulos-service","timestamp":"2026-06-03T12:15:12.211Z"}
{"level":"info","message":"🌐 Millennium request: GET /MILLENIUM!JOIN_ONEUP.LANCAMENTOS.CONSULTALANCAMENTOS?cnpj=00.768.271%2F0001-91&n_documento=119285%2FB","service":"btg-baixa-titulos-service","timestamp":"2026-06-03T12:15:12.211Z"}
{"lancamento":1434911760,"level":"info","message":"ℹ️ Título 119285/B já estava baixado. Processo ignorado.","service":"btg-baixa-titulos-service","situacao":"BAIXADO","timestamp":"2026-06-03T12:15:12.309Z"}
{"level":"info","message":"🔎 Processando título 119325","service":"btg-baixa-titulos-service","timestamp":"2026-06-03T12:15:12.312Z"}
{"level":"info","message":"🌐 Millennium request: GET /MILLENIUM!JOIN_ONEUP.LANCAMENTOS.CONSULTALANCAMENTOS?cnpj=02.355.679%2F0001-67&n_documento=119325","service":"btg-baixa-titulos-service","timestamp":"2026-06-03T12:15:12.312Z"}
{"lancamento":1434911882,"level":"info","message":"ℹ️ Título 119325 já estava baixado. Processo ignorado.","service":"btg-baixa-titulos-service","situacao":"BAIXADO","timestamp":"2026-06-03T12:15:12.329Z"}
{"level":"info","message":"🔎 Processando título 119285/A","service":"btg-baixa-titulos-service","timestamp":"2026-06-03T12:15:12.333Z"}
{"level":"info","message":"🌐 Millennium request: GET /MILLENIUM!JOIN_ONEUP.LANCAMENTOS.CONSULTALANCAMENTOS?cnpj=00.768.271%2F0001-91&n_documento=119285%2FA","service":"btg-baixa-titulos-service","timestamp":"2026-06-03T12:15:12.333Z"}
{"lancamento":1434911759,"level":"info","message":"ℹ️ Título 119285/A já estava baixado. Processo ignorado.","service":"btg-baixa-titulos-service","situacao":"BAIXADO","timestamp":"2026-06-03T12:15:12.348Z"}
{"level":"info","message":"🔎 Processando título 119084/C","service":"btg-baixa-titulos-service","timestamp":"2026-06-03T12:15:12.350Z"}
{"level":"info","message":"🌐 Millennium request: GET /MILLENIUM!JOIN_ONEUP.LANCAMENTOS.CONSULTALANCAMENTOS?cnpj=00.768.271%2F0001-91&n_documento=119084%2FC","service":"btg-baixa-titulos-service","timestamp":"2026-06-03T12:15:12.351Z"}
{"lancamento":1434910962,"level":"info","message":"📝 Atualizando título 119084/C","payload":{"lancamento":1434910962,"linhaDigitavel":"20890050091573121887974031005809114670000496944","nossoNumero":"50498957312188774","valorJuros":0},"service":"btg-baixa-titulos-service","timestamp":"2026-06-03T12:15:12.364Z"}
{"level":"info","message":"🌐 Millennium request: POST /MILLENIUM!JOIN_ONEUP.LANCAMENTOS.INSEREINFO","service":"btg-baixa-titulos-service","timestamp":"2026-06-03T12:15:12.365Z"}
{"lancamento":1434910962,"level":"info","message":"✅ Título atualizado com sucesso","numeroDocumento":"119084/C","service":"btg-baixa-titulos-service","timestamp":"2026-06-03T12:15:12.382Z","transId":340643564}
{"lancamento":1434910962,"level":"info","message":"💰 Iniciando baixa do título 119084/C","payload":{"CONCILIADO":true,"CONTA":1431333549,"DATA_PAGAMENTO":"2026-06-02","EFETUADO":true,"FILIAL":5,"GERA_OUTRO":false,"LANCAMENTO":1434910962,"OBS":"2026-06-03T12:15:12.382Z - Baixa por retorno automacao importacao excel","STATUS_BAIXA":"N","VALOR":4969.44,"acres_decres":0,"valor_pago":4969.44},"service":"btg-baixa-titulos-service","timestamp":"2026-06-03T12:15:12.382Z"}
{"dataPagamento":"2026-06-02","level":"info","message":"📅 Payload da baixa","service":"btg-baixa-titulos-service","timestamp":"2026-06-03T12:15:12.382Z"}
{"level":"info","message":"🌐 Millennium request: POST /millenium/titulos/baixa","service":"btg-baixa-titulos-service","timestamp":"2026-06-03T12:15:12.382Z"}
{"baixa":1435957155,"level":"info","message":"✅ Título baixado com sucesso","numeroDocumento":"119084/C","service":"btg-baixa-titulos-service","timestamp":"2026-06-03T12:15:12.465Z","valor":4969.44}
{"level":"info","message":"✅ Fluxo concluído para 119084/C","service":"btg-baixa-titulos-service","timestamp":"2026-06-03T12:15:12.465Z"}
{"level":"info","message":"🔎 Processando título 119324/B","service":"btg-baixa-titulos-service","timestamp":"2026-06-03T12:15:12.469Z"}
{"level":"info","message":"🌐 Millennium request: GET /MILLENIUM!JOIN_ONEUP.LANCAMENTOS.CONSULTALANCAMENTOS?cnpj=03.294.992%2F0001-03&n_documento=119324%2FB","service":"btg-baixa-titulos-service","timestamp":"2026-06-03T12:15:12.469Z"}
{"lancamento":1434911878,"level":"info","message":"ℹ️ Título 119324/B já estava baixado. Processo ignorado.","service":"btg-baixa-titulos-service","situacao":"BAIXADO","timestamp":"2026-06-03T12:15:12.486Z"}
{"level":"info","message":"🔎 Processando título 119084/B","service":"btg-baixa-titulos-service","timestamp":"2026-06-03T12:15:12.489Z"}
{"level":"info","message":"🌐 Millennium request: GET /MILLENIUM!JOIN_ONEUP.LANCAMENTOS.CONSULTALANCAMENTOS?cnpj=00.768.271%2F0001-91&n_documento=119084%2FB","service":"btg-baixa-titulos-service","timestamp":"2026-06-03T12:15:12.489Z"}
{"lancamento":1434910961,"level":"info","message":"ℹ️ Título 119084/B já estava baixado. Processo ignorado.","service":"btg-baixa-titulos-service","situacao":"BAIXADO","timestamp":"2026-06-03T12:15:12.506Z"}
{"level":"info","message":"🔎 Processando título 119084/A","service":"btg-baixa-titulos-service","timestamp":"2026-06-03T12:15:12.508Z"}
{"level":"info","message":"🌐 Millennium request: GET /MILLENIUM!JOIN_ONEUP.LANCAMENTOS.CONSULTALANCAMENTOS?cnpj=00.768.271%2F0001-91&n_documento=119084%2FA","service":"btg-baixa-titulos-service","timestamp":"2026-06-03T12:15:12.508Z"}
{"lancamento":1434910960,"level":"info","message":"ℹ️ Título 119084/A já estava baixado. Processo ignorado.","service":"btg-baixa-titulos-service","situacao":"BAIXADO","timestamp":"2026-06-03T12:15:12.525Z"}
{"level":"info","message":"🔎 Processando título 119324/A","service":"btg-baixa-titulos-service","timestamp":"2026-06-03T12:15:12.528Z"}
{"level":"info","message":"🌐 Millennium request: GET /MILLENIUM!JOIN_ONEUP.LANCAMENTOS.CONSULTALANCAMENTOS?cnpj=03.294.992%2F0001-03&n_documento=119324%2FA","service":"btg-baixa-titulos-service","timestamp":"2026-06-03T12:15:12.528Z"}
{"lancamento":1434911877,"level":"info","message":"ℹ️ Título 119324/A já estava baixado. Processo ignorado.","service":"btg-baixa-titulos-service","situacao":"BAIXADO","timestamp":"2026-06-03T12:15:12.545Z"}
{"level":"info","message":"🔎 Processando título 119302/B","service":"btg-baixa-titulos-service","timestamp":"2026-06-03T12:15:12.547Z"}
{"level":"info","message":"🌐 Millennium request: GET /MILLENIUM!JOIN_ONEUP.LANCAMENTOS.CONSULTALANCAMENTOS?cnpj=50.649.490%2F0001-20&n_documento=119302%2FB","service":"btg-baixa-titulos-service","timestamp":"2026-06-03T12:15:12.547Z"}
{"lancamento":1434911809,"level":"info","message":"ℹ️ Título 119302/B já estava baixado. Processo ignorado.","service":"btg-baixa-titulos-service","situacao":"BAIXADO","timestamp":"2026-06-03T12:15:12.570Z"}
{"level":"info","message":"🔎 Processando título 119284/B","service":"btg-baixa-titulos-service","timestamp":"2026-06-03T12:15:12.572Z"}
{"level":"info","message":"🌐 Millennium request: GET /MILLENIUM!JOIN_ONEUP.LANCAMENTOS.CONSULTALANCAMENTOS?cnpj=44.999.259%2F0001-63&n_documento=119284%2FB","service":"btg-baixa-titulos-service","timestamp":"2026-06-03T12:15:12.572Z"}
{"lancamento":1434911754,"level":"info","message":"ℹ️ Título 119284/B já estava baixado. Processo ignorado.","service":"btg-baixa-titulos-service","situacao":"BAIXADO","timestamp":"2026-06-03T12:15:12.588Z"}
{"level":"info","message":"🔎 Processando título 119302/A","service":"btg-baixa-titulos-service","timestamp":"2026-06-03T12:15:12.590Z"}
{"level":"info","message":"🌐 Millennium request: GET /MILLENIUM!JOIN_ONEUP.LANCAMENTOS.CONSULTALANCAMENTOS?cnpj=50.649.490%2F0001-20&n_documento=119302%2FA","service":"btg-baixa-titulos-service","timestamp":"2026-06-03T12:15:12.590Z"}
{"lancamento":1434911808,"level":"info","message":"ℹ️ Título 119302/A já estava baixado. Processo ignorado.","service":"btg-baixa-titulos-service","situacao":"BAIXADO","timestamp":"2026-06-03T12:15:12.606Z"}
{"level":"info","message":"🔎 Processando título 119284/A","service":"btg-baixa-titulos-service","timestamp":"2026-06-03T12:15:12.607Z"}
{"level":"info","message":"🌐 Millennium request: GET /MILLENIUM!JOIN_ONEUP.LANCAMENTOS.CONSULTALANCAMENTOS?cnpj=44.999.259%2F0001-63&n_documento=119284%2FA","service":"btg-baixa-titulos-service","timestamp":"2026-06-03T12:15:12.607Z"}
{"lancamento":1434911753,"level":"info","message":"ℹ️ Título 119284/A já estava baixado. Processo ignorado.","service":"btg-baixa-titulos-service","situacao":"BAIXADO","timestamp":"2026-06-03T12:15:12.624Z"}
{"level":"info","message":"🔎 Processando título 119300","service":"btg-baixa-titulos-service","timestamp":"2026-06-03T12:15:12.626Z"}
{"level":"info","message":"🌐 Millennium request: GET /MILLENIUM!JOIN_ONEUP.LANCAMENTOS.CONSULTALANCAMENTOS?cnpj=01.329.811%2F0001-01&n_documento=119300","service":"btg-baixa-titulos-service","timestamp":"2026-06-03T12:15:12.626Z"}
{"lancamento":1434911795,"level":"info","message":"ℹ️ Título 119300 já estava baixado. Processo ignorado.","service":"btg-baixa-titulos-service","situacao":"BAIXADO","timestamp":"2026-06-03T12:15:12.641Z"}
{"level":"info","message":"🔎 Processando título 118933","service":"btg-baixa-titulos-service","timestamp":"2026-06-03T12:15:12.643Z"}
{"level":"info","message":"🌐 Millennium request: GET /MILLENIUM!JOIN_ONEUP.LANCAMENTOS.CONSULTALANCAMENTOS?cnpj=01.009.793%2F0001-72&n_documento=118933","service":"btg-baixa-titulos-service","timestamp":"2026-06-03T12:15:12.643Z"}
{"lancamento":1434910010,"level":"info","message":"ℹ️ Título 118933 já estava baixado. Processo ignorado.","service":"btg-baixa-titulos-service","situacao":"BAIXADO","timestamp":"2026-06-03T12:15:12.659Z"}
{"level":"info","message":"🔎 Processando título 119299/B","service":"btg-baixa-titulos-service","timestamp":"2026-06-03T12:15:12.660Z"}
{"level":"info","message":"🌐 Millennium request: GET /MILLENIUM!JOIN_ONEUP.LANCAMENTOS.CONSULTALANCAMENTOS?cnpj=03.247.651%2F0001-79&n_documento=119299%2FB","service":"btg-baixa-titulos-service","timestamp":"2026-06-03T12:15:12.661Z"}
{"lancamento":1434911791,"level":"info","message":"ℹ️ Título 119299/B já estava baixado. Processo ignorado.","service":"btg-baixa-titulos-service","situacao":"BAIXADO","timestamp":"2026-06-03T12:15:12.674Z"}
{"level":"info","message":"🔎 Processando título 118297/C","service":"btg-baixa-titulos-service","timestamp":"2026-06-03T12:15:12.676Z"}
{"level":"info","message":"🌐 Millennium request: GET /MILLENIUM!JOIN_ONEUP.LANCAMENTOS.CONSULTALANCAMENTOS?cnpj=50.649.490%2F0001-20&n_documento=118297%2FC","service":"btg-baixa-titulos-service","timestamp":"2026-06-03T12:15:12.676Z"}
{"lancamento":1434908879,"level":"info","message":"ℹ️ Título 118297/C já estava baixado. Processo ignorado.","service":"btg-baixa-titulos-service","situacao":"BAIXADO","timestamp":"2026-06-03T12:15:12.694Z"}
{"level":"info","message":"🔎 Processando título 119299/A","service":"btg-baixa-titulos-service","timestamp":"2026-06-03T12:15:12.696Z"}
{"level":"info","message":"🌐 Millennium request: GET /MILLENIUM!JOIN_ONEUP.LANCAMENTOS.CONSULTALANCAMENTOS?cnpj=03.247.651%2F0001-79&n_documento=119299%2FA","service":"btg-baixa-titulos-service","timestamp":"2026-06-03T12:15:12.696Z"}
{"lancamento":1434911790,"level":"info","message":"ℹ️ Título 119299/A já estava baixado. Processo ignorado.","service":"btg-baixa-titulos-service","situacao":"BAIXADO","timestamp":"2026-06-03T12:15:12.711Z"}
{"level":"info","message":"🔎 Processando título 118297/B","service":"btg-baixa-titulos-service","timestamp":"2026-06-03T12:15:12.713Z"}
{"level":"info","message":"🌐 Millennium request: GET /MILLENIUM!JOIN_ONEUP.LANCAMENTOS.CONSULTALANCAMENTOS?cnpj=50.649.490%2F0001-20&n_documento=118297%2FB","service":"btg-baixa-titulos-service","timestamp":"2026-06-03T12:15:12.713Z"}
{"lancamento":1434908878,"level":"info","message":"ℹ️ Título 118297/B já estava baixado. Processo ignorado.","service":"btg-baixa-titulos-service","situacao":"BAIXADO","timestamp":"2026-06-03T12:15:12.728Z"}
{"level":"info","message":"🔎 Processando título 118297/A","service":"btg-baixa-titulos-service","timestamp":"2026-06-03T12:15:12.730Z"}
{"level":"info","message":"🌐 Millennium request: GET /MILLENIUM!JOIN_ONEUP.LANCAMENTOS.CONSULTALANCAMENTOS?cnpj=50.649.490%2F0001-20&n_documento=118297%2FA","service":"btg-baixa-titulos-service","timestamp":"2026-06-03T12:15:12.730Z"}
{"lancamento":1434908877,"level":"info","message":"ℹ️ Título 118297/A já estava baixado. Processo ignorado.","service":"btg-baixa-titulos-service","situacao":"BAIXADO","timestamp":"2026-06-03T12:15:12.827Z"}
{"level":"info","message":"🔎 Processando título 118124/C","service":"btg-baixa-titulos-service","timestamp":"2026-06-03T12:15:12.832Z"}
{"level":"info","message":"🌐 Millennium request: GET /MILLENIUM!JOIN_ONEUP.LANCAMENTOS.CONSULTALANCAMENTOS?cnpj=50.649.490%2F0001-20&n_documento=118124%2FC","service":"btg-baixa-titulos-service","timestamp":"2026-06-03T12:15:12.832Z"}
{"lancamento":1434907891,"level":"info","message":"ℹ️ Título 118124/C já estava baixado. Processo ignorado.","service":"btg-baixa-titulos-service","situacao":"BAIXADO","timestamp":"2026-06-03T12:15:12.849Z"}
{"level":"info","message":"🔎 Processando título 118124/B","service":"btg-baixa-titulos-service","timestamp":"2026-06-03T12:15:12.851Z"}
{"level":"info","message":"🌐 Millennium request: GET /MILLENIUM!JOIN_ONEUP.LANCAMENTOS.CONSULTALANCAMENTOS?cnpj=50.649.490%2F0001-20&n_documento=118124%2FB","service":"btg-baixa-titulos-service","timestamp":"2026-06-03T12:15:12.851Z"}
{"lancamento":1434907890,"level":"info","message":"ℹ️ Título 118124/B já estava baixado. Processo ignorado.","service":"btg-baixa-titulos-service","situacao":"BAIXADO","timestamp":"2026-06-03T12:15:12.867Z"}
{"level":"info","message":"🔎 Processando título 118124/A","service":"btg-baixa-titulos-service","timestamp":"2026-06-03T12:15:12.869Z"}
{"level":"info","message":"🌐 Millennium request: GET /MILLENIUM!JOIN_ONEUP.LANCAMENTOS.CONSULTALANCAMENTOS?cnpj=50.649.490%2F0001-20&n_documento=118124%2FA","service":"btg-baixa-titulos-service","timestamp":"2026-06-03T12:15:12.869Z"}
{"lancamento":1434907889,"level":"info","message":"ℹ️ Título 118124/A já estava baixado. Processo ignorado.","service":"btg-baixa-titulos-service","situacao":"BAIXADO","timestamp":"2026-06-03T12:15:12.883Z"}
{"level":"info","message":"🔎 Processando título 118123/C","service":"btg-baixa-titulos-service","timestamp":"2026-06-03T12:15:12.885Z"}
{"level":"info","message":"🌐 Millennium request: GET /MILLENIUM!JOIN_ONEUP.LANCAMENTOS.CONSULTALANCAMENTOS?cnpj=50.649.490%2F0001-20&n_documento=118123%2FC","service":"btg-baixa-titulos-service","timestamp":"2026-06-03T12:15:12.885Z"}
{"lancamento":1434907888,"level":"info","message":"ℹ️ Título 118123/C já estava baixado. Processo ignorado.","service":"btg-baixa-titulos-service","situacao":"BAIXADO","timestamp":"2026-06-03T12:15:12.901Z"}
{"level":"info","message":"🔎 Processando título 118123/B","service":"btg-baixa-titulos-service","timestamp":"2026-06-03T12:15:12.903Z"}
{"level":"info","message":"🌐 Millennium request: GET /MILLENIUM!JOIN_ONEUP.LANCAMENTOS.CONSULTALANCAMENTOS?cnpj=50.649.490%2F0001-20&n_documento=118123%2FB","service":"btg-baixa-titulos-service","timestamp":"2026-06-03T12:15:12.903Z"}
{"lancamento":1434907887,"level":"info","message":"ℹ️ Título 118123/B já estava baixado. Processo ignorado.","service":"btg-baixa-titulos-service","situacao":"BAIXADO","timestamp":"2026-06-03T12:15:12.917Z"}
{"level":"info","message":"🔎 Processando título 118123/A","service":"btg-baixa-titulos-service","timestamp":"2026-06-03T12:15:12.919Z"}
{"level":"info","message":"🌐 Millennium request: GET /MILLENIUM!JOIN_ONEUP.LANCAMENTOS.CONSULTALANCAMENTOS?cnpj=50.649.490%2F0001-20&n_documento=118123%2FA","service":"btg-baixa-titulos-service","timestamp":"2026-06-03T12:15:12.919Z"}
{"lancamento":1434907886,"level":"info","message":"ℹ️ Título 118123/A já estava baixado. Processo ignorado.","service":"btg-baixa-titulos-service","situacao":"BAIXADO","timestamp":"2026-06-03T12:15:12.935Z"}
{"level":"info","message":"🔎 Processando título 118121/C","service":"btg-baixa-titulos-service","timestamp":"2026-06-03T12:15:12.938Z"}
{"level":"info","message":"🌐 Millennium request: GET /MILLENIUM!JOIN_ONEUP.LANCAMENTOS.CONSULTALANCAMENTOS?cnpj=50.649.490%2F0001-20&n_documento=118121%2FC","service":"btg-baixa-titulos-service","timestamp":"2026-06-03T12:15:12.938Z"}
{"lancamento":1434907885,"level":"info","message":"ℹ️ Título 118121/C já estava baixado. Processo ignorado.","service":"btg-baixa-titulos-service","situacao":"BAIXADO","timestamp":"2026-06-03T12:15:12.953Z"}
{"level":"info","message":"🔎 Processando título 118121/B","service":"btg-baixa-titulos-service","timestamp":"2026-06-03T12:15:12.955Z"}
{"level":"info","message":"🌐 Millennium request: GET /MILLENIUM!JOIN_ONEUP.LANCAMENTOS.CONSULTALANCAMENTOS?cnpj=50.649.490%2F0001-20&n_documento=118121%2FB","service":"btg-baixa-titulos-service","timestamp":"2026-06-03T12:15:12.955Z"}
{"lancamento":1434907884,"level":"info","message":"ℹ️ Título 118121/B já estava baixado. Processo ignorado.","service":"btg-baixa-titulos-service","situacao":"BAIXADO","timestamp":"2026-06-03T12:15:12.972Z"}
{"level":"info","message":"🔎 Processando título 118121/A","service":"btg-baixa-titulos-service","timestamp":"2026-06-03T12:15:12.974Z"}
{"level":"info","message":"🌐 Millennium request: GET /MILLENIUM!JOIN_ONEUP.LANCAMENTOS.CONSULTALANCAMENTOS?cnpj=50.649.490%2F0001-20&n_documento=118121%2FA","service":"btg-baixa-titulos-service","timestamp":"2026-06-03T12:15:12.974Z"}
{"lancamento":1434907883,"level":"info","message":"ℹ️ Título 118121/A já estava baixado. Processo ignorado.","service":"btg-baixa-titulos-service","situacao":"BAIXADO","timestamp":"2026-06-03T12:15:12.988Z"}
{"level":"info","message":"🔎 Processando título 111256/A","service":"btg-baixa-titulos-service","timestamp":"2026-06-03T12:15:12.990Z"}
{"level":"info","message":"🌐 Millennium request: GET /MILLENIUM!JOIN_ONEUP.LANCAMENTOS.CONSULTALANCAMENTOS?cnpj=47.485.403%2F0001-31&n_documento=111256%2FA","service":"btg-baixa-titulos-service","timestamp":"2026-06-03T12:15:12.990Z"}
{"lancamento":1434870085,"level":"info","message":"ℹ️ Título 111256/A já estava baixado. Processo ignorado.","service":"btg-baixa-titulos-service","situacao":"BAIXADO","timestamp":"2026-06-03T12:15:13.007Z"}
{"level":"info","message":"🔎 Processando título 111255/A","service":"btg-baixa-titulos-service","timestamp":"2026-06-03T12:15:13.010Z"}
{"level":"info","message":"🌐 Millennium request: GET /MILLENIUM!JOIN_ONEUP.LANCAMENTOS.CONSULTALANCAMENTOS?cnpj=47.485.403%2F0001-31&n_documento=111255%2FA","service":"btg-baixa-titulos-service","timestamp":"2026-06-03T12:15:13.010Z"}
{"lancamento":1434870081,"level":"info","message":"ℹ️ Título 111255/A já estava baixado. Processo ignorado.","service":"btg-baixa-titulos-service","situacao":"BAIXADO","timestamp":"2026-06-03T12:15:13.028Z"}
{"level":"info","message":"🔎 Processando título 111252/A","service":"btg-baixa-titulos-service","timestamp":"2026-06-03T12:15:13.031Z"}
{"level":"info","message":"🌐 Millennium request: GET /MILLENIUM!JOIN_ONEUP.LANCAMENTOS.CONSULTALANCAMENTOS?cnpj=47.485.403%2F0001-31&n_documento=111252%2FA","service":"btg-baixa-titulos-service","timestamp":"2026-06-03T12:15:13.031Z"}
{"lancamento":1434870063,"level":"info","message":"ℹ️ Título 111252/A já estava baixado. Processo ignorado.","service":"btg-baixa-titulos-service","situacao":"BAIXADO","timestamp":"2026-06-03T12:15:13.047Z"}
{"level":"info","message":"🔎 Processando título 108322/B","service":"btg-baixa-titulos-service","timestamp":"2026-06-03T12:15:13.049Z"}
{"level":"info","message":"🌐 Millennium request: GET /MILLENIUM!JOIN_ONEUP.LANCAMENTOS.CONSULTALANCAMENTOS?cnpj=47.485.403%2F0001-31&n_documento=108322%2FB","service":"btg-baixa-titulos-service","timestamp":"2026-06-03T12:15:13.049Z"}
{"lancamento":1434850336,"level":"info","message":"ℹ️ Título 108322/B já estava baixado. Processo ignorado.","service":"btg-baixa-titulos-service","situacao":"BAIXADO","timestamp":"2026-06-03T12:15:13.065Z"}
{"level":"info","message":"🔎 Processando título 108321/B","service":"btg-baixa-titulos-service","timestamp":"2026-06-03T12:15:13.067Z"}
{"level":"info","message":"🌐 Millennium request: GET /MILLENIUM!JOIN_ONEUP.LANCAMENTOS.CONSULTALANCAMENTOS?cnpj=47.485.403%2F0001-31&n_documento=108321%2FB","service":"btg-baixa-titulos-service","timestamp":"2026-06-03T12:15:13.067Z"}
{"lancamento":1434850332,"level":"info","message":"ℹ️ Título 108321/B já estava baixado. Processo ignorado.","service":"btg-baixa-titulos-service","situacao":"BAIXADO","timestamp":"2026-06-03T12:15:13.081Z"}
{"level":"info","message":"🔎 Processando título 106115/C","service":"btg-baixa-titulos-service","timestamp":"2026-06-03T12:15:13.083Z"}
{"level":"info","message":"🌐 Millennium request: GET /MILLENIUM!JOIN_ONEUP.LANCAMENTOS.CONSULTALANCAMENTOS?cnpj=47.485.403%2F0001-31&n_documento=106115%2FC","service":"btg-baixa-titulos-service","timestamp":"2026-06-03T12:15:13.083Z"}
{"lancamento":1434801387,"level":"info","message":"ℹ️ Título 106115/C já estava baixado. Processo ignorado.","service":"btg-baixa-titulos-service","situacao":"BAIXADO","timestamp":"2026-06-03T12:15:13.098Z"}
{"level":"info","message":"🔎 Processando título 106103/C","service":"btg-baixa-titulos-service","timestamp":"2026-06-03T12:15:13.100Z"}
{"level":"info","message":"🌐 Millennium request: GET /MILLENIUM!JOIN_ONEUP.LANCAMENTOS.CONSULTALANCAMENTOS?cnpj=47.485.403%2F0001-31&n_documento=106103%2FC","service":"btg-baixa-titulos-service","timestamp":"2026-06-03T12:15:13.100Z"}
{"lancamento":1434801344,"level":"info","message":"ℹ️ Título 106103/C já estava baixado. Processo ignorado.","service":"btg-baixa-titulos-service","situacao":"BAIXADO","timestamp":"2026-06-03T12:15:13.115Z"}
{"level":"info","message":"🔎 Processando título 106103/B","service":"btg-baixa-titulos-service","timestamp":"2026-06-03T12:15:13.118Z"}
{"level":"info","message":"🌐 Millennium request: GET /MILLENIUM!JOIN_ONEUP.LANCAMENTOS.CONSULTALANCAMENTOS?cnpj=47.485.403%2F0001-31&n_documento=106103%2FB","service":"btg-baixa-titulos-service","timestamp":"2026-06-03T12:15:13.118Z"}
{"lancamento":1434801343,"level":"info","message":"ℹ️ Título 106103/B já estava baixado. Processo ignorado.","service":"btg-baixa-titulos-service","situacao":"BAIXADO","timestamp":"2026-06-03T12:15:13.134Z"}
{"level":"info","message":"🔎 Processando título FRE 116058","service":"btg-baixa-titulos-service","timestamp":"2026-06-03T12:15:13.136Z"}
{"level":"info","message":"🌐 Millennium request: GET /MILLENIUM!JOIN_ONEUP.LANCAMENTOS.CONSULTALANCAMENTOS?cnpj=02.355.679%2F0001-67&n_documento=FRE%20116058","service":"btg-baixa-titulos-service","timestamp":"2026-06-03T12:15:13.136Z"}
{"lancamento":1434907972,"level":"info","message":"ℹ️ Título FRE 116058 já estava baixado. Processo ignorado.","service":"btg-baixa-titulos-service","situacao":"BAIXADO","timestamp":"2026-06-03T12:15:13.152Z"}
{"level":"info","message":"🔎 Processando título CORRE 116072","service":"btg-baixa-titulos-service","timestamp":"2026-06-03T12:15:13.154Z"}
{"level":"info","message":"🌐 Millennium request: GET /MILLENIUM!JOIN_ONEUP.LANCAMENTOS.CONSULTALANCAMENTOS?cnpj=21.067.137%2F0001-33&n_documento=CORRE%20116072","service":"btg-baixa-titulos-service","timestamp":"2026-06-03T12:15:13.154Z"}
{"lancamento":1434908069,"level":"info","message":"ℹ️ Título CORRE 116072 já estava baixado. Processo ignorado.","service":"btg-baixa-titulos-service","situacao":"BAIXADO","timestamp":"2026-06-03T12:15:13.170Z"}
{"level":"info","message":"🔎 Processando título CORRE 114564","service":"btg-baixa-titulos-service","timestamp":"2026-06-03T12:15:13.173Z"}
{"level":"info","message":"🌐 Millennium request: GET /MILLENIUM!JOIN_ONEUP.LANCAMENTOS.CONSULTALANCAMENTOS?cnpj=21.067.137%2F0001-33&n_documento=CORRE%20114564","service":"btg-baixa-titulos-service","timestamp":"2026-06-03T12:15:13.173Z"}
{"lancamento":1434908052,"level":"info","message":"ℹ️ Título CORRE 114564 já estava baixado. Processo ignorado.","service":"btg-baixa-titulos-service","situacao":"BAIXADO","timestamp":"2026-06-03T12:15:13.188Z"}
{"level":"info","message":"🔎 Processando título FRE 116069","service":"btg-baixa-titulos-service","timestamp":"2026-06-03T12:15:13.190Z"}
{"level":"info","message":"🌐 Millennium request: GET /MILLENIUM!JOIN_ONEUP.LANCAMENTOS.CONSULTALANCAMENTOS?cnpj=03.294.992%2F0001-03&n_documento=FRE%20116069","service":"btg-baixa-titulos-service","timestamp":"2026-06-03T12:15:13.190Z"}
{"lancamento":1434907958,"level":"info","message":"ℹ️ Título FRE 116069 já estava baixado. Processo ignorado.","service":"btg-baixa-titulos-service","situacao":"BAIXADO","timestamp":"2026-06-03T12:15:13.205Z"}
{"level":"info","message":"🔎 Processando título CORRE 116729","service":"btg-baixa-titulos-service","timestamp":"2026-06-03T12:15:13.207Z"}
{"level":"info","message":"🌐 Millennium request: GET /MILLENIUM!JOIN_ONEUP.LANCAMENTOS.CONSULTALANCAMENTOS?cnpj=03.294.992%2F0001-03&n_documento=CORRE%20116729","service":"btg-baixa-titulos-service","timestamp":"2026-06-03T12:15:13.207Z"}
{"lancamento":1434908075,"level":"info","message":"ℹ️ Título CORRE 116729 já estava baixado. Processo ignorado.","service":"btg-baixa-titulos-service","situacao":"BAIXADO","timestamp":"2026-06-03T12:15:13.222Z"}
{"level":"info","message":"🔎 Processando título CORRE 116864","service":"btg-baixa-titulos-service","timestamp":"2026-06-03T12:15:13.224Z"}
{"level":"info","message":"🌐 Millennium request: GET /MILLENIUM!JOIN_ONEUP.LANCAMENTOS.CONSULTALANCAMENTOS?cnpj=57.408.548%2F0001-92&n_documento=CORRE%20116864","service":"btg-baixa-titulos-service","timestamp":"2026-06-03T12:15:13.224Z"}
{"lancamento":1434908088,"level":"info","message":"ℹ️ Título CORRE 116864 já estava baixado. Processo ignorado.","service":"btg-baixa-titulos-service","situacao":"BAIXADO","timestamp":"2026-06-03T12:15:13.240Z"}
{"level":"info","message":"🔎 Processando título 118027/C","service":"btg-baixa-titulos-service","timestamp":"2026-06-03T12:15:13.242Z"}
{"level":"info","message":"🌐 Millennium request: GET /MILLENIUM!JOIN_ONEUP.LANCAMENTOS.CONSULTALANCAMENTOS?cnpj=59.205.187%2F0001-02&n_documento=118027%2FC","service":"btg-baixa-titulos-service","timestamp":"2026-06-03T12:15:13.242Z"}
{"lancamento":1434907475,"level":"info","message":"ℹ️ Título 118027/C já estava baixado. Processo ignorado.","service":"btg-baixa-titulos-service","situacao":"BAIXADO","timestamp":"2026-06-03T12:15:13.259Z"}
{"level":"info","message":"🔎 Processando título 118018/C","service":"btg-baixa-titulos-service","timestamp":"2026-06-03T12:15:13.262Z"}
{"level":"info","message":"🌐 Millennium request: GET /MILLENIUM!JOIN_ONEUP.LANCAMENTOS.CONSULTALANCAMENTOS?cnpj=01.934.454%2F0001-00&n_documento=118018%2FC","service":"btg-baixa-titulos-service","timestamp":"2026-06-03T12:15:13.262Z"}
{"lancamento":1434907450,"level":"info","message":"ℹ️ Título 118018/C já estava baixado. Processo ignorado.","service":"btg-baixa-titulos-service","situacao":"BAIXADO","timestamp":"2026-06-03T12:15:13.362Z"}
{"level":"info","message":"🔎 Processando título 117917/C","service":"btg-baixa-titulos-service","timestamp":"2026-06-03T12:15:13.367Z"}
{"level":"info","message":"🌐 Millennium request: GET /MILLENIUM!JOIN_ONEUP.LANCAMENTOS.CONSULTALANCAMENTOS?cnpj=06.181.589%2F0001-58&n_documento=117917%2FC","service":"btg-baixa-titulos-service","timestamp":"2026-06-03T12:15:13.367Z"}
{"lancamento":1434907100,"level":"info","message":"ℹ️ Título 117917/C já estava baixado. Processo ignorado.","service":"btg-baixa-titulos-service","situacao":"BAIXADO","timestamp":"2026-06-03T12:15:13.384Z"}
{"level":"info","message":"🔎 Processando título 117916/C","service":"btg-baixa-titulos-service","timestamp":"2026-06-03T12:15:13.388Z"}
{"level":"info","message":"🌐 Millennium request: GET /MILLENIUM!JOIN_ONEUP.LANCAMENTOS.CONSULTALANCAMENTOS?cnpj=03.247.651%2F0001-79&n_documento=117916%2FC","service":"btg-baixa-titulos-service","timestamp":"2026-06-03T12:15:13.388Z"}
{"lancamento":1434907095,"level":"info","message":"ℹ️ Título 117916/C já estava baixado. Processo ignorado.","service":"btg-baixa-titulos-service","situacao":"BAIXADO","timestamp":"2026-06-03T12:15:13.403Z"}
{"level":"info","message":"🔎 Processando título 117814/C","service":"btg-baixa-titulos-service","timestamp":"2026-06-03T12:15:13.405Z"}
{"level":"info","message":"🌐 Millennium request: GET /MILLENIUM!JOIN_ONEUP.LANCAMENTOS.CONSULTALANCAMENTOS?cnpj=03.247.651%2F0001-79&n_documento=117814%2FC","service":"btg-baixa-titulos-service","timestamp":"2026-06-03T12:15:13.406Z"}
{"lancamento":1434906778,"level":"info","message":"ℹ️ Título 117814/C já estava baixado. Processo ignorado.","service":"btg-baixa-titulos-service","situacao":"BAIXADO","timestamp":"2026-06-03T12:15:13.420Z"}
{"level":"info","message":"🔎 Processando título 117812/C","service":"btg-baixa-titulos-service","timestamp":"2026-06-03T12:15:13.422Z"}
{"level":"info","message":"🌐 Millennium request: GET /MILLENIUM!JOIN_ONEUP.LANCAMENTOS.CONSULTALANCAMENTOS?cnpj=06.181.589%2F0001-58&n_documento=117812%2FC","service":"btg-baixa-titulos-service","timestamp":"2026-06-03T12:15:13.422Z"}
{"lancamento":1434906763,"level":"info","message":"ℹ️ Título 117812/C já estava baixado. Processo ignorado.","service":"btg-baixa-titulos-service","situacao":"BAIXADO","timestamp":"2026-06-03T12:15:13.438Z"}
{"level":"info","message":"🔎 Processando título 117490/C","service":"btg-baixa-titulos-service","timestamp":"2026-06-03T12:15:13.440Z"}
{"level":"info","message":"🌐 Millennium request: GET /MILLENIUM!JOIN_ONEUP.LANCAMENTOS.CONSULTALANCAMENTOS?cnpj=01.934.454%2F0001-00&n_documento=117490%2FC","service":"btg-baixa-titulos-service","timestamp":"2026-06-03T12:15:13.441Z"}
{"lancamento":1434904411,"level":"info","message":"ℹ️ Título 117490/C já estava baixado. Processo ignorado.","service":"btg-baixa-titulos-service","situacao":"BAIXADO","timestamp":"2026-06-03T12:15:13.456Z"}
{"level":"info","message":"🔎 Processando título 117183/C","service":"btg-baixa-titulos-service","timestamp":"2026-06-03T12:15:13.457Z"}
{"level":"info","message":"🌐 Millennium request: GET /MILLENIUM!JOIN_ONEUP.LANCAMENTOS.CONSULTALANCAMENTOS?cnpj=31.505.989%2F0001-19&n_documento=117183%2FC","service":"btg-baixa-titulos-service","timestamp":"2026-06-03T12:15:13.457Z"}
{"lancamento":1434902698,"level":"info","message":"ℹ️ Título 117183/C já estava baixado. Processo ignorado.","service":"btg-baixa-titulos-service","situacao":"BAIXADO","timestamp":"2026-06-03T12:15:13.476Z"}
{"level":"info","message":"🔎 Processando título 118027/B","service":"btg-baixa-titulos-service","timestamp":"2026-06-03T12:15:13.477Z"}
{"level":"info","message":"🌐 Millennium request: GET /MILLENIUM!JOIN_ONEUP.LANCAMENTOS.CONSULTALANCAMENTOS?cnpj=59.205.187%2F0001-02&n_documento=118027%2FB","service":"btg-baixa-titulos-service","timestamp":"2026-06-03T12:15:13.477Z"}
{"lancamento":1434907474,"level":"info","message":"ℹ️ Título 118027/B já estava baixado. Processo ignorado.","service":"btg-baixa-titulos-service","situacao":"BAIXADO","timestamp":"2026-06-03T12:15:13.495Z"}
{"level":"info","message":"🔎 Processando título 118018/B","service":"btg-baixa-titulos-service","timestamp":"2026-06-03T12:15:13.496Z"}
{"level":"info","message":"🌐 Millennium request: GET /MILLENIUM!JOIN_ONEUP.LANCAMENTOS.CONSULTALANCAMENTOS?cnpj=01.934.454%2F0001-00&n_documento=118018%2FB","service":"btg-baixa-titulos-service","timestamp":"2026-06-03T12:15:13.497Z"}
{"lancamento":1434907449,"level":"info","message":"ℹ️ Título 118018/B já estava baixado. Processo ignorado.","service":"btg-baixa-titulos-service","situacao":"BAIXADO","timestamp":"2026-06-03T12:15:13.511Z"}
{"level":"info","message":"🔎 Processando título 117917/B","service":"btg-baixa-titulos-service","timestamp":"2026-06-03T12:15:13.513Z"}
{"level":"info","message":"🌐 Millennium request: GET /MILLENIUM!JOIN_ONEUP.LANCAMENTOS.CONSULTALANCAMENTOS?cnpj=06.181.589%2F0001-58&n_documento=117917%2FB","service":"btg-baixa-titulos-service","timestamp":"2026-06-03T12:15:13.513Z"}
{"lancamento":1434907099,"level":"info","message":"ℹ️ Título 117917/B já estava baixado. Processo ignorado.","service":"btg-baixa-titulos-service","situacao":"BAIXADO","timestamp":"2026-06-03T12:15:13.528Z"}
{"level":"info","message":"🔎 Processando título 117916/B","service":"btg-baixa-titulos-service","timestamp":"2026-06-03T12:15:13.530Z"}
{"level":"info","message":"🌐 Millennium request: GET /MILLENIUM!JOIN_ONEUP.LANCAMENTOS.CONSULTALANCAMENTOS?cnpj=03.247.651%2F0001-79&n_documento=117916%2FB","service":"btg-baixa-titulos-service","timestamp":"2026-06-03T12:15:13.530Z"}
{"lancamento":1434907094,"level":"info","message":"ℹ️ Título 117916/B já estava baixado. Processo ignorado.","service":"btg-baixa-titulos-service","situacao":"BAIXADO","timestamp":"2026-06-03T12:15:13.546Z"}
{"level":"info","message":"🔎 Processando título 118027/A","service":"btg-baixa-titulos-service","timestamp":"2026-06-03T12:15:13.547Z"}
{"level":"info","message":"🌐 Millennium request: GET /MILLENIUM!JOIN_ONEUP.LANCAMENTOS.CONSULTALANCAMENTOS?cnpj=59.205.187%2F0001-02&n_documento=118027%2FA","service":"btg-baixa-titulos-service","timestamp":"2026-06-03T12:15:13.547Z"}
{"lancamento":1434907473,"level":"info","message":"ℹ️ Título 118027/A já estava baixado. Processo ignorado.","service":"btg-baixa-titulos-service","situacao":"BAIXADO","timestamp":"2026-06-03T12:15:13.562Z"}
{"level":"info","message":"🔎 Processando título 117814/B","service":"btg-baixa-titulos-service","timestamp":"2026-06-03T12:15:13.564Z"}
{"level":"info","message":"🌐 Millennium request: GET /MILLENIUM!JOIN_ONEUP.LANCAMENTOS.CONSULTALANCAMENTOS?cnpj=03.247.651%2F0001-79&n_documento=117814%2FB","service":"btg-baixa-titulos-service","timestamp":"2026-06-03T12:15:13.564Z"}
{"lancamento":1434906777,"level":"info","message":"ℹ️ Título 117814/B já estava baixado. Processo ignorado.","service":"btg-baixa-titulos-service","situacao":"BAIXADO","timestamp":"2026-06-03T12:15:13.578Z"}
{"level":"info","message":"🔎 Processando título 117916/A","service":"btg-baixa-titulos-service","timestamp":"2026-06-03T12:15:13.580Z"}
{"level":"info","message":"🌐 Millennium request: GET /MILLENIUM!JOIN_ONEUP.LANCAMENTOS.CONSULTALANCAMENTOS?cnpj=03.247.651%2F0001-79&n_documento=117916%2FA","service":"btg-baixa-titulos-service","timestamp":"2026-06-03T12:15:13.580Z"}
{"lancamento":1434907093,"level":"info","message":"ℹ️ Título 117916/A já estava baixado. Processo ignorado.","service":"btg-baixa-titulos-service","situacao":"BAIXADO","timestamp":"2026-06-03T12:15:13.593Z"}
{"level":"info","message":"🔎 Processando título 117814/A","service":"btg-baixa-titulos-service","timestamp":"2026-06-03T12:15:13.595Z"}
{"level":"info","message":"🌐 Millennium request: GET /MILLENIUM!JOIN_ONEUP.LANCAMENTOS.CONSULTALANCAMENTOS?cnpj=03.247.651%2F0001-79&n_documento=117814%2FA","service":"btg-baixa-titulos-service","timestamp":"2026-06-03T12:15:13.595Z"}
{"lancamento":1434906776,"level":"info","message":"ℹ️ Título 117814/A já estava baixado. Processo ignorado.","service":"btg-baixa-titulos-service","situacao":"BAIXADO","timestamp":"2026-06-03T12:15:13.609Z"}
{"level":"info","message":"🔎 Processando título 117812/B","service":"btg-baixa-titulos-service","timestamp":"2026-06-03T12:15:13.611Z"}
{"level":"info","message":"🌐 Millennium request: GET /MILLENIUM!JOIN_ONEUP.LANCAMENTOS.CONSULTALANCAMENTOS?cnpj=06.181.589%2F0001-58&n_documento=117812%2FB","service":"btg-baixa-titulos-service","timestamp":"2026-06-03T12:15:13.611Z"}
{"lancamento":1434906762,"level":"info","message":"ℹ️ Título 117812/B já estava baixado. Processo ignorado.","service":"btg-baixa-titulos-service","situacao":"BAIXADO","timestamp":"2026-06-03T12:15:13.624Z"}
{"level":"info","message":"🔎 Processando título 117917/A","service":"btg-baixa-titulos-service","timestamp":"2026-06-03T12:15:13.626Z"}
{"level":"info","message":"🌐 Millennium request: GET /MILLENIUM!JOIN_ONEUP.LANCAMENTOS.CONSULTALANCAMENTOS?cnpj=06.181.589%2F0001-58&n_documento=117917%2FA","service":"btg-baixa-titulos-service","timestamp":"2026-06-03T12:15:13.627Z"}
{"lancamento":1434907098,"level":"info","message":"ℹ️ Título 117917/A já estava baixado. Processo ignorado.","service":"btg-baixa-titulos-service","situacao":"BAIXADO","timestamp":"2026-06-03T12:15:13.642Z"}
{"level":"info","message":"🔎 Processando título 117812/A","service":"btg-baixa-titulos-service","timestamp":"2026-06-03T12:15:13.644Z"}
{"level":"info","message":"🌐 Millennium request: GET /MILLENIUM!JOIN_ONEUP.LANCAMENTOS.CONSULTALANCAMENTOS?cnpj=06.181.589%2F0001-58&n_documento=117812%2FA","service":"btg-baixa-titulos-service","timestamp":"2026-06-03T12:15:13.644Z"}
{"lancamento":1434906761,"level":"info","message":"ℹ️ Título 117812/A já estava baixado. Processo ignorado.","service":"btg-baixa-titulos-service","situacao":"BAIXADO","timestamp":"2026-06-03T12:15:13.662Z"}
{"level":"info","message":"🔎 Processando título 117490/B","service":"btg-baixa-titulos-service","timestamp":"2026-06-03T12:15:13.664Z"}
{"level":"info","message":"🌐 Millennium request: GET /MILLENIUM!JOIN_ONEUP.LANCAMENTOS.CONSULTALANCAMENTOS?cnpj=01.934.454%2F0001-00&n_documento=117490%2FB","service":"btg-baixa-titulos-service","timestamp":"2026-06-03T12:15:13.664Z"}
{"lancamento":1434904410,"level":"info","message":"ℹ️ Título 117490/B já estava baixado. Processo ignorado.","service":"btg-baixa-titulos-service","situacao":"BAIXADO","timestamp":"2026-06-03T12:15:13.679Z"}
{"level":"info","message":"🔎 Processando título 118018/A","service":"btg-baixa-titulos-service","timestamp":"2026-06-03T12:15:13.681Z"}
{"level":"info","message":"🌐 Millennium request: GET /MILLENIUM!JOIN_ONEUP.LANCAMENTOS.CONSULTALANCAMENTOS?cnpj=01.934.454%2F0001-00&n_documento=118018%2FA","service":"btg-baixa-titulos-service","timestamp":"2026-06-03T12:15:13.681Z"}
{"lancamento":1434907448,"level":"info","message":"ℹ️ Título 118018/A já estava baixado. Processo ignorado.","service":"btg-baixa-titulos-service","situacao":"BAIXADO","timestamp":"2026-06-03T12:15:13.697Z"}
{"level":"info","message":"🔎 Processando título 117490/A","service":"btg-baixa-titulos-service","timestamp":"2026-06-03T12:15:13.699Z"}
{"level":"info","message":"🌐 Millennium request: GET /MILLENIUM!JOIN_ONEUP.LANCAMENTOS.CONSULTALANCAMENTOS?cnpj=01.934.454%2F0001-00&n_documento=117490%2FA","service":"btg-baixa-titulos-service","timestamp":"2026-06-03T12:15:13.699Z"}
{"lancamento":1434904409,"level":"info","message":"ℹ️ Título 117490/A já estava baixado. Processo ignorado.","service":"btg-baixa-titulos-service","situacao":"BAIXADO","timestamp":"2026-06-03T12:15:13.714Z"}
{"level":"info","message":"🔎 Processando título 117183/B","service":"btg-baixa-titulos-service","timestamp":"2026-06-03T12:15:13.717Z"}
{"level":"info","message":"🌐 Millennium request: GET /MILLENIUM!JOIN_ONEUP.LANCAMENTOS.CONSULTALANCAMENTOS?cnpj=31.505.989%2F0001-19&n_documento=117183%2FB","service":"btg-baixa-titulos-service","timestamp":"2026-06-03T12:15:13.717Z"}
{"lancamento":1434902697,"level":"info","message":"ℹ️ Título 117183/B já estava baixado. Processo ignorado.","service":"btg-baixa-titulos-service","situacao":"BAIXADO","timestamp":"2026-06-03T12:15:13.733Z"}
{"level":"info","message":"🔎 Processando título 117183/A","service":"btg-baixa-titulos-service","timestamp":"2026-06-03T12:15:13.736Z"}
{"level":"info","message":"🌐 Millennium request: GET /MILLENIUM!JOIN_ONEUP.LANCAMENTOS.CONSULTALANCAMENTOS?cnpj=31.505.989%2F0001-19&n_documento=117183%2FA","service":"btg-baixa-titulos-service","timestamp":"2026-06-03T12:15:13.736Z"}
{"lancamento":1434902696,"level":"info","message":"ℹ️ Título 117183/A já estava baixado. Processo ignorado.","service":"btg-baixa-titulos-service","situacao":"BAIXADO","timestamp":"2026-06-03T12:15:13.750Z"}
{"level":"info","message":"🔎 Processando título 118044/C","service":"btg-baixa-titulos-service","timestamp":"2026-06-03T12:15:13.752Z"}
{"level":"info","message":"🌐 Millennium request: GET /MILLENIUM!JOIN_ONEUP.LANCAMENTOS.CONSULTALANCAMENTOS?cnpj=03.294.992%2F0001-03&n_documento=118044%2FC","service":"btg-baixa-titulos-service","timestamp":"2026-06-03T12:15:13.752Z"}
{"lancamento":1434907501,"level":"info","message":"ℹ️ Título 118044/C já estava baixado. Processo ignorado.","service":"btg-baixa-titulos-service","situacao":"BAIXADO","timestamp":"2026-06-03T12:15:13.767Z"}
{"level":"info","message":"🔎 Processando título 118023/C","service":"btg-baixa-titulos-service","timestamp":"2026-06-03T12:15:13.770Z"}
{"level":"info","message":"🌐 Millennium request: GET /MILLENIUM!JOIN_ONEUP.LANCAMENTOS.CONSULTALANCAMENTOS?cnpj=50.649.490%2F0001-20&n_documento=118023%2FC","service":"btg-baixa-titulos-service","timestamp":"2026-06-03T12:15:13.770Z"}
{"lancamento":1434907458,"level":"info","message":"ℹ️ Título 118023/C já estava baixado. Processo ignorado.","service":"btg-baixa-titulos-service","situacao":"BAIXADO","timestamp":"2026-06-03T12:15:13.874Z"}
{"level":"info","message":"🔎 Processando título 117915/C","service":"btg-baixa-titulos-service","timestamp":"2026-06-03T12:15:13.879Z"}
{"level":"info","message":"🌐 Millennium request: GET /MILLENIUM!JOIN_ONEUP.LANCAMENTOS.CONSULTALANCAMENTOS?cnpj=03.294.992%2F0001-03&n_documento=117915%2FC","service":"btg-baixa-titulos-service","timestamp":"2026-06-03T12:15:13.879Z"}
{"lancamento":1434907090,"level":"info","message":"ℹ️ Título 117915/C já estava baixado. Processo ignorado.","service":"btg-baixa-titulos-service","situacao":"BAIXADO","timestamp":"2026-06-03T12:15:13.915Z"}
{"level":"info","message":"🔎 Processando título 117914/C","service":"btg-baixa-titulos-service","timestamp":"2026-06-03T12:15:13.919Z"}
{"level":"info","message":"🌐 Millennium request: GET /MILLENIUM!JOIN_ONEUP.LANCAMENTOS.CONSULTALANCAMENTOS?cnpj=44.999.259%2F0001-63&n_documento=117914%2FC","service":"btg-baixa-titulos-service","timestamp":"2026-06-03T12:15:13.919Z"}
{"lancamento":1434907085,"level":"info","message":"ℹ️ Título 117914/C já estava baixado. Processo ignorado.","service":"btg-baixa-titulos-service","situacao":"BAIXADO","timestamp":"2026-06-03T12:15:13.935Z"}
{"level":"info","message":"🔎 Processando título 117911/B","service":"btg-baixa-titulos-service","timestamp":"2026-06-03T12:15:13.938Z"}
{"level":"info","message":"🌐 Millennium request: GET /MILLENIUM!JOIN_ONEUP.LANCAMENTOS.CONSULTALANCAMENTOS?cnpj=57.408.548%2F0001-92&n_documento=117911%2FB","service":"btg-baixa-titulos-service","timestamp":"2026-06-03T12:15:13.938Z"}
{"lancamento":1434907072,"level":"info","message":"ℹ️ Título 117911/B já estava baixado. Processo ignorado.","service":"btg-baixa-titulos-service","situacao":"BAIXADO","timestamp":"2026-06-03T12:15:13.955Z"}
{"level":"info","message":"🔎 Processando título 117909/C","service":"btg-baixa-titulos-service","timestamp":"2026-06-03T12:15:13.957Z"}
{"level":"info","message":"🌐 Millennium request: GET /MILLENIUM!JOIN_ONEUP.LANCAMENTOS.CONSULTALANCAMENTOS?cnpj=73.652.158%2F0001-10&n_documento=117909%2FC","service":"btg-baixa-titulos-service","timestamp":"2026-06-03T12:15:13.958Z"}
{"lancamento":1434907063,"level":"info","message":"ℹ️ Título 117909/C já estava baixado. Processo ignorado.","service":"btg-baixa-titulos-service","situacao":"BAIXADO","timestamp":"2026-06-03T12:15:13.970Z"}
{"level":"info","message":"🔎 Processando título 117893/C","service":"btg-baixa-titulos-service","timestamp":"2026-06-03T12:15:13.972Z"}
{"level":"info","message":"🌐 Millennium request: GET /MILLENIUM!JOIN_ONEUP.LANCAMENTOS.CONSULTALANCAMENTOS?cnpj=44.999.259%2F0001-63&n_documento=117893%2FC","service":"btg-baixa-titulos-service","timestamp":"2026-06-03T12:15:13.972Z"}
{"lancamento":1434906878,"level":"info","message":"ℹ️ Título 117893/C já estava baixado. Processo ignorado.","service":"btg-baixa-titulos-service","situacao":"BAIXADO","timestamp":"2026-06-03T12:15:13.989Z"}
{"level":"info","message":"🔎 Processando título 117763/C","service":"btg-baixa-titulos-service","timestamp":"2026-06-03T12:15:13.991Z"}
{"level":"info","message":"🌐 Millennium request: GET /MILLENIUM!JOIN_ONEUP.LANCAMENTOS.CONSULTALANCAMENTOS?cnpj=73.652.158%2F0001-10&n_documento=117763%2FC","service":"btg-baixa-titulos-service","timestamp":"2026-06-03T12:15:13.991Z"}
{"lancamento":1434906205,"level":"info","message":"ℹ️ Título 117763/C já estava baixado. Processo ignorado.","service":"btg-baixa-titulos-service","situacao":"BAIXADO","timestamp":"2026-06-03T12:15:14.006Z"}
{"level":"info","message":"🔎 Processando título 117766/B","service":"btg-baixa-titulos-service","timestamp":"2026-06-03T12:15:14.008Z"}
{"level":"info","message":"🌐 Millennium request: GET /MILLENIUM!JOIN_ONEUP.LANCAMENTOS.CONSULTALANCAMENTOS?cnpj=57.408.548%2F0001-92&n_documento=117766%2FB","service":"btg-baixa-titulos-service","timestamp":"2026-06-03T12:15:14.009Z"}
{"lancamento":1434906314,"level":"info","message":"ℹ️ Título 117766/B já estava baixado. Processo ignorado.","service":"btg-baixa-titulos-service","situacao":"BAIXADO","timestamp":"2026-06-03T12:15:14.023Z"}
{"level":"info","message":"🔎 Processando título 117241/C","service":"btg-baixa-titulos-service","timestamp":"2026-06-03T12:15:14.026Z"}
{"level":"info","message":"🌐 Millennium request: GET /MILLENIUM!JOIN_ONEUP.LANCAMENTOS.CONSULTALANCAMENTOS?cnpj=03.294.992%2F0001-03&n_documento=117241%2FC","service":"btg-baixa-titulos-service","timestamp":"2026-06-03T12:15:14.026Z"}
{"lancamento":1434902860,"level":"info","message":"ℹ️ Título 117241/C já estava baixado. Processo ignorado.","service":"btg-baixa-titulos-service","situacao":"BAIXADO","timestamp":"2026-06-03T12:15:14.041Z"}
{"level":"info","message":"🔎 Processando título 118044/B","service":"btg-baixa-titulos-service","timestamp":"2026-06-03T12:15:14.043Z"}
{"level":"info","message":"🌐 Millennium request: GET /MILLENIUM!JOIN_ONEUP.LANCAMENTOS.CONSULTALANCAMENTOS?cnpj=03.294.992%2F0001-03&n_documento=118044%2FB","service":"btg-baixa-titulos-service","timestamp":"2026-06-03T12:15:14.043Z"}
{"lancamento":1434907500,"level":"info","message":"ℹ️ Título 118044/B já estava baixado. Processo ignorado.","service":"btg-baixa-titulos-service","situacao":"BAIXADO","timestamp":"2026-06-03T12:15:14.058Z"}
{"level":"info","message":"🔎 Processando título 118023/B","service":"btg-baixa-titulos-service","timestamp":"2026-06-03T12:15:14.060Z"}
{"level":"info","message":"🌐 Millennium request: GET /MILLENIUM!JOIN_ONEUP.LANCAMENTOS.CONSULTALANCAMENTOS?cnpj=50.649.490%2F0001-20&n_documento=118023%2FB","service":"btg-baixa-titulos-service","timestamp":"2026-06-03T12:15:14.060Z"}
{"lancamento":1434907457,"level":"info","message":"ℹ️ Título 118023/B já estava baixado. Processo ignorado.","service":"btg-baixa-titulos-service","situacao":"BAIXADO","timestamp":"2026-06-03T12:15:14.074Z"}
{"level":"info","message":"🔎 Processando título 117915/B","service":"btg-baixa-titulos-service","timestamp":"2026-06-03T12:15:14.078Z"}
{"level":"info","message":"🌐 Millennium request: GET /MILLENIUM!JOIN_ONEUP.LANCAMENTOS.CONSULTALANCAMENTOS?cnpj=03.294.992%2F0001-03&n_documento=117915%2FB","service":"btg-baixa-titulos-service","timestamp":"2026-06-03T12:15:14.078Z"}
{"lancamento":1434907089,"level":"info","message":"ℹ️ Título 117915/B já estava baixado. Processo ignorado.","service":"btg-baixa-titulos-service","situacao":"BAIXADO","timestamp":"2026-06-03T12:15:14.092Z"}
{"level":"info","message":"🔎 Processando título 117914/B","service":"btg-baixa-titulos-service","timestamp":"2026-06-03T12:15:14.095Z"}
{"level":"info","message":"🌐 Millennium request: GET /MILLENIUM!JOIN_ONEUP.LANCAMENTOS.CONSULTALANCAMENTOS?cnpj=44.999.259%2F0001-63&n_documento=117914%2FB","service":"btg-baixa-titulos-service","timestamp":"2026-06-03T12:15:14.095Z"}
{"lancamento":1434907084,"level":"info","message":"ℹ️ Título 117914/B já estava baixado. Processo ignorado.","service":"btg-baixa-titulos-service","situacao":"BAIXADO","timestamp":"2026-06-03T12:15:14.108Z"}
{"level":"info","message":"🔎 Processando título 117911/A","service":"btg-baixa-titulos-service","timestamp":"2026-06-03T12:15:14.111Z"}
{"level":"info","message":"🌐 Millennium request: GET /MILLENIUM!JOIN_ONEUP.LANCAMENTOS.CONSULTALANCAMENTOS?cnpj=57.408.548%2F0001-92&n_documento=117911%2FA","service":"btg-baixa-titulos-service","timestamp":"2026-06-03T12:15:14.111Z"}
{"lancamento":1434907071,"level":"info","message":"ℹ️ Título 117911/A já estava baixado. Processo ignorado.","service":"btg-baixa-titulos-service","situacao":"BAIXADO","timestamp":"2026-06-03T12:15:14.127Z"}
{"level":"info","message":"🔎 Processando título 117766/A","service":"btg-baixa-titulos-service","timestamp":"2026-06-03T12:15:14.129Z"}
{"level":"info","message":"🌐 Millennium request: GET /MILLENIUM!JOIN_ONEUP.LANCAMENTOS.CONSULTALANCAMENTOS?cnpj=57.408.548%2F0001-92&n_documento=117766%2FA","service":"btg-baixa-titulos-service","timestamp":"2026-06-03T12:15:14.129Z"}
{"lancamento":1434906313,"level":"info","message":"ℹ️ Título 117766/A já estava baixado. Processo ignorado.","service":"btg-baixa-titulos-service","situacao":"BAIXADO","timestamp":"2026-06-03T12:15:14.143Z"}
{"level":"info","message":"🔎 Processando título 117893/B","service":"btg-baixa-titulos-service","timestamp":"2026-06-03T12:15:14.146Z"}
{"level":"info","message":"🌐 Millennium request: GET /MILLENIUM!JOIN_ONEUP.LANCAMENTOS.CONSULTALANCAMENTOS?cnpj=44.999.259%2F0001-63&n_documento=117893%2FB","service":"btg-baixa-titulos-service","timestamp":"2026-06-03T12:15:14.146Z"}
{"lancamento":1434906877,"level":"info","message":"ℹ️ Título 117893/B já estava baixado. Processo ignorado.","service":"btg-baixa-titulos-service","situacao":"BAIXADO","timestamp":"2026-06-03T12:15:14.163Z"}
{"level":"info","message":"🔎 Processando título 117914/A","service":"btg-baixa-titulos-service","timestamp":"2026-06-03T12:15:14.166Z"}
{"level":"info","message":"🌐 Millennium request: GET /MILLENIUM!JOIN_ONEUP.LANCAMENTOS.CONSULTALANCAMENTOS?cnpj=44.999.259%2F0001-63&n_documento=117914%2FA","service":"btg-baixa-titulos-service","timestamp":"2026-06-03T12:15:14.167Z"}
{"lancamento":1434907083,"level":"info","message":"ℹ️ Título 117914/A já estava baixado. Processo ignorado.","service":"btg-baixa-titulos-service","situacao":"BAIXADO","timestamp":"2026-06-03T12:15:14.183Z"}
{"level":"info","message":"🔎 Processando título 117893/A","service":"btg-baixa-titulos-service","timestamp":"2026-06-03T12:15:14.187Z"}
{"level":"info","message":"🌐 Millennium request: GET /MILLENIUM!JOIN_ONEUP.LANCAMENTOS.CONSULTALANCAMENTOS?cnpj=44.999.259%2F0001-63&n_documento=117893%2FA","service":"btg-baixa-titulos-service","timestamp":"2026-06-03T12:15:14.187Z"}
{"lancamento":1434906876,"level":"info","message":"ℹ️ Título 117893/A já estava baixado. Processo ignorado.","service":"btg-baixa-titulos-service","situacao":"BAIXADO","timestamp":"2026-06-03T12:15:14.200Z"}
{"level":"info","message":"🔎 Processando título 117845/B","service":"btg-baixa-titulos-service","timestamp":"2026-06-03T12:15:14.203Z"}
{"level":"info","message":"🌐 Millennium request: GET /MILLENIUM!JOIN_ONEUP.LANCAMENTOS.CONSULTALANCAMENTOS?cnpj=03.294.992%2F0001-03&n_documento=117845%2FB","service":"btg-baixa-titulos-service","timestamp":"2026-06-03T12:15:14.203Z"}
{"lancamento":1434906819,"level":"info","message":"ℹ️ Título 117845/B já estava baixado. Processo ignorado.","service":"btg-baixa-titulos-service","situacao":"BAIXADO","timestamp":"2026-06-03T12:15:14.218Z"}
{"level":"info","message":"🔎 Processando título 117241/B","service":"btg-baixa-titulos-service","timestamp":"2026-06-03T12:15:14.220Z"}
{"level":"info","message":"🌐 Millennium request: GET /MILLENIUM!JOIN_ONEUP.LANCAMENTOS.CONSULTALANCAMENTOS?cnpj=03.294.992%2F0001-03&n_documento=117241%2FB","service":"btg-baixa-titulos-service","timestamp":"2026-06-03T12:15:14.220Z"}
{"lancamento":1434902859,"level":"info","message":"ℹ️ Título 117241/B já estava baixado. Processo ignorado.","service":"btg-baixa-titulos-service","situacao":"BAIXADO","timestamp":"2026-06-03T12:15:14.233Z"}
{"level":"info","message":"🔎 Processando título 118044/A","service":"btg-baixa-titulos-service","timestamp":"2026-06-03T12:15:14.235Z"}
{"level":"info","message":"🌐 Millennium request: GET /MILLENIUM!JOIN_ONEUP.LANCAMENTOS.CONSULTALANCAMENTOS?cnpj=03.294.992%2F0001-03&n_documento=118044%2FA","service":"btg-baixa-titulos-service","timestamp":"2026-06-03T12:15:14.235Z"}
{"lancamento":1434907499,"level":"info","message":"ℹ️ Título 118044/A já estava baixado. Processo ignorado.","service":"btg-baixa-titulos-service","situacao":"BAIXADO","timestamp":"2026-06-03T12:15:14.247Z"}
{"level":"info","message":"🔎 Processando título 117915/A","service":"btg-baixa-titulos-service","timestamp":"2026-06-03T12:15:14.250Z"}
{"level":"info","message":"🌐 Millennium request: GET /MILLENIUM!JOIN_ONEUP.LANCAMENTOS.CONSULTALANCAMENTOS?cnpj=03.294.992%2F0001-03&n_documento=117915%2FA","service":"btg-baixa-titulos-service","timestamp":"2026-06-03T12:15:14.250Z"}
{"lancamento":1434907088,"level":"info","message":"ℹ️ Título 117915/A já estava baixado. Processo ignorado.","service":"btg-baixa-titulos-service","situacao":"BAIXADO","timestamp":"2026-06-03T12:15:14.265Z"}
{"level":"info","message":"🔎 Processando título 117845/A","service":"btg-baixa-titulos-service","timestamp":"2026-06-03T12:15:14.269Z"}
{"level":"info","message":"🌐 Millennium request: GET /MILLENIUM!JOIN_ONEUP.LANCAMENTOS.CONSULTALANCAMENTOS?cnpj=03.294.992%2F0001-03&n_documento=117845%2FA","service":"btg-baixa-titulos-service","timestamp":"2026-06-03T12:15:14.269Z"}
{"lancamento":1434906818,"level":"info","message":"ℹ️ Título 117845/A já estava baixado. Processo ignorado.","service":"btg-baixa-titulos-service","situacao":"BAIXADO","timestamp":"2026-06-03T12:15:14.285Z"}
{"level":"info","message":"🔎 Processando título 117241/A","service":"btg-baixa-titulos-service","timestamp":"2026-06-03T12:15:14.287Z"}
{"level":"info","message":"🌐 Millennium request: GET /MILLENIUM!JOIN_ONEUP.LANCAMENTOS.CONSULTALANCAMENTOS?cnpj=03.294.992%2F0001-03&n_documento=117241%2FA","service":"btg-baixa-titulos-service","timestamp":"2026-06-03T12:15:14.287Z"}
{"lancamento":1434902858,"level":"info","message":"ℹ️ Título 117241/A já estava baixado. Processo ignorado.","service":"btg-baixa-titulos-service","situacao":"BAIXADO","timestamp":"2026-06-03T12:15:14.303Z"}
{"level":"info","message":"🔎 Processando título 118023/A","service":"btg-baixa-titulos-service","timestamp":"2026-06-03T12:15:14.305Z"}
{"level":"info","message":"🌐 Millennium request: GET /MILLENIUM!JOIN_ONEUP.LANCAMENTOS.CONSULTALANCAMENTOS?cnpj=50.649.490%2F0001-20&n_documento=118023%2FA","service":"btg-baixa-titulos-service","timestamp":"2026-06-03T12:15:14.305Z"}
{"lancamento":1434907456,"level":"info","message":"ℹ️ Título 118023/A já estava baixado. Processo ignorado.","service":"btg-baixa-titulos-service","situacao":"BAIXADO","timestamp":"2026-06-03T12:15:14.408Z"}
{"level":"info","message":"🔎 Processando título 117909/B","service":"btg-baixa-titulos-service","timestamp":"2026-06-03T12:15:14.414Z"}
{"level":"info","message":"🌐 Millennium request: GET /MILLENIUM!JOIN_ONEUP.LANCAMENTOS.CONSULTALANCAMENTOS?cnpj=73.652.158%2F0001-10&n_documento=117909%2FB","service":"btg-baixa-titulos-service","timestamp":"2026-06-03T12:15:14.414Z"}
{"lancamento":1434907062,"level":"info","message":"ℹ️ Título 117909/B já estava baixado. Processo ignorado.","service":"btg-baixa-titulos-service","situacao":"BAIXADO","timestamp":"2026-06-03T12:15:14.432Z"}
{"level":"info","message":"🔎 Processando título 117763/B","service":"btg-baixa-titulos-service","timestamp":"2026-06-03T12:15:14.435Z"}
{"level":"info","message":"🌐 Millennium request: GET /MILLENIUM!JOIN_ONEUP.LANCAMENTOS.CONSULTALANCAMENTOS?cnpj=73.652.158%2F0001-10&n_documento=117763%2FB","service":"btg-baixa-titulos-service","timestamp":"2026-06-03T12:15:14.435Z"}
{"lancamento":1434906204,"level":"info","message":"ℹ️ Título 117763/B já estava baixado. Processo ignorado.","service":"btg-baixa-titulos-service","situacao":"BAIXADO","timestamp":"2026-06-03T12:15:14.450Z"}
{"level":"info","message":"🔎 Processando título 117909/A","service":"btg-baixa-titulos-service","timestamp":"2026-06-03T12:15:14.453Z"}
{"level":"info","message":"🌐 Millennium request: GET /MILLENIUM!JOIN_ONEUP.LANCAMENTOS.CONSULTALANCAMENTOS?cnpj=73.652.158%2F0001-10&n_documento=117909%2FA","service":"btg-baixa-titulos-service","timestamp":"2026-06-03T12:15:14.453Z"}
{"lancamento":1434907061,"level":"info","message":"ℹ️ Título 117909/A já estava baixado. Processo ignorado.","service":"btg-baixa-titulos-service","situacao":"BAIXADO","timestamp":"2026-06-03T12:15:14.467Z"}
{"level":"info","message":"🔎 Processando título 117763/A","service":"btg-baixa-titulos-service","timestamp":"2026-06-03T12:15:14.469Z"}
{"level":"info","message":"🌐 Millennium request: GET /MILLENIUM!JOIN_ONEUP.LANCAMENTOS.CONSULTALANCAMENTOS?cnpj=73.652.158%2F0001-10&n_documento=117763%2FA","service":"btg-baixa-titulos-service","timestamp":"2026-06-03T12:15:14.469Z"}
{"lancamento":1434906203,"level":"info","message":"ℹ️ Título 117763/A já estava baixado. Processo ignorado.","service":"btg-baixa-titulos-service","situacao":"BAIXADO","timestamp":"2026-06-03T12:15:14.483Z"}
{"level":"info","message":"🔎 Processando título 117913","service":"btg-baixa-titulos-service","timestamp":"2026-06-03T12:15:14.485Z"}
{"level":"info","message":"🌐 Millennium request: GET /MILLENIUM!JOIN_ONEUP.LANCAMENTOS.CONSULTALANCAMENTOS?cnpj=77.857.555%2F0009-36&n_documento=117913","service":"btg-baixa-titulos-service","timestamp":"2026-06-03T12:15:14.485Z"}
{"lancamento":1434907081,"level":"info","message":"ℹ️ Título 117913 já estava baixado. Processo ignorado.","service":"btg-baixa-titulos-service","situacao":"BAIXADO","timestamp":"2026-06-03T12:15:14.498Z"}
{"level":"info","message":"🔎 Processando título 117810","service":"btg-baixa-titulos-service","timestamp":"2026-06-03T12:15:14.500Z"}
{"level":"info","message":"🌐 Millennium request: GET /MILLENIUM!JOIN_ONEUP.LANCAMENTOS.CONSULTALANCAMENTOS?cnpj=77.857.555%2F0009-36&n_documento=117810","service":"btg-baixa-titulos-service","timestamp":"2026-06-03T12:15:14.500Z"}
{"lancamento":1434906758,"level":"info","message":"ℹ️ Título 117810 já estava baixado. Processo ignorado.","service":"btg-baixa-titulos-service","situacao":"BAIXADO","timestamp":"2026-06-03T12:15:14.515Z"}
{"level":"info","message":"🔎 Processando título 118022","service":"btg-baixa-titulos-service","timestamp":"2026-06-03T12:15:14.517Z"}
{"level":"info","message":"🌐 Millennium request: GET /MILLENIUM!JOIN_ONEUP.LANCAMENTOS.CONSULTALANCAMENTOS?cnpj=01.009.793%2F0001-72&n_documento=118022","service":"btg-baixa-titulos-service","timestamp":"2026-06-03T12:15:14.517Z"}
{"lancamento":1434907460,"level":"info","message":"ℹ️ Título 118022 já estava baixado. Processo ignorado.","service":"btg-baixa-titulos-service","situacao":"BAIXADO","timestamp":"2026-06-03T12:15:14.532Z"}
{"level":"info","message":"🔎 Processando título 118020","service":"btg-baixa-titulos-service","timestamp":"2026-06-03T12:15:14.535Z"}
{"level":"info","message":"🌐 Millennium request: GET /MILLENIUM!JOIN_ONEUP.LANCAMENTOS.CONSULTALANCAMENTOS?cnpj=02.355.679%2F0001-67&n_documento=118020","service":"btg-baixa-titulos-service","timestamp":"2026-06-03T12:15:14.535Z"}
{"lancamento":1434907451,"level":"info","message":"ℹ️ Título 118020 já estava baixado. Processo ignorado.","service":"btg-baixa-titulos-service","situacao":"BAIXADO","timestamp":"2026-06-03T12:15:14.548Z"}
{"level":"info","message":"🔎 Processando título 116729/C","service":"btg-baixa-titulos-service","timestamp":"2026-06-03T12:15:14.552Z"}
{"level":"info","message":"🌐 Millennium request: GET /MILLENIUM!JOIN_ONEUP.LANCAMENTOS.CONSULTALANCAMENTOS?cnpj=03.294.992%2F0001-03&n_documento=116729%2FC","service":"btg-baixa-titulos-service","timestamp":"2026-06-03T12:15:14.552Z"}
{"lancamento":1434900397,"level":"info","message":"ℹ️ Título 116729/C já estava baixado. Processo ignorado.","service":"btg-baixa-titulos-service","situacao":"BAIXADO","timestamp":"2026-06-03T12:15:14.566Z"}
{"level":"info","message":"🔎 Processando título 116729/B","service":"btg-baixa-titulos-service","timestamp":"2026-06-03T12:15:14.568Z"}
{"level":"info","message":"🌐 Millennium request: GET /MILLENIUM!JOIN_ONEUP.LANCAMENTOS.CONSULTALANCAMENTOS?cnpj=03.294.992%2F0001-03&n_documento=116729%2FB","service":"btg-baixa-titulos-service","timestamp":"2026-06-03T12:15:14.568Z"}
{"lancamento":1434900396,"level":"info","message":"ℹ️ Título 116729/B já estava baixado. Processo ignorado.","service":"btg-baixa-titulos-service","situacao":"BAIXADO","timestamp":"2026-06-03T12:15:14.582Z"}
{"level":"info","message":"🔎 Processando título 116729/A","service":"btg-baixa-titulos-service","timestamp":"2026-06-03T12:15:14.585Z"}
{"level":"info","message":"🌐 Millennium request: GET /MILLENIUM!JOIN_ONEUP.LANCAMENTOS.CONSULTALANCAMENTOS?cnpj=03.294.992%2F0001-03&n_documento=116729%2FA","service":"btg-baixa-titulos-service","timestamp":"2026-06-03T12:15:14.585Z"}
{"lancamento":1434900395,"level":"info","message":"ℹ️ Título 116729/A já estava baixado. Processo ignorado.","service":"btg-baixa-titulos-service","situacao":"BAIXADO","timestamp":"2026-06-03T12:15:14.600Z"}
{"level":"info","message":"🔎 Processando título 116864/B","service":"btg-baixa-titulos-service","timestamp":"2026-06-03T12:15:14.603Z"}
{"level":"info","message":"🌐 Millennium request: GET /MILLENIUM!JOIN_ONEUP.LANCAMENTOS.CONSULTALANCAMENTOS?cnpj=57.408.548%2F0001-92&n_documento=116864%2FB","service":"btg-baixa-titulos-service","timestamp":"2026-06-03T12:15:14.603Z"}
{"lancamento":1434901258,"level":"info","message":"ℹ️ Título 116864/B já estava baixado. Processo ignorado.","service":"btg-baixa-titulos-service","situacao":"BAIXADO","timestamp":"2026-06-03T12:15:14.617Z"}
{"level":"info","message":"🔎 Processando título 116864/A","service":"btg-baixa-titulos-service","timestamp":"2026-06-03T12:15:14.620Z"}
{"level":"info","message":"🌐 Millennium request: GET /MILLENIUM!JOIN_ONEUP.LANCAMENTOS.CONSULTALANCAMENTOS?cnpj=57.408.548%2F0001-92&n_documento=116864%2FA","service":"btg-baixa-titulos-service","timestamp":"2026-06-03T12:15:14.620Z"}
{"lancamento":1434901257,"level":"info","message":"ℹ️ Título 116864/A já estava baixado. Processo ignorado.","service":"btg-baixa-titulos-service","situacao":"BAIXADO","timestamp":"2026-06-03T12:15:14.638Z"}
{"level":"info","message":"🔎 Processando título 116617/C","service":"btg-baixa-titulos-service","timestamp":"2026-06-03T12:15:14.641Z"}
{"level":"info","message":"🌐 Millennium request: GET /MILLENIUM!JOIN_ONEUP.LANCAMENTOS.CONSULTALANCAMENTOS?cnpj=44.999.259%2F0001-63&n_documento=116617%2FC","service":"btg-baixa-titulos-service","timestamp":"2026-06-03T12:15:14.641Z"}
{"lancamento":1434899999,"level":"info","message":"ℹ️ Título 116617/C já estava baixado. Processo ignorado.","service":"btg-baixa-titulos-service","situacao":"BAIXADO","timestamp":"2026-06-03T12:15:14.660Z"}
{"level":"info","message":"🔎 Processando título 116617/B","service":"btg-baixa-titulos-service","timestamp":"2026-06-03T12:15:14.662Z"}
{"level":"info","message":"🌐 Millennium request: GET /MILLENIUM!JOIN_ONEUP.LANCAMENTOS.CONSULTALANCAMENTOS?cnpj=44.999.259%2F0001-63&n_documento=116617%2FB","service":"btg-baixa-titulos-service","timestamp":"2026-06-03T12:15:14.662Z"}
{"lancamento":1434899998,"level":"info","message":"ℹ️ Título 116617/B já estava baixado. Processo ignorado.","service":"btg-baixa-titulos-service","situacao":"BAIXADO","timestamp":"2026-06-03T12:15:14.677Z"}
{"level":"info","message":"🔎 Processando título 116617/A","service":"btg-baixa-titulos-service","timestamp":"2026-06-03T12:15:14.679Z"}
{"level":"info","message":"🌐 Millennium request: GET /MILLENIUM!JOIN_ONEUP.LANCAMENTOS.CONSULTALANCAMENTOS?cnpj=44.999.259%2F0001-63&n_documento=116617%2FA","service":"btg-baixa-titulos-service","timestamp":"2026-06-03T12:15:14.679Z"}
{"lancamento":1434899997,"level":"info","message":"ℹ️ Título 116617/A já estava baixado. Processo ignorado.","service":"btg-baixa-titulos-service","situacao":"BAIXADO","timestamp":"2026-06-03T12:15:14.693Z"}
{"level":"info","message":"🔎 Processando título 116058","service":"btg-baixa-titulos-service","timestamp":"2026-06-03T12:15:14.696Z"}
{"level":"info","message":"🌐 Millennium request: GET /MILLENIUM!JOIN_ONEUP.LANCAMENTOS.CONSULTALANCAMENTOS?cnpj=02.355.679%2F0001-67&n_documento=116058","service":"btg-baixa-titulos-service","timestamp":"2026-06-03T12:15:14.696Z"}
{"lancamento":1434897658,"level":"info","message":"ℹ️ Título 116058 já estava baixado. Processo ignorado.","service":"btg-baixa-titulos-service","situacao":"BAIXADO","timestamp":"2026-06-03T12:15:14.709Z"}
{"level":"info","message":"🔎 Processando título 116055","service":"btg-baixa-titulos-service","timestamp":"2026-06-03T12:15:14.712Z"}
{"level":"info","message":"🌐 Millennium request: GET /MILLENIUM!JOIN_ONEUP.LANCAMENTOS.CONSULTALANCAMENTOS?cnpj=01.009.793%2F0001-72&n_documento=116055","service":"btg-baixa-titulos-service","timestamp":"2026-06-03T12:15:14.712Z"}
{"lancamento":1434897633,"level":"info","message":"ℹ️ Título 116055 já estava baixado. Processo ignorado.","service":"btg-baixa-titulos-service","situacao":"BAIXADO","timestamp":"2026-06-03T12:15:14.729Z"}
{"level":"info","message":"🔎 Processando título 116077/C","service":"btg-baixa-titulos-service","timestamp":"2026-06-03T12:15:14.732Z"}
{"level":"info","message":"🌐 Millennium request: GET /MILLENIUM!JOIN_ONEUP.LANCAMENTOS.CONSULTALANCAMENTOS?cnpj=57.408.548%2F0001-92&n_documento=116077%2FC","service":"btg-baixa-titulos-service","timestamp":"2026-06-03T12:15:14.732Z"}
{"lancamento":1434897776,"level":"info","message":"ℹ️ Título 116077/C já estava baixado. Processo ignorado.","service":"btg-baixa-titulos-service","situacao":"BAIXADO","timestamp":"2026-06-03T12:15:14.744Z"}
{"level":"info","message":"🔎 Processando título 116071/D","service":"btg-baixa-titulos-service","timestamp":"2026-06-03T12:15:14.748Z"}
{"level":"info","message":"🌐 Millennium request: GET /MILLENIUM!JOIN_ONEUP.LANCAMENTOS.CONSULTALANCAMENTOS?cnpj=06.181.589%2F0001-58&n_documento=116071%2FD","service":"btg-baixa-titulos-service","timestamp":"2026-06-03T12:15:14.748Z"}
{"lancamento":1434897750,"level":"info","message":"ℹ️ Título 116071/D já estava baixado. Processo ignorado.","service":"btg-baixa-titulos-service","situacao":"BAIXADO","timestamp":"2026-06-03T12:15:14.763Z"}
{"level":"info","message":"🔎 Processando título 116070/D","service":"btg-baixa-titulos-service","timestamp":"2026-06-03T12:15:14.766Z"}
{"level":"info","message":"🌐 Millennium request: GET /MILLENIUM!JOIN_ONEUP.LANCAMENTOS.CONSULTALANCAMENTOS?cnpj=03.247.651%2F0001-79&n_documento=116070%2FD","service":"btg-baixa-titulos-service","timestamp":"2026-06-03T12:15:14.766Z"}
{"lancamento":1434897743,"level":"info","message":"ℹ️ Título 116070/D já estava baixado. Processo ignorado.","service":"btg-baixa-titulos-service","situacao":"BAIXADO","timestamp":"2026-06-03T12:15:14.781Z"}
{"level":"info","message":"🔎 Processando título 116074/B","service":"btg-baixa-titulos-service","timestamp":"2026-06-03T12:15:14.783Z"}
{"level":"info","message":"🌐 Millennium request: GET /MILLENIUM!JOIN_ONEUP.LANCAMENTOS.CONSULTALANCAMENTOS?cnpj=59.205.187%2F0001-02&n_documento=116074%2FB","service":"btg-baixa-titulos-service","timestamp":"2026-06-03T12:15:14.783Z"}
{"lancamento":1434897763,"level":"info","message":"ℹ️ Título 116074/B já estava baixado. Processo ignorado.","service":"btg-baixa-titulos-service","situacao":"BAIXADO","timestamp":"2026-06-03T12:15:14.798Z"}
{"level":"info","message":"🔎 Processando título 116072/B","service":"btg-baixa-titulos-service","timestamp":"2026-06-03T12:15:14.801Z"}
{"level":"info","message":"🌐 Millennium request: GET /MILLENIUM!JOIN_ONEUP.LANCAMENTOS.CONSULTALANCAMENTOS?cnpj=21.067.137%2F0001-33&n_documento=116072%2FB","service":"btg-baixa-titulos-service","timestamp":"2026-06-03T12:15:14.801Z"}
{"lancamento":1434897756,"level":"info","message":"ℹ️ Título 116072/B já estava baixado. Processo ignorado.","service":"btg-baixa-titulos-service","situacao":"BAIXADO","timestamp":"2026-06-03T12:15:14.816Z"}
{"level":"info","message":"🔎 Processando título 116069/D","service":"btg-baixa-titulos-service","timestamp":"2026-06-03T12:15:14.819Z"}
{"level":"info","message":"🌐 Millennium request: GET /MILLENIUM!JOIN_ONEUP.LANCAMENTOS.CONSULTALANCAMENTOS?cnpj=03.294.992%2F0001-03&n_documento=116069%2FD","service":"btg-baixa-titulos-service","timestamp":"2026-06-03T12:15:14.819Z"}
{"lancamento":1434897738,"level":"info","message":"📝 Atualizando título 116069/D","payload":{"lancamento":1434897738,"linhaDigitavel":"20890050091724892641686031005803114610000512384","nossoNumero":"97581872489264186","valorJuros":0},"service":"btg-baixa-titulos-service","timestamp":"2026-06-03T12:15:14.923Z"}
{"level":"info","message":"🌐 Millennium request: POST /MILLENIUM!JOIN_ONEUP.LANCAMENTOS.INSEREINFO","service":"btg-baixa-titulos-service","timestamp":"2026-06-03T12:15:14.924Z"}
{"lancamento":1434897738,"level":"info","message":"✅ Título atualizado com sucesso","numeroDocumento":"116069/D","service":"btg-baixa-titulos-service","timestamp":"2026-06-03T12:15:14.946Z","transId":340643566}
{"lancamento":1434897738,"level":"info","message":"💰 Iniciando baixa do título 116069/D","payload":{"CONCILIADO":true,"CONTA":1431333549,"DATA_PAGAMENTO":"2026-06-02","EFETUADO":true,"FILIAL":5,"GERA_OUTRO":false,"LANCAMENTO":1434897738,"OBS":"2026-06-03T12:15:14.946Z - Baixa por retorno automacao importacao excel","STATUS_BAIXA":"N","VALOR":5151.16,"acres_decres":27.32,"valor_pago":5151.16},"service":"btg-baixa-titulos-service","timestamp":"2026-06-03T12:15:14.947Z"}
{"dataPagamento":"2026-06-02","level":"info","message":"📅 Payload da baixa","service":"btg-baixa-titulos-service","timestamp":"2026-06-03T12:15:14.947Z"}
{"level":"info","message":"🌐 Millennium request: POST /millenium/titulos/baixa","service":"btg-baixa-titulos-service","timestamp":"2026-06-03T12:15:14.947Z"}
{"baixa":1435957156,"level":"info","message":"✅ Título baixado com sucesso","numeroDocumento":"116069/D","service":"btg-baixa-titulos-service","timestamp":"2026-06-03T12:15:15.068Z","valor":5151.16}
{"level":"info","message":"✅ Fluxo concluído para 116069/D","service":"btg-baixa-titulos-service","timestamp":"2026-06-03T12:15:15.069Z"}
{"level":"info","message":"🔎 Processando título 116071/B","service":"btg-baixa-titulos-service","timestamp":"2026-06-03T12:15:15.074Z"}
{"level":"info","message":"🌐 Millennium request: GET /MILLENIUM!JOIN_ONEUP.LANCAMENTOS.CONSULTALANCAMENTOS?cnpj=06.181.589%2F0001-58&n_documento=116071%2FB","service":"btg-baixa-titulos-service","timestamp":"2026-06-03T12:15:15.075Z"}
{"lancamento":1434897748,"level":"info","message":"ℹ️ Título 116071/B já estava baixado. Processo ignorado.","service":"btg-baixa-titulos-service","situacao":"BAIXADO","timestamp":"2026-06-03T12:15:15.091Z"}
{"level":"info","message":"🔎 Processando título 116068/D","service":"btg-baixa-titulos-service","timestamp":"2026-06-03T12:15:15.095Z"}
{"level":"info","message":"🌐 Millennium request: GET /MILLENIUM!JOIN_ONEUP.LANCAMENTOS.CONSULTALANCAMENTOS?cnpj=44.999.259%2F0001-63&n_documento=116068%2FD","service":"btg-baixa-titulos-service","timestamp":"2026-06-03T12:15:15.095Z"}
{"lancamento":1434897733,"level":"info","message":"ℹ️ Título 116068/D já estava baixado. Processo ignorado.","service":"btg-baixa-titulos-service","situacao":"BAIXADO","timestamp":"2026-06-03T12:15:15.111Z"}
{"level":"info","message":"🔎 Processando título 116070/B","service":"btg-baixa-titulos-service","timestamp":"2026-06-03T12:15:15.113Z"}
{"level":"info","message":"🌐 Millennium request: GET /MILLENIUM!JOIN_ONEUP.LANCAMENTOS.CONSULTALANCAMENTOS?cnpj=03.247.651%2F0001-79&n_documento=116070%2FB","service":"btg-baixa-titulos-service","timestamp":"2026-06-03T12:15:15.113Z"}
{"lancamento":1434897741,"level":"info","message":"ℹ️ Título 116070/B já estava baixado. Processo ignorado.","service":"btg-baixa-titulos-service","situacao":"BAIXADO","timestamp":"2026-06-03T12:15:15.127Z"}
{"level":"info","message":"🔎 Processando título 116059/D","service":"btg-baixa-titulos-service","timestamp":"2026-06-03T12:15:15.128Z"}
{"level":"info","message":"🌐 Millennium request: GET /MILLENIUM!JOIN_ONEUP.LANCAMENTOS.CONSULTALANCAMENTOS?cnpj=00.768.271%2F0001-91&n_documento=116059%2FD","service":"btg-baixa-titulos-service","timestamp":"2026-06-03T12:15:15.128Z"}
{"lancamento":1434897663,"level":"info","message":"ℹ️ Título 116059/D já estava baixado. Processo ignorado.","service":"btg-baixa-titulos-service","situacao":"BAIXADO","timestamp":"2026-06-03T12:15:15.145Z"}
{"level":"info","message":"🔎 Processando título 116057/D","service":"btg-baixa-titulos-service","timestamp":"2026-06-03T12:15:15.146Z"}
{"level":"info","message":"🌐 Millennium request: GET /MILLENIUM!JOIN_ONEUP.LANCAMENTOS.CONSULTALANCAMENTOS?cnpj=73.652.158%2F0001-10&n_documento=116057%2FD","service":"btg-baixa-titulos-service","timestamp":"2026-06-03T12:15:15.146Z"}
{"lancamento":1434897656,"level":"info","message":"ℹ️ Título 116057/D já estava baixado. Processo ignorado.","service":"btg-baixa-titulos-service","situacao":"BAIXADO","timestamp":"2026-06-03T12:15:15.162Z"}
{"level":"info","message":"🔎 Processando título 116069/B","service":"btg-baixa-titulos-service","timestamp":"2026-06-03T12:15:15.164Z"}
{"level":"info","message":"🌐 Millennium request: GET /MILLENIUM!JOIN_ONEUP.LANCAMENTOS.CONSULTALANCAMENTOS?cnpj=03.294.992%2F0001-03&n_documento=116069%2FB","service":"btg-baixa-titulos-service","timestamp":"2026-06-03T12:15:15.164Z"}
{"lancamento":1434897736,"level":"info","message":"ℹ️ Título 116069/B já estava baixado. Processo ignorado.","service":"btg-baixa-titulos-service","situacao":"BAIXADO","timestamp":"2026-06-03T12:15:15.180Z"}
{"level":"info","message":"🔎 Processando título 116036/D","service":"btg-baixa-titulos-service","timestamp":"2026-06-03T12:15:15.181Z"}
{"level":"info","message":"🌐 Millennium request: GET /MILLENIUM!JOIN_ONEUP.LANCAMENTOS.CONSULTALANCAMENTOS?cnpj=50.649.490%2F0001-20&n_documento=116036%2FD","service":"btg-baixa-titulos-service","timestamp":"2026-06-03T12:15:15.181Z"}
{"lancamento":1434897517,"level":"info","message":"ℹ️ Título 116036/D já estava baixado. Processo ignorado.","service":"btg-baixa-titulos-service","situacao":"BAIXADO","timestamp":"2026-06-03T12:15:15.196Z"}
{"level":"info","message":"🔎 Processando título 116068/B","service":"btg-baixa-titulos-service","timestamp":"2026-06-03T12:15:15.198Z"}
{"level":"info","message":"🌐 Millennium request: GET /MILLENIUM!JOIN_ONEUP.LANCAMENTOS.CONSULTALANCAMENTOS?cnpj=44.999.259%2F0001-63&n_documento=116068%2FB","service":"btg-baixa-titulos-service","timestamp":"2026-06-03T12:15:15.198Z"}
{"lancamento":1434897731,"level":"info","message":"ℹ️ Título 116068/B já estava baixado. Processo ignorado.","service":"btg-baixa-titulos-service","situacao":"BAIXADO","timestamp":"2026-06-03T12:15:15.213Z"}
{"level":"info","message":"🔎 Processando título 114867/D","service":"btg-baixa-titulos-service","timestamp":"2026-06-03T12:15:15.214Z"}
{"level":"info","message":"🌐 Millennium request: GET /MILLENIUM!JOIN_ONEUP.LANCAMENTOS.CONSULTALANCAMENTOS?cnpj=44.999.259%2F0001-63&n_documento=114867%2FD","service":"btg-baixa-titulos-service","timestamp":"2026-06-03T12:15:15.215Z"}
{"lancamento":1434892199,"level":"info","message":"ℹ️ Título 114867/D já estava baixado. Processo ignorado.","service":"btg-baixa-titulos-service","situacao":"BAIXADO","timestamp":"2026-06-03T12:15:15.230Z"}
{"level":"info","message":"🔎 Processando título 116059/B","service":"btg-baixa-titulos-service","timestamp":"2026-06-03T12:15:15.232Z"}
{"level":"info","message":"🌐 Millennium request: GET /MILLENIUM!JOIN_ONEUP.LANCAMENTOS.CONSULTALANCAMENTOS?cnpj=00.768.271%2F0001-91&n_documento=116059%2FB","service":"btg-baixa-titulos-service","timestamp":"2026-06-03T12:15:15.232Z"}
{"lancamento":1434897661,"level":"info","message":"ℹ️ Título 116059/B já estava baixado. Processo ignorado.","service":"btg-baixa-titulos-service","situacao":"BAIXADO","timestamp":"2026-06-03T12:15:15.247Z"}
{"level":"info","message":"🔎 Processando título 116057/B","service":"btg-baixa-titulos-service","timestamp":"2026-06-03T12:15:15.249Z"}
{"level":"info","message":"🌐 Millennium request: GET /MILLENIUM!JOIN_ONEUP.LANCAMENTOS.CONSULTALANCAMENTOS?cnpj=73.652.158%2F0001-10&n_documento=116057%2FB","service":"btg-baixa-titulos-service","timestamp":"2026-06-03T12:15:15.249Z"}
{"lancamento":1434897654,"level":"info","message":"ℹ️ Título 116057/B já estava baixado. Processo ignorado.","service":"btg-baixa-titulos-service","situacao":"BAIXADO","timestamp":"2026-06-03T12:15:15.266Z"}
{"level":"info","message":"🔎 Processando título 116078/C","service":"btg-baixa-titulos-service","timestamp":"2026-06-03T12:15:15.268Z"}
{"level":"info","message":"🌐 Millennium request: GET /MILLENIUM!JOIN_ONEUP.LANCAMENTOS.CONSULTALANCAMENTOS?cnpj=01.934.454%2F0001-00&n_documento=116078%2FC","service":"btg-baixa-titulos-service","timestamp":"2026-06-03T12:15:15.268Z"}
{"lancamento":1434897839,"level":"info","message":"ℹ️ Título 116078/C já estava baixado. Processo ignorado.","service":"btg-baixa-titulos-service","situacao":"BAIXADO","timestamp":"2026-06-03T12:15:15.283Z"}
{"level":"info","message":"🔎 Processando título 116036/B","service":"btg-baixa-titulos-service","timestamp":"2026-06-03T12:15:15.285Z"}
{"level":"info","message":"🌐 Millennium request: GET /MILLENIUM!JOIN_ONEUP.LANCAMENTOS.CONSULTALANCAMENTOS?cnpj=50.649.490%2F0001-20&n_documento=116036%2FB","service":"btg-baixa-titulos-service","timestamp":"2026-06-03T12:15:15.285Z"}
{"lancamento":1434897515,"level":"info","message":"ℹ️ Título 116036/B já estava baixado. Processo ignorado.","service":"btg-baixa-titulos-service","situacao":"BAIXADO","timestamp":"2026-06-03T12:15:15.301Z"}
{"level":"info","message":"🔎 Processando título 116077/B","service":"btg-baixa-titulos-service","timestamp":"2026-06-03T12:15:15.303Z"}
{"level":"info","message":"🌐 Millennium request: GET /MILLENIUM!JOIN_ONEUP.LANCAMENTOS.CONSULTALANCAMENTOS?cnpj=57.408.548%2F0001-92&n_documento=116077%2FB","service":"btg-baixa-titulos-service","timestamp":"2026-06-03T12:15:15.303Z"}
{"lancamento":1434897775,"level":"info","message":"ℹ️ Título 116077/B já estava baixado. Processo ignorado.","service":"btg-baixa-titulos-service","situacao":"BAIXADO","timestamp":"2026-06-03T12:15:15.319Z"}
{"level":"info","message":"🔎 Processando título 115849/B","service":"btg-baixa-titulos-service","timestamp":"2026-06-03T12:15:15.321Z"}
{"level":"info","message":"🌐 Millennium request: GET /MILLENIUM!JOIN_ONEUP.LANCAMENTOS.CONSULTALANCAMENTOS?cnpj=50.649.490%2F0001-20&n_documento=115849%2FB","service":"btg-baixa-titulos-service","timestamp":"2026-06-03T12:15:15.321Z"}
{"lancamento":1434896985,"level":"info","message":"ℹ️ Título 115849/B já estava baixado. Processo ignorado.","service":"btg-baixa-titulos-service","situacao":"BAIXADO","timestamp":"2026-06-03T12:15:15.337Z"}
{"level":"info","message":"🔎 Processando título 116074/C","service":"btg-baixa-titulos-service","timestamp":"2026-06-03T12:15:15.339Z"}
{"level":"info","message":"🌐 Millennium request: GET /MILLENIUM!JOIN_ONEUP.LANCAMENTOS.CONSULTALANCAMENTOS?cnpj=59.205.187%2F0001-02&n_documento=116074%2FC","service":"btg-baixa-titulos-service","timestamp":"2026-06-03T12:15:15.339Z"}
{"lancamento":1434897764,"level":"info","message":"ℹ️ Título 116074/C já estava baixado. Processo ignorado.","service":"btg-baixa-titulos-service","situacao":"BAIXADO","timestamp":"2026-06-03T12:15:15.447Z"}
{"level":"info","message":"🔎 Processando título 115848/B","service":"btg-baixa-titulos-service","timestamp":"2026-06-03T12:15:15.453Z"}
{"level":"info","message":"🌐 Millennium request: GET /MILLENIUM!JOIN_ONEUP.LANCAMENTOS.CONSULTALANCAMENTOS?cnpj=50.649.490%2F0001-20&n_documento=115848%2FB","service":"btg-baixa-titulos-service","timestamp":"2026-06-03T12:15:15.453Z"}
{"lancamento":1434896981,"level":"info","message":"ℹ️ Título 115848/B já estava baixado. Processo ignorado.","service":"btg-baixa-titulos-service","situacao":"BAIXADO","timestamp":"2026-06-03T12:15:15.505Z"}
{"level":"info","message":"🔎 Processando título 116071/A","service":"btg-baixa-titulos-service","timestamp":"2026-06-03T12:15:15.510Z"}
{"level":"info","message":"🌐 Millennium request: GET /MILLENIUM!JOIN_ONEUP.LANCAMENTOS.CONSULTALANCAMENTOS?cnpj=06.181.589%2F0001-58&n_documento=116071%2FA","service":"btg-baixa-titulos-service","timestamp":"2026-06-03T12:15:15.510Z"}
{"lancamento":1434897747,"level":"info","message":"ℹ️ Título 116071/A já estava baixado. Processo ignorado.","service":"btg-baixa-titulos-service","situacao":"BAIXADO","timestamp":"2026-06-03T12:15:15.558Z"}
{"level":"info","message":"🔎 Processando título 116070/A","service":"btg-baixa-titulos-service","timestamp":"2026-06-03T12:15:15.563Z"}
{"level":"info","message":"🌐 Millennium request: GET /MILLENIUM!JOIN_ONEUP.LANCAMENTOS.CONSULTALANCAMENTOS?cnpj=03.247.651%2F0001-79&n_documento=116070%2FA","service":"btg-baixa-titulos-service","timestamp":"2026-06-03T12:15:15.563Z"}
{"lancamento":1434897740,"level":"info","message":"ℹ️ Título 116070/A já estava baixado. Processo ignorado.","service":"btg-baixa-titulos-service","situacao":"BAIXADO","timestamp":"2026-06-03T12:15:15.593Z"}
{"level":"info","message":"🔎 Processando título 116071/C","service":"btg-baixa-titulos-service","timestamp":"2026-06-03T12:15:15.598Z"}
{"level":"info","message":"🌐 Millennium request: GET /MILLENIUM!JOIN_ONEUP.LANCAMENTOS.CONSULTALANCAMENTOS?cnpj=06.181.589%2F0001-58&n_documento=116071%2FC","service":"btg-baixa-titulos-service","timestamp":"2026-06-03T12:15:15.598Z"}
{"lancamento":1434897749,"level":"info","message":"ℹ️ Título 116071/C já estava baixado. Processo ignorado.","service":"btg-baixa-titulos-service","situacao":"BAIXADO","timestamp":"2026-06-03T12:15:15.615Z"}
{"level":"info","message":"🔎 Processando título 116069/A","service":"btg-baixa-titulos-service","timestamp":"2026-06-03T12:15:15.618Z"}
{"level":"info","message":"🌐 Millennium request: GET /MILLENIUM!JOIN_ONEUP.LANCAMENTOS.CONSULTALANCAMENTOS?cnpj=03.294.992%2F0001-03&n_documento=116069%2FA","service":"btg-baixa-titulos-service","timestamp":"2026-06-03T12:15:15.618Z"}
{"lancamento":1434897735,"level":"info","message":"ℹ️ Título 116069/A já estava baixado. Processo ignorado.","service":"btg-baixa-titulos-service","situacao":"BAIXADO","timestamp":"2026-06-03T12:15:15.633Z"}
{"level":"info","message":"🔎 Processando título 116070/C","service":"btg-baixa-titulos-service","timestamp":"2026-06-03T12:15:15.636Z"}
{"level":"info","message":"🌐 Millennium request: GET /MILLENIUM!JOIN_ONEUP.LANCAMENTOS.CONSULTALANCAMENTOS?cnpj=03.247.651%2F0001-79&n_documento=116070%2FC","service":"btg-baixa-titulos-service","timestamp":"2026-06-03T12:15:15.636Z"}
{"lancamento":1434897742,"level":"info","message":"ℹ️ Título 116070/C já estava baixado. Processo ignorado.","service":"btg-baixa-titulos-service","situacao":"BAIXADO","timestamp":"2026-06-03T12:15:15.650Z"}
{"level":"info","message":"🔎 Processando título 116078/A","service":"btg-baixa-titulos-service","timestamp":"2026-06-03T12:15:15.654Z"}
{"level":"info","message":"🌐 Millennium request: GET /MILLENIUM!JOIN_ONEUP.LANCAMENTOS.CONSULTALANCAMENTOS?cnpj=01.934.454%2F0001-00&n_documento=116078%2FA","service":"btg-baixa-titulos-service","timestamp":"2026-06-03T12:15:15.654Z"}
{"lancamento":1434897837,"level":"info","message":"ℹ️ Título 116078/A já estava baixado. Processo ignorado.","service":"btg-baixa-titulos-service","situacao":"BAIXADO","timestamp":"2026-06-03T12:15:15.670Z"}
{"level":"info","message":"🔎 Processando título 116069/C","service":"btg-baixa-titulos-service","timestamp":"2026-06-03T12:15:15.673Z"}
{"level":"info","message":"🌐 Millennium request: GET /MILLENIUM!JOIN_ONEUP.LANCAMENTOS.CONSULTALANCAMENTOS?cnpj=03.294.992%2F0001-03&n_documento=116069%2FC","service":"btg-baixa-titulos-service","timestamp":"2026-06-03T12:15:15.673Z"}
{"lancamento":1434897737,"level":"info","message":"ℹ️ Título 116069/C já estava baixado. Processo ignorado.","service":"btg-baixa-titulos-service","situacao":"BAIXADO","timestamp":"2026-06-03T12:15:15.686Z"}
{"level":"info","message":"🔎 Processando título 116074/A","service":"btg-baixa-titulos-service","timestamp":"2026-06-03T12:15:15.689Z"}
{"level":"info","message":"🌐 Millennium request: GET /MILLENIUM!JOIN_ONEUP.LANCAMENTOS.CONSULTALANCAMENTOS?cnpj=59.205.187%2F0001-02&n_documento=116074%2FA","service":"btg-baixa-titulos-service","timestamp":"2026-06-03T12:15:15.689Z"}
{"lancamento":1434897762,"level":"info","message":"ℹ️ Título 116074/A já estava baixado. Processo ignorado.","service":"btg-baixa-titulos-service","situacao":"BAIXADO","timestamp":"2026-06-03T12:15:15.703Z"}
{"level":"info","message":"🔎 Processando título 116059/A","service":"btg-baixa-titulos-service","timestamp":"2026-06-03T12:15:15.706Z"}
{"level":"info","message":"🌐 Millennium request: GET /MILLENIUM!JOIN_ONEUP.LANCAMENTOS.CONSULTALANCAMENTOS?cnpj=00.768.271%2F0001-91&n_documento=116059%2FA","service":"btg-baixa-titulos-service","timestamp":"2026-06-03T12:15:15.706Z"}
{"lancamento":1434897660,"level":"info","message":"ℹ️ Título 116059/A já estava baixado. Processo ignorado.","service":"btg-baixa-titulos-service","situacao":"BAIXADO","timestamp":"2026-06-03T12:15:15.725Z"}
{"level":"info","message":"🔎 Processando título 116068/C","service":"btg-baixa-titulos-service","timestamp":"2026-06-03T12:15:15.728Z"}
{"level":"info","message":"🌐 Millennium request: GET /MILLENIUM!JOIN_ONEUP.LANCAMENTOS.CONSULTALANCAMENTOS?cnpj=44.999.259%2F0001-63&n_documento=116068%2FC","service":"btg-baixa-titulos-service","timestamp":"2026-06-03T12:15:15.728Z"}
{"lancamento":1434897732,"level":"info","message":"ℹ️ Título 116068/C já estava baixado. Processo ignorado.","service":"btg-baixa-titulos-service","situacao":"BAIXADO","timestamp":"2026-06-03T12:15:15.748Z"}
{"level":"info","message":"🔎 Processando título 114867/B","service":"btg-baixa-titulos-service","timestamp":"2026-06-03T12:15:15.750Z"}
{"level":"info","message":"🌐 Millennium request: GET /MILLENIUM!JOIN_ONEUP.LANCAMENTOS.CONSULTALANCAMENTOS?cnpj=44.999.259%2F0001-63&n_documento=114867%2FB","service":"btg-baixa-titulos-service","timestamp":"2026-06-03T12:15:15.750Z"}
{"lancamento":1434892197,"level":"info","message":"ℹ️ Título 114867/B já estava baixado. Processo ignorado.","service":"btg-baixa-titulos-service","situacao":"BAIXADO","timestamp":"2026-06-03T12:15:15.764Z"}
{"level":"info","message":"🔎 Processando título 116068/A","service":"btg-baixa-titulos-service","timestamp":"2026-06-03T12:15:15.767Z"}
{"level":"info","message":"🌐 Millennium request: GET /MILLENIUM!JOIN_ONEUP.LANCAMENTOS.CONSULTALANCAMENTOS?cnpj=44.999.259%2F0001-63&n_documento=116068%2FA","service":"btg-baixa-titulos-service","timestamp":"2026-06-03T12:15:15.767Z"}
{"lancamento":1434897730,"level":"info","message":"ℹ️ Título 116068/A já estava baixado. Processo ignorado.","service":"btg-baixa-titulos-service","situacao":"BAIXADO","timestamp":"2026-06-03T12:15:15.782Z"}
{"level":"info","message":"🔎 Processando título 114867/A","service":"btg-baixa-titulos-service","timestamp":"2026-06-03T12:15:15.785Z"}
{"level":"info","message":"🌐 Millennium request: GET /MILLENIUM!JOIN_ONEUP.LANCAMENTOS.CONSULTALANCAMENTOS?cnpj=44.999.259%2F0001-63&n_documento=114867%2FA","service":"btg-baixa-titulos-service","timestamp":"2026-06-03T12:15:15.785Z"}
{"lancamento":1434892196,"level":"info","message":"ℹ️ Título 114867/A já estava baixado. Processo ignorado.","service":"btg-baixa-titulos-service","situacao":"BAIXADO","timestamp":"2026-06-03T12:15:15.799Z"}
{"level":"info","message":"🔎 Processando título 116059/C","service":"btg-baixa-titulos-service","timestamp":"2026-06-03T12:15:15.802Z"}
{"level":"info","message":"🌐 Millennium request: GET /MILLENIUM!JOIN_ONEUP.LANCAMENTOS.CONSULTALANCAMENTOS?cnpj=00.768.271%2F0001-91&n_documento=116059%2FC","service":"btg-baixa-titulos-service","timestamp":"2026-06-03T12:15:15.802Z"}
{"lancamento":1434897662,"level":"info","message":"ℹ️ Título 116059/C já estava baixado. Processo ignorado.","service":"btg-baixa-titulos-service","situacao":"BAIXADO","timestamp":"2026-06-03T12:15:15.816Z"}
{"level":"info","message":"🔎 Processando título 115847/B","service":"btg-baixa-titulos-service","timestamp":"2026-06-03T12:15:15.820Z"}
{"level":"info","message":"🌐 Millennium request: GET /MILLENIUM!JOIN_ONEUP.LANCAMENTOS.CONSULTALANCAMENTOS?cnpj=50.649.490%2F0001-20&n_documento=115847%2FB","service":"btg-baixa-titulos-service","timestamp":"2026-06-03T12:15:15.820Z"}
{"lancamento":1434896977,"level":"info","message":"ℹ️ Título 115847/B já estava baixado. Processo ignorado.","service":"btg-baixa-titulos-service","situacao":"BAIXADO","timestamp":"2026-06-03T12:15:15.834Z"}
{"level":"info","message":"🔎 Processando título 116057/C","service":"btg-baixa-titulos-service","timestamp":"2026-06-03T12:15:15.837Z"}
{"level":"info","message":"🌐 Millennium request: GET /MILLENIUM!JOIN_ONEUP.LANCAMENTOS.CONSULTALANCAMENTOS?cnpj=73.652.158%2F0001-10&n_documento=116057%2FC","service":"btg-baixa-titulos-service","timestamp":"2026-06-03T12:15:15.837Z"}
{"lancamento":1434897655,"level":"info","message":"ℹ️ Título 116057/C já estava baixado. Processo ignorado.","service":"btg-baixa-titulos-service","situacao":"BAIXADO","timestamp":"2026-06-03T12:15:15.855Z"}
{"level":"info","message":"🔎 Processando título 115846/B","service":"btg-baixa-titulos-service","timestamp":"2026-06-03T12:15:15.857Z"}
{"level":"info","message":"🌐 Millennium request: GET /MILLENIUM!JOIN_ONEUP.LANCAMENTOS.CONSULTALANCAMENTOS?cnpj=50.649.490%2F0001-20&n_documento=115846%2FB","service":"btg-baixa-titulos-service","timestamp":"2026-06-03T12:15:15.857Z"}
{"lancamento":1434896973,"level":"info","message":"ℹ️ Título 115846/B já estava baixado. Processo ignorado.","service":"btg-baixa-titulos-service","situacao":"BAIXADO","timestamp":"2026-06-03T12:15:15.969Z"}
{"level":"info","message":"🔎 Processando título 116036/C","service":"btg-baixa-titulos-service","timestamp":"2026-06-03T12:15:15.974Z"}
{"level":"info","message":"🌐 Millennium request: GET /MILLENIUM!JOIN_ONEUP.LANCAMENTOS.CONSULTALANCAMENTOS?cnpj=50.649.490%2F0001-20&n_documento=116036%2FC","service":"btg-baixa-titulos-service","timestamp":"2026-06-03T12:15:15.975Z"}
{"lancamento":1434897516,"level":"info","message":"ℹ️ Título 116036/C já estava baixado. Processo ignorado.","service":"btg-baixa-titulos-service","situacao":"BAIXADO","timestamp":"2026-06-03T12:15:15.997Z"}
{"level":"info","message":"🔎 Processando título 115845/B","service":"btg-baixa-titulos-service","timestamp":"2026-06-03T12:15:16.001Z"}
{"level":"info","message":"🌐 Millennium request: GET /MILLENIUM!JOIN_ONEUP.LANCAMENTOS.CONSULTALANCAMENTOS?cnpj=50.649.490%2F0001-20&n_documento=115845%2FB","service":"btg-baixa-titulos-service","timestamp":"2026-06-03T12:15:16.001Z"}
{"lancamento":1434896969,"level":"info","message":"ℹ️ Título 115845/B já estava baixado. Processo ignorado.","service":"btg-baixa-titulos-service","situacao":"BAIXADO","timestamp":"2026-06-03T12:15:16.017Z"}
{"level":"info","message":"🔎 Processando título 115849/C","service":"btg-baixa-titulos-service","timestamp":"2026-06-03T12:15:16.021Z"}
{"level":"info","message":"🌐 Millennium request: GET /MILLENIUM!JOIN_ONEUP.LANCAMENTOS.CONSULTALANCAMENTOS?cnpj=50.649.490%2F0001-20&n_documento=115849%2FC","service":"btg-baixa-titulos-service","timestamp":"2026-06-03T12:15:16.021Z"}
{"lancamento":1434896986,"level":"info","message":"ℹ️ Título 115849/C já estava baixado. Processo ignorado.","service":"btg-baixa-titulos-service","situacao":"BAIXADO","timestamp":"2026-06-03T12:15:16.036Z"}
{"level":"info","message":"🔎 Processando título 115843/B","service":"btg-baixa-titulos-service","timestamp":"2026-06-03T12:15:16.039Z"}
{"level":"info","message":"🌐 Millennium request: GET /MILLENIUM!JOIN_ONEUP.LANCAMENTOS.CONSULTALANCAMENTOS?cnpj=50.649.490%2F0001-20&n_documento=115843%2FB","service":"btg-baixa-titulos-service","timestamp":"2026-06-03T12:15:16.039Z"}
{"lancamento":1434896966,"level":"info","message":"ℹ️ Título 115843/B já estava baixado. Processo ignorado.","service":"btg-baixa-titulos-service","situacao":"BAIXADO","timestamp":"2026-06-03T12:15:16.061Z"}
{"level":"info","message":"🔎 Processando título 115848/C","service":"btg-baixa-titulos-service","timestamp":"2026-06-03T12:15:16.065Z"}
{"level":"info","message":"🌐 Millennium request: GET /MILLENIUM!JOIN_ONEUP.LANCAMENTOS.CONSULTALANCAMENTOS?cnpj=50.649.490%2F0001-20&n_documento=115848%2FC","service":"btg-baixa-titulos-service","timestamp":"2026-06-03T12:15:16.065Z"}
{"lancamento":1434896982,"level":"info","message":"ℹ️ Título 115848/C já estava baixado. Processo ignorado.","service":"btg-baixa-titulos-service","situacao":"BAIXADO","timestamp":"2026-06-03T12:15:16.080Z"}
{"level":"info","message":"🔎 Processando título 116036/A","service":"btg-baixa-titulos-service","timestamp":"2026-06-03T12:15:16.083Z"}
{"level":"info","message":"🌐 Millennium request: GET /MILLENIUM!JOIN_ONEUP.LANCAMENTOS.CONSULTALANCAMENTOS?cnpj=50.649.490%2F0001-20&n_documento=116036%2FA","service":"btg-baixa-titulos-service","timestamp":"2026-06-03T12:15:16.083Z"}
{"lancamento":1434897514,"level":"info","message":"ℹ️ Título 116036/A já estava baixado. Processo ignorado.","service":"btg-baixa-titulos-service","situacao":"BAIXADO","timestamp":"2026-06-03T12:15:16.097Z"}
{"level":"info","message":"🔎 Processando título 115847/C","service":"btg-baixa-titulos-service","timestamp":"2026-06-03T12:15:16.102Z"}
{"level":"info","message":"🌐 Millennium request: GET /MILLENIUM!JOIN_ONEUP.LANCAMENTOS.CONSULTALANCAMENTOS?cnpj=50.649.490%2F0001-20&n_documento=115847%2FC","service":"btg-baixa-titulos-service","timestamp":"2026-06-03T12:15:16.102Z"}
{"lancamento":1434896978,"level":"info","message":"ℹ️ Título 115847/C já estava baixado. Processo ignorado.","service":"btg-baixa-titulos-service","situacao":"BAIXADO","timestamp":"2026-06-03T12:15:16.117Z"}
{"level":"info","message":"🔎 Processando título 115849/A","service":"btg-baixa-titulos-service","timestamp":"2026-06-03T12:15:16.119Z"}
{"level":"info","message":"🌐 Millennium request: GET /MILLENIUM!JOIN_ONEUP.LANCAMENTOS.CONSULTALANCAMENTOS?cnpj=50.649.490%2F0001-20&n_documento=115849%2FA","service":"btg-baixa-titulos-service","timestamp":"2026-06-03T12:15:16.119Z"}
{"lancamento":1434896984,"level":"info","message":"ℹ️ Título 115849/A já estava baixado. Processo ignorado.","service":"btg-baixa-titulos-service","situacao":"BAIXADO","timestamp":"2026-06-03T12:15:16.135Z"}
{"level":"info","message":"🔎 Processando título 115846/C","service":"btg-baixa-titulos-service","timestamp":"2026-06-03T12:15:16.138Z"}
{"level":"info","message":"🌐 Millennium request: GET /MILLENIUM!JOIN_ONEUP.LANCAMENTOS.CONSULTALANCAMENTOS?cnpj=50.649.490%2F0001-20&n_documento=115846%2FC","service":"btg-baixa-titulos-service","timestamp":"2026-06-03T12:15:16.138Z"}
{"lancamento":1434896974,"level":"info","message":"ℹ️ Título 115846/C já estava baixado. Processo ignorado.","service":"btg-baixa-titulos-service","situacao":"BAIXADO","timestamp":"2026-06-03T12:15:16.153Z"}
{"level":"info","message":"🔎 Processando título 115848/A","service":"btg-baixa-titulos-service","timestamp":"2026-06-03T12:15:16.156Z"}
{"level":"info","message":"🌐 Millennium request: GET /MILLENIUM!JOIN_ONEUP.LANCAMENTOS.CONSULTALANCAMENTOS?cnpj=50.649.490%2F0001-20&n_documento=115848%2FA","service":"btg-baixa-titulos-service","timestamp":"2026-06-03T12:15:16.156Z"}
{"lancamento":1434896980,"level":"info","message":"ℹ️ Título 115848/A já estava baixado. Processo ignorado.","service":"btg-baixa-titulos-service","situacao":"BAIXADO","timestamp":"2026-06-03T12:15:16.172Z"}
{"level":"info","message":"🔎 Processando título 115847/A","service":"btg-baixa-titulos-service","timestamp":"2026-06-03T12:15:16.175Z"}
{"level":"info","message":"🌐 Millennium request: GET /MILLENIUM!JOIN_ONEUP.LANCAMENTOS.CONSULTALANCAMENTOS?cnpj=50.649.490%2F0001-20&n_documento=115847%2FA","service":"btg-baixa-titulos-service","timestamp":"2026-06-03T12:15:16.175Z"}
{"lancamento":1434896976,"level":"info","message":"ℹ️ Título 115847/A já estava baixado. Processo ignorado.","service":"btg-baixa-titulos-service","situacao":"BAIXADO","timestamp":"2026-06-03T12:15:16.190Z"}
{"level":"info","message":"🔎 Processando título 115846/A","service":"btg-baixa-titulos-service","timestamp":"2026-06-03T12:15:16.193Z"}
{"level":"info","message":"🌐 Millennium request: GET /MILLENIUM!JOIN_ONEUP.LANCAMENTOS.CONSULTALANCAMENTOS?cnpj=50.649.490%2F0001-20&n_documento=115846%2FA","service":"btg-baixa-titulos-service","timestamp":"2026-06-03T12:15:16.193Z"}
{"lancamento":1434896972,"level":"info","message":"ℹ️ Título 115846/A já estava baixado. Processo ignorado.","service":"btg-baixa-titulos-service","situacao":"BAIXADO","timestamp":"2026-06-03T12:15:16.207Z"}
{"level":"info","message":"🔎 Processando título 115845/C","service":"btg-baixa-titulos-service","timestamp":"2026-06-03T12:15:16.209Z"}
{"level":"info","message":"🌐 Millennium request: GET /MILLENIUM!JOIN_ONEUP.LANCAMENTOS.CONSULTALANCAMENTOS?cnpj=50.649.490%2F0001-20&n_documento=115845%2FC","service":"btg-baixa-titulos-service","timestamp":"2026-06-03T12:15:16.209Z"}
{"lancamento":1434896970,"level":"info","message":"ℹ️ Título 115845/C já estava baixado. Processo ignorado.","service":"btg-baixa-titulos-service","situacao":"BAIXADO","timestamp":"2026-06-03T12:15:16.225Z"}
{"level":"info","message":"🔎 Processando título 115845/A","service":"btg-baixa-titulos-service","timestamp":"2026-06-03T12:15:16.228Z"}
{"level":"info","message":"🌐 Millennium request: GET /MILLENIUM!JOIN_ONEUP.LANCAMENTOS.CONSULTALANCAMENTOS?cnpj=50.649.490%2F0001-20&n_documento=115845%2FA","service":"btg-baixa-titulos-service","timestamp":"2026-06-03T12:15:16.228Z"}
{"lancamento":1434896968,"level":"info","message":"ℹ️ Título 115845/A já estava baixado. Processo ignorado.","service":"btg-baixa-titulos-service","situacao":"BAIXADO","timestamp":"2026-06-03T12:15:16.245Z"}
{"level":"info","message":"🔎 Processando título 115843/A","service":"btg-baixa-titulos-service","timestamp":"2026-06-03T12:15:16.248Z"}
{"level":"info","message":"🌐 Millennium request: GET /MILLENIUM!JOIN_ONEUP.LANCAMENTOS.CONSULTALANCAMENTOS?cnpj=50.649.490%2F0001-20&n_documento=115843%2FA","service":"btg-baixa-titulos-service","timestamp":"2026-06-03T12:15:16.248Z"}
{"lancamento":1434896965,"level":"info","message":"ℹ️ Título 115843/A já estava baixado. Processo ignorado.","service":"btg-baixa-titulos-service","situacao":"BAIXADO","timestamp":"2026-06-03T12:15:16.264Z"}
{"level":"info","message":"🔎 Processando título 115843/C","service":"btg-baixa-titulos-service","timestamp":"2026-06-03T12:15:16.267Z"}
{"level":"info","message":"🌐 Millennium request: GET /MILLENIUM!JOIN_ONEUP.LANCAMENTOS.CONSULTALANCAMENTOS?cnpj=50.649.490%2F0001-20&n_documento=115843%2FC","service":"btg-baixa-titulos-service","timestamp":"2026-06-03T12:15:16.267Z"}
{"lancamento":1434896967,"level":"info","message":"ℹ️ Título 115843/C já estava baixado. Processo ignorado.","service":"btg-baixa-titulos-service","situacao":"BAIXADO","timestamp":"2026-06-03T12:15:16.283Z"}
{"level":"info","message":"🔎 Processando título 116057/A","service":"btg-baixa-titulos-service","timestamp":"2026-06-03T12:15:16.286Z"}
{"level":"info","message":"🌐 Millennium request: GET /MILLENIUM!JOIN_ONEUP.LANCAMENTOS.CONSULTALANCAMENTOS?cnpj=73.652.158%2F0001-10&n_documento=116057%2FA","service":"btg-baixa-titulos-service","timestamp":"2026-06-03T12:15:16.286Z"}
{"lancamento":1434897653,"level":"info","message":"ℹ️ Título 116057/A já estava baixado. Processo ignorado.","service":"btg-baixa-titulos-service","situacao":"BAIXADO","timestamp":"2026-06-03T12:15:16.301Z"}
{"level":"info","message":"🔎 Processando título 115021/C","service":"btg-baixa-titulos-service","timestamp":"2026-06-03T12:15:16.304Z"}
{"level":"info","message":"🌐 Millennium request: GET /MILLENIUM!JOIN_ONEUP.LANCAMENTOS.CONSULTALANCAMENTOS?cnpj=47.485.403%2F0001-31&n_documento=115021%2FC","service":"btg-baixa-titulos-service","timestamp":"2026-06-03T12:15:16.304Z"}
{"lancamento":1434892802,"level":"info","message":"ℹ️ Título 115021/C já estava baixado. Processo ignorado.","service":"btg-baixa-titulos-service","situacao":"BAIXADO","timestamp":"2026-06-03T12:15:16.318Z"}
{"level":"info","message":"🔎 Processando título 115021/B","service":"btg-baixa-titulos-service","timestamp":"2026-06-03T12:15:16.321Z"}
{"level":"info","message":"🌐 Millennium request: GET /MILLENIUM!JOIN_ONEUP.LANCAMENTOS.CONSULTALANCAMENTOS?cnpj=47.485.403%2F0001-31&n_documento=115021%2FB","service":"btg-baixa-titulos-service","timestamp":"2026-06-03T12:15:16.321Z"}
{"lancamento":1434892801,"level":"info","message":"ℹ️ Título 115021/B já estava baixado. Processo ignorado.","service":"btg-baixa-titulos-service","situacao":"BAIXADO","timestamp":"2026-06-03T12:15:16.335Z"}
{"level":"info","message":"🔎 Processando título 115020/C","service":"btg-baixa-titulos-service","timestamp":"2026-06-03T12:15:16.337Z"}
{"level":"info","message":"🌐 Millennium request: GET /MILLENIUM!JOIN_ONEUP.LANCAMENTOS.CONSULTALANCAMENTOS?cnpj=47.485.403%2F0001-31&n_documento=115020%2FC","service":"btg-baixa-titulos-service","timestamp":"2026-06-03T12:15:16.337Z"}
{"lancamento":1434892799,"level":"info","message":"ℹ️ Título 115020/C já estava baixado. Processo ignorado.","service":"btg-baixa-titulos-service","situacao":"BAIXADO","timestamp":"2026-06-03T12:15:16.353Z"}
{"level":"info","message":"🔎 Processando título 115020/B","service":"btg-baixa-titulos-service","timestamp":"2026-06-03T12:15:16.355Z"}
{"level":"info","message":"🌐 Millennium request: GET /MILLENIUM!JOIN_ONEUP.LANCAMENTOS.CONSULTALANCAMENTOS?cnpj=47.485.403%2F0001-31&n_documento=115020%2FB","service":"btg-baixa-titulos-service","timestamp":"2026-06-03T12:15:16.355Z"}
{"lancamento":1434892798,"level":"info","message":"ℹ️ Título 115020/B já estava baixado. Processo ignorado.","service":"btg-baixa-titulos-service","situacao":"BAIXADO","timestamp":"2026-06-03T12:15:16.369Z"}
{"level":"info","message":"🔎 Processando título 115019/C","service":"btg-baixa-titulos-service","timestamp":"2026-06-03T12:15:16.372Z"}
{"level":"info","message":"🌐 Millennium request: GET /MILLENIUM!JOIN_ONEUP.LANCAMENTOS.CONSULTALANCAMENTOS?cnpj=47.485.403%2F0001-31&n_documento=115019%2FC","service":"btg-baixa-titulos-service","timestamp":"2026-06-03T12:15:16.372Z"}
{"lancamento":1434892794,"level":"info","message":"ℹ️ Título 115019/C já estava baixado. Processo ignorado.","service":"btg-baixa-titulos-service","situacao":"BAIXADO","timestamp":"2026-06-03T12:15:16.388Z"}
{"level":"info","message":"🔎 Processando título 115019/B","service":"btg-baixa-titulos-service","timestamp":"2026-06-03T12:15:16.391Z"}
{"level":"info","message":"🌐 Millennium request: GET /MILLENIUM!JOIN_ONEUP.LANCAMENTOS.CONSULTALANCAMENTOS?cnpj=47.485.403%2F0001-31&n_documento=115019%2FB","service":"btg-baixa-titulos-service","timestamp":"2026-06-03T12:15:16.391Z"}
{"lancamento":1434892793,"level":"info","message":"ℹ️ Título 115019/B já estava baixado. Processo ignorado.","service":"btg-baixa-titulos-service","situacao":"BAIXADO","timestamp":"2026-06-03T12:15:16.497Z"}
{"level":"info","message":"🔎 Processando título 115018/C","service":"btg-baixa-titulos-service","timestamp":"2026-06-03T12:15:16.507Z"}
{"level":"info","message":"🌐 Millennium request: GET /MILLENIUM!JOIN_ONEUP.LANCAMENTOS.CONSULTALANCAMENTOS?cnpj=47.485.403%2F0001-31&n_documento=115018%2FC","service":"btg-baixa-titulos-service","timestamp":"2026-06-03T12:15:16.508Z"}
{"lancamento":1434892791,"level":"info","message":"ℹ️ Título 115018/C já estava baixado. Processo ignorado.","service":"btg-baixa-titulos-service","situacao":"BAIXADO","timestamp":"2026-06-03T12:15:16.530Z"}
{"level":"info","message":"🔎 Processando título 115018/B","service":"btg-baixa-titulos-service","timestamp":"2026-06-03T12:15:16.534Z"}
{"level":"info","message":"🌐 Millennium request: GET /MILLENIUM!JOIN_ONEUP.LANCAMENTOS.CONSULTALANCAMENTOS?cnpj=47.485.403%2F0001-31&n_documento=115018%2FB","service":"btg-baixa-titulos-service","timestamp":"2026-06-03T12:15:16.534Z"}
{"lancamento":1434892790,"level":"info","message":"ℹ️ Título 115018/B já estava baixado. Processo ignorado.","service":"btg-baixa-titulos-service","situacao":"BAIXADO","timestamp":"2026-06-03T12:15:16.549Z"}
{"level":"info","message":"🔎 Processando título 115017/C","service":"btg-baixa-titulos-service","timestamp":"2026-06-03T12:15:16.552Z"}
{"level":"info","message":"🌐 Millennium request: GET /MILLENIUM!JOIN_ONEUP.LANCAMENTOS.CONSULTALANCAMENTOS?cnpj=47.485.403%2F0001-31&n_documento=115017%2FC","service":"btg-baixa-titulos-service","timestamp":"2026-06-03T12:15:16.552Z"}
{"lancamento":1434892788,"level":"info","message":"ℹ️ Título 115017/C já estava baixado. Processo ignorado.","service":"btg-baixa-titulos-service","situacao":"BAIXADO","timestamp":"2026-06-03T12:15:16.568Z"}
{"level":"info","message":"🔎 Processando título 115017/B","service":"btg-baixa-titulos-service","timestamp":"2026-06-03T12:15:16.570Z"}
{"level":"info","message":"🌐 Millennium request: GET /MILLENIUM!JOIN_ONEUP.LANCAMENTOS.CONSULTALANCAMENTOS?cnpj=47.485.403%2F0001-31&n_documento=115017%2FB","service":"btg-baixa-titulos-service","timestamp":"2026-06-03T12:15:16.570Z"}
{"lancamento":1434892787,"level":"info","message":"ℹ️ Título 115017/B já estava baixado. Processo ignorado.","service":"btg-baixa-titulos-service","situacao":"BAIXADO","timestamp":"2026-06-03T12:15:16.585Z"}
{"level":"info","message":"🔎 Processando título 114867/C","service":"btg-baixa-titulos-service","timestamp":"2026-06-03T12:15:16.588Z"}
{"level":"info","message":"🌐 Millennium request: GET /MILLENIUM!JOIN_ONEUP.LANCAMENTOS.CONSULTALANCAMENTOS?cnpj=44.999.259%2F0001-63&n_documento=114867%2FC","service":"btg-baixa-titulos-service","timestamp":"2026-06-03T12:15:16.588Z"}
{"lancamento":1434892198,"level":"info","message":"ℹ️ Título 114867/C já estava baixado. Processo ignorado.","service":"btg-baixa-titulos-service","situacao":"BAIXADO","timestamp":"2026-06-03T12:15:16.603Z"}
{"level":"info","message":"🔎 Processando título 114564/C","service":"btg-baixa-titulos-service","timestamp":"2026-06-03T12:15:16.605Z"}
{"level":"info","message":"🌐 Millennium request: GET /MILLENIUM!JOIN_ONEUP.LANCAMENTOS.CONSULTALANCAMENTOS?cnpj=21.067.137%2F0001-33&n_documento=114564%2FC","service":"btg-baixa-titulos-service","timestamp":"2026-06-03T12:15:16.605Z"}
{"lancamento":1434891153,"level":"info","message":"ℹ️ Título 114564/C já estava baixado. Processo ignorado.","service":"btg-baixa-titulos-service","situacao":"BAIXADO","timestamp":"2026-06-03T12:15:16.621Z"}
{"level":"info","message":"🔎 Processando título 79825/C","service":"btg-baixa-titulos-service","timestamp":"2026-06-03T12:15:16.624Z"}
{"level":"info","message":"🌐 Millennium request: GET /MILLENIUM!JOIN_ONEUP.LANCAMENTOS.CONSULTALANCAMENTOS?n_documento=79825%2FC&cpf=208.249.121-87","service":"btg-baixa-titulos-service","timestamp":"2026-06-03T12:15:16.624Z"}
{"lancamento":1434888955,"level":"info","message":"ℹ️ Título 79825/C já estava baixado. Processo ignorado.","service":"btg-baixa-titulos-service","situacao":"BAIXADO","timestamp":"2026-06-03T12:15:16.641Z"}
{"level":"info","message":"🔎 Processando título 116078/B","service":"btg-baixa-titulos-service","timestamp":"2026-06-03T12:15:16.644Z"}
{"level":"info","message":"🌐 Millennium request: GET /MILLENIUM!JOIN_ONEUP.LANCAMENTOS.CONSULTALANCAMENTOS?cnpj=01.934.454%2F0001-00&n_documento=116078%2FB","service":"btg-baixa-titulos-service","timestamp":"2026-06-03T12:15:16.644Z"}
{"lancamento":1434897838,"level":"info","message":"ℹ️ Título 116078/B já estava baixado. Processo ignorado.","service":"btg-baixa-titulos-service","situacao":"BAIXADO","timestamp":"2026-06-03T12:15:16.659Z"}
{"level":"info","message":"🔎 Processando título 114564/B","service":"btg-baixa-titulos-service","timestamp":"2026-06-03T12:15:16.662Z"}
{"level":"info","message":"🌐 Millennium request: GET /MILLENIUM!JOIN_ONEUP.LANCAMENTOS.CONSULTALANCAMENTOS?cnpj=21.067.137%2F0001-33&n_documento=114564%2FB","service":"btg-baixa-titulos-service","timestamp":"2026-06-03T12:15:16.662Z"}
{"lancamento":1434891152,"level":"info","message":"ℹ️ Título 114564/B já estava baixado. Processo ignorado.","service":"btg-baixa-titulos-service","situacao":"BAIXADO","timestamp":"2026-06-03T12:15:16.681Z"}
{"level":"info","message":"🔎 Processando título 116077/A","service":"btg-baixa-titulos-service","timestamp":"2026-06-03T12:15:16.684Z"}
{"level":"info","message":"🌐 Millennium request: GET /MILLENIUM!JOIN_ONEUP.LANCAMENTOS.CONSULTALANCAMENTOS?cnpj=57.408.548%2F0001-92&n_documento=116077%2FA","service":"btg-baixa-titulos-service","timestamp":"2026-06-03T12:15:16.684Z"}
{"lancamento":1434897774,"level":"info","message":"ℹ️ Título 116077/A já estava baixado. Processo ignorado.","service":"btg-baixa-titulos-service","situacao":"BAIXADO","timestamp":"2026-06-03T12:15:16.700Z"}
{"level":"info","message":"🔎 Processando título 114564/A","service":"btg-baixa-titulos-service","timestamp":"2026-06-03T12:15:16.704Z"}
{"level":"info","message":"🌐 Millennium request: GET /MILLENIUM!JOIN_ONEUP.LANCAMENTOS.CONSULTALANCAMENTOS?cnpj=21.067.137%2F0001-33&n_documento=114564%2FA","service":"btg-baixa-titulos-service","timestamp":"2026-06-03T12:15:16.704Z"}
{"lancamento":1434891151,"level":"info","message":"ℹ️ Título 114564/A já estava baixado. Processo ignorado.","service":"btg-baixa-titulos-service","situacao":"BAIXADO","timestamp":"2026-06-03T12:15:16.719Z"}
{"level":"info","message":"🔎 Processando título 79831/B","service":"btg-baixa-titulos-service","timestamp":"2026-06-03T12:15:16.723Z"}
{"level":"info","message":"🌐 Millennium request: GET /MILLENIUM!JOIN_ONEUP.LANCAMENTOS.CONSULTALANCAMENTOS?n_documento=79831%2FB&cpf=208.249.121-87","service":"btg-baixa-titulos-service","timestamp":"2026-06-03T12:15:16.723Z"}
{"lancamento":1434889035,"level":"info","message":"ℹ️ Título 79831/B já estava baixado. Processo ignorado.","service":"btg-baixa-titulos-service","situacao":"BAIXADO","timestamp":"2026-06-03T12:15:16.738Z"}
{"level":"info","message":"🔎 Processando título 79825/B","service":"btg-baixa-titulos-service","timestamp":"2026-06-03T12:15:16.742Z"}
{"level":"info","message":"🌐 Millennium request: GET /MILLENIUM!JOIN_ONEUP.LANCAMENTOS.CONSULTALANCAMENTOS?n_documento=79825%2FB&cpf=208.249.121-87","service":"btg-baixa-titulos-service","timestamp":"2026-06-03T12:15:16.742Z"}
{"lancamento":1434888954,"level":"info","message":"ℹ️ Título 79825/B já estava baixado. Processo ignorado.","service":"btg-baixa-titulos-service","situacao":"BAIXADO","timestamp":"2026-06-03T12:15:16.760Z"}
{"level":"info","message":"🔎 Processando título 79831/A","service":"btg-baixa-titulos-service","timestamp":"2026-06-03T12:15:16.763Z"}
{"level":"info","message":"🌐 Millennium request: GET /MILLENIUM!JOIN_ONEUP.LANCAMENTOS.CONSULTALANCAMENTOS?n_documento=79831%2FA&cpf=208.249.121-87","service":"btg-baixa-titulos-service","timestamp":"2026-06-03T12:15:16.764Z"}
{"lancamento":1434889032,"level":"info","message":"ℹ️ Título 79831/A já estava baixado. Processo ignorado.","service":"btg-baixa-titulos-service","situacao":"BAIXADO","timestamp":"2026-06-03T12:15:16.777Z"}
{"level":"info","message":"🔎 Processando título 79825/A","service":"btg-baixa-titulos-service","timestamp":"2026-06-03T12:15:16.780Z"}
{"level":"info","message":"🌐 Millennium request: GET /MILLENIUM!JOIN_ONEUP.LANCAMENTOS.CONSULTALANCAMENTOS?n_documento=79825%2FA&cpf=208.249.121-87","service":"btg-baixa-titulos-service","timestamp":"2026-06-03T12:15:16.780Z"}
{"lancamento":1434888953,"level":"info","message":"ℹ️ Título 79825/A já estava baixado. Processo ignorado.","service":"btg-baixa-titulos-service","situacao":"BAIXADO","timestamp":"2026-06-03T12:15:16.794Z"}
{"level":"info","message":"🔎 Processando título 116065","service":"btg-baixa-titulos-service","timestamp":"2026-06-03T12:15:16.797Z"}
{"level":"info","message":"🌐 Millennium request: GET /MILLENIUM!JOIN_ONEUP.LANCAMENTOS.CONSULTALANCAMENTOS?cnpj=77.857.555%2F0009-36&n_documento=116065","service":"btg-baixa-titulos-service","timestamp":"2026-06-03T12:15:16.797Z"}
{"lancamento":1434897716,"level":"info","message":"ℹ️ Título 116065 já estava baixado. Processo ignorado.","service":"btg-baixa-titulos-service","situacao":"BAIXADO","timestamp":"2026-06-03T12:15:16.811Z"}
{"level":"info","message":"🔎 Processando título 111992","service":"btg-baixa-titulos-service","timestamp":"2026-06-03T12:15:16.815Z"}
{"level":"info","message":"🌐 Millennium request: GET /MILLENIUM!JOIN_ONEUP.LANCAMENTOS.CONSULTALANCAMENTOS?cnpj=01.009.793%2F0001-72&n_documento=111992","service":"btg-baixa-titulos-service","timestamp":"2026-06-03T12:15:16.815Z"}
{"lancamento":1434875843,"level":"info","message":"ℹ️ Título 111992 já estava baixado. Processo ignorado.","service":"btg-baixa-titulos-service","situacao":"BAIXADO","timestamp":"2026-06-03T12:15:16.830Z"}
{"level":"info","message":"🔎 Processando título 113581/C","service":"btg-baixa-titulos-service","timestamp":"2026-06-03T12:15:16.833Z"}
{"level":"info","message":"🌐 Millennium request: GET /MILLENIUM!JOIN_ONEUP.LANCAMENTOS.CONSULTALANCAMENTOS?cnpj=50.649.490%2F0001-20&n_documento=113581%2FC","service":"btg-baixa-titulos-service","timestamp":"2026-06-03T12:15:16.833Z"}
{"lancamento":1434886240,"level":"info","message":"ℹ️ Título 113581/C já estava baixado. Processo ignorado.","service":"btg-baixa-titulos-service","situacao":"BAIXADO","timestamp":"2026-06-03T12:15:16.846Z"}
{"level":"info","message":"🔎 Processando título 113581/B","service":"btg-baixa-titulos-service","timestamp":"2026-06-03T12:15:16.849Z"}
{"level":"info","message":"🌐 Millennium request: GET /MILLENIUM!JOIN_ONEUP.LANCAMENTOS.CONSULTALANCAMENTOS?cnpj=50.649.490%2F0001-20&n_documento=113581%2FB","service":"btg-baixa-titulos-service","timestamp":"2026-06-03T12:15:16.849Z"}
{"lancamento":1434886239,"level":"info","message":"ℹ️ Título 113581/B já estava baixado. Processo ignorado.","service":"btg-baixa-titulos-service","situacao":"BAIXADO","timestamp":"2026-06-03T12:15:16.863Z"}
{"level":"info","message":"🔎 Processando título 113581/A","service":"btg-baixa-titulos-service","timestamp":"2026-06-03T12:15:16.866Z"}
{"level":"info","message":"🌐 Millennium request: GET /MILLENIUM!JOIN_ONEUP.LANCAMENTOS.CONSULTALANCAMENTOS?cnpj=50.649.490%2F0001-20&n_documento=113581%2FA","service":"btg-baixa-titulos-service","timestamp":"2026-06-03T12:15:16.866Z"}
{"lancamento":1434886238,"level":"info","message":"ℹ️ Título 113581/A já estava baixado. Processo ignorado.","service":"btg-baixa-titulos-service","situacao":"BAIXADO","timestamp":"2026-06-03T12:15:16.882Z"}
{"level":"info","message":"🔎 Processando título 113580/C","service":"btg-baixa-titulos-service","timestamp":"2026-06-03T12:15:16.884Z"}
{"level":"info","message":"🌐 Millennium request: GET /MILLENIUM!JOIN_ONEUP.LANCAMENTOS.CONSULTALANCAMENTOS?cnpj=50.649.490%2F0001-20&n_documento=113580%2FC","service":"btg-baixa-titulos-service","timestamp":"2026-06-03T12:15:16.884Z"}
{"lancamento":1434886236,"level":"info","message":"ℹ️ Título 113580/C já estava baixado. Processo ignorado.","service":"btg-baixa-titulos-service","situacao":"BAIXADO","timestamp":"2026-06-03T12:15:16.901Z"}
{"level":"info","message":"🔎 Processando título 113580/B","service":"btg-baixa-titulos-service","timestamp":"2026-06-03T12:15:16.904Z"}
{"level":"info","message":"🌐 Millennium request: GET /MILLENIUM!JOIN_ONEUP.LANCAMENTOS.CONSULTALANCAMENTOS?cnpj=50.649.490%2F0001-20&n_documento=113580%2FB","service":"btg-baixa-titulos-service","timestamp":"2026-06-03T12:15:16.904Z"}
{"lancamento":1434886235,"level":"info","message":"ℹ️ Título 113580/B já estava baixado. Processo ignorado.","service":"btg-baixa-titulos-service","situacao":"BAIXADO","timestamp":"2026-06-03T12:15:16.918Z"}
{"level":"info","message":"🔎 Processando título 113580/A","service":"btg-baixa-titulos-service","timestamp":"2026-06-03T12:15:16.920Z"}
{"level":"info","message":"🌐 Millennium request: GET /MILLENIUM!JOIN_ONEUP.LANCAMENTOS.CONSULTALANCAMENTOS?cnpj=50.649.490%2F0001-20&n_documento=113580%2FA","service":"btg-baixa-titulos-service","timestamp":"2026-06-03T12:15:16.920Z"}
{"lancamento":1434886234,"level":"info","message":"ℹ️ Título 113580/A já estava baixado. Processo ignorado.","service":"btg-baixa-titulos-service","situacao":"BAIXADO","timestamp":"2026-06-03T12:15:17.020Z"}
{"level":"info","message":"🔎 Processando título 113579/C","service":"btg-baixa-titulos-service","timestamp":"2026-06-03T12:15:17.028Z"}
{"level":"info","message":"🌐 Millennium request: GET /MILLENIUM!JOIN_ONEUP.LANCAMENTOS.CONSULTALANCAMENTOS?cnpj=50.649.490%2F0001-20&n_documento=113579%2FC","service":"btg-baixa-titulos-service","timestamp":"2026-06-03T12:15:17.028Z"}
{"lancamento":1434886228,"level":"info","message":"ℹ️ Título 113579/C já estava baixado. Processo ignorado.","service":"btg-baixa-titulos-service","situacao":"BAIXADO","timestamp":"2026-06-03T12:15:17.047Z"}
{"level":"info","message":"🔎 Processando título 113579/B","service":"btg-baixa-titulos-service","timestamp":"2026-06-03T12:15:17.051Z"}
{"level":"info","message":"🌐 Millennium request: GET /MILLENIUM!JOIN_ONEUP.LANCAMENTOS.CONSULTALANCAMENTOS?cnpj=50.649.490%2F0001-20&n_documento=113579%2FB","service":"btg-baixa-titulos-service","timestamp":"2026-06-03T12:15:17.051Z"}
{"lancamento":1434886227,"level":"info","message":"ℹ️ Título 113579/B já estava baixado. Processo ignorado.","service":"btg-baixa-titulos-service","situacao":"BAIXADO","timestamp":"2026-06-03T12:15:17.068Z"}
{"level":"info","message":"🔎 Processando título 113579/A","service":"btg-baixa-titulos-service","timestamp":"2026-06-03T12:15:17.071Z"}
{"level":"info","message":"🌐 Millennium request: GET /MILLENIUM!JOIN_ONEUP.LANCAMENTOS.CONSULTALANCAMENTOS?cnpj=50.649.490%2F0001-20&n_documento=113579%2FA","service":"btg-baixa-titulos-service","timestamp":"2026-06-03T12:15:17.071Z"}
{"lancamento":1434886226,"level":"info","message":"ℹ️ Título 113579/A já estava baixado. Processo ignorado.","service":"btg-baixa-titulos-service","situacao":"BAIXADO","timestamp":"2026-06-03T12:15:17.087Z"}
{"level":"info","message":"🔎 Processando título 113578/C","service":"btg-baixa-titulos-service","timestamp":"2026-06-03T12:15:17.090Z"}
{"level":"info","message":"🌐 Millennium request: GET /MILLENIUM!JOIN_ONEUP.LANCAMENTOS.CONSULTALANCAMENTOS?cnpj=50.649.490%2F0001-20&n_documento=113578%2FC","service":"btg-baixa-titulos-service","timestamp":"2026-06-03T12:15:17.090Z"}
{"lancamento":1434886212,"level":"info","message":"ℹ️ Título 113578/C já estava baixado. Processo ignorado.","service":"btg-baixa-titulos-service","situacao":"BAIXADO","timestamp":"2026-06-03T12:15:17.105Z"}
{"level":"info","message":"🔎 Processando título 113578/B","service":"btg-baixa-titulos-service","timestamp":"2026-06-03T12:15:17.108Z"}
{"level":"info","message":"🌐 Millennium request: GET /MILLENIUM!JOIN_ONEUP.LANCAMENTOS.CONSULTALANCAMENTOS?cnpj=50.649.490%2F0001-20&n_documento=113578%2FB","service":"btg-baixa-titulos-service","timestamp":"2026-06-03T12:15:17.108Z"}
{"lancamento":1434886211,"level":"info","message":"ℹ️ Título 113578/B já estava baixado. Processo ignorado.","service":"btg-baixa-titulos-service","situacao":"BAIXADO","timestamp":"2026-06-03T12:15:17.123Z"}
{"level":"info","message":"🔎 Processando título 113578/A","service":"btg-baixa-titulos-service","timestamp":"2026-06-03T12:15:17.125Z"}
{"level":"info","message":"🌐 Millennium request: GET /MILLENIUM!JOIN_ONEUP.LANCAMENTOS.CONSULTALANCAMENTOS?cnpj=50.649.490%2F0001-20&n_documento=113578%2FA","service":"btg-baixa-titulos-service","timestamp":"2026-06-03T12:15:17.125Z"}
{"lancamento":1434886210,"level":"info","message":"ℹ️ Título 113578/A já estava baixado. Processo ignorado.","service":"btg-baixa-titulos-service","situacao":"BAIXADO","timestamp":"2026-06-03T12:15:17.141Z"}
{"level":"info","message":"🔎 Processando título 113577/C","service":"btg-baixa-titulos-service","timestamp":"2026-06-03T12:15:17.143Z"}
{"level":"info","message":"🌐 Millennium request: GET /MILLENIUM!JOIN_ONEUP.LANCAMENTOS.CONSULTALANCAMENTOS?cnpj=50.649.490%2F0001-20&n_documento=113577%2FC","service":"btg-baixa-titulos-service","timestamp":"2026-06-03T12:15:17.143Z"}
{"lancamento":1434886206,"level":"info","message":"ℹ️ Título 113577/C já estava baixado. Processo ignorado.","service":"btg-baixa-titulos-service","situacao":"BAIXADO","timestamp":"2026-06-03T12:15:17.157Z"}
{"level":"info","message":"🔎 Processando título 113577/B","service":"btg-baixa-titulos-service","timestamp":"2026-06-03T12:15:17.160Z"}
{"level":"info","message":"🌐 Millennium request: GET /MILLENIUM!JOIN_ONEUP.LANCAMENTOS.CONSULTALANCAMENTOS?cnpj=50.649.490%2F0001-20&n_documento=113577%2FB","service":"btg-baixa-titulos-service","timestamp":"2026-06-03T12:15:17.160Z"}
{"lancamento":1434886205,"level":"info","message":"ℹ️ Título 113577/B já estava baixado. Processo ignorado.","service":"btg-baixa-titulos-service","situacao":"BAIXADO","timestamp":"2026-06-03T12:15:17.176Z"}
{"level":"info","message":"🔎 Processando título 113577/A","service":"btg-baixa-titulos-service","timestamp":"2026-06-03T12:15:17.180Z"}
{"level":"info","message":"🌐 Millennium request: GET /MILLENIUM!JOIN_ONEUP.LANCAMENTOS.CONSULTALANCAMENTOS?cnpj=50.649.490%2F0001-20&n_documento=113577%2FA","service":"btg-baixa-titulos-service","timestamp":"2026-06-03T12:15:17.180Z"}
{"lancamento":1434886204,"level":"info","message":"ℹ️ Título 113577/A já estava baixado. Processo ignorado.","service":"btg-baixa-titulos-service","situacao":"BAIXADO","timestamp":"2026-06-03T12:15:17.196Z"}
{"level":"info","message":"🔎 Processando título 113576/C","service":"btg-baixa-titulos-service","timestamp":"2026-06-03T12:15:17.199Z"}
{"level":"info","message":"🌐 Millennium request: GET /MILLENIUM!JOIN_ONEUP.LANCAMENTOS.CONSULTALANCAMENTOS?cnpj=50.649.490%2F0001-20&n_documento=113576%2FC","service":"btg-baixa-titulos-service","timestamp":"2026-06-03T12:15:17.199Z"}
{"lancamento":1434886200,"level":"info","message":"ℹ️ Título 113576/C já estava baixado. Processo ignorado.","service":"btg-baixa-titulos-service","situacao":"BAIXADO","timestamp":"2026-06-03T12:15:17.217Z"}
{"level":"info","message":"🔎 Processando título 113576/B","service":"btg-baixa-titulos-service","timestamp":"2026-06-03T12:15:17.220Z"}
{"level":"info","message":"🌐 Millennium request: GET /MILLENIUM!JOIN_ONEUP.LANCAMENTOS.CONSULTALANCAMENTOS?cnpj=50.649.490%2F0001-20&n_documento=113576%2FB","service":"btg-baixa-titulos-service","timestamp":"2026-06-03T12:15:17.220Z"}
{"lancamento":1434886199,"level":"info","message":"ℹ️ Título 113576/B já estava baixado. Processo ignorado.","service":"btg-baixa-titulos-service","situacao":"BAIXADO","timestamp":"2026-06-03T12:15:17.235Z"}
{"level":"info","message":"🔎 Processando título 113576/A","service":"btg-baixa-titulos-service","timestamp":"2026-06-03T12:15:17.238Z"}
{"level":"info","message":"🌐 Millennium request: GET /MILLENIUM!JOIN_ONEUP.LANCAMENTOS.CONSULTALANCAMENTOS?cnpj=50.649.490%2F0001-20&n_documento=113576%2FA","service":"btg-baixa-titulos-service","timestamp":"2026-06-03T12:15:17.238Z"}
{"lancamento":1434886198,"level":"info","message":"ℹ️ Título 113576/A já estava baixado. Processo ignorado.","service":"btg-baixa-titulos-service","situacao":"BAIXADO","timestamp":"2026-06-03T12:15:17.256Z"}
{"level":"info","message":"🔎 Processando título 113575/C","service":"btg-baixa-titulos-service","timestamp":"2026-06-03T12:15:17.259Z"}
{"level":"info","message":"🌐 Millennium request: GET /MILLENIUM!JOIN_ONEUP.LANCAMENTOS.CONSULTALANCAMENTOS?cnpj=50.649.490%2F0001-20&n_documento=113575%2FC","service":"btg-baixa-titulos-service","timestamp":"2026-06-03T12:15:17.259Z"}
{"lancamento":1434886196,"level":"info","message":"ℹ️ Título 113575/C já estava baixado. Processo ignorado.","service":"btg-baixa-titulos-service","situacao":"BAIXADO","timestamp":"2026-06-03T12:15:17.273Z"}
{"level":"info","message":"🔎 Processando título 113575/B","service":"btg-baixa-titulos-service","timestamp":"2026-06-03T12:15:17.276Z"}
{"level":"info","message":"🌐 Millennium request: GET /MILLENIUM!JOIN_ONEUP.LANCAMENTOS.CONSULTALANCAMENTOS?cnpj=50.649.490%2F0001-20&n_documento=113575%2FB","service":"btg-baixa-titulos-service","timestamp":"2026-06-03T12:15:17.276Z"}
{"lancamento":1434886195,"level":"info","message":"ℹ️ Título 113575/B já estava baixado. Processo ignorado.","service":"btg-baixa-titulos-service","situacao":"BAIXADO","timestamp":"2026-06-03T12:15:17.292Z"}
{"level":"info","message":"🔎 Processando título 113575/A","service":"btg-baixa-titulos-service","timestamp":"2026-06-03T12:15:17.295Z"}
{"level":"info","message":"🌐 Millennium request: GET /MILLENIUM!JOIN_ONEUP.LANCAMENTOS.CONSULTALANCAMENTOS?cnpj=50.649.490%2F0001-20&n_documento=113575%2FA","service":"btg-baixa-titulos-service","timestamp":"2026-06-03T12:15:17.295Z"}
{"lancamento":1434886194,"level":"info","message":"ℹ️ Título 113575/A já estava baixado. Processo ignorado.","service":"btg-baixa-titulos-service","situacao":"BAIXADO","timestamp":"2026-06-03T12:15:17.310Z"}
{"level":"info","message":"🔎 Processando título 113574/C","service":"btg-baixa-titulos-service","timestamp":"2026-06-03T12:15:17.314Z"}
{"level":"info","message":"🌐 Millennium request: GET /MILLENIUM!JOIN_ONEUP.LANCAMENTOS.CONSULTALANCAMENTOS?cnpj=50.649.490%2F0001-20&n_documento=113574%2FC","service":"btg-baixa-titulos-service","timestamp":"2026-06-03T12:15:17.314Z"}
{"lancamento":1434886192,"level":"info","message":"ℹ️ Título 113574/C já estava baixado. Processo ignorado.","service":"btg-baixa-titulos-service","situacao":"BAIXADO","timestamp":"2026-06-03T12:15:17.328Z"}
{"level":"info","message":"🔎 Processando título 113574/B","service":"btg-baixa-titulos-service","timestamp":"2026-06-03T12:15:17.332Z"}
{"level":"info","message":"🌐 Millennium request: GET /MILLENIUM!JOIN_ONEUP.LANCAMENTOS.CONSULTALANCAMENTOS?cnpj=50.649.490%2F0001-20&n_documento=113574%2FB","service":"btg-baixa-titulos-service","timestamp":"2026-06-03T12:15:17.332Z"}
{"lancamento":1434886191,"level":"info","message":"ℹ️ Título 113574/B já estava baixado. Processo ignorado.","service":"btg-baixa-titulos-service","situacao":"BAIXADO","timestamp":"2026-06-03T12:15:17.346Z"}
{"level":"info","message":"🔎 Processando título 113574/A","service":"btg-baixa-titulos-service","timestamp":"2026-06-03T12:15:17.349Z"}
{"level":"info","message":"🌐 Millennium request: GET /MILLENIUM!JOIN_ONEUP.LANCAMENTOS.CONSULTALANCAMENTOS?cnpj=50.649.490%2F0001-20&n_documento=113574%2FA","service":"btg-baixa-titulos-service","timestamp":"2026-06-03T12:15:17.349Z"}
{"lancamento":1434886190,"level":"info","message":"ℹ️ Título 113574/A já estava baixado. Processo ignorado.","service":"btg-baixa-titulos-service","situacao":"BAIXADO","timestamp":"2026-06-03T12:15:17.364Z"}
{"level":"info","message":"🔎 Processando título 113573/C","service":"btg-baixa-titulos-service","timestamp":"2026-06-03T12:15:17.367Z"}
{"level":"info","message":"🌐 Millennium request: GET /MILLENIUM!JOIN_ONEUP.LANCAMENTOS.CONSULTALANCAMENTOS?cnpj=50.649.490%2F0001-20&n_documento=113573%2FC","service":"btg-baixa-titulos-service","timestamp":"2026-06-03T12:15:17.367Z"}
{"lancamento":1434886189,"level":"info","message":"ℹ️ Título 113573/C já estava baixado. Processo ignorado.","service":"btg-baixa-titulos-service","situacao":"BAIXADO","timestamp":"2026-06-03T12:15:17.388Z"}
{"level":"info","message":"🔎 Processando título 113573/B","service":"btg-baixa-titulos-service","timestamp":"2026-06-03T12:15:17.391Z"}
{"level":"info","message":"🌐 Millennium request: GET /MILLENIUM!JOIN_ONEUP.LANCAMENTOS.CONSULTALANCAMENTOS?cnpj=50.649.490%2F0001-20&n_documento=113573%2FB","service":"btg-baixa-titulos-service","timestamp":"2026-06-03T12:15:17.391Z"}
{"lancamento":1434886188,"level":"info","message":"ℹ️ Título 113573/B já estava baixado. Processo ignorado.","service":"btg-baixa-titulos-service","situacao":"BAIXADO","timestamp":"2026-06-03T12:15:17.406Z"}
{"level":"info","message":"🔎 Processando título 113573/A","service":"btg-baixa-titulos-service","timestamp":"2026-06-03T12:15:17.409Z"}
{"level":"info","message":"🌐 Millennium request: GET /MILLENIUM!JOIN_ONEUP.LANCAMENTOS.CONSULTALANCAMENTOS?cnpj=50.649.490%2F0001-20&n_documento=113573%2FA","service":"btg-baixa-titulos-service","timestamp":"2026-06-03T12:15:17.409Z"}
{"lancamento":1434886187,"level":"info","message":"ℹ️ Título 113573/A já estava baixado. Processo ignorado.","service":"btg-baixa-titulos-service","situacao":"BAIXADO","timestamp":"2026-06-03T12:15:17.425Z"}
{"level":"info","message":"🔎 Processando título 38105/B","service":"btg-baixa-titulos-service","timestamp":"2026-06-03T12:15:17.428Z"}
{"level":"info","message":"🌐 Millennium request: GET /MILLENIUM!JOIN_ONEUP.LANCAMENTOS.CONSULTALANCAMENTOS?n_documento=38105%2FB&cpf=231.048.214-53","service":"btg-baixa-titulos-service","timestamp":"2026-06-03T12:15:17.428Z"}
{"lancamento":1434883535,"level":"info","message":"ℹ️ Título 38105/B já estava baixado. Processo ignorado.","service":"btg-baixa-titulos-service","situacao":"BAIXADO","timestamp":"2026-06-03T12:15:17.444Z"}
{"level":"info","message":"🔎 Processando título 38105/A","service":"btg-baixa-titulos-service","timestamp":"2026-06-03T12:15:17.448Z"}
{"level":"info","message":"🌐 Millennium request: GET /MILLENIUM!JOIN_ONEUP.LANCAMENTOS.CONSULTALANCAMENTOS?n_documento=38105%2FA&cpf=231.048.214-53","service":"btg-baixa-titulos-service","timestamp":"2026-06-03T12:15:17.448Z"}
{"lancamento":1434883534,"level":"info","message":"ℹ️ Título 38105/A já estava baixado. Processo ignorado.","service":"btg-baixa-titulos-service","situacao":"BAIXADO","timestamp":"2026-06-03T12:15:17.547Z"}
{"level":"info","message":"🔎 Processando título 113474/D","service":"btg-baixa-titulos-service","timestamp":"2026-06-03T12:15:17.554Z"}
{"level":"info","message":"🌐 Millennium request: GET /MILLENIUM!JOIN_ONEUP.LANCAMENTOS.CONSULTALANCAMENTOS?cnpj=57.408.548%2F0001-92&n_documento=113474%2FD","service":"btg-baixa-titulos-service","timestamp":"2026-06-03T12:15:17.554Z"}
{"lancamento":1434884928,"level":"info","message":"ℹ️ Título 113474/D já estava baixado. Processo ignorado.","service":"btg-baixa-titulos-service","situacao":"BAIXADO","timestamp":"2026-06-03T12:15:17.571Z"}
{"level":"info","message":"🔎 Processando título 113474/C","service":"btg-baixa-titulos-service","timestamp":"2026-06-03T12:15:17.576Z"}
{"level":"info","message":"🌐 Millennium request: GET /MILLENIUM!JOIN_ONEUP.LANCAMENTOS.CONSULTALANCAMENTOS?cnpj=57.408.548%2F0001-92&n_documento=113474%2FC","service":"btg-baixa-titulos-service","timestamp":"2026-06-03T12:15:17.577Z"}
{"lancamento":1434884927,"level":"info","message":"ℹ️ Título 113474/C já estava baixado. Processo ignorado.","service":"btg-baixa-titulos-service","situacao":"BAIXADO","timestamp":"2026-06-03T12:15:17.592Z"}
{"level":"info","message":"🔎 Processando título 113474/B","service":"btg-baixa-titulos-service","timestamp":"2026-06-03T12:15:17.596Z"}
{"level":"info","message":"🌐 Millennium request: GET /MILLENIUM!JOIN_ONEUP.LANCAMENTOS.CONSULTALANCAMENTOS?cnpj=57.408.548%2F0001-92&n_documento=113474%2FB","service":"btg-baixa-titulos-service","timestamp":"2026-06-03T12:15:17.597Z"}
{"lancamento":1434884926,"level":"info","message":"ℹ️ Título 113474/B já estava baixado. Processo ignorado.","service":"btg-baixa-titulos-service","situacao":"BAIXADO","timestamp":"2026-06-03T12:15:17.613Z"}
{"level":"info","message":"🔎 Processando título 113474/A","service":"btg-baixa-titulos-service","timestamp":"2026-06-03T12:15:17.617Z"}
{"level":"info","message":"🌐 Millennium request: GET /MILLENIUM!JOIN_ONEUP.LANCAMENTOS.CONSULTALANCAMENTOS?cnpj=57.408.548%2F0001-92&n_documento=113474%2FA","service":"btg-baixa-titulos-service","timestamp":"2026-06-03T12:15:17.617Z"}
{"lancamento":1434884925,"level":"info","message":"ℹ️ Título 113474/A já estava baixado. Processo ignorado.","service":"btg-baixa-titulos-service","situacao":"BAIXADO","timestamp":"2026-06-03T12:15:17.630Z"}
{"level":"info","message":"🔎 Processando título 113329/D","service":"btg-baixa-titulos-service","timestamp":"2026-06-03T12:15:17.633Z"}
{"level":"info","message":"🌐 Millennium request: GET /MILLENIUM!JOIN_ONEUP.LANCAMENTOS.CONSULTALANCAMENTOS?cnpj=57.408.548%2F0001-92&n_documento=113329%2FD","service":"btg-baixa-titulos-service","timestamp":"2026-06-03T12:15:17.634Z"}
{"lancamento":1434884028,"level":"info","message":"ℹ️ Título 113329/D já estava baixado. Processo ignorado.","service":"btg-baixa-titulos-service","situacao":"BAIXADO","timestamp":"2026-06-03T12:15:17.648Z"}
{"level":"info","message":"🔎 Processando título 113329/C","service":"btg-baixa-titulos-service","timestamp":"2026-06-03T12:15:17.652Z"}
{"level":"info","message":"🌐 Millennium request: GET /MILLENIUM!JOIN_ONEUP.LANCAMENTOS.CONSULTALANCAMENTOS?cnpj=57.408.548%2F0001-92&n_documento=113329%2FC","service":"btg-baixa-titulos-service","timestamp":"2026-06-03T12:15:17.652Z"}
{"lancamento":1434884027,"level":"info","message":"ℹ️ Título 113329/C já estava baixado. Processo ignorado.","service":"btg-baixa-titulos-service","situacao":"BAIXADO","timestamp":"2026-06-03T12:15:17.668Z"}
{"level":"info","message":"🔎 Processando título 113329/B","service":"btg-baixa-titulos-service","timestamp":"2026-06-03T12:15:17.671Z"}
{"level":"info","message":"🌐 Millennium request: GET /MILLENIUM!JOIN_ONEUP.LANCAMENTOS.CONSULTALANCAMENTOS?cnpj=57.408.548%2F0001-92&n_documento=113329%2FB","service":"btg-baixa-titulos-service","timestamp":"2026-06-03T12:15:17.671Z"}
{"lancamento":1434884026,"level":"info","message":"ℹ️ Título 113329/B já estava baixado. Processo ignorado.","service":"btg-baixa-titulos-service","situacao":"BAIXADO","timestamp":"2026-06-03T12:15:17.686Z"}
{"level":"info","message":"🔎 Processando título 113329/A","service":"btg-baixa-titulos-service","timestamp":"2026-06-03T12:15:17.690Z"}
{"level":"info","message":"🌐 Millennium request: GET /MILLENIUM!JOIN_ONEUP.LANCAMENTOS.CONSULTALANCAMENTOS?cnpj=57.408.548%2F0001-92&n_documento=113329%2FA","service":"btg-baixa-titulos-service","timestamp":"2026-06-03T12:15:17.690Z"}
{"lancamento":1434884025,"level":"info","message":"ℹ️ Título 113329/A já estava baixado. Processo ignorado.","service":"btg-baixa-titulos-service","situacao":"BAIXADO","timestamp":"2026-06-03T12:15:17.706Z"}
{"level":"info","message":"🔎 Processando título 113269/D","service":"btg-baixa-titulos-service","timestamp":"2026-06-03T12:15:17.709Z"}
{"level":"info","message":"🌐 Millennium request: GET /MILLENIUM!JOIN_ONEUP.LANCAMENTOS.CONSULTALANCAMENTOS?cnpj=57.408.548%2F0001-92&n_documento=113269%2FD","service":"btg-baixa-titulos-service","timestamp":"2026-06-03T12:15:17.709Z"}
{"lancamento":1434882837,"level":"info","message":"ℹ️ Título 113269/D já estava baixado. Processo ignorado.","service":"btg-baixa-titulos-service","situacao":"BAIXADO","timestamp":"2026-06-03T12:15:17.725Z"}
{"level":"info","message":"🔎 Processando título 113269/C","service":"btg-baixa-titulos-service","timestamp":"2026-06-03T12:15:17.728Z"}
{"level":"info","message":"🌐 Millennium request: GET /MILLENIUM!JOIN_ONEUP.LANCAMENTOS.CONSULTALANCAMENTOS?cnpj=57.408.548%2F0001-92&n_documento=113269%2FC","service":"btg-baixa-titulos-service","timestamp":"2026-06-03T12:15:17.729Z"}
{"lancamento":1434882836,"level":"info","message":"ℹ️ Título 113269/C já estava baixado. Processo ignorado.","service":"btg-baixa-titulos-service","situacao":"BAIXADO","timestamp":"2026-06-03T12:15:17.746Z"}
{"level":"info","message":"🔎 Processando título 113269/B","service":"btg-baixa-titulos-service","timestamp":"2026-06-03T12:15:17.749Z"}
{"level":"info","message":"🌐 Millennium request: GET /MILLENIUM!JOIN_ONEUP.LANCAMENTOS.CONSULTALANCAMENTOS?cnpj=57.408.548%2F0001-92&n_documento=113269%2FB","service":"btg-baixa-titulos-service","timestamp":"2026-06-03T12:15:17.749Z"}
{"lancamento":1434882835,"level":"info","message":"ℹ️ Título 113269/B já estava baixado. Processo ignorado.","service":"btg-baixa-titulos-service","situacao":"BAIXADO","timestamp":"2026-06-03T12:15:17.765Z"}
{"level":"info","message":"🔎 Processando título 113269/A","service":"btg-baixa-titulos-service","timestamp":"2026-06-03T12:15:17.769Z"}
{"level":"info","message":"🌐 Millennium request: GET /MILLENIUM!JOIN_ONEUP.LANCAMENTOS.CONSULTALANCAMENTOS?cnpj=57.408.548%2F0001-92&n_documento=113269%2FA","service":"btg-baixa-titulos-service","timestamp":"2026-06-03T12:15:17.769Z"}
{"lancamento":1434882834,"level":"info","message":"ℹ️ Título 113269/A já estava baixado. Processo ignorado.","service":"btg-baixa-titulos-service","situacao":"BAIXADO","timestamp":"2026-06-03T12:15:17.786Z"}
{"level":"info","message":"🔎 Processando título 113264/D","service":"btg-baixa-titulos-service","timestamp":"2026-06-03T12:15:17.789Z"}
{"level":"info","message":"🌐 Millennium request: GET /MILLENIUM!JOIN_ONEUP.LANCAMENTOS.CONSULTALANCAMENTOS?cnpj=57.408.548%2F0001-92&n_documento=113264%2FD","service":"btg-baixa-titulos-service","timestamp":"2026-06-03T12:15:17.789Z"}
{"lancamento":1434882821,"level":"info","message":"ℹ️ Título 113264/D já estava baixado. Processo ignorado.","service":"btg-baixa-titulos-service","situacao":"BAIXADO","timestamp":"2026-06-03T12:15:17.806Z"}
{"level":"info","message":"🔎 Processando título 113264/C","service":"btg-baixa-titulos-service","timestamp":"2026-06-03T12:15:17.810Z"}
{"level":"info","message":"🌐 Millennium request: GET /MILLENIUM!JOIN_ONEUP.LANCAMENTOS.CONSULTALANCAMENTOS?cnpj=57.408.548%2F0001-92&n_documento=113264%2FC","service":"btg-baixa-titulos-service","timestamp":"2026-06-03T12:15:17.810Z"}
{"lancamento":1434882820,"level":"info","message":"ℹ️ Título 113264/C já estava baixado. Processo ignorado.","service":"btg-baixa-titulos-service","situacao":"BAIXADO","timestamp":"2026-06-03T12:15:17.826Z"}
{"level":"info","message":"🔎 Processando título 113264/B","service":"btg-baixa-titulos-service","timestamp":"2026-06-03T12:15:17.829Z"}
{"level":"info","message":"🌐 Millennium request: GET /MILLENIUM!JOIN_ONEUP.LANCAMENTOS.CONSULTALANCAMENTOS?cnpj=57.408.548%2F0001-92&n_documento=113264%2FB","service":"btg-baixa-titulos-service","timestamp":"2026-06-03T12:15:17.829Z"}
{"lancamento":1434882819,"level":"info","message":"ℹ️ Título 113264/B já estava baixado. Processo ignorado.","service":"btg-baixa-titulos-service","situacao":"BAIXADO","timestamp":"2026-06-03T12:15:17.844Z"}
{"level":"info","message":"🔎 Processando título 113264/A","service":"btg-baixa-titulos-service","timestamp":"2026-06-03T12:15:17.847Z"}
{"level":"info","message":"🌐 Millennium request: GET /MILLENIUM!JOIN_ONEUP.LANCAMENTOS.CONSULTALANCAMENTOS?cnpj=57.408.548%2F0001-92&n_documento=113264%2FA","service":"btg-baixa-titulos-service","timestamp":"2026-06-03T12:15:17.847Z"}
{"lancamento":1434882818,"level":"info","message":"ℹ️ Título 113264/A já estava baixado. Processo ignorado.","service":"btg-baixa-titulos-service","situacao":"BAIXADO","timestamp":"2026-06-03T12:15:17.861Z"}
{"level":"info","message":"🔎 Processando título 112947/D","service":"btg-baixa-titulos-service","timestamp":"2026-06-03T12:15:17.865Z"}
{"level":"info","message":"🌐 Millennium request: GET /MILLENIUM!JOIN_ONEUP.LANCAMENTOS.CONSULTALANCAMENTOS?cnpj=57.408.548%2F0001-92&n_documento=112947%2FD","service":"btg-baixa-titulos-service","timestamp":"2026-06-03T12:15:17.865Z"}
{"lancamento":1434881462,"level":"info","message":"ℹ️ Título 112947/D já estava baixado. Processo ignorado.","service":"btg-baixa-titulos-service","situacao":"BAIXADO","timestamp":"2026-06-03T12:15:17.881Z"}
{"level":"info","message":"🔎 Processando título 112947/C","service":"btg-baixa-titulos-service","timestamp":"2026-06-03T12:15:17.885Z"}
{"level":"info","message":"🌐 Millennium request: GET /MILLENIUM!JOIN_ONEUP.LANCAMENTOS.CONSULTALANCAMENTOS?cnpj=57.408.548%2F0001-92&n_documento=112947%2FC","service":"btg-baixa-titulos-service","timestamp":"2026-06-03T12:15:17.885Z"}
{"lancamento":1434881461,"level":"info","message":"ℹ️ Título 112947/C já estava baixado. Processo ignorado.","service":"btg-baixa-titulos-service","situacao":"BAIXADO","timestamp":"2026-06-03T12:15:17.901Z"}
{"level":"info","message":"🔎 Processando título 112947/B","service":"btg-baixa-titulos-service","timestamp":"2026-06-03T12:15:17.904Z"}
{"level":"info","message":"🌐 Millennium request: GET /MILLENIUM!JOIN_ONEUP.LANCAMENTOS.CONSULTALANCAMENTOS?cnpj=57.408.548%2F0001-92&n_documento=112947%2FB","service":"btg-baixa-titulos-service","timestamp":"2026-06-03T12:15:17.904Z"}
{"lancamento":1434881460,"level":"info","message":"ℹ️ Título 112947/B já estava baixado. Processo ignorado.","service":"btg-baixa-titulos-service","situacao":"BAIXADO","timestamp":"2026-06-03T12:15:17.918Z"}
{"level":"info","message":"🔎 Processando título 112947/A","service":"btg-baixa-titulos-service","timestamp":"2026-06-03T12:15:17.921Z"}
{"level":"info","message":"🌐 Millennium request: GET /MILLENIUM!JOIN_ONEUP.LANCAMENTOS.CONSULTALANCAMENTOS?cnpj=57.408.548%2F0001-92&n_documento=112947%2FA","service":"btg-baixa-titulos-service","timestamp":"2026-06-03T12:15:17.921Z"}
{"lancamento":1434881459,"level":"info","message":"ℹ️ Título 112947/A já estava baixado. Processo ignorado.","service":"btg-baixa-titulos-service","situacao":"BAIXADO","timestamp":"2026-06-03T12:15:17.936Z"}
{"level":"info","message":"🔎 Processando título 112761/C","service":"btg-baixa-titulos-service","timestamp":"2026-06-03T12:15:17.939Z"}
{"level":"info","message":"🌐 Millennium request: GET /MILLENIUM!JOIN_ONEUP.LANCAMENTOS.CONSULTALANCAMENTOS?cnpj=21.067.137%2F0001-33&n_documento=112761%2FC","service":"btg-baixa-titulos-service","timestamp":"2026-06-03T12:15:17.939Z"}
{"lancamento":1434880541,"level":"info","message":"ℹ️ Título 112761/C já estava baixado. Processo ignorado.","service":"btg-baixa-titulos-service","situacao":"BAIXADO","timestamp":"2026-06-03T12:15:17.955Z"}
{"level":"info","message":"🔎 Processando título 112761/B","service":"btg-baixa-titulos-service","timestamp":"2026-06-03T12:15:17.961Z"}
{"level":"info","message":"🌐 Millennium request: GET /MILLENIUM!JOIN_ONEUP.LANCAMENTOS.CONSULTALANCAMENTOS?cnpj=21.067.137%2F0001-33&n_documento=112761%2FB","service":"btg-baixa-titulos-service","timestamp":"2026-06-03T12:15:17.961Z"}
{"lancamento":1434880540,"level":"info","message":"ℹ️ Título 112761/B já estava baixado. Processo ignorado.","service":"btg-baixa-titulos-service","situacao":"BAIXADO","timestamp":"2026-06-03T12:15:17.978Z"}
{"level":"info","message":"🔎 Processando título 112761/A","service":"btg-baixa-titulos-service","timestamp":"2026-06-03T12:15:17.980Z"}
{"level":"info","message":"🌐 Millennium request: GET /MILLENIUM!JOIN_ONEUP.LANCAMENTOS.CONSULTALANCAMENTOS?cnpj=21.067.137%2F0001-33&n_documento=112761%2FA","service":"btg-baixa-titulos-service","timestamp":"2026-06-03T12:15:17.980Z"}
{"lancamento":1434880539,"level":"info","message":"ℹ️ Título 112761/A já estava baixado. Processo ignorado.","service":"btg-baixa-titulos-service","situacao":"BAIXADO","timestamp":"2026-06-03T12:15:18.080Z"}
{"level":"info","message":"🔎 Processando título 113263/E","service":"btg-baixa-titulos-service","timestamp":"2026-06-03T12:15:18.083Z"}
{"level":"info","message":"🌐 Millennium request: GET /MILLENIUM!JOIN_ONEUP.LANCAMENTOS.CONSULTALANCAMENTOS?cnpj=73.652.158%2F0001-10&n_documento=113263%2FE","service":"btg-baixa-titulos-service","timestamp":"2026-06-03T12:15:18.083Z"}
{"lancamento":1434882810,"level":"info","message":"ℹ️ Título 113263/E já estava baixado. Processo ignorado.","service":"btg-baixa-titulos-service","situacao":"BAIXADO","timestamp":"2026-06-03T12:15:18.099Z"}
{"level":"info","message":"🔎 Processando título 113263/D","service":"btg-baixa-titulos-service","timestamp":"2026-06-03T12:15:18.103Z"}
{"level":"info","message":"🌐 Millennium request: GET /MILLENIUM!JOIN_ONEUP.LANCAMENTOS.CONSULTALANCAMENTOS?cnpj=73.652.158%2F0001-10&n_documento=113263%2FD","service":"btg-baixa-titulos-service","timestamp":"2026-06-03T12:15:18.103Z"}
{"lancamento":1434882809,"level":"info","message":"ℹ️ Título 113263/D já estava baixado. Processo ignorado.","service":"btg-baixa-titulos-service","situacao":"BAIXADO","timestamp":"2026-06-03T12:15:18.119Z"}
{"level":"info","message":"🔎 Processando título 113263/C","service":"btg-baixa-titulos-service","timestamp":"2026-06-03T12:15:18.122Z"}
{"level":"info","message":"🌐 Millennium request: GET /MILLENIUM!JOIN_ONEUP.LANCAMENTOS.CONSULTALANCAMENTOS?cnpj=73.652.158%2F0001-10&n_documento=113263%2FC","service":"btg-baixa-titulos-service","timestamp":"2026-06-03T12:15:18.122Z"}
{"lancamento":1434882808,"level":"info","message":"ℹ️ Título 113263/C já estava baixado. Processo ignorado.","service":"btg-baixa-titulos-service","situacao":"BAIXADO","timestamp":"2026-06-03T12:15:18.138Z"}
{"level":"info","message":"🔎 Processando título 113263/B","service":"btg-baixa-titulos-service","timestamp":"2026-06-03T12:15:18.141Z"}
{"level":"info","message":"🌐 Millennium request: GET /MILLENIUM!JOIN_ONEUP.LANCAMENTOS.CONSULTALANCAMENTOS?cnpj=73.652.158%2F0001-10&n_documento=113263%2FB","service":"btg-baixa-titulos-service","timestamp":"2026-06-03T12:15:18.142Z"}
{"lancamento":1434882807,"level":"info","message":"ℹ️ Título 113263/B já estava baixado. Processo ignorado.","service":"btg-baixa-titulos-service","situacao":"BAIXADO","timestamp":"2026-06-03T12:15:18.160Z"}
{"level":"info","message":"🔎 Processando título 113263/A","service":"btg-baixa-titulos-service","timestamp":"2026-06-03T12:15:18.163Z"}
{"level":"info","message":"🌐 Millennium request: GET /MILLENIUM!JOIN_ONEUP.LANCAMENTOS.CONSULTALANCAMENTOS?cnpj=73.652.158%2F0001-10&n_documento=113263%2FA","service":"btg-baixa-titulos-service","timestamp":"2026-06-03T12:15:18.163Z"}
{"lancamento":1434882806,"level":"info","message":"ℹ️ Título 113263/A já estava baixado. Processo ignorado.","service":"btg-baixa-titulos-service","situacao":"BAIXADO","timestamp":"2026-06-03T12:15:18.178Z"}
{"level":"info","message":"🔎 Processando título 112648/E","service":"btg-baixa-titulos-service","timestamp":"2026-06-03T12:15:18.181Z"}
{"level":"info","message":"🌐 Millennium request: GET /MILLENIUM!JOIN_ONEUP.LANCAMENTOS.CONSULTALANCAMENTOS?cnpj=03.247.651%2F0001-79&n_documento=112648%2FE","service":"btg-baixa-titulos-service","timestamp":"2026-06-03T12:15:18.181Z"}
{"lancamento":1434880183,"level":"info","message":"ℹ️ Título 112648/E já estava baixado. Processo ignorado.","service":"btg-baixa-titulos-service","situacao":"BAIXADO","timestamp":"2026-06-03T12:15:18.197Z"}
{"level":"info","message":"🔎 Processando título 112648/D","service":"btg-baixa-titulos-service","timestamp":"2026-06-03T12:15:18.200Z"}
{"level":"info","message":"🌐 Millennium request: GET /MILLENIUM!JOIN_ONEUP.LANCAMENTOS.CONSULTALANCAMENTOS?cnpj=03.247.651%2F0001-79&n_documento=112648%2FD","service":"btg-baixa-titulos-service","timestamp":"2026-06-03T12:15:18.200Z"}
{"lancamento":1434880182,"level":"info","message":"ℹ️ Título 112648/D já estava baixado. Processo ignorado.","service":"btg-baixa-titulos-service","situacao":"BAIXADO","timestamp":"2026-06-03T12:15:18.214Z"}
{"level":"info","message":"🔎 Processando título 112648/C","service":"btg-baixa-titulos-service","timestamp":"2026-06-03T12:15:18.217Z"}
{"level":"info","message":"🌐 Millennium request: GET /MILLENIUM!JOIN_ONEUP.LANCAMENTOS.CONSULTALANCAMENTOS?cnpj=03.247.651%2F0001-79&n_documento=112648%2FC","service":"btg-baixa-titulos-service","timestamp":"2026-06-03T12:15:18.217Z"}
{"lancamento":1434880181,"level":"info","message":"ℹ️ Título 112648/C já estava baixado. Processo ignorado.","service":"btg-baixa-titulos-service","situacao":"BAIXADO","timestamp":"2026-06-03T12:15:18.231Z"}
{"level":"info","message":"🔎 Processando título 112648/B","service":"btg-baixa-titulos-service","timestamp":"2026-06-03T12:15:18.234Z"}
{"level":"info","message":"🌐 Millennium request: GET /MILLENIUM!JOIN_ONEUP.LANCAMENTOS.CONSULTALANCAMENTOS?cnpj=03.247.651%2F0001-79&n_documento=112648%2FB","service":"btg-baixa-titulos-service","timestamp":"2026-06-03T12:15:18.235Z"}
{"lancamento":1434880180,"level":"info","message":"ℹ️ Título 112648/B já estava baixado. Processo ignorado.","service":"btg-baixa-titulos-service","situacao":"BAIXADO","timestamp":"2026-06-03T12:15:18.249Z"}
{"level":"info","message":"🔎 Processando título 112648/A","service":"btg-baixa-titulos-service","timestamp":"2026-06-03T12:15:18.251Z"}
{"level":"info","message":"🌐 Millennium request: GET /MILLENIUM!JOIN_ONEUP.LANCAMENTOS.CONSULTALANCAMENTOS?cnpj=03.247.651%2F0001-79&n_documento=112648%2FA","service":"btg-baixa-titulos-service","timestamp":"2026-06-03T12:15:18.251Z"}
{"lancamento":1434880179,"level":"info","message":"ℹ️ Título 112648/A já estava baixado. Processo ignorado.","service":"btg-baixa-titulos-service","situacao":"BAIXADO","timestamp":"2026-06-03T12:15:18.268Z"}
{"level":"info","message":"🔎 Processando título FRE 111087","service":"btg-baixa-titulos-service","timestamp":"2026-06-03T12:15:18.277Z"}
{"level":"info","message":"🌐 Millennium request: GET /MILLENIUM!JOIN_ONEUP.LANCAMENTOS.CONSULTALANCAMENTOS?cnpj=09.598.379%2F0001-58&n_documento=FRE%20111087","service":"btg-baixa-titulos-service","timestamp":"2026-06-03T12:15:18.277Z"}
{"lancamento":1434878962,"level":"info","message":"ℹ️ Título FRE 111087 já estava baixado. Processo ignorado.","service":"btg-baixa-titulos-service","situacao":"BAIXADO","timestamp":"2026-06-03T12:15:18.293Z"}
{"level":"info","message":"🔎 Processando título 112541/C","service":"btg-baixa-titulos-service","timestamp":"2026-06-03T12:15:18.295Z"}
{"level":"info","message":"🌐 Millennium request: GET /MILLENIUM!JOIN_ONEUP.LANCAMENTOS.CONSULTALANCAMENTOS?cnpj=59.205.187%2F0001-02&n_documento=112541%2FC","service":"btg-baixa-titulos-service","timestamp":"2026-06-03T12:15:18.295Z"}
{"lancamento":1434878806,"level":"info","message":"ℹ️ Título 112541/C já estava baixado. Processo ignorado.","service":"btg-baixa-titulos-service","situacao":"BAIXADO","timestamp":"2026-06-03T12:15:18.319Z"}
{"level":"info","message":"🔎 Processando título 112541/B","service":"btg-baixa-titulos-service","timestamp":"2026-06-03T12:15:18.321Z"}
{"level":"info","message":"🌐 Millennium request: GET /MILLENIUM!JOIN_ONEUP.LANCAMENTOS.CONSULTALANCAMENTOS?cnpj=59.205.187%2F0001-02&n_documento=112541%2FB","service":"btg-baixa-titulos-service","timestamp":"2026-06-03T12:15:18.321Z"}
{"lancamento":1434878805,"level":"info","message":"ℹ️ Título 112541/B já estava baixado. Processo ignorado.","service":"btg-baixa-titulos-service","situacao":"BAIXADO","timestamp":"2026-06-03T12:15:18.336Z"}
{"level":"info","message":"🔎 Processando título 112541/A","service":"btg-baixa-titulos-service","timestamp":"2026-06-03T12:15:18.338Z"}
{"level":"info","message":"🌐 Millennium request: GET /MILLENIUM!JOIN_ONEUP.LANCAMENTOS.CONSULTALANCAMENTOS?cnpj=59.205.187%2F0001-02&n_documento=112541%2FA","service":"btg-baixa-titulos-service","timestamp":"2026-06-03T12:15:18.339Z"}
{"lancamento":1434878804,"level":"info","message":"ℹ️ Título 112541/A já estava baixado. Processo ignorado.","service":"btg-baixa-titulos-service","situacao":"BAIXADO","timestamp":"2026-06-03T12:15:18.355Z"}
{"level":"info","message":"🔎 Processando título CORRE 109505","service":"btg-baixa-titulos-service","timestamp":"2026-06-03T12:15:18.358Z"}
{"level":"info","message":"🌐 Millennium request: GET /MILLENIUM!JOIN_ONEUP.LANCAMENTOS.CONSULTALANCAMENTOS?cnpj=21.067.137%2F0001-33&n_documento=CORRE%20109505","service":"btg-baixa-titulos-service","timestamp":"2026-06-03T12:15:18.358Z"}
{"lancamento":1434878942,"level":"info","message":"ℹ️ Título CORRE 109505 já estava baixado. Processo ignorado.","service":"btg-baixa-titulos-service","situacao":"BAIXADO","timestamp":"2026-06-03T12:15:18.376Z"}
{"level":"info","message":"🔎 Processando título 112542/C","service":"btg-baixa-titulos-service","timestamp":"2026-06-03T12:15:18.379Z"}
{"level":"info","message":"🌐 Millennium request: GET /MILLENIUM!JOIN_ONEUP.LANCAMENTOS.CONSULTALANCAMENTOS?cnpj=21.067.137%2F0001-33&n_documento=112542%2FC","service":"btg-baixa-titulos-service","timestamp":"2026-06-03T12:15:18.379Z"}
{"lancamento":1434878816,"level":"info","message":"ℹ️ Título 112542/C já estava baixado. Processo ignorado.","service":"btg-baixa-titulos-service","situacao":"BAIXADO","timestamp":"2026-06-03T12:15:18.393Z"}
{"level":"info","message":"🔎 Processando título 112542/B","service":"btg-baixa-titulos-service","timestamp":"2026-06-03T12:15:18.397Z"}
{"level":"info","message":"🌐 Millennium request: GET /MILLENIUM!JOIN_ONEUP.LANCAMENTOS.CONSULTALANCAMENTOS?cnpj=21.067.137%2F0001-33&n_documento=112542%2FB","service":"btg-baixa-titulos-service","timestamp":"2026-06-03T12:15:18.397Z"}
{"lancamento":1434878815,"level":"info","message":"ℹ️ Título 112542/B já estava baixado. Processo ignorado.","service":"btg-baixa-titulos-service","situacao":"BAIXADO","timestamp":"2026-06-03T12:15:18.408Z"}
{"level":"info","message":"🔎 Processando título 112542/A","service":"btg-baixa-titulos-service","timestamp":"2026-06-03T12:15:18.411Z"}
{"level":"info","message":"🌐 Millennium request: GET /MILLENIUM!JOIN_ONEUP.LANCAMENTOS.CONSULTALANCAMENTOS?cnpj=21.067.137%2F0001-33&n_documento=112542%2FA","service":"btg-baixa-titulos-service","timestamp":"2026-06-03T12:15:18.411Z"}
{"lancamento":1434878814,"level":"info","message":"ℹ️ Título 112542/A já estava baixado. Processo ignorado.","service":"btg-baixa-titulos-service","situacao":"BAIXADO","timestamp":"2026-06-03T12:15:18.427Z"}
{"level":"info","message":"🔎 Processando título FRE 110754","service":"btg-baixa-titulos-service","timestamp":"2026-06-03T12:15:18.430Z"}
{"level":"info","message":"🌐 Millennium request: GET /MILLENIUM!JOIN_ONEUP.LANCAMENTOS.CONSULTALANCAMENTOS?cnpj=03.294.992%2F0001-03&n_documento=FRE%20110754","service":"btg-baixa-titulos-service","timestamp":"2026-06-03T12:15:18.430Z"}
{"lancamento":1434878959,"level":"info","message":"ℹ️ Título FRE 110754 já estava baixado. Processo ignorado.","service":"btg-baixa-titulos-service","situacao":"BAIXADO","timestamp":"2026-06-03T12:15:18.444Z"}
{"level":"info","message":"🔎 Processando título FRE 110595","service":"btg-baixa-titulos-service","timestamp":"2026-06-03T12:15:18.447Z"}
{"level":"info","message":"🌐 Millennium request: GET /MILLENIUM!JOIN_ONEUP.LANCAMENTOS.CONSULTALANCAMENTOS?cnpj=57.408.548%2F0001-92&n_documento=FRE%20110595","service":"btg-baixa-titulos-service","timestamp":"2026-06-03T12:15:18.447Z"}
{"lancamento":1434878956,"level":"info","message":"ℹ️ Título FRE 110595 já estava baixado. Processo ignorado.","service":"btg-baixa-titulos-service","situacao":"BAIXADO","timestamp":"2026-06-03T12:15:18.464Z"}
{"level":"info","message":"🔎 Processando título CORRE 111369","service":"btg-baixa-titulos-service","timestamp":"2026-06-03T12:15:18.467Z"}
{"level":"info","message":"🌐 Millennium request: GET /MILLENIUM!JOIN_ONEUP.LANCAMENTOS.CONSULTALANCAMENTOS?cnpj=57.408.548%2F0001-92&n_documento=CORRE%20111369","service":"btg-baixa-titulos-service","timestamp":"2026-06-03T12:15:18.467Z"}
{"lancamento":1434878955,"level":"info","message":"ℹ️ Título CORRE 111369 já estava baixado. Processo ignorado.","service":"btg-baixa-titulos-service","situacao":"BAIXADO","timestamp":"2026-06-03T12:15:18.482Z"}
{"level":"info","message":"🔎 Processando título CORRE 111088","service":"btg-baixa-titulos-service","timestamp":"2026-06-03T12:15:18.485Z"}
{"level":"info","message":"🌐 Millennium request: GET /MILLENIUM!JOIN_ONEUP.LANCAMENTOS.CONSULTALANCAMENTOS?cnpj=57.408.548%2F0001-92&n_documento=CORRE%20111088","service":"btg-baixa-titulos-service","timestamp":"2026-06-03T12:15:18.485Z"}
{"lancamento":1434878952,"level":"info","message":"ℹ️ Título CORRE 111088 já estava baixado. Processo ignorado.","service":"btg-baixa-titulos-service","situacao":"BAIXADO","timestamp":"2026-06-03T12:15:18.500Z"}
{"level":"info","message":"🔎 Processando título CORRE 110166","service":"btg-baixa-titulos-service","timestamp":"2026-06-03T12:15:18.503Z"}
{"level":"info","message":"🌐 Millennium request: GET /MILLENIUM!JOIN_ONEUP.LANCAMENTOS.CONSULTALANCAMENTOS?cnpj=57.408.548%2F0001-92&n_documento=CORRE%20110166","service":"btg-baixa-titulos-service","timestamp":"2026-06-03T12:15:18.503Z"}
{"lancamento":1434878948,"level":"info","message":"ℹ️ Título CORRE 110166 já estava baixado. Processo ignorado.","service":"btg-baixa-titulos-service","situacao":"BAIXADO","timestamp":"2026-06-03T12:15:18.602Z"}
{"level":"info","message":"🔎 Processando título CORRE 110251","service":"btg-baixa-titulos-service","timestamp":"2026-06-03T12:15:18.608Z"}
{"level":"info","message":"🌐 Millennium request: GET /MILLENIUM!JOIN_ONEUP.LANCAMENTOS.CONSULTALANCAMENTOS?cnpj=01.329.811%2F0001-01&n_documento=CORRE%20110251","service":"btg-baixa-titulos-service","timestamp":"2026-06-03T12:15:18.608Z"}
{"lancamento":1434878949,"level":"info","message":"ℹ️ Título CORRE 110251 já estava baixado. Processo ignorado.","service":"btg-baixa-titulos-service","situacao":"BAIXADO","timestamp":"2026-06-03T12:15:18.624Z"}
{"level":"info","message":"🔎 Processando título CORRE 111399","service":"btg-baixa-titulos-service","timestamp":"2026-06-03T12:15:18.631Z"}
{"level":"info","message":"🌐 Millennium request: GET /MILLENIUM!JOIN_ONEUP.LANCAMENTOS.CONSULTALANCAMENTOS?cnpj=01.009.793%2F0001-72&n_documento=CORRE%20111399","service":"btg-baixa-titulos-service","timestamp":"2026-06-03T12:15:18.631Z"}
{"lancamento":1434878953,"level":"info","message":"ℹ️ Título CORRE 111399 já estava baixado. Processo ignorado.","service":"btg-baixa-titulos-service","situacao":"BAIXADO","timestamp":"2026-06-03T12:15:18.646Z"}
{"level":"info","message":"🔎 Processando título CORRE 110761","service":"btg-baixa-titulos-service","timestamp":"2026-06-03T12:15:18.650Z"}
{"level":"info","message":"🌐 Millennium request: GET /MILLENIUM!JOIN_ONEUP.LANCAMENTOS.CONSULTALANCAMENTOS?cnpj=01.009.793%2F0001-72&n_documento=CORRE%20110761","service":"btg-baixa-titulos-service","timestamp":"2026-06-03T12:15:18.650Z"}
{"lancamento":1434878951,"level":"info","message":"ℹ️ Título CORRE 110761 já estava baixado. Processo ignorado.","service":"btg-baixa-titulos-service","situacao":"BAIXADO","timestamp":"2026-06-03T12:15:18.666Z"}
{"level":"info","message":"🔎 Processando título 111423/C","service":"btg-baixa-titulos-service","timestamp":"2026-06-03T12:15:18.670Z"}
{"level":"info","message":"🌐 Millennium request: GET /MILLENIUM!JOIN_ONEUP.LANCAMENTOS.CONSULTALANCAMENTOS?cnpj=96.609.490%2F0001-05&n_documento=111423%2FC","service":"btg-baixa-titulos-service","timestamp":"2026-06-03T12:15:18.670Z"}
{"lancamento":1434871829,"level":"info","message":"ℹ️ Título 111423/C já estava baixado. Processo ignorado.","service":"btg-baixa-titulos-service","situacao":"BAIXADO","timestamp":"2026-06-03T12:15:18.685Z"}
{"level":"info","message":"🔎 Processando título 111423/B","service":"btg-baixa-titulos-service","timestamp":"2026-06-03T12:15:18.689Z"}
{"level":"info","message":"🌐 Millennium request: GET /MILLENIUM!JOIN_ONEUP.LANCAMENTOS.CONSULTALANCAMENTOS?cnpj=96.609.490%2F0001-05&n_documento=111423%2FB","service":"btg-baixa-titulos-service","timestamp":"2026-06-03T12:15:18.689Z"}
{"lancamento":1434871828,"level":"info","message":"ℹ️ Título 111423/B já estava baixado. Processo ignorado.","service":"btg-baixa-titulos-service","situacao":"BAIXADO","timestamp":"2026-06-03T12:15:18.703Z"}
{"level":"info","message":"🔎 Processando título 111423/A","service":"btg-baixa-titulos-service","timestamp":"2026-06-03T12:15:18.709Z"}
{"level":"info","message":"🌐 Millennium request: GET /MILLENIUM!JOIN_ONEUP.LANCAMENTOS.CONSULTALANCAMENTOS?cnpj=96.609.490%2F0001-05&n_documento=111423%2FA","service":"btg-baixa-titulos-service","timestamp":"2026-06-03T12:15:18.709Z"}
{"lancamento":1434871827,"level":"info","message":"ℹ️ Título 111423/A já estava baixado. Processo ignorado.","service":"btg-baixa-titulos-service","situacao":"BAIXADO","timestamp":"2026-06-03T12:15:18.724Z"}
{"level":"info","message":"🔎 Processando título 111852","service":"btg-baixa-titulos-service","timestamp":"2026-06-03T12:15:18.728Z"}
{"level":"info","message":"🌐 Millennium request: GET /MILLENIUM!JOIN_ONEUP.LANCAMENTOS.CONSULTALANCAMENTOS?cnpj=09.598.379%2F0001-58&n_documento=111852","service":"btg-baixa-titulos-service","timestamp":"2026-06-03T12:15:18.728Z"}
{"lancamento":1434874737,"level":"info","message":"ℹ️ Título 111852 já estava baixado. Processo ignorado.","service":"btg-baixa-titulos-service","situacao":"BAIXADO","timestamp":"2026-06-03T12:15:18.743Z"}
{"level":"info","message":"🔎 Processando título 111857/C","service":"btg-baixa-titulos-service","timestamp":"2026-06-03T12:15:18.747Z"}
{"level":"info","message":"🌐 Millennium request: GET /MILLENIUM!JOIN_ONEUP.LANCAMENTOS.CONSULTALANCAMENTOS?cnpj=21.067.137%2F0001-33&n_documento=111857%2FC","service":"btg-baixa-titulos-service","timestamp":"2026-06-03T12:15:18.747Z"}
{"lancamento":1434874752,"level":"info","message":"ℹ️ Título 111857/C já estava baixado. Processo ignorado.","service":"btg-baixa-titulos-service","situacao":"BAIXADO","timestamp":"2026-06-03T12:15:18.762Z"}
{"level":"info","message":"🔎 Processando título 111857/B","service":"btg-baixa-titulos-service","timestamp":"2026-06-03T12:15:18.766Z"}
{"level":"info","message":"🌐 Millennium request: GET /MILLENIUM!JOIN_ONEUP.LANCAMENTOS.CONSULTALANCAMENTOS?cnpj=21.067.137%2F0001-33&n_documento=111857%2FB","service":"btg-baixa-titulos-service","timestamp":"2026-06-03T12:15:18.766Z"}
{"lancamento":1434874751,"level":"info","message":"ℹ️ Título 111857/B já estava baixado. Processo ignorado.","service":"btg-baixa-titulos-service","situacao":"BAIXADO","timestamp":"2026-06-03T12:15:18.781Z"}
{"level":"info","message":"🔎 Processando título 111857/A","service":"btg-baixa-titulos-service","timestamp":"2026-06-03T12:15:18.784Z"}
{"level":"info","message":"🌐 Millennium request: GET /MILLENIUM!JOIN_ONEUP.LANCAMENTOS.CONSULTALANCAMENTOS?cnpj=21.067.137%2F0001-33&n_documento=111857%2FA","service":"btg-baixa-titulos-service","timestamp":"2026-06-03T12:15:18.784Z"}
{"lancamento":1434874750,"level":"info","message":"ℹ️ Título 111857/A já estava baixado. Processo ignorado.","service":"btg-baixa-titulos-service","situacao":"BAIXADO","timestamp":"2026-06-03T12:15:18.799Z"}
{"level":"info","message":"🔎 Processando título 111595","service":"btg-baixa-titulos-service","timestamp":"2026-06-03T12:15:18.803Z"}
{"level":"info","message":"🌐 Millennium request: GET /MILLENIUM!JOIN_ONEUP.LANCAMENTOS.CONSULTALANCAMENTOS?cnpj=01.329.811%2F0001-01&n_documento=111595","service":"btg-baixa-titulos-service","timestamp":"2026-06-03T12:15:18.803Z"}
{"lancamento":1434873150,"level":"info","message":"ℹ️ Título 111595 já estava baixado. Processo ignorado.","service":"btg-baixa-titulos-service","situacao":"BAIXADO","timestamp":"2026-06-03T12:15:18.817Z"}
{"level":"info","message":"🔎 Processando título 111850/E","service":"btg-baixa-titulos-service","timestamp":"2026-06-03T12:15:18.821Z"}
{"level":"info","message":"🌐 Millennium request: GET /MILLENIUM!JOIN_ONEUP.LANCAMENTOS.CONSULTALANCAMENTOS?cnpj=73.652.158%2F0001-10&n_documento=111850%2FE","service":"btg-baixa-titulos-service","timestamp":"2026-06-03T12:15:18.821Z"}
{"lancamento":1434874734,"level":"info","message":"ℹ️ Título 111850/E já estava baixado. Processo ignorado.","service":"btg-baixa-titulos-service","situacao":"BAIXADO","timestamp":"2026-06-03T12:15:18.837Z"}
{"level":"info","message":"🔎 Processando título 111850/D","service":"btg-baixa-titulos-service","timestamp":"2026-06-03T12:15:18.841Z"}
{"level":"info","message":"🌐 Millennium request: GET /MILLENIUM!JOIN_ONEUP.LANCAMENTOS.CONSULTALANCAMENTOS?cnpj=73.652.158%2F0001-10&n_documento=111850%2FD","service":"btg-baixa-titulos-service","timestamp":"2026-06-03T12:15:18.841Z"}
{"lancamento":1434874733,"level":"info","message":"ℹ️ Título 111850/D já estava baixado. Processo ignorado.","service":"btg-baixa-titulos-service","situacao":"BAIXADO","timestamp":"2026-06-03T12:15:18.855Z"}
{"level":"info","message":"🔎 Processando título 111850/C","service":"btg-baixa-titulos-service","timestamp":"2026-06-03T12:15:18.859Z"}
{"level":"info","message":"🌐 Millennium request: GET /MILLENIUM!JOIN_ONEUP.LANCAMENTOS.CONSULTALANCAMENTOS?cnpj=73.652.158%2F0001-10&n_documento=111850%2FC","service":"btg-baixa-titulos-service","timestamp":"2026-06-03T12:15:18.859Z"}
{"lancamento":1434874732,"level":"info","message":"ℹ️ Título 111850/C já estava baixado. Processo ignorado.","service":"btg-baixa-titulos-service","situacao":"BAIXADO","timestamp":"2026-06-03T12:15:18.875Z"}
{"level":"info","message":"🔎 Processando título 111850/B","service":"btg-baixa-titulos-service","timestamp":"2026-06-03T12:15:18.879Z"}
{"level":"info","message":"🌐 Millennium request: GET /MILLENIUM!JOIN_ONEUP.LANCAMENTOS.CONSULTALANCAMENTOS?cnpj=73.652.158%2F0001-10&n_documento=111850%2FB","service":"btg-baixa-titulos-service","timestamp":"2026-06-03T12:15:18.879Z"}
{"lancamento":1434874731,"level":"info","message":"ℹ️ Título 111850/B já estava baixado. Processo ignorado.","service":"btg-baixa-titulos-service","situacao":"BAIXADO","timestamp":"2026-06-03T12:15:18.893Z"}
{"level":"info","message":"🔎 Processando título 111850/A","service":"btg-baixa-titulos-service","timestamp":"2026-06-03T12:15:18.897Z"}
{"level":"info","message":"🌐 Millennium request: GET /MILLENIUM!JOIN_ONEUP.LANCAMENTOS.CONSULTALANCAMENTOS?cnpj=73.652.158%2F0001-10&n_documento=111850%2FA","service":"btg-baixa-titulos-service","timestamp":"2026-06-03T12:15:18.897Z"}
{"lancamento":1434874730,"level":"info","message":"ℹ️ Título 111850/A já estava baixado. Processo ignorado.","service":"btg-baixa-titulos-service","situacao":"BAIXADO","timestamp":"2026-06-03T12:15:18.913Z"}
{"level":"info","message":"🔎 Processando título 111596/D","service":"btg-baixa-titulos-service","timestamp":"2026-06-03T12:15:18.917Z"}
{"level":"info","message":"🌐 Millennium request: GET /MILLENIUM!JOIN_ONEUP.LANCAMENTOS.CONSULTALANCAMENTOS?cnpj=47.485.403%2F0001-31&n_documento=111596%2FD","service":"btg-baixa-titulos-service","timestamp":"2026-06-03T12:15:18.917Z"}
{"lancamento":1434873154,"level":"info","message":"ℹ️ Título 111596/D já estava baixado. Processo ignorado.","service":"btg-baixa-titulos-service","situacao":"BAIXADO","timestamp":"2026-06-03T12:15:18.933Z"}
{"level":"info","message":"🔎 Processando título 111596/C","service":"btg-baixa-titulos-service","timestamp":"2026-06-03T12:15:18.939Z"}
{"level":"info","message":"🌐 Millennium request: GET /MILLENIUM!JOIN_ONEUP.LANCAMENTOS.CONSULTALANCAMENTOS?cnpj=47.485.403%2F0001-31&n_documento=111596%2FC","service":"btg-baixa-titulos-service","timestamp":"2026-06-03T12:15:18.939Z"}
{"lancamento":1434873153,"level":"info","message":"ℹ️ Título 111596/C já estava baixado. Processo ignorado.","service":"btg-baixa-titulos-service","situacao":"BAIXADO","timestamp":"2026-06-03T12:15:18.955Z"}
{"level":"info","message":"🔎 Processando título 111596/B","service":"btg-baixa-titulos-service","timestamp":"2026-06-03T12:15:18.958Z"}
{"level":"info","message":"🌐 Millennium request: GET /MILLENIUM!JOIN_ONEUP.LANCAMENTOS.CONSULTALANCAMENTOS?cnpj=47.485.403%2F0001-31&n_documento=111596%2FB","service":"btg-baixa-titulos-service","timestamp":"2026-06-03T12:15:18.958Z"}
{"lancamento":1434873152,"level":"info","message":"ℹ️ Título 111596/B já estava baixado. Processo ignorado.","service":"btg-baixa-titulos-service","situacao":"BAIXADO","timestamp":"2026-06-03T12:15:18.971Z"}
{"level":"info","message":"🔎 Processando título 111596/A","service":"btg-baixa-titulos-service","timestamp":"2026-06-03T12:15:18.974Z"}
{"level":"info","message":"🌐 Millennium request: GET /MILLENIUM!JOIN_ONEUP.LANCAMENTOS.CONSULTALANCAMENTOS?cnpj=47.485.403%2F0001-31&n_documento=111596%2FA","service":"btg-baixa-titulos-service","timestamp":"2026-06-03T12:15:18.974Z"}
{"lancamento":1434873151,"level":"info","message":"ℹ️ Título 111596/A já estava baixado. Processo ignorado.","service":"btg-baixa-titulos-service","situacao":"BAIXADO","timestamp":"2026-06-03T12:15:18.990Z"}
{"level":"info","message":"🔎 Processando título 111399","service":"btg-baixa-titulos-service","timestamp":"2026-06-03T12:15:18.993Z"}
{"level":"info","message":"🌐 Millennium request: GET /MILLENIUM!JOIN_ONEUP.LANCAMENTOS.CONSULTALANCAMENTOS?cnpj=01.009.793%2F0001-72&n_documento=111399","service":"btg-baixa-titulos-service","timestamp":"2026-06-03T12:15:18.993Z"}
{"lancamento":1434871265,"level":"info","message":"ℹ️ Título 111399 já estava baixado. Processo ignorado.","service":"btg-baixa-titulos-service","situacao":"BAIXADO","timestamp":"2026-06-03T12:15:19.008Z"}
{"level":"info","message":"🔎 Processando título 111854/D","service":"btg-baixa-titulos-service","timestamp":"2026-06-03T12:15:19.010Z"}
{"level":"info","message":"🌐 Millennium request: GET /MILLENIUM!JOIN_ONEUP.LANCAMENTOS.CONSULTALANCAMENTOS?cnpj=57.408.548%2F0001-92&n_documento=111854%2FD","service":"btg-baixa-titulos-service","timestamp":"2026-06-03T12:15:19.010Z"}
{"lancamento":1434874744,"level":"info","message":"ℹ️ Título 111854/D já estava baixado. Processo ignorado.","service":"btg-baixa-titulos-service","situacao":"BAIXADO","timestamp":"2026-06-03T12:15:19.116Z"}
{"level":"info","message":"🔎 Processando título 111854/C","service":"btg-baixa-titulos-service","timestamp":"2026-06-03T12:15:19.121Z"}
{"level":"info","message":"🌐 Millennium request: GET /MILLENIUM!JOIN_ONEUP.LANCAMENTOS.CONSULTALANCAMENTOS?cnpj=57.408.548%2F0001-92&n_documento=111854%2FC","service":"btg-baixa-titulos-service","timestamp":"2026-06-03T12:15:19.121Z"}
{"lancamento":1434874743,"level":"info","message":"ℹ️ Título 111854/C já estava baixado. Processo ignorado.","service":"btg-baixa-titulos-service","situacao":"BAIXADO","timestamp":"2026-06-03T12:15:19.137Z"}
{"level":"info","message":"🔎 Processando título 111854/B","service":"btg-baixa-titulos-service","timestamp":"2026-06-03T12:15:19.141Z"}
{"level":"info","message":"🌐 Millennium request: GET /MILLENIUM!JOIN_ONEUP.LANCAMENTOS.CONSULTALANCAMENTOS?cnpj=57.408.548%2F0001-92&n_documento=111854%2FB","service":"btg-baixa-titulos-service","timestamp":"2026-06-03T12:15:19.141Z"}
{"lancamento":1434874742,"level":"info","message":"ℹ️ Título 111854/B já estava baixado. Processo ignorado.","service":"btg-baixa-titulos-service","situacao":"BAIXADO","timestamp":"2026-06-03T12:15:19.157Z"}
{"level":"info","message":"🔎 Processando título 111854/A","service":"btg-baixa-titulos-service","timestamp":"2026-06-03T12:15:19.161Z"}
{"level":"info","message":"🌐 Millennium request: GET /MILLENIUM!JOIN_ONEUP.LANCAMENTOS.CONSULTALANCAMENTOS?cnpj=57.408.548%2F0001-92&n_documento=111854%2FA","service":"btg-baixa-titulos-service","timestamp":"2026-06-03T12:15:19.161Z"}
{"lancamento":1434874741,"level":"info","message":"ℹ️ Título 111854/A já estava baixado. Processo ignorado.","service":"btg-baixa-titulos-service","situacao":"BAIXADO","timestamp":"2026-06-03T12:15:19.180Z"}
{"level":"info","message":"🔎 Processando título 111394/D","service":"btg-baixa-titulos-service","timestamp":"2026-06-03T12:15:19.183Z"}
{"level":"info","message":"🌐 Millennium request: GET /MILLENIUM!JOIN_ONEUP.LANCAMENTOS.CONSULTALANCAMENTOS?cnpj=57.408.548%2F0001-92&n_documento=111394%2FD","service":"btg-baixa-titulos-service","timestamp":"2026-06-03T12:15:19.183Z"}
{"lancamento":1434871224,"level":"info","message":"ℹ️ Título 111394/D já estava baixado. Processo ignorado.","service":"btg-baixa-titulos-service","situacao":"BAIXADO","timestamp":"2026-06-03T12:15:19.198Z"}
{"level":"info","message":"🔎 Processando título 111394/C","service":"btg-baixa-titulos-service","timestamp":"2026-06-03T12:15:19.202Z"}
{"level":"info","message":"🌐 Millennium request: GET /MILLENIUM!JOIN_ONEUP.LANCAMENTOS.CONSULTALANCAMENTOS?cnpj=57.408.548%2F0001-92&n_documento=111394%2FC","service":"btg-baixa-titulos-service","timestamp":"2026-06-03T12:15:19.202Z"}
{"lancamento":1434871223,"level":"info","message":"ℹ️ Título 111394/C já estava baixado. Processo ignorado.","service":"btg-baixa-titulos-service","situacao":"BAIXADO","timestamp":"2026-06-03T12:15:19.220Z"}
{"level":"info","message":"🔎 Processando título 111394/B","service":"btg-baixa-titulos-service","timestamp":"2026-06-03T12:15:19.224Z"}
{"level":"info","message":"🌐 Millennium request: GET /MILLENIUM!JOIN_ONEUP.LANCAMENTOS.CONSULTALANCAMENTOS?cnpj=57.408.548%2F0001-92&n_documento=111394%2FB","service":"btg-baixa-titulos-service","timestamp":"2026-06-03T12:15:19.224Z"}
{"lancamento":1434871222,"level":"info","message":"ℹ️ Título 111394/B já estava baixado. Processo ignorado.","service":"btg-baixa-titulos-service","situacao":"BAIXADO","timestamp":"2026-06-03T12:15:19.242Z"}
{"level":"info","message":"🔎 Processando título 111394/A","service":"btg-baixa-titulos-service","timestamp":"2026-06-03T12:15:19.246Z"}
{"level":"info","message":"🌐 Millennium request: GET /MILLENIUM!JOIN_ONEUP.LANCAMENTOS.CONSULTALANCAMENTOS?cnpj=57.408.548%2F0001-92&n_documento=111394%2FA","service":"btg-baixa-titulos-service","timestamp":"2026-06-03T12:15:19.246Z"}
{"lancamento":1434871221,"level":"info","message":"ℹ️ Título 111394/A já estava baixado. Processo ignorado.","service":"btg-baixa-titulos-service","situacao":"BAIXADO","timestamp":"2026-06-03T12:15:19.260Z"}
{"level":"info","message":"🔎 Processando título 111250/A","service":"btg-baixa-titulos-service","timestamp":"2026-06-03T12:15:19.265Z"}
{"level":"info","message":"🌐 Millennium request: GET /MILLENIUM!JOIN_ONEUP.LANCAMENTOS.CONSULTALANCAMENTOS?cnpj=47.485.403%2F0001-31&n_documento=111250%2FA","service":"btg-baixa-titulos-service","timestamp":"2026-06-03T12:15:19.265Z"}
{"lancamento":1434870043,"level":"info","message":"ℹ️ Título 111250/A já estava baixado. Processo ignorado.","service":"btg-baixa-titulos-service","situacao":"BAIXADO","timestamp":"2026-06-03T12:15:19.283Z"}
{"level":"info","message":"🔎 Processando título 111249/C","service":"btg-baixa-titulos-service","timestamp":"2026-06-03T12:15:19.287Z"}
{"level":"info","message":"🌐 Millennium request: GET /MILLENIUM!JOIN_ONEUP.LANCAMENTOS.CONSULTALANCAMENTOS?cnpj=47.485.403%2F0001-31&n_documento=111249%2FC","service":"btg-baixa-titulos-service","timestamp":"2026-06-03T12:15:19.287Z"}
{"lancamento":1434870035,"level":"info","message":"ℹ️ Título 111249/C já estava baixado. Processo ignorado.","service":"btg-baixa-titulos-service","situacao":"BAIXADO","timestamp":"2026-06-03T12:15:19.304Z"}
{"level":"info","message":"🔎 Processando título 111249/B","service":"btg-baixa-titulos-service","timestamp":"2026-06-03T12:15:19.308Z"}
{"level":"info","message":"🌐 Millennium request: GET /MILLENIUM!JOIN_ONEUP.LANCAMENTOS.CONSULTALANCAMENTOS?cnpj=47.485.403%2F0001-31&n_documento=111249%2FB","service":"btg-baixa-titulos-service","timestamp":"2026-06-03T12:15:19.308Z"}
{"lancamento":1434870034,"level":"info","message":"ℹ️ Título 111249/B já estava baixado. Processo ignorado.","service":"btg-baixa-titulos-service","situacao":"BAIXADO","timestamp":"2026-06-03T12:15:19.325Z"}
{"level":"info","message":"🔎 Processando título 111089/B","service":"btg-baixa-titulos-service","timestamp":"2026-06-03T12:15:19.329Z"}
{"level":"info","message":"🌐 Millennium request: GET /MILLENIUM!JOIN_ONEUP.LANCAMENTOS.CONSULTALANCAMENTOS?cnpj=47.485.403%2F0001-31&n_documento=111089%2FB","service":"btg-baixa-titulos-service","timestamp":"2026-06-03T12:15:19.329Z"}
{"lancamento":1434868843,"level":"info","message":"ℹ️ Título 111089/B já estava baixado. Processo ignorado.","service":"btg-baixa-titulos-service","situacao":"BAIXADO","timestamp":"2026-06-03T12:15:19.349Z"}
{"level":"info","message":"🔎 Processando título 111088/D","service":"btg-baixa-titulos-service","timestamp":"2026-06-03T12:15:19.353Z"}
{"level":"info","message":"🌐 Millennium request: GET /MILLENIUM!JOIN_ONEUP.LANCAMENTOS.CONSULTALANCAMENTOS?cnpj=57.408.548%2F0001-92&n_documento=111088%2FD","service":"btg-baixa-titulos-service","timestamp":"2026-06-03T12:15:19.353Z"}
{"lancamento":1434868822,"level":"info","message":"ℹ️ Título 111088/D já estava baixado. Processo ignorado.","service":"btg-baixa-titulos-service","situacao":"BAIXADO","timestamp":"2026-06-03T12:15:19.371Z"}
{"level":"info","message":"🔎 Processando título 111088/C","service":"btg-baixa-titulos-service","timestamp":"2026-06-03T12:15:19.375Z"}
{"level":"info","message":"🌐 Millennium request: GET /MILLENIUM!JOIN_ONEUP.LANCAMENTOS.CONSULTALANCAMENTOS?cnpj=57.408.548%2F0001-92&n_documento=111088%2FC","service":"btg-baixa-titulos-service","timestamp":"2026-06-03T12:15:19.375Z"}
{"lancamento":1434868821,"level":"info","message":"ℹ️ Título 111088/C já estava baixado. Processo ignorado.","service":"btg-baixa-titulos-service","situacao":"BAIXADO","timestamp":"2026-06-03T12:15:19.392Z"}
{"level":"info","message":"🔎 Processando título 111088/B","service":"btg-baixa-titulos-service","timestamp":"2026-06-03T12:15:19.397Z"}
{"level":"info","message":"🌐 Millennium request: GET /MILLENIUM!JOIN_ONEUP.LANCAMENTOS.CONSULTALANCAMENTOS?cnpj=57.408.548%2F0001-92&n_documento=111088%2FB","service":"btg-baixa-titulos-service","timestamp":"2026-06-03T12:15:19.397Z"}
{"lancamento":1434868820,"level":"info","message":"ℹ️ Título 111088/B já estava baixado. Processo ignorado.","service":"btg-baixa-titulos-service","situacao":"BAIXADO","timestamp":"2026-06-03T12:15:19.412Z"}
{"level":"info","message":"🔎 Processando título 111088/A","service":"btg-baixa-titulos-service","timestamp":"2026-06-03T12:15:19.417Z"}
{"level":"info","message":"🌐 Millennium request: GET /MILLENIUM!JOIN_ONEUP.LANCAMENTOS.CONSULTALANCAMENTOS?cnpj=57.408.548%2F0001-92&n_documento=111088%2FA","service":"btg-baixa-titulos-service","timestamp":"2026-06-03T12:15:19.417Z"}
{"lancamento":1434868819,"level":"info","message":"ℹ️ Título 111088/A já estava baixado. Processo ignorado.","service":"btg-baixa-titulos-service","situacao":"BAIXADO","timestamp":"2026-06-03T12:15:19.432Z"}
{"level":"info","message":"🔎 Processando título 111087","service":"btg-baixa-titulos-service","timestamp":"2026-06-03T12:15:19.436Z"}
{"level":"info","message":"🌐 Millennium request: GET /MILLENIUM!JOIN_ONEUP.LANCAMENTOS.CONSULTALANCAMENTOS?cnpj=09.598.379%2F0001-58&n_documento=111087","service":"btg-baixa-titulos-service","timestamp":"2026-06-03T12:15:19.436Z"}
{"lancamento":1434868811,"level":"info","message":"ℹ️ Título 111087 já estava baixado. Processo ignorado.","service":"btg-baixa-titulos-service","situacao":"BAIXADO","timestamp":"2026-06-03T12:15:19.451Z"}
{"level":"info","message":"🔎 Processando título 109783/C","service":"btg-baixa-titulos-service","timestamp":"2026-06-03T12:15:19.455Z"}
{"level":"info","message":"🌐 Millennium request: GET /MILLENIUM!JOIN_ONEUP.LANCAMENTOS.CONSULTALANCAMENTOS?cnpj=59.205.187%2F0001-02&n_documento=109783%2FC","service":"btg-baixa-titulos-service","timestamp":"2026-06-03T12:15:19.455Z"}
{"lancamento":1434857853,"level":"info","message":"ℹ️ Título 109783/C já estava baixado. Processo ignorado.","service":"btg-baixa-titulos-service","situacao":"BAIXADO","timestamp":"2026-06-03T12:15:19.471Z"}
{"level":"info","message":"🔎 Processando título 109783/B","service":"btg-baixa-titulos-service","timestamp":"2026-06-03T12:15:19.475Z"}
{"level":"info","message":"🌐 Millennium request: GET /MILLENIUM!JOIN_ONEUP.LANCAMENTOS.CONSULTALANCAMENTOS?cnpj=59.205.187%2F0001-02&n_documento=109783%2FB","service":"btg-baixa-titulos-service","timestamp":"2026-06-03T12:15:19.476Z"}
{"lancamento":1434857852,"level":"info","message":"ℹ️ Título 109783/B já estava baixado. Processo ignorado.","service":"btg-baixa-titulos-service","situacao":"BAIXADO","timestamp":"2026-06-03T12:15:19.489Z"}
{"level":"info","message":"🔎 Processando título 109783/A","service":"btg-baixa-titulos-service","timestamp":"2026-06-03T12:15:19.493Z"}
{"level":"info","message":"🌐 Millennium request: GET /MILLENIUM!JOIN_ONEUP.LANCAMENTOS.CONSULTALANCAMENTOS?cnpj=59.205.187%2F0001-02&n_documento=109783%2FA","service":"btg-baixa-titulos-service","timestamp":"2026-06-03T12:15:19.493Z"}
{"lancamento":1434857851,"level":"info","message":"ℹ️ Título 109783/A já estava baixado. Processo ignorado.","service":"btg-baixa-titulos-service","situacao":"BAIXADO","timestamp":"2026-06-03T12:15:19.510Z"}
{"level":"info","message":"🔎 Processando título 109505/C","service":"btg-baixa-titulos-service","timestamp":"2026-06-03T12:15:19.516Z"}
{"level":"info","message":"🌐 Millennium request: GET /MILLENIUM!JOIN_ONEUP.LANCAMENTOS.CONSULTALANCAMENTOS?cnpj=21.067.137%2F0001-33&n_documento=109505%2FC","service":"btg-baixa-titulos-service","timestamp":"2026-06-03T12:15:19.516Z"}
{"lancamento":1434856382,"level":"info","message":"ℹ️ Título 109505/C já estava baixado. Processo ignorado.","service":"btg-baixa-titulos-service","situacao":"BAIXADO","timestamp":"2026-06-03T12:15:19.535Z"}
{"level":"info","message":"🔎 Processando título 109505/B","service":"btg-baixa-titulos-service","timestamp":"2026-06-03T12:15:19.540Z"}
{"level":"info","message":"🌐 Millennium request: GET /MILLENIUM!JOIN_ONEUP.LANCAMENTOS.CONSULTALANCAMENTOS?cnpj=21.067.137%2F0001-33&n_documento=109505%2FB","service":"btg-baixa-titulos-service","timestamp":"2026-06-03T12:15:19.540Z"}
{"lancamento":1434856381,"level":"info","message":"ℹ️ Título 109505/B já estava baixado. Processo ignorado.","service":"btg-baixa-titulos-service","situacao":"BAIXADO","timestamp":"2026-06-03T12:15:19.641Z"}
{"level":"info","message":"🔎 Processando título 109505/A","service":"btg-baixa-titulos-service","timestamp":"2026-06-03T12:15:19.650Z"}
{"level":"info","message":"🌐 Millennium request: GET /MILLENIUM!JOIN_ONEUP.LANCAMENTOS.CONSULTALANCAMENTOS?cnpj=21.067.137%2F0001-33&n_documento=109505%2FA","service":"btg-baixa-titulos-service","timestamp":"2026-06-03T12:15:19.650Z"}
{"lancamento":1434856380,"level":"info","message":"ℹ️ Título 109505/A já estava baixado. Processo ignorado.","service":"btg-baixa-titulos-service","situacao":"BAIXADO","timestamp":"2026-06-03T12:15:19.667Z"}
{"level":"info","message":"🔎 Processando título 109795/E","service":"btg-baixa-titulos-service","timestamp":"2026-06-03T12:15:19.674Z"}
{"level":"info","message":"🌐 Millennium request: GET /MILLENIUM!JOIN_ONEUP.LANCAMENTOS.CONSULTALANCAMENTOS?cnpj=44.999.259%2F0001-63&n_documento=109795%2FE","service":"btg-baixa-titulos-service","timestamp":"2026-06-03T12:15:19.675Z"}
{"lancamento":1434857920,"level":"info","message":"ℹ️ Título 109795/E já estava baixado. Processo ignorado.","service":"btg-baixa-titulos-service","situacao":"BAIXADO","timestamp":"2026-06-03T12:15:19.691Z"}
{"level":"info","message":"🔎 Processando título 109795/D","service":"btg-baixa-titulos-service","timestamp":"2026-06-03T12:15:19.696Z"}
{"level":"info","message":"🌐 Millennium request: GET /MILLENIUM!JOIN_ONEUP.LANCAMENTOS.CONSULTALANCAMENTOS?cnpj=44.999.259%2F0001-63&n_documento=109795%2FD","service":"btg-baixa-titulos-service","timestamp":"2026-06-03T12:15:19.696Z"}
{"lancamento":1434857919,"level":"info","message":"ℹ️ Título 109795/D já estava baixado. Processo ignorado.","service":"btg-baixa-titulos-service","situacao":"BAIXADO","timestamp":"2026-06-03T12:15:19.711Z"}
{"level":"info","message":"🔎 Processando título 109795/C","service":"btg-baixa-titulos-service","timestamp":"2026-06-03T12:15:19.716Z"}
{"level":"info","message":"🌐 Millennium request: GET /MILLENIUM!JOIN_ONEUP.LANCAMENTOS.CONSULTALANCAMENTOS?cnpj=44.999.259%2F0001-63&n_documento=109795%2FC","service":"btg-baixa-titulos-service","timestamp":"2026-06-03T12:15:19.716Z"}
{"lancamento":1434857918,"level":"info","message":"ℹ️ Título 109795/C já estava baixado. Processo ignorado.","service":"btg-baixa-titulos-service","situacao":"BAIXADO","timestamp":"2026-06-03T12:15:19.733Z"}
{"level":"info","message":"🔎 Processando título 111369/D","service":"btg-baixa-titulos-service","timestamp":"2026-06-03T12:15:19.737Z"}
{"level":"info","message":"🌐 Millennium request: GET /MILLENIUM!JOIN_ONEUP.LANCAMENTOS.CONSULTALANCAMENTOS?cnpj=57.408.548%2F0001-92&n_documento=111369%2FD","service":"btg-baixa-titulos-service","timestamp":"2026-06-03T12:15:19.737Z"}
{"lancamento":1434871086,"level":"info","message":"ℹ️ Título 111369/D já estava baixado. Processo ignorado.","service":"btg-baixa-titulos-service","situacao":"BAIXADO","timestamp":"2026-06-03T12:15:19.755Z"}
{"level":"info","message":"🔎 Processando título 109795/B","service":"btg-baixa-titulos-service","timestamp":"2026-06-03T12:15:19.759Z"}
{"level":"info","message":"🌐 Millennium request: GET /MILLENIUM!JOIN_ONEUP.LANCAMENTOS.CONSULTALANCAMENTOS?cnpj=44.999.259%2F0001-63&n_documento=109795%2FB","service":"btg-baixa-titulos-service","timestamp":"2026-06-03T12:15:19.759Z"}
{"lancamento":1434857917,"level":"info","message":"ℹ️ Título 109795/B já estava baixado. Processo ignorado.","service":"btg-baixa-titulos-service","situacao":"BAIXADO","timestamp":"2026-06-03T12:15:19.774Z"}
{"level":"info","message":"🔎 Processando título 111369/C","service":"btg-baixa-titulos-service","timestamp":"2026-06-03T12:15:19.779Z"}
{"level":"info","message":"🌐 Millennium request: GET /MILLENIUM!JOIN_ONEUP.LANCAMENTOS.CONSULTALANCAMENTOS?cnpj=57.408.548%2F0001-92&n_documento=111369%2FC","service":"btg-baixa-titulos-service","timestamp":"2026-06-03T12:15:19.779Z"}
{"lancamento":1434871085,"level":"info","message":"ℹ️ Título 111369/C já estava baixado. Processo ignorado.","service":"btg-baixa-titulos-service","situacao":"BAIXADO","timestamp":"2026-06-03T12:15:19.793Z"}
{"level":"info","message":"🔎 Processando título 109795/A","service":"btg-baixa-titulos-service","timestamp":"2026-06-03T12:15:19.798Z"}
{"level":"info","message":"🌐 Millennium request: GET /MILLENIUM!JOIN_ONEUP.LANCAMENTOS.CONSULTALANCAMENTOS?cnpj=44.999.259%2F0001-63&n_documento=109795%2FA","service":"btg-baixa-titulos-service","timestamp":"2026-06-03T12:15:19.798Z"}
{"lancamento":1434857916,"level":"info","message":"ℹ️ Título 109795/A já estava baixado. Processo ignorado.","service":"btg-baixa-titulos-service","situacao":"BAIXADO","timestamp":"2026-06-03T12:15:19.813Z"}
{"level":"info","message":"🔎 Processando título 111369/B","service":"btg-baixa-titulos-service","timestamp":"2026-06-03T12:15:19.817Z"}
{"level":"info","message":"🌐 Millennium request: GET /MILLENIUM!JOIN_ONEUP.LANCAMENTOS.CONSULTALANCAMENTOS?cnpj=57.408.548%2F0001-92&n_documento=111369%2FB","service":"btg-baixa-titulos-service","timestamp":"2026-06-03T12:15:19.817Z"}
{"lancamento":1434871084,"level":"info","message":"ℹ️ Título 111369/B já estava baixado. Processo ignorado.","service":"btg-baixa-titulos-service","situacao":"BAIXADO","timestamp":"2026-06-03T12:15:19.833Z"}
{"level":"info","message":"🔎 Processando título 111369/A","service":"btg-baixa-titulos-service","timestamp":"2026-06-03T12:15:19.839Z"}
{"level":"info","message":"🌐 Millennium request: GET /MILLENIUM!JOIN_ONEUP.LANCAMENTOS.CONSULTALANCAMENTOS?cnpj=57.408.548%2F0001-92&n_documento=111369%2FA","service":"btg-baixa-titulos-service","timestamp":"2026-06-03T12:15:19.839Z"}
{"lancamento":1434871083,"level":"info","message":"ℹ️ Título 111369/A já estava baixado. Processo ignorado.","service":"btg-baixa-titulos-service","situacao":"BAIXADO","timestamp":"2026-06-03T12:15:19.854Z"}
{"level":"info","message":"🔎 Processando título 109417/D","service":"btg-baixa-titulos-service","timestamp":"2026-06-03T12:15:19.858Z"}
{"level":"info","message":"🌐 Millennium request: GET /MILLENIUM!JOIN_ONEUP.LANCAMENTOS.CONSULTALANCAMENTOS?cnpj=00.768.271%2F0001-91&n_documento=109417%2FD","service":"btg-baixa-titulos-service","timestamp":"2026-06-03T12:15:19.858Z"}
{"lancamento":1434856131,"level":"info","message":"ℹ️ Título 109417/D já estava baixado. Processo ignorado.","service":"btg-baixa-titulos-service","situacao":"BAIXADO","timestamp":"2026-06-03T12:15:19.875Z"}
{"level":"info","message":"🔎 Processando título 109417/C","service":"btg-baixa-titulos-service","timestamp":"2026-06-03T12:15:19.880Z"}
{"level":"info","message":"🌐 Millennium request: GET /MILLENIUM!JOIN_ONEUP.LANCAMENTOS.CONSULTALANCAMENTOS?cnpj=00.768.271%2F0001-91&n_documento=109417%2FC","service":"btg-baixa-titulos-service","timestamp":"2026-06-03T12:15:19.880Z"}
{"lancamento":1434856130,"level":"info","message":"ℹ️ Título 109417/C já estava baixado. Processo ignorado.","service":"btg-baixa-titulos-service","situacao":"BAIXADO","timestamp":"2026-06-03T12:15:19.895Z"}
{"level":"info","message":"🔎 Processando título 111257/C","service":"btg-baixa-titulos-service","timestamp":"2026-06-03T12:15:19.899Z"}
{"level":"info","message":"🌐 Millennium request: GET /MILLENIUM!JOIN_ONEUP.LANCAMENTOS.CONSULTALANCAMENTOS?cnpj=47.485.403%2F0001-31&n_documento=111257%2FC","service":"btg-baixa-titulos-service","timestamp":"2026-06-03T12:15:19.899Z"}
{"lancamento":1434870092,"level":"info","message":"ℹ️ Título 111257/C já estava baixado. Processo ignorado.","service":"btg-baixa-titulos-service","situacao":"BAIXADO","timestamp":"2026-06-03T12:15:19.912Z"}
{"level":"info","message":"🔎 Processando título 109417/B","service":"btg-baixa-titulos-service","timestamp":"2026-06-03T12:15:19.916Z"}
{"level":"info","message":"🌐 Millennium request: GET /MILLENIUM!JOIN_ONEUP.LANCAMENTOS.CONSULTALANCAMENTOS?cnpj=00.768.271%2F0001-91&n_documento=109417%2FB","service":"btg-baixa-titulos-service","timestamp":"2026-06-03T12:15:19.916Z"}
{"lancamento":1434856129,"level":"info","message":"ℹ️ Título 109417/B já estava baixado. Processo ignorado.","service":"btg-baixa-titulos-service","situacao":"BAIXADO","timestamp":"2026-06-03T12:15:19.933Z"}
{"level":"info","message":"🔎 Processando título 111257/B","service":"btg-baixa-titulos-service","timestamp":"2026-06-03T12:15:19.937Z"}
{"level":"info","message":"🌐 Millennium request: GET /MILLENIUM!JOIN_ONEUP.LANCAMENTOS.CONSULTALANCAMENTOS?cnpj=47.485.403%2F0001-31&n_documento=111257%2FB","service":"btg-baixa-titulos-service","timestamp":"2026-06-03T12:15:19.938Z"}
{"lancamento":1434870091,"level":"info","message":"ℹ️ Título 111257/B já estava baixado. Processo ignorado.","service":"btg-baixa-titulos-service","situacao":"BAIXADO","timestamp":"2026-06-03T12:15:19.952Z"}
{"level":"info","message":"🔎 Processando título 111257/A","service":"btg-baixa-titulos-service","timestamp":"2026-06-03T12:15:19.956Z"}
{"level":"info","message":"🌐 Millennium request: GET /MILLENIUM!JOIN_ONEUP.LANCAMENTOS.CONSULTALANCAMENTOS?cnpj=47.485.403%2F0001-31&n_documento=111257%2FA","service":"btg-baixa-titulos-service","timestamp":"2026-06-03T12:15:19.956Z"}
{"lancamento":1434870090,"level":"info","message":"ℹ️ Título 111257/A já estava baixado. Processo ignorado.","service":"btg-baixa-titulos-service","situacao":"BAIXADO","timestamp":"2026-06-03T12:15:19.973Z"}
{"level":"info","message":"🔎 Processando título 109417/A","service":"btg-baixa-titulos-service","timestamp":"2026-06-03T12:15:19.978Z"}
{"level":"info","message":"🌐 Millennium request: GET /MILLENIUM!JOIN_ONEUP.LANCAMENTOS.CONSULTALANCAMENTOS?cnpj=00.768.271%2F0001-91&n_documento=109417%2FA","service":"btg-baixa-titulos-service","timestamp":"2026-06-03T12:15:19.978Z"}
{"lancamento":1434856128,"level":"info","message":"ℹ️ Título 109417/A já estava baixado. Processo ignorado.","service":"btg-baixa-titulos-service","situacao":"BAIXADO","timestamp":"2026-06-03T12:15:20.005Z"}
{"level":"info","message":"🔎 Processando título 111256/C","service":"btg-baixa-titulos-service","timestamp":"2026-06-03T12:15:20.010Z"}
{"level":"info","message":"🌐 Millennium request: GET /MILLENIUM!JOIN_ONEUP.LANCAMENTOS.CONSULTALANCAMENTOS?cnpj=47.485.403%2F0001-31&n_documento=111256%2FC","service":"btg-baixa-titulos-service","timestamp":"2026-06-03T12:15:20.010Z"}
{"lancamento":1434870087,"level":"info","message":"ℹ️ Título 111256/C já estava baixado. Processo ignorado.","service":"btg-baixa-titulos-service","situacao":"BAIXADO","timestamp":"2026-06-03T12:15:20.024Z"}
{"level":"info","message":"🔎 Processando título 111256/B","service":"btg-baixa-titulos-service","timestamp":"2026-06-03T12:15:20.028Z"}
{"level":"info","message":"🌐 Millennium request: GET /MILLENIUM!JOIN_ONEUP.LANCAMENTOS.CONSULTALANCAMENTOS?cnpj=47.485.403%2F0001-31&n_documento=111256%2FB","service":"btg-baixa-titulos-service","timestamp":"2026-06-03T12:15:20.029Z"}
{"lancamento":1434870086,"level":"info","message":"ℹ️ Título 111256/B já estava baixado. Processo ignorado.","service":"btg-baixa-titulos-service","situacao":"BAIXADO","timestamp":"2026-06-03T12:15:20.045Z"}
{"level":"info","message":"🔎 Processando título 109244/E","service":"btg-baixa-titulos-service","timestamp":"2026-06-03T12:15:20.049Z"}
{"level":"info","message":"🌐 Millennium request: GET /MILLENIUM!JOIN_ONEUP.LANCAMENTOS.CONSULTALANCAMENTOS?cnpj=03.247.651%2F0001-79&n_documento=109244%2FE","service":"btg-baixa-titulos-service","timestamp":"2026-06-03T12:15:20.050Z"}
{"lancamento":1434855325,"level":"info","message":"ℹ️ Título 109244/E já estava baixado. Processo ignorado.","service":"btg-baixa-titulos-service","situacao":"BAIXADO","timestamp":"2026-06-03T12:15:20.065Z"}
{"level":"info","message":"🔎 Processando título 109244/D","service":"btg-baixa-titulos-service","timestamp":"2026-06-03T12:15:20.071Z"}
{"level":"info","message":"🌐 Millennium request: GET /MILLENIUM!JOIN_ONEUP.LANCAMENTOS.CONSULTALANCAMENTOS?cnpj=03.247.651%2F0001-79&n_documento=109244%2FD","service":"btg-baixa-titulos-service","timestamp":"2026-06-03T12:15:20.071Z"}
{"lancamento":1434855324,"level":"info","message":"ℹ️ Título 109244/D já estava baixado. Processo ignorado.","service":"btg-baixa-titulos-service","situacao":"BAIXADO","timestamp":"2026-06-03T12:15:20.176Z"}
{"level":"info","message":"🔎 Processando título 111254/C","service":"btg-baixa-titulos-service","timestamp":"2026-06-03T12:15:20.178Z"}
{"level":"info","message":"🌐 Millennium request: GET /MILLENIUM!JOIN_ONEUP.LANCAMENTOS.CONSULTALANCAMENTOS?cnpj=47.485.403%2F0001-31&n_documento=111254%2FC","service":"btg-baixa-titulos-service","timestamp":"2026-06-03T12:15:20.178Z"}
{"lancamento":1434870073,"level":"info","message":"ℹ️ Título 111254/C já estava baixado. Processo ignorado.","service":"btg-baixa-titulos-service","situacao":"BAIXADO","timestamp":"2026-06-03T12:15:20.196Z"}
{"level":"info","message":"🔎 Processando título 111254/B","service":"btg-baixa-titulos-service","timestamp":"2026-06-03T12:15:20.198Z"}
{"level":"info","message":"🌐 Millennium request: GET /MILLENIUM!JOIN_ONEUP.LANCAMENTOS.CONSULTALANCAMENTOS?cnpj=47.485.403%2F0001-31&n_documento=111254%2FB","service":"btg-baixa-titulos-service","timestamp":"2026-06-03T12:15:20.198Z"}
{"lancamento":1434870072,"level":"info","message":"ℹ️ Título 111254/B já estava baixado. Processo ignorado.","service":"btg-baixa-titulos-service","situacao":"BAIXADO","timestamp":"2026-06-03T12:15:20.214Z"}
{"level":"info","message":"🔎 Processando título 109244/C","service":"btg-baixa-titulos-service","timestamp":"2026-06-03T12:15:20.216Z"}
{"level":"info","message":"🌐 Millennium request: GET /MILLENIUM!JOIN_ONEUP.LANCAMENTOS.CONSULTALANCAMENTOS?cnpj=03.247.651%2F0001-79&n_documento=109244%2FC","service":"btg-baixa-titulos-service","timestamp":"2026-06-03T12:15:20.216Z"}
{"lancamento":1434855323,"level":"info","message":"ℹ️ Título 109244/C já estava baixado. Processo ignorado.","service":"btg-baixa-titulos-service","situacao":"BAIXADO","timestamp":"2026-06-03T12:15:20.234Z"}
{"level":"info","message":"🔎 Processando título 109244/B","service":"btg-baixa-titulos-service","timestamp":"2026-06-03T12:15:20.236Z"}
{"level":"info","message":"🌐 Millennium request: GET /MILLENIUM!JOIN_ONEUP.LANCAMENTOS.CONSULTALANCAMENTOS?cnpj=03.247.651%2F0001-79&n_documento=109244%2FB","service":"btg-baixa-titulos-service","timestamp":"2026-06-03T12:15:20.236Z"}
{"lancamento":1434855322,"level":"info","message":"ℹ️ Título 109244/B já estava baixado. Processo ignorado.","service":"btg-baixa-titulos-service","situacao":"BAIXADO","timestamp":"2026-06-03T12:15:20.253Z"}
{"level":"info","message":"🔎 Processando título 111254/A","service":"btg-baixa-titulos-service","timestamp":"2026-06-03T12:15:20.256Z"}
{"level":"info","message":"🌐 Millennium request: GET /MILLENIUM!JOIN_ONEUP.LANCAMENTOS.CONSULTALANCAMENTOS?cnpj=47.485.403%2F0001-31&n_documento=111254%2FA","service":"btg-baixa-titulos-service","timestamp":"2026-06-03T12:15:20.256Z"}
{"lancamento":1434870071,"level":"info","message":"ℹ️ Título 111254/A já estava baixado. Processo ignorado.","service":"btg-baixa-titulos-service","situacao":"BAIXADO","timestamp":"2026-06-03T12:15:20.282Z"}
{"level":"info","message":"🔎 Processando título 109244/A","service":"btg-baixa-titulos-service","timestamp":"2026-06-03T12:15:20.285Z"}
{"level":"info","message":"🌐 Millennium request: GET /MILLENIUM!JOIN_ONEUP.LANCAMENTOS.CONSULTALANCAMENTOS?cnpj=03.247.651%2F0001-79&n_documento=109244%2FA","service":"btg-baixa-titulos-service","timestamp":"2026-06-03T12:15:20.285Z"}
{"lancamento":1434855321,"level":"info","message":"ℹ️ Título 109244/A já estava baixado. Processo ignorado.","service":"btg-baixa-titulos-service","situacao":"BAIXADO","timestamp":"2026-06-03T12:15:20.300Z"}
{"level":"info","message":"🔎 Processando título 111043/D","service":"btg-baixa-titulos-service","timestamp":"2026-06-03T12:15:20.303Z"}
{"level":"info","message":"🌐 Millennium request: GET /MILLENIUM!JOIN_ONEUP.LANCAMENTOS.CONSULTALANCAMENTOS?cnpj=57.408.548%2F0001-92&n_documento=111043%2FD","service":"btg-baixa-titulos-service","timestamp":"2026-06-03T12:15:20.303Z"}
{"lancamento":1434868706,"level":"info","message":"ℹ️ Título 111043/D já estava baixado. Processo ignorado.","service":"btg-baixa-titulos-service","situacao":"BAIXADO","timestamp":"2026-06-03T12:15:20.320Z"}
{"level":"info","message":"🔎 Processando título 111043/C","service":"btg-baixa-titulos-service","timestamp":"2026-06-03T12:15:20.324Z"}
{"level":"info","message":"🌐 Millennium request: GET /MILLENIUM!JOIN_ONEUP.LANCAMENTOS.CONSULTALANCAMENTOS?cnpj=57.408.548%2F0001-92&n_documento=111043%2FC","service":"btg-baixa-titulos-service","timestamp":"2026-06-03T12:15:20.324Z"}
{"lancamento":1434868705,"level":"info","message":"ℹ️ Título 111043/C já estava baixado. Processo ignorado.","service":"btg-baixa-titulos-service","situacao":"BAIXADO","timestamp":"2026-06-03T12:15:20.347Z"}
{"level":"info","message":"🔎 Processando título 111043/B","service":"btg-baixa-titulos-service","timestamp":"2026-06-03T12:15:20.351Z"}
{"level":"info","message":"🌐 Millennium request: GET /MILLENIUM!JOIN_ONEUP.LANCAMENTOS.CONSULTALANCAMENTOS?cnpj=57.408.548%2F0001-92&n_documento=111043%2FB","service":"btg-baixa-titulos-service","timestamp":"2026-06-03T12:15:20.351Z"}
{"lancamento":1434868704,"level":"info","message":"ℹ️ Título 111043/B já estava baixado. Processo ignorado.","service":"btg-baixa-titulos-service","situacao":"BAIXADO","timestamp":"2026-06-03T12:15:20.368Z"}
{"level":"info","message":"🔎 Processando título 111043/A","service":"btg-baixa-titulos-service","timestamp":"2026-06-03T12:15:20.374Z"}
{"level":"info","message":"🌐 Millennium request: GET /MILLENIUM!JOIN_ONEUP.LANCAMENTOS.CONSULTALANCAMENTOS?cnpj=57.408.548%2F0001-92&n_documento=111043%2FA","service":"btg-baixa-titulos-service","timestamp":"2026-06-03T12:15:20.374Z"}
{"lancamento":1434868703,"level":"info","message":"ℹ️ Título 111043/A já estava baixado. Processo ignorado.","service":"btg-baixa-titulos-service","situacao":"BAIXADO","timestamp":"2026-06-03T12:15:20.390Z"}
{"level":"info","message":"🔎 Processando título 110977/D","service":"btg-baixa-titulos-service","timestamp":"2026-06-03T12:15:20.394Z"}
{"level":"info","message":"🌐 Millennium request: GET /MILLENIUM!JOIN_ONEUP.LANCAMENTOS.CONSULTALANCAMENTOS?cnpj=57.408.548%2F0001-92&n_documento=110977%2FD","service":"btg-baixa-titulos-service","timestamp":"2026-06-03T12:15:20.394Z"}
{"lancamento":1434868583,"level":"info","message":"ℹ️ Título 110977/D já estava baixado. Processo ignorado.","service":"btg-baixa-titulos-service","situacao":"BAIXADO","timestamp":"2026-06-03T12:15:20.409Z"}
{"level":"info","message":"🔎 Processando título 110977/C","service":"btg-baixa-titulos-service","timestamp":"2026-06-03T12:15:20.413Z"}
{"level":"info","message":"🌐 Millennium request: GET /MILLENIUM!JOIN_ONEUP.LANCAMENTOS.CONSULTALANCAMENTOS?cnpj=57.408.548%2F0001-92&n_documento=110977%2FC","service":"btg-baixa-titulos-service","timestamp":"2026-06-03T12:15:20.413Z"}
{"lancamento":1434868582,"level":"info","message":"ℹ️ Título 110977/C já estava baixado. Processo ignorado.","service":"btg-baixa-titulos-service","situacao":"BAIXADO","timestamp":"2026-06-03T12:15:20.438Z"}
{"level":"info","message":"🔎 Processando título 110977/B","service":"btg-baixa-titulos-service","timestamp":"2026-06-03T12:15:20.444Z"}
{"level":"info","message":"🌐 Millennium request: GET /MILLENIUM!JOIN_ONEUP.LANCAMENTOS.CONSULTALANCAMENTOS?cnpj=57.408.548%2F0001-92&n_documento=110977%2FB","service":"btg-baixa-titulos-service","timestamp":"2026-06-03T12:15:20.444Z"}
{"lancamento":1434868581,"level":"info","message":"ℹ️ Título 110977/B já estava baixado. Processo ignorado.","service":"btg-baixa-titulos-service","situacao":"BAIXADO","timestamp":"2026-06-03T12:15:20.460Z"}
{"level":"info","message":"🔎 Processando título 111253/B","service":"btg-baixa-titulos-service","timestamp":"2026-06-03T12:15:20.464Z"}
{"level":"info","message":"🌐 Millennium request: GET /MILLENIUM!JOIN_ONEUP.LANCAMENTOS.CONSULTALANCAMENTOS?cnpj=47.485.403%2F0001-31&n_documento=111253%2FB","service":"btg-baixa-titulos-service","timestamp":"2026-06-03T12:15:20.464Z"}
{"lancamento":1434870067,"level":"info","message":"ℹ️ Título 111253/B já estava baixado. Processo ignorado.","service":"btg-baixa-titulos-service","situacao":"BAIXADO","timestamp":"2026-06-03T12:15:20.482Z"}
{"level":"info","message":"🔎 Processando título 111253/A","service":"btg-baixa-titulos-service","timestamp":"2026-06-03T12:15:20.486Z"}
{"level":"info","message":"🌐 Millennium request: GET /MILLENIUM!JOIN_ONEUP.LANCAMENTOS.CONSULTALANCAMENTOS?cnpj=47.485.403%2F0001-31&n_documento=111253%2FA","service":"btg-baixa-titulos-service","timestamp":"2026-06-03T12:15:20.486Z"}
{"lancamento":1434870066,"level":"info","message":"ℹ️ Título 111253/A já estava baixado. Processo ignorado.","service":"btg-baixa-titulos-service","situacao":"BAIXADO","timestamp":"2026-06-03T12:15:20.500Z"}
{"level":"info","message":"🔎 Processando título 111252/C","service":"btg-baixa-titulos-service","timestamp":"2026-06-03T12:15:20.504Z"}
{"level":"info","message":"🌐 Millennium request: GET /MILLENIUM!JOIN_ONEUP.LANCAMENTOS.CONSULTALANCAMENTOS?cnpj=47.485.403%2F0001-31&n_documento=111252%2FC","service":"btg-baixa-titulos-service","timestamp":"2026-06-03T12:15:20.504Z"}
{"lancamento":1434870065,"level":"info","message":"ℹ️ Título 111252/C já estava baixado. Processo ignorado.","service":"btg-baixa-titulos-service","situacao":"BAIXADO","timestamp":"2026-06-03T12:15:20.518Z"}
{"level":"info","message":"🔎 Processando título 110977/A","service":"btg-baixa-titulos-service","timestamp":"2026-06-03T12:15:20.522Z"}
{"level":"info","message":"🌐 Millennium request: GET /MILLENIUM!JOIN_ONEUP.LANCAMENTOS.CONSULTALANCAMENTOS?cnpj=57.408.548%2F0001-92&n_documento=110977%2FA","service":"btg-baixa-titulos-service","timestamp":"2026-06-03T12:15:20.522Z"}
{"lancamento":1434868580,"level":"info","message":"ℹ️ Título 110977/A já estava baixado. Processo ignorado.","service":"btg-baixa-titulos-service","situacao":"BAIXADO","timestamp":"2026-06-03T12:15:20.543Z"}
{"level":"info","message":"🔎 Processando título 111251/C","service":"btg-baixa-titulos-service","timestamp":"2026-06-03T12:15:20.548Z"}
{"level":"info","message":"🌐 Millennium request: GET /MILLENIUM!JOIN_ONEUP.LANCAMENTOS.CONSULTALANCAMENTOS?cnpj=47.485.403%2F0001-31&n_documento=111251%2FC","service":"btg-baixa-titulos-service","timestamp":"2026-06-03T12:15:20.548Z"}
{"lancamento":1434870059,"level":"info","message":"ℹ️ Título 111251/C já estava baixado. Processo ignorado.","service":"btg-baixa-titulos-service","situacao":"BAIXADO","timestamp":"2026-06-03T12:15:20.564Z"}
{"level":"info","message":"🔎 Processando título 111251/B","service":"btg-baixa-titulos-service","timestamp":"2026-06-03T12:15:20.568Z"}
{"level":"info","message":"🌐 Millennium request: GET /MILLENIUM!JOIN_ONEUP.LANCAMENTOS.CONSULTALANCAMENTOS?cnpj=47.485.403%2F0001-31&n_documento=111251%2FB","service":"btg-baixa-titulos-service","timestamp":"2026-06-03T12:15:20.568Z"}
{"lancamento":1434870058,"level":"info","message":"ℹ️ Título 111251/B já estava baixado. Processo ignorado.","service":"btg-baixa-titulos-service","situacao":"BAIXADO","timestamp":"2026-06-03T12:15:20.594Z"}
{"level":"info","message":"🔎 Processando título 109093/D","service":"btg-baixa-titulos-service","timestamp":"2026-06-03T12:15:20.600Z"}
{"level":"info","message":"🌐 Millennium request: GET /MILLENIUM!JOIN_ONEUP.LANCAMENTOS.CONSULTALANCAMENTOS?cnpj=57.408.548%2F0001-92&n_documento=109093%2FD","service":"btg-baixa-titulos-service","timestamp":"2026-06-03T12:15:20.600Z"}
{"lancamento":1434854194,"level":"info","message":"ℹ️ Título 109093/D já estava baixado. Processo ignorado.","service":"btg-baixa-titulos-service","situacao":"BAIXADO","timestamp":"2026-06-03T12:15:20.704Z"}
{"level":"info","message":"🔎 Processando título 111251/A","service":"btg-baixa-titulos-service","timestamp":"2026-06-03T12:15:20.716Z"}
{"level":"info","message":"🌐 Millennium request: GET /MILLENIUM!JOIN_ONEUP.LANCAMENTOS.CONSULTALANCAMENTOS?cnpj=47.485.403%2F0001-31&n_documento=111251%2FA","service":"btg-baixa-titulos-service","timestamp":"2026-06-03T12:15:20.716Z"}
{"lancamento":1434870057,"level":"info","message":"ℹ️ Título 111251/A já estava baixado. Processo ignorado.","service":"btg-baixa-titulos-service","situacao":"BAIXADO","timestamp":"2026-06-03T12:15:20.735Z"}
{"level":"info","message":"🔎 Processando título 109093/C","service":"btg-baixa-titulos-service","timestamp":"2026-06-03T12:15:20.739Z"}
{"level":"info","message":"🌐 Millennium request: GET /MILLENIUM!JOIN_ONEUP.LANCAMENTOS.CONSULTALANCAMENTOS?cnpj=57.408.548%2F0001-92&n_documento=109093%2FC","service":"btg-baixa-titulos-service","timestamp":"2026-06-03T12:15:20.739Z"}
{"lancamento":1434854193,"level":"info","message":"ℹ️ Título 109093/C já estava baixado. Processo ignorado.","service":"btg-baixa-titulos-service","situacao":"BAIXADO","timestamp":"2026-06-03T12:15:20.757Z"}
{"level":"info","message":"🔎 Processando título 111250/C","service":"btg-baixa-titulos-service","timestamp":"2026-06-03T12:15:20.760Z"}
{"level":"info","message":"🌐 Millennium request: GET /MILLENIUM!JOIN_ONEUP.LANCAMENTOS.CONSULTALANCAMENTOS?cnpj=47.485.403%2F0001-31&n_documento=111250%2FC","service":"btg-baixa-titulos-service","timestamp":"2026-06-03T12:15:20.761Z"}
{"lancamento":1434870045,"level":"info","message":"ℹ️ Título 111250/C já estava baixado. Processo ignorado.","service":"btg-baixa-titulos-service","situacao":"BAIXADO","timestamp":"2026-06-03T12:15:20.777Z"}
{"level":"info","message":"🔎 Processando título 109093/B","service":"btg-baixa-titulos-service","timestamp":"2026-06-03T12:15:20.780Z"}
{"level":"info","message":"🌐 Millennium request: GET /MILLENIUM!JOIN_ONEUP.LANCAMENTOS.CONSULTALANCAMENTOS?cnpj=57.408.548%2F0001-92&n_documento=109093%2FB","service":"btg-baixa-titulos-service","timestamp":"2026-06-03T12:15:20.780Z"}
{"lancamento":1434854192,"level":"info","message":"ℹ️ Título 109093/B já estava baixado. Processo ignorado.","service":"btg-baixa-titulos-service","situacao":"BAIXADO","timestamp":"2026-06-03T12:15:20.796Z"}
{"level":"info","message":"🔎 Processando título 109093/A","service":"btg-baixa-titulos-service","timestamp":"2026-06-03T12:15:20.800Z"}
{"level":"info","message":"🌐 Millennium request: GET /MILLENIUM!JOIN_ONEUP.LANCAMENTOS.CONSULTALANCAMENTOS?cnpj=57.408.548%2F0001-92&n_documento=109093%2FA","service":"btg-baixa-titulos-service","timestamp":"2026-06-03T12:15:20.800Z"}
{"lancamento":1434854191,"level":"info","message":"ℹ️ Título 109093/A já estava baixado. Processo ignorado.","service":"btg-baixa-titulos-service","situacao":"BAIXADO","timestamp":"2026-06-03T12:15:20.815Z"}
{"level":"info","message":"🔎 Processando título 111250/B","service":"btg-baixa-titulos-service","timestamp":"2026-06-03T12:15:20.818Z"}
{"level":"info","message":"🌐 Millennium request: GET /MILLENIUM!JOIN_ONEUP.LANCAMENTOS.CONSULTALANCAMENTOS?cnpj=47.485.403%2F0001-31&n_documento=111250%2FB","service":"btg-baixa-titulos-service","timestamp":"2026-06-03T12:15:20.818Z"}
{"lancamento":1434870044,"level":"info","message":"ℹ️ Título 111250/B já estava baixado. Processo ignorado.","service":"btg-baixa-titulos-service","situacao":"BAIXADO","timestamp":"2026-06-03T12:15:20.834Z"}
{"level":"info","message":"🔎 Processando título 110976","service":"btg-baixa-titulos-service","timestamp":"2026-06-03T12:15:20.837Z"}
{"level":"info","message":"🌐 Millennium request: GET /MILLENIUM!JOIN_ONEUP.LANCAMENTOS.CONSULTALANCAMENTOS?cnpj=77.857.555%2F0009-36&n_documento=110976","service":"btg-baixa-titulos-service","timestamp":"2026-06-03T12:15:20.837Z"}
{"lancamento":1434868578,"level":"info","message":"ℹ️ Título 110976 já estava baixado. Processo ignorado.","service":"btg-baixa-titulos-service","situacao":"BAIXADO","timestamp":"2026-06-03T12:15:20.854Z"}
{"level":"info","message":"🔎 Processando título 110946","service":"btg-baixa-titulos-service","timestamp":"2026-06-03T12:15:20.857Z"}
{"level":"info","message":"🌐 Millennium request: GET /MILLENIUM!JOIN_ONEUP.LANCAMENTOS.CONSULTALANCAMENTOS?cnpj=01.329.811%2F0001-01&n_documento=110946","service":"btg-baixa-titulos-service","timestamp":"2026-06-03T12:15:20.857Z"}
{"lancamento":1434868117,"level":"info","message":"ℹ️ Título 110946 já estava baixado. Processo ignorado.","service":"btg-baixa-titulos-service","situacao":"BAIXADO","timestamp":"2026-06-03T12:15:20.889Z"}
{"level":"info","message":"🔎 Processando título 110759/C","service":"btg-baixa-titulos-service","timestamp":"2026-06-03T12:15:20.894Z"}
{"level":"info","message":"🌐 Millennium request: GET /MILLENIUM!JOIN_ONEUP.LANCAMENTOS.CONSULTALANCAMENTOS?cnpj=73.652.158%2F0001-10&n_documento=110759%2FC","service":"btg-baixa-titulos-service","timestamp":"2026-06-03T12:15:20.894Z"}
{"lancamento":1434866525,"level":"info","message":"ℹ️ Título 110759/C já estava baixado. Processo ignorado.","service":"btg-baixa-titulos-service","situacao":"BAIXADO","timestamp":"2026-06-03T12:15:20.910Z"}
{"level":"info","message":"🔎 Processando título 110759/B","service":"btg-baixa-titulos-service","timestamp":"2026-06-03T12:15:20.914Z"}
{"level":"info","message":"🌐 Millennium request: GET /MILLENIUM!JOIN_ONEUP.LANCAMENTOS.CONSULTALANCAMENTOS?cnpj=73.652.158%2F0001-10&n_documento=110759%2FB","service":"btg-baixa-titulos-service","timestamp":"2026-06-03T12:15:20.915Z"}
{"lancamento":1434866524,"level":"info","message":"ℹ️ Título 110759/B já estava baixado. Processo ignorado.","service":"btg-baixa-titulos-service","situacao":"BAIXADO","timestamp":"2026-06-03T12:15:20.929Z"}
{"level":"info","message":"🔎 Processando título 110759/A","service":"btg-baixa-titulos-service","timestamp":"2026-06-03T12:15:20.933Z"}
{"level":"info","message":"🌐 Millennium request: GET /MILLENIUM!JOIN_ONEUP.LANCAMENTOS.CONSULTALANCAMENTOS?cnpj=73.652.158%2F0001-10&n_documento=110759%2FA","service":"btg-baixa-titulos-service","timestamp":"2026-06-03T12:15:20.933Z"}
{"lancamento":1434866523,"level":"info","message":"ℹ️ Título 110759/A já estava baixado. Processo ignorado.","service":"btg-baixa-titulos-service","situacao":"BAIXADO","timestamp":"2026-06-03T12:15:20.947Z"}
{"level":"info","message":"🔎 Processando título 110757/C","service":"btg-baixa-titulos-service","timestamp":"2026-06-03T12:15:20.951Z"}
{"level":"info","message":"🌐 Millennium request: GET /MILLENIUM!JOIN_ONEUP.LANCAMENTOS.CONSULTALANCAMENTOS?cnpj=59.205.187%2F0001-02&n_documento=110757%2FC","service":"btg-baixa-titulos-service","timestamp":"2026-06-03T12:15:20.951Z"}
{"lancamento":1434866522,"level":"info","message":"ℹ️ Título 110757/C já estava baixado. Processo ignorado.","service":"btg-baixa-titulos-service","situacao":"BAIXADO","timestamp":"2026-06-03T12:15:20.966Z"}
{"level":"info","message":"🔎 Processando título 110757/B","service":"btg-baixa-titulos-service","timestamp":"2026-06-03T12:15:20.971Z"}
{"level":"info","message":"🌐 Millennium request: GET /MILLENIUM!JOIN_ONEUP.LANCAMENTOS.CONSULTALANCAMENTOS?cnpj=59.205.187%2F0001-02&n_documento=110757%2FB","service":"btg-baixa-titulos-service","timestamp":"2026-06-03T12:15:20.971Z"}
{"lancamento":1434866521,"level":"info","message":"ℹ️ Título 110757/B já estava baixado. Processo ignorado.","service":"btg-baixa-titulos-service","situacao":"BAIXADO","timestamp":"2026-06-03T12:15:20.988Z"}
{"level":"info","message":"🔎 Processando título 110757/A","service":"btg-baixa-titulos-service","timestamp":"2026-06-03T12:15:20.992Z"}
{"level":"info","message":"🌐 Millennium request: GET /MILLENIUM!JOIN_ONEUP.LANCAMENTOS.CONSULTALANCAMENTOS?cnpj=59.205.187%2F0001-02&n_documento=110757%2FA","service":"btg-baixa-titulos-service","timestamp":"2026-06-03T12:15:20.993Z"}
{"lancamento":1434866520,"level":"info","message":"ℹ️ Título 110757/A já estava baixado. Processo ignorado.","service":"btg-baixa-titulos-service","situacao":"BAIXADO","timestamp":"2026-06-03T12:15:21.007Z"}
{"level":"info","message":"🔎 Processando título 110754/H","service":"btg-baixa-titulos-service","timestamp":"2026-06-03T12:15:21.011Z"}
{"level":"info","message":"🌐 Millennium request: GET /MILLENIUM!JOIN_ONEUP.LANCAMENTOS.CONSULTALANCAMENTOS?cnpj=03.294.992%2F0001-03&n_documento=110754%2FH","service":"btg-baixa-titulos-service","timestamp":"2026-06-03T12:15:21.011Z"}
{"lancamento":1434866518,"level":"info","message":"ℹ️ Título 110754/H já estava baixado. Processo ignorado.","service":"btg-baixa-titulos-service","situacao":"BAIXADO","timestamp":"2026-06-03T12:15:21.035Z"}
{"level":"info","message":"🔎 Processando título 110754/G","service":"btg-baixa-titulos-service","timestamp":"2026-06-03T12:15:21.040Z"}
{"level":"info","message":"🌐 Millennium request: GET /MILLENIUM!JOIN_ONEUP.LANCAMENTOS.CONSULTALANCAMENTOS?cnpj=03.294.992%2F0001-03&n_documento=110754%2FG","service":"btg-baixa-titulos-service","timestamp":"2026-06-03T12:15:21.040Z"}
{"lancamento":1434866517,"level":"info","message":"ℹ️ Título 110754/G já estava baixado. Processo ignorado.","service":"btg-baixa-titulos-service","situacao":"BAIXADO","timestamp":"2026-06-03T12:15:21.055Z"}
{"level":"info","message":"🔎 Processando título 110754/F","service":"btg-baixa-titulos-service","timestamp":"2026-06-03T12:15:21.059Z"}
{"level":"info","message":"🌐 Millennium request: GET /MILLENIUM!JOIN_ONEUP.LANCAMENTOS.CONSULTALANCAMENTOS?cnpj=03.294.992%2F0001-03&n_documento=110754%2FF","service":"btg-baixa-titulos-service","timestamp":"2026-06-03T12:15:21.059Z"}
{"lancamento":1434866516,"level":"info","message":"ℹ️ Título 110754/F já estava baixado. Processo ignorado.","service":"btg-baixa-titulos-service","situacao":"BAIXADO","timestamp":"2026-06-03T12:15:21.076Z"}
{"level":"info","message":"🔎 Processando título 110754/E","service":"btg-baixa-titulos-service","timestamp":"2026-06-03T12:15:21.080Z"}
{"level":"info","message":"🌐 Millennium request: GET /MILLENIUM!JOIN_ONEUP.LANCAMENTOS.CONSULTALANCAMENTOS?cnpj=03.294.992%2F0001-03&n_documento=110754%2FE","service":"btg-baixa-titulos-service","timestamp":"2026-06-03T12:15:21.080Z"}
{"lancamento":1434866515,"level":"info","message":"ℹ️ Título 110754/E já estava baixado. Processo ignorado.","service":"btg-baixa-titulos-service","situacao":"BAIXADO","timestamp":"2026-06-03T12:15:21.094Z"}
{"level":"info","message":"🔎 Processando título 110754/D","service":"btg-baixa-titulos-service","timestamp":"2026-06-03T12:15:21.099Z"}
{"level":"info","message":"🌐 Millennium request: GET /MILLENIUM!JOIN_ONEUP.LANCAMENTOS.CONSULTALANCAMENTOS?cnpj=03.294.992%2F0001-03&n_documento=110754%2FD","service":"btg-baixa-titulos-service","timestamp":"2026-06-03T12:15:21.099Z"}
{"lancamento":1434866514,"level":"info","message":"ℹ️ Título 110754/D já estava baixado. Processo ignorado.","service":"btg-baixa-titulos-service","situacao":"BAIXADO","timestamp":"2026-06-03T12:15:21.117Z"}
{"level":"info","message":"🔎 Processando título 110754/C","service":"btg-baixa-titulos-service","timestamp":"2026-06-03T12:15:21.121Z"}
{"level":"info","message":"🌐 Millennium request: GET /MILLENIUM!JOIN_ONEUP.LANCAMENTOS.CONSULTALANCAMENTOS?cnpj=03.294.992%2F0001-03&n_documento=110754%2FC","service":"btg-baixa-titulos-service","timestamp":"2026-06-03T12:15:21.121Z"}
{"lancamento":1434866513,"level":"info","message":"ℹ️ Título 110754/C já estava baixado. Processo ignorado.","service":"btg-baixa-titulos-service","situacao":"BAIXADO","timestamp":"2026-06-03T12:15:21.224Z"}
{"level":"info","message":"🔎 Processando título 110754/B","service":"btg-baixa-titulos-service","timestamp":"2026-06-03T12:15:21.233Z"}
{"level":"info","message":"🌐 Millennium request: GET /MILLENIUM!JOIN_ONEUP.LANCAMENTOS.CONSULTALANCAMENTOS?cnpj=03.294.992%2F0001-03&n_documento=110754%2FB","service":"btg-baixa-titulos-service","timestamp":"2026-06-03T12:15:21.234Z"}
{"lancamento":1434866512,"level":"info","message":"ℹ️ Título 110754/B já estava baixado. Processo ignorado.","service":"btg-baixa-titulos-service","situacao":"BAIXADO","timestamp":"2026-06-03T12:15:21.249Z"}
{"level":"info","message":"🔎 Processando título 110597/E","service":"btg-baixa-titulos-service","timestamp":"2026-06-03T12:15:21.261Z"}
{"level":"info","message":"🌐 Millennium request: GET /MILLENIUM!JOIN_ONEUP.LANCAMENTOS.CONSULTALANCAMENTOS?cnpj=03.247.651%2F0001-79&n_documento=110597%2FE","service":"btg-baixa-titulos-service","timestamp":"2026-06-03T12:15:21.261Z"}
{"lancamento":1434863697,"level":"info","message":"ℹ️ Título 110597/E já estava baixado. Processo ignorado.","service":"btg-baixa-titulos-service","situacao":"BAIXADO","timestamp":"2026-06-03T12:15:21.277Z"}
{"level":"info","message":"🔎 Processando título 110597/D","service":"btg-baixa-titulos-service","timestamp":"2026-06-03T12:15:21.282Z"}
{"level":"info","message":"🌐 Millennium request: GET /MILLENIUM!JOIN_ONEUP.LANCAMENTOS.CONSULTALANCAMENTOS?cnpj=03.247.651%2F0001-79&n_documento=110597%2FD","service":"btg-baixa-titulos-service","timestamp":"2026-06-03T12:15:21.283Z"}
{"lancamento":1434863696,"level":"info","message":"ℹ️ Título 110597/D já estava baixado. Processo ignorado.","service":"btg-baixa-titulos-service","situacao":"BAIXADO","timestamp":"2026-06-03T12:15:21.298Z"}
{"level":"info","message":"🔎 Processando título 110597/C","service":"btg-baixa-titulos-service","timestamp":"2026-06-03T12:15:21.302Z"}
{"level":"info","message":"🌐 Millennium request: GET /MILLENIUM!JOIN_ONEUP.LANCAMENTOS.CONSULTALANCAMENTOS?cnpj=03.247.651%2F0001-79&n_documento=110597%2FC","service":"btg-baixa-titulos-service","timestamp":"2026-06-03T12:15:21.302Z"}
{"lancamento":1434863695,"level":"info","message":"ℹ️ Título 110597/C já estava baixado. Processo ignorado.","service":"btg-baixa-titulos-service","situacao":"BAIXADO","timestamp":"2026-06-03T12:15:21.318Z"}
{"level":"info","message":"🔎 Processando título 110597/B","service":"btg-baixa-titulos-service","timestamp":"2026-06-03T12:15:21.322Z"}
{"level":"info","message":"🌐 Millennium request: GET /MILLENIUM!JOIN_ONEUP.LANCAMENTOS.CONSULTALANCAMENTOS?cnpj=03.247.651%2F0001-79&n_documento=110597%2FB","service":"btg-baixa-titulos-service","timestamp":"2026-06-03T12:15:21.322Z"}
{"lancamento":1434863694,"level":"info","message":"ℹ️ Título 110597/B já estava baixado. Processo ignorado.","service":"btg-baixa-titulos-service","situacao":"BAIXADO","timestamp":"2026-06-03T12:15:21.337Z"}
{"level":"info","message":"🔎 Processando título 110597/A","service":"btg-baixa-titulos-service","timestamp":"2026-06-03T12:15:21.342Z"}
{"level":"info","message":"🌐 Millennium request: GET /MILLENIUM!JOIN_ONEUP.LANCAMENTOS.CONSULTALANCAMENTOS?cnpj=03.247.651%2F0001-79&n_documento=110597%2FA","service":"btg-baixa-titulos-service","timestamp":"2026-06-03T12:15:21.342Z"}
{"lancamento":1434863693,"level":"info","message":"ℹ️ Título 110597/A já estava baixado. Processo ignorado.","service":"btg-baixa-titulos-service","situacao":"BAIXADO","timestamp":"2026-06-03T12:15:21.356Z"}
{"level":"info","message":"🔎 Processando título 110754/A","service":"btg-baixa-titulos-service","timestamp":"2026-06-03T12:15:21.360Z"}
{"level":"info","message":"🌐 Millennium request: GET /MILLENIUM!JOIN_ONEUP.LANCAMENTOS.CONSULTALANCAMENTOS?cnpj=03.294.992%2F0001-03&n_documento=110754%2FA","service":"btg-baixa-titulos-service","timestamp":"2026-06-03T12:15:21.360Z"}
{"lancamento":1434866511,"level":"info","message":"ℹ️ Título 110754/A já estava baixado. Processo ignorado.","service":"btg-baixa-titulos-service","situacao":"BAIXADO","timestamp":"2026-06-03T12:15:21.376Z"}
{"level":"info","message":"🔎 Processando título 110596/E","service":"btg-baixa-titulos-service","timestamp":"2026-06-03T12:15:21.381Z"}
{"level":"info","message":"🌐 Millennium request: GET /MILLENIUM!JOIN_ONEUP.LANCAMENTOS.CONSULTALANCAMENTOS?cnpj=44.999.259%2F0001-63&n_documento=110596%2FE","service":"btg-baixa-titulos-service","timestamp":"2026-06-03T12:15:21.381Z"}
{"lancamento":1434863676,"level":"info","message":"ℹ️ Título 110596/E já estava baixado. Processo ignorado.","service":"btg-baixa-titulos-service","situacao":"BAIXADO","timestamp":"2026-06-03T12:15:21.395Z"}
{"level":"info","message":"🔎 Processando título 110596/D","service":"btg-baixa-titulos-service","timestamp":"2026-06-03T12:15:21.400Z"}
{"level":"info","message":"🌐 Millennium request: GET /MILLENIUM!JOIN_ONEUP.LANCAMENTOS.CONSULTALANCAMENTOS?cnpj=44.999.259%2F0001-63&n_documento=110596%2FD","service":"btg-baixa-titulos-service","timestamp":"2026-06-03T12:15:21.400Z"}
{"lancamento":1434863675,"level":"info","message":"ℹ️ Título 110596/D já estava baixado. Processo ignorado.","service":"btg-baixa-titulos-service","situacao":"BAIXADO","timestamp":"2026-06-03T12:15:21.416Z"}
{"level":"info","message":"🔎 Processando título 110596/C","service":"btg-baixa-titulos-service","timestamp":"2026-06-03T12:15:21.421Z"}
{"level":"info","message":"🌐 Millennium request: GET /MILLENIUM!JOIN_ONEUP.LANCAMENTOS.CONSULTALANCAMENTOS?cnpj=44.999.259%2F0001-63&n_documento=110596%2FC","service":"btg-baixa-titulos-service","timestamp":"2026-06-03T12:15:21.421Z"}
{"lancamento":1434863674,"level":"info","message":"ℹ️ Título 110596/C já estava baixado. Processo ignorado.","service":"btg-baixa-titulos-service","situacao":"BAIXADO","timestamp":"2026-06-03T12:15:21.435Z"}
{"level":"info","message":"🔎 Processando título 110596/B","service":"btg-baixa-titulos-service","timestamp":"2026-06-03T12:15:21.439Z"}
{"level":"info","message":"🌐 Millennium request: GET /MILLENIUM!JOIN_ONEUP.LANCAMENTOS.CONSULTALANCAMENTOS?cnpj=44.999.259%2F0001-63&n_documento=110596%2FB","service":"btg-baixa-titulos-service","timestamp":"2026-06-03T12:15:21.439Z"}
{"lancamento":1434863673,"level":"info","message":"ℹ️ Título 110596/B já estava baixado. Processo ignorado.","service":"btg-baixa-titulos-service","situacao":"BAIXADO","timestamp":"2026-06-03T12:15:21.454Z"}
{"level":"info","message":"🔎 Processando título 110596/A","service":"btg-baixa-titulos-service","timestamp":"2026-06-03T12:15:21.458Z"}
{"level":"info","message":"🌐 Millennium request: GET /MILLENIUM!JOIN_ONEUP.LANCAMENTOS.CONSULTALANCAMENTOS?cnpj=44.999.259%2F0001-63&n_documento=110596%2FA","service":"btg-baixa-titulos-service","timestamp":"2026-06-03T12:15:21.458Z"}
{"lancamento":1434863672,"level":"info","message":"ℹ️ Título 110596/A já estava baixado. Processo ignorado.","service":"btg-baixa-titulos-service","situacao":"BAIXADO","timestamp":"2026-06-03T12:15:21.474Z"}
{"level":"info","message":"🔎 Processando título 37614/F","service":"btg-baixa-titulos-service","timestamp":"2026-06-03T12:15:21.478Z"}
{"level":"info","message":"🌐 Millennium request: GET /MILLENIUM!JOIN_ONEUP.LANCAMENTOS.CONSULTALANCAMENTOS?n_documento=37614%2FF&cpf=906.260.791-87","service":"btg-baixa-titulos-service","timestamp":"2026-06-03T12:15:21.478Z"}
{"lancamento":1434861828,"level":"info","message":"ℹ️ Título 37614/F já estava baixado. Processo ignorado.","service":"btg-baixa-titulos-service","situacao":"BAIXADO","timestamp":"2026-06-03T12:15:21.495Z"}
{"level":"info","message":"🔎 Processando título 37614/E","service":"btg-baixa-titulos-service","timestamp":"2026-06-03T12:15:21.500Z"}
{"level":"info","message":"🌐 Millennium request: GET /MILLENIUM!JOIN_ONEUP.LANCAMENTOS.CONSULTALANCAMENTOS?n_documento=37614%2FE&cpf=906.260.791-87","service":"btg-baixa-titulos-service","timestamp":"2026-06-03T12:15:21.500Z"}
{"lancamento":1434861827,"level":"info","message":"ℹ️ Título 37614/E já estava baixado. Processo ignorado.","service":"btg-baixa-titulos-service","situacao":"BAIXADO","timestamp":"2026-06-03T12:15:21.516Z"}
{"level":"info","message":"🔎 Processando título 110233/A","service":"btg-baixa-titulos-service","timestamp":"2026-06-03T12:15:21.521Z"}
{"level":"info","message":"🌐 Millennium request: GET /MILLENIUM!JOIN_ONEUP.LANCAMENTOS.CONSULTALANCAMENTOS?cnpj=07.030.508%2F0001-81&n_documento=110233%2FA","service":"btg-baixa-titulos-service","timestamp":"2026-06-03T12:15:21.521Z"}
{"lancamento":1434861382,"level":"info","message":"ℹ️ Título 110233/A já estava baixado. Processo ignorado.","service":"btg-baixa-titulos-service","situacao":"BAIXADO","timestamp":"2026-06-03T12:15:21.536Z"}
{"level":"info","message":"🔎 Processando título 37614/D","service":"btg-baixa-titulos-service","timestamp":"2026-06-03T12:15:21.540Z"}
{"level":"info","message":"🌐 Millennium request: GET /MILLENIUM!JOIN_ONEUP.LANCAMENTOS.CONSULTALANCAMENTOS?n_documento=37614%2FD&cpf=906.260.791-87","service":"btg-baixa-titulos-service","timestamp":"2026-06-03T12:15:21.541Z"}
{"lancamento":1434861826,"level":"info","message":"ℹ️ Título 37614/D já estava baixado. Processo ignorado.","service":"btg-baixa-titulos-service","situacao":"BAIXADO","timestamp":"2026-06-03T12:15:21.556Z"}
{"level":"info","message":"🔎 Processando título 37614/C","service":"btg-baixa-titulos-service","timestamp":"2026-06-03T12:15:21.560Z"}
{"level":"info","message":"🌐 Millennium request: GET /MILLENIUM!JOIN_ONEUP.LANCAMENTOS.CONSULTALANCAMENTOS?n_documento=37614%2FC&cpf=906.260.791-87","service":"btg-baixa-titulos-service","timestamp":"2026-06-03T12:15:21.560Z"}
{"lancamento":1434861825,"level":"info","message":"ℹ️ Título 37614/C já estava baixado. Processo ignorado.","service":"btg-baixa-titulos-service","situacao":"BAIXADO","timestamp":"2026-06-03T12:15:21.575Z"}
{"level":"info","message":"🔎 Processando título 110594/E","service":"btg-baixa-titulos-service","timestamp":"2026-06-03T12:15:21.580Z"}
{"level":"info","message":"🌐 Millennium request: GET /MILLENIUM!JOIN_ONEUP.LANCAMENTOS.CONSULTALANCAMENTOS?cnpj=00.768.271%2F0001-91&n_documento=110594%2FE","service":"btg-baixa-titulos-service","timestamp":"2026-06-03T12:15:21.580Z"}
{"lancamento":1434863645,"level":"info","message":"ℹ️ Título 110594/E já estava baixado. Processo ignorado.","service":"btg-baixa-titulos-service","situacao":"BAIXADO","timestamp":"2026-06-03T12:15:21.599Z"}
{"level":"info","message":"🔎 Processando título 37614/B","service":"btg-baixa-titulos-service","timestamp":"2026-06-03T12:15:21.604Z"}
{"level":"info","message":"🌐 Millennium request: GET /MILLENIUM!JOIN_ONEUP.LANCAMENTOS.CONSULTALANCAMENTOS?n_documento=37614%2FB&cpf=906.260.791-87","service":"btg-baixa-titulos-service","timestamp":"2026-06-03T12:15:21.604Z"}
{"lancamento":1434861824,"level":"info","message":"ℹ️ Título 37614/B já estava baixado. Processo ignorado.","service":"btg-baixa-titulos-service","situacao":"BAIXADO","timestamp":"2026-06-03T12:15:21.622Z"}
{"level":"info","message":"🔎 Processando título 110594/D","service":"btg-baixa-titulos-service","timestamp":"2026-06-03T12:15:21.628Z"}
{"level":"info","message":"🌐 Millennium request: GET /MILLENIUM!JOIN_ONEUP.LANCAMENTOS.CONSULTALANCAMENTOS?cnpj=00.768.271%2F0001-91&n_documento=110594%2FD","service":"btg-baixa-titulos-service","timestamp":"2026-06-03T12:15:21.628Z"}
{"lancamento":1434863644,"level":"info","message":"ℹ️ Título 110594/D já estava baixado. Processo ignorado.","service":"btg-baixa-titulos-service","situacao":"BAIXADO","timestamp":"2026-06-03T12:15:21.644Z"}
{"level":"info","message":"🔎 Processando título 37614/A","service":"btg-baixa-titulos-service","timestamp":"2026-06-03T12:15:21.649Z"}
{"level":"info","message":"🌐 Millennium request: GET /MILLENIUM!JOIN_ONEUP.LANCAMENTOS.CONSULTALANCAMENTOS?n_documento=37614%2FA&cpf=906.260.791-87","service":"btg-baixa-titulos-service","timestamp":"2026-06-03T12:15:21.649Z"}
{"lancamento":1434861823,"level":"info","message":"ℹ️ Título 37614/A já estava baixado. Processo ignorado.","service":"btg-baixa-titulos-service","situacao":"BAIXADO","timestamp":"2026-06-03T12:15:21.753Z"}
{"level":"info","message":"🔎 Processando título 110594/C","service":"btg-baixa-titulos-service","timestamp":"2026-06-03T12:15:21.767Z"}
{"level":"info","message":"🌐 Millennium request: GET /MILLENIUM!JOIN_ONEUP.LANCAMENTOS.CONSULTALANCAMENTOS?cnpj=00.768.271%2F0001-91&n_documento=110594%2FC","service":"btg-baixa-titulos-service","timestamp":"2026-06-03T12:15:21.768Z"}
{"lancamento":1434863643,"level":"info","message":"ℹ️ Título 110594/C já estava baixado. Processo ignorado.","service":"btg-baixa-titulos-service","situacao":"BAIXADO","timestamp":"2026-06-03T12:15:21.785Z"}
{"level":"info","message":"🔎 Processando título 110942/C","service":"btg-baixa-titulos-service","timestamp":"2026-06-03T12:15:21.791Z"}
{"level":"info","message":"🌐 Millennium request: GET /MILLENIUM!JOIN_ONEUP.LANCAMENTOS.CONSULTALANCAMENTOS?cnpj=50.649.490%2F0001-20&n_documento=110942%2FC","service":"btg-baixa-titulos-service","timestamp":"2026-06-03T12:15:21.791Z"}
{"lancamento":1434868107,"level":"info","message":"ℹ️ Título 110942/C já estava baixado. Processo ignorado.","service":"btg-baixa-titulos-service","situacao":"BAIXADO","timestamp":"2026-06-03T12:15:21.806Z"}
{"level":"info","message":"🔎 Processando título 110594/B","service":"btg-baixa-titulos-service","timestamp":"2026-06-03T12:15:21.811Z"}
{"level":"info","message":"🌐 Millennium request: GET /MILLENIUM!JOIN_ONEUP.LANCAMENTOS.CONSULTALANCAMENTOS?cnpj=00.768.271%2F0001-91&n_documento=110594%2FB","service":"btg-baixa-titulos-service","timestamp":"2026-06-03T12:15:21.811Z"}
{"lancamento":1434863642,"level":"info","message":"ℹ️ Título 110594/B já estava baixado. Processo ignorado.","service":"btg-baixa-titulos-service","situacao":"BAIXADO","timestamp":"2026-06-03T12:15:21.825Z"}
{"level":"info","message":"🔎 Processando título 110942/B","service":"btg-baixa-titulos-service","timestamp":"2026-06-03T12:15:21.829Z"}
{"level":"info","message":"🌐 Millennium request: GET /MILLENIUM!JOIN_ONEUP.LANCAMENTOS.CONSULTALANCAMENTOS?cnpj=50.649.490%2F0001-20&n_documento=110942%2FB","service":"btg-baixa-titulos-service","timestamp":"2026-06-03T12:15:21.829Z"}
{"lancamento":1434868106,"level":"info","message":"ℹ️ Título 110942/B já estava baixado. Processo ignorado.","service":"btg-baixa-titulos-service","situacao":"BAIXADO","timestamp":"2026-06-03T12:15:21.845Z"}
{"level":"info","message":"🔎 Processando título 110942/A","service":"btg-baixa-titulos-service","timestamp":"2026-06-03T12:15:21.850Z"}
{"level":"info","message":"🌐 Millennium request: GET /MILLENIUM!JOIN_ONEUP.LANCAMENTOS.CONSULTALANCAMENTOS?cnpj=50.649.490%2F0001-20&n_documento=110942%2FA","service":"btg-baixa-titulos-service","timestamp":"2026-06-03T12:15:21.850Z"}
{"lancamento":1434868105,"level":"info","message":"ℹ️ Título 110942/A já estava baixado. Processo ignorado.","service":"btg-baixa-titulos-service","situacao":"BAIXADO","timestamp":"2026-06-03T12:15:21.863Z"}
{"level":"info","message":"🔎 Processando título 110594/A","service":"btg-baixa-titulos-service","timestamp":"2026-06-03T12:15:21.868Z"}
{"level":"info","message":"🌐 Millennium request: GET /MILLENIUM!JOIN_ONEUP.LANCAMENTOS.CONSULTALANCAMENTOS?cnpj=00.768.271%2F0001-91&n_documento=110594%2FA","service":"btg-baixa-titulos-service","timestamp":"2026-06-03T12:15:21.868Z"}
{"lancamento":1434863641,"level":"info","message":"ℹ️ Título 110594/A já estava baixado. Processo ignorado.","service":"btg-baixa-titulos-service","situacao":"BAIXADO","timestamp":"2026-06-03T12:15:21.881Z"}
{"level":"info","message":"🔎 Processando título 110941/C","service":"btg-baixa-titulos-service","timestamp":"2026-06-03T12:15:21.885Z"}
{"level":"info","message":"🌐 Millennium request: GET /MILLENIUM!JOIN_ONEUP.LANCAMENTOS.CONSULTALANCAMENTOS?cnpj=50.649.490%2F0001-20&n_documento=110941%2FC","service":"btg-baixa-titulos-service","timestamp":"2026-06-03T12:15:21.885Z"}
{"lancamento":1434868102,"level":"info","message":"ℹ️ Título 110941/C já estava baixado. Processo ignorado.","service":"btg-baixa-titulos-service","situacao":"BAIXADO","timestamp":"2026-06-03T12:15:21.900Z"}
{"level":"info","message":"🔎 Processando título 110168/C","service":"btg-baixa-titulos-service","timestamp":"2026-06-03T12:15:21.904Z"}
{"level":"info","message":"🌐 Millennium request: GET /MILLENIUM!JOIN_ONEUP.LANCAMENTOS.CONSULTALANCAMENTOS?cnpj=59.205.187%2F0001-02&n_documento=110168%2FC","service":"btg-baixa-titulos-service","timestamp":"2026-06-03T12:15:21.904Z"}
{"lancamento":1434860998,"level":"info","message":"ℹ️ Título 110168/C já estava baixado. Processo ignorado.","service":"btg-baixa-titulos-service","situacao":"BAIXADO","timestamp":"2026-06-03T12:15:21.920Z"}
{"level":"info","message":"🔎 Processando título 110941/B","service":"btg-baixa-titulos-service","timestamp":"2026-06-03T12:15:21.925Z"}
{"level":"info","message":"🌐 Millennium request: GET /MILLENIUM!JOIN_ONEUP.LANCAMENTOS.CONSULTALANCAMENTOS?cnpj=50.649.490%2F0001-20&n_documento=110941%2FB","service":"btg-baixa-titulos-service","timestamp":"2026-06-03T12:15:21.925Z"}
{"lancamento":1434868101,"level":"info","message":"ℹ️ Título 110941/B já estava baixado. Processo ignorado.","service":"btg-baixa-titulos-service","situacao":"BAIXADO","timestamp":"2026-06-03T12:15:21.939Z"}
{"level":"info","message":"🔎 Processando título 110168/B","service":"btg-baixa-titulos-service","timestamp":"2026-06-03T12:15:21.944Z"}
{"level":"info","message":"🌐 Millennium request: GET /MILLENIUM!JOIN_ONEUP.LANCAMENTOS.CONSULTALANCAMENTOS?cnpj=59.205.187%2F0001-02&n_documento=110168%2FB","service":"btg-baixa-titulos-service","timestamp":"2026-06-03T12:15:21.944Z"}
{"lancamento":1434860997,"level":"info","message":"ℹ️ Título 110168/B já estava baixado. Processo ignorado.","service":"btg-baixa-titulos-service","situacao":"BAIXADO","timestamp":"2026-06-03T12:15:21.961Z"}
{"level":"info","message":"🔎 Processando título 110941/A","service":"btg-baixa-titulos-service","timestamp":"2026-06-03T12:15:21.967Z"}
{"level":"info","message":"🌐 Millennium request: GET /MILLENIUM!JOIN_ONEUP.LANCAMENTOS.CONSULTALANCAMENTOS?cnpj=50.649.490%2F0001-20&n_documento=110941%2FA","service":"btg-baixa-titulos-service","timestamp":"2026-06-03T12:15:21.967Z"}
{"lancamento":1434868100,"level":"info","message":"ℹ️ Título 110941/A já estava baixado. Processo ignorado.","service":"btg-baixa-titulos-service","situacao":"BAIXADO","timestamp":"2026-06-03T12:15:21.981Z"}
{"level":"info","message":"🔎 Processando título 110168/A","service":"btg-baixa-titulos-service","timestamp":"2026-06-03T12:15:21.986Z"}
{"level":"info","message":"🌐 Millennium request: GET /MILLENIUM!JOIN_ONEUP.LANCAMENTOS.CONSULTALANCAMENTOS?cnpj=59.205.187%2F0001-02&n_documento=110168%2FA","service":"btg-baixa-titulos-service","timestamp":"2026-06-03T12:15:21.986Z"}
{"lancamento":1434860996,"level":"info","message":"ℹ️ Título 110168/A já estava baixado. Processo ignorado.","service":"btg-baixa-titulos-service","situacao":"BAIXADO","timestamp":"2026-06-03T12:15:22.002Z"}
{"level":"info","message":"🔎 Processando título 110939/C","service":"btg-baixa-titulos-service","timestamp":"2026-06-03T12:15:22.007Z"}
{"level":"info","message":"🌐 Millennium request: GET /MILLENIUM!JOIN_ONEUP.LANCAMENTOS.CONSULTALANCAMENTOS?cnpj=50.649.490%2F0001-20&n_documento=110939%2FC","service":"btg-baixa-titulos-service","timestamp":"2026-06-03T12:15:22.007Z"}
{"lancamento":1434868098,"level":"info","message":"ℹ️ Título 110939/C já estava baixado. Processo ignorado.","service":"btg-baixa-titulos-service","situacao":"BAIXADO","timestamp":"2026-06-03T12:15:22.026Z"}
{"level":"info","message":"🔎 Processando título 110591","service":"btg-baixa-titulos-service","timestamp":"2026-06-03T12:15:22.031Z"}
{"level":"info","message":"🌐 Millennium request: GET /MILLENIUM!JOIN_ONEUP.LANCAMENTOS.CONSULTALANCAMENTOS?cnpj=01.329.811%2F0001-01&n_documento=110591","service":"btg-baixa-titulos-service","timestamp":"2026-06-03T12:15:22.031Z"}
{"lancamento":1434863544,"level":"info","message":"ℹ️ Título 110591 já estava baixado. Processo ignorado.","service":"btg-baixa-titulos-service","situacao":"BAIXADO","timestamp":"2026-06-03T12:15:22.047Z"}
{"level":"info","message":"🔎 Processando título 110939/B","service":"btg-baixa-titulos-service","timestamp":"2026-06-03T12:15:22.051Z"}
{"level":"info","message":"🌐 Millennium request: GET /MILLENIUM!JOIN_ONEUP.LANCAMENTOS.CONSULTALANCAMENTOS?cnpj=50.649.490%2F0001-20&n_documento=110939%2FB","service":"btg-baixa-titulos-service","timestamp":"2026-06-03T12:15:22.051Z"}
{"lancamento":1434868097,"level":"info","message":"ℹ️ Título 110939/B já estava baixado. Processo ignorado.","service":"btg-baixa-titulos-service","situacao":"BAIXADO","timestamp":"2026-06-03T12:15:22.070Z"}
{"level":"info","message":"🔎 Processando título 110595/D","service":"btg-baixa-titulos-service","timestamp":"2026-06-03T12:15:22.075Z"}
{"level":"info","message":"🌐 Millennium request: GET /MILLENIUM!JOIN_ONEUP.LANCAMENTOS.CONSULTALANCAMENTOS?cnpj=57.408.548%2F0001-92&n_documento=110595%2FD","service":"btg-baixa-titulos-service","timestamp":"2026-06-03T12:15:22.075Z"}
{"lancamento":1434863649,"level":"info","message":"ℹ️ Título 110595/D já estava baixado. Processo ignorado.","service":"btg-baixa-titulos-service","situacao":"BAIXADO","timestamp":"2026-06-03T12:15:22.091Z"}
{"level":"info","message":"🔎 Processando título 110939/A","service":"btg-baixa-titulos-service","timestamp":"2026-06-03T12:15:22.095Z"}
{"level":"info","message":"🌐 Millennium request: GET /MILLENIUM!JOIN_ONEUP.LANCAMENTOS.CONSULTALANCAMENTOS?cnpj=50.649.490%2F0001-20&n_documento=110939%2FA","service":"btg-baixa-titulos-service","timestamp":"2026-06-03T12:15:22.096Z"}
{"lancamento":1434868096,"level":"info","message":"ℹ️ Título 110939/A já estava baixado. Processo ignorado.","service":"btg-baixa-titulos-service","situacao":"BAIXADO","timestamp":"2026-06-03T12:15:22.111Z"}
{"level":"info","message":"🔎 Processando título 110595/C","service":"btg-baixa-titulos-service","timestamp":"2026-06-03T12:15:22.115Z"}
{"level":"info","message":"🌐 Millennium request: GET /MILLENIUM!JOIN_ONEUP.LANCAMENTOS.CONSULTALANCAMENTOS?cnpj=57.408.548%2F0001-92&n_documento=110595%2FC","service":"btg-baixa-titulos-service","timestamp":"2026-06-03T12:15:22.115Z"}
{"lancamento":1434863648,"level":"info","message":"ℹ️ Título 110595/C já estava baixado. Processo ignorado.","service":"btg-baixa-titulos-service","situacao":"BAIXADO","timestamp":"2026-06-03T12:15:22.129Z"}
{"level":"info","message":"🔎 Processando título 110938/C","service":"btg-baixa-titulos-service","timestamp":"2026-06-03T12:15:22.133Z"}
{"level":"info","message":"🌐 Millennium request: GET /MILLENIUM!JOIN_ONEUP.LANCAMENTOS.CONSULTALANCAMENTOS?cnpj=50.649.490%2F0001-20&n_documento=110938%2FC","service":"btg-baixa-titulos-service","timestamp":"2026-06-03T12:15:22.133Z"}
{"lancamento":1434868095,"level":"info","message":"ℹ️ Título 110938/C já estava baixado. Processo ignorado.","service":"btg-baixa-titulos-service","situacao":"BAIXADO","timestamp":"2026-06-03T12:15:22.148Z"}
{"level":"info","message":"🔎 Processando título 110595/B","service":"btg-baixa-titulos-service","timestamp":"2026-06-03T12:15:22.155Z"}
{"level":"info","message":"🌐 Millennium request: GET /MILLENIUM!JOIN_ONEUP.LANCAMENTOS.CONSULTALANCAMENTOS?cnpj=57.408.548%2F0001-92&n_documento=110595%2FB","service":"btg-baixa-titulos-service","timestamp":"2026-06-03T12:15:22.155Z"}
{"lancamento":1434863647,"level":"info","message":"ℹ️ Título 110595/B já estava baixado. Processo ignorado.","service":"btg-baixa-titulos-service","situacao":"BAIXADO","timestamp":"2026-06-03T12:15:22.169Z"}
{"level":"info","message":"🔎 Processando título 110938/B","service":"btg-baixa-titulos-service","timestamp":"2026-06-03T12:15:22.173Z"}
{"level":"info","message":"🌐 Millennium request: GET /MILLENIUM!JOIN_ONEUP.LANCAMENTOS.CONSULTALANCAMENTOS?cnpj=50.649.490%2F0001-20&n_documento=110938%2FB","service":"btg-baixa-titulos-service","timestamp":"2026-06-03T12:15:22.173Z"}
{"lancamento":1434868094,"level":"info","message":"ℹ️ Título 110938/B já estava baixado. Processo ignorado.","service":"btg-baixa-titulos-service","situacao":"BAIXADO","timestamp":"2026-06-03T12:15:22.273Z"}
{"level":"info","message":"🔎 Processando título 110595/A","service":"btg-baixa-titulos-service","timestamp":"2026-06-03T12:15:22.284Z"}
{"level":"info","message":"🌐 Millennium request: GET /MILLENIUM!JOIN_ONEUP.LANCAMENTOS.CONSULTALANCAMENTOS?cnpj=57.408.548%2F0001-92&n_documento=110595%2FA","service":"btg-baixa-titulos-service","timestamp":"2026-06-03T12:15:22.284Z"}
{"lancamento":1434863646,"level":"info","message":"ℹ️ Título 110595/A já estava baixado. Processo ignorado.","service":"btg-baixa-titulos-service","situacao":"BAIXADO","timestamp":"2026-06-03T12:15:22.300Z"}
{"level":"info","message":"🔎 Processando título 110938/A","service":"btg-baixa-titulos-service","timestamp":"2026-06-03T12:15:22.307Z"}
{"level":"info","message":"🌐 Millennium request: GET /MILLENIUM!JOIN_ONEUP.LANCAMENTOS.CONSULTALANCAMENTOS?cnpj=50.649.490%2F0001-20&n_documento=110938%2FA","service":"btg-baixa-titulos-service","timestamp":"2026-06-03T12:15:22.307Z"}
{"lancamento":1434868093,"level":"info","message":"ℹ️ Título 110938/A já estava baixado. Processo ignorado.","service":"btg-baixa-titulos-service","situacao":"BAIXADO","timestamp":"2026-06-03T12:15:22.323Z"}
{"level":"info","message":"🔎 Processando título 110166/D","service":"btg-baixa-titulos-service","timestamp":"2026-06-03T12:15:22.328Z"}
{"level":"info","message":"🌐 Millennium request: GET /MILLENIUM!JOIN_ONEUP.LANCAMENTOS.CONSULTALANCAMENTOS?cnpj=57.408.548%2F0001-92&n_documento=110166%2FD","service":"btg-baixa-titulos-service","timestamp":"2026-06-03T12:15:22.328Z"}
{"lancamento":1434860994,"level":"info","message":"ℹ️ Título 110166/D já estava baixado. Processo ignorado.","service":"btg-baixa-titulos-service","situacao":"BAIXADO","timestamp":"2026-06-03T12:15:22.344Z"}
{"level":"info","message":"🔎 Processando título 110937/C","service":"btg-baixa-titulos-service","timestamp":"2026-06-03T12:15:22.348Z"}
{"level":"info","message":"🌐 Millennium request: GET /MILLENIUM!JOIN_ONEUP.LANCAMENTOS.CONSULTALANCAMENTOS?cnpj=50.649.490%2F0001-20&n_documento=110937%2FC","service":"btg-baixa-titulos-service","timestamp":"2026-06-03T12:15:22.348Z"}
{"lancamento":1434868091,"level":"info","message":"ℹ️ Título 110937/C já estava baixado. Processo ignorado.","service":"btg-baixa-titulos-service","situacao":"BAIXADO","timestamp":"2026-06-03T12:15:22.363Z"}
{"level":"info","message":"🔎 Processando título 110166/C","service":"btg-baixa-titulos-service","timestamp":"2026-06-03T12:15:22.367Z"}
{"level":"info","message":"🌐 Millennium request: GET /MILLENIUM!JOIN_ONEUP.LANCAMENTOS.CONSULTALANCAMENTOS?cnpj=57.408.548%2F0001-92&n_documento=110166%2FC","service":"btg-baixa-titulos-service","timestamp":"2026-06-03T12:15:22.367Z"}
{"lancamento":1434860993,"level":"info","message":"ℹ️ Título 110166/C já estava baixado. Processo ignorado.","service":"btg-baixa-titulos-service","situacao":"BAIXADO","timestamp":"2026-06-03T12:15:22.383Z"}
{"level":"info","message":"🔎 Processando título 110937/B","service":"btg-baixa-titulos-service","timestamp":"2026-06-03T12:15:22.387Z"}
{"level":"info","message":"🌐 Millennium request: GET /MILLENIUM!JOIN_ONEUP.LANCAMENTOS.CONSULTALANCAMENTOS?cnpj=50.649.490%2F0001-20&n_documento=110937%2FB","service":"btg-baixa-titulos-service","timestamp":"2026-06-03T12:15:22.387Z"}
{"lancamento":1434868090,"level":"info","message":"ℹ️ Título 110937/B já estava baixado. Processo ignorado.","service":"btg-baixa-titulos-service","situacao":"BAIXADO","timestamp":"2026-06-03T12:15:22.403Z"}
{"level":"info","message":"🔎 Processando título 110166/B","service":"btg-baixa-titulos-service","timestamp":"2026-06-03T12:15:22.407Z"}
{"level":"info","message":"🌐 Millennium request: GET /MILLENIUM!JOIN_ONEUP.LANCAMENTOS.CONSULTALANCAMENTOS?cnpj=57.408.548%2F0001-92&n_documento=110166%2FB","service":"btg-baixa-titulos-service","timestamp":"2026-06-03T12:15:22.407Z"}
{"lancamento":1434860992,"level":"info","message":"ℹ️ Título 110166/B já estava baixado. Processo ignorado.","service":"btg-baixa-titulos-service","situacao":"BAIXADO","timestamp":"2026-06-03T12:15:22.423Z"}
{"level":"info","message":"🔎 Processando título 110937/A","service":"btg-baixa-titulos-service","timestamp":"2026-06-03T12:15:22.428Z"}
{"level":"info","message":"🌐 Millennium request: GET /MILLENIUM!JOIN_ONEUP.LANCAMENTOS.CONSULTALANCAMENTOS?cnpj=50.649.490%2F0001-20&n_documento=110937%2FA","service":"btg-baixa-titulos-service","timestamp":"2026-06-03T12:15:22.428Z"}
{"lancamento":1434868089,"level":"info","message":"ℹ️ Título 110937/A já estava baixado. Processo ignorado.","service":"btg-baixa-titulos-service","situacao":"BAIXADO","timestamp":"2026-06-03T12:15:22.445Z"}
{"level":"info","message":"🔎 Processando título 110166/A","service":"btg-baixa-titulos-service","timestamp":"2026-06-03T12:15:22.450Z"}
{"level":"info","message":"🌐 Millennium request: GET /MILLENIUM!JOIN_ONEUP.LANCAMENTOS.CONSULTALANCAMENTOS?cnpj=57.408.548%2F0001-92&n_documento=110166%2FA","service":"btg-baixa-titulos-service","timestamp":"2026-06-03T12:15:22.450Z"}
{"lancamento":1434860991,"level":"info","message":"ℹ️ Título 110166/A já estava baixado. Processo ignorado.","service":"btg-baixa-titulos-service","situacao":"BAIXADO","timestamp":"2026-06-03T12:15:22.466Z"}
{"level":"info","message":"🔎 Processando título 110936/C","service":"btg-baixa-titulos-service","timestamp":"2026-06-03T12:15:22.470Z"}
{"level":"info","message":"🌐 Millennium request: GET /MILLENIUM!JOIN_ONEUP.LANCAMENTOS.CONSULTALANCAMENTOS?cnpj=50.649.490%2F0001-20&n_documento=110936%2FC","service":"btg-baixa-titulos-service","timestamp":"2026-06-03T12:15:22.471Z"}
{"lancamento":1434868084,"level":"info","message":"ℹ️ Título 110936/C já estava baixado. Processo ignorado.","service":"btg-baixa-titulos-service","situacao":"BAIXADO","timestamp":"2026-06-03T12:15:22.486Z"}
{"level":"info","message":"🔎 Processando título 109911/D","service":"btg-baixa-titulos-service","timestamp":"2026-06-03T12:15:22.491Z"}
{"level":"info","message":"🌐 Millennium request: GET /MILLENIUM!JOIN_ONEUP.LANCAMENTOS.CONSULTALANCAMENTOS?cnpj=56.961.472%2F0001-65&n_documento=109911%2FD","service":"btg-baixa-titulos-service","timestamp":"2026-06-03T12:15:22.491Z"}
{"lancamento":1434858494,"level":"info","message":"ℹ️ Título 109911/D já estava baixado. Processo ignorado.","service":"btg-baixa-titulos-service","situacao":"BAIXADO","timestamp":"2026-06-03T12:15:22.508Z"}
{"level":"info","message":"🔎 Processando título 110936/B","service":"btg-baixa-titulos-service","timestamp":"2026-06-03T12:15:22.513Z"}
{"level":"info","message":"🌐 Millennium request: GET /MILLENIUM!JOIN_ONEUP.LANCAMENTOS.CONSULTALANCAMENTOS?cnpj=50.649.490%2F0001-20&n_documento=110936%2FB","service":"btg-baixa-titulos-service","timestamp":"2026-06-03T12:15:22.514Z"}
{"lancamento":1434868083,"level":"info","message":"ℹ️ Título 110936/B já estava baixado. Processo ignorado.","service":"btg-baixa-titulos-service","situacao":"BAIXADO","timestamp":"2026-06-03T12:15:22.529Z"}
{"level":"info","message":"🔎 Processando título 109911/C","service":"btg-baixa-titulos-service","timestamp":"2026-06-03T12:15:22.534Z"}
{"level":"info","message":"🌐 Millennium request: GET /MILLENIUM!JOIN_ONEUP.LANCAMENTOS.CONSULTALANCAMENTOS?cnpj=56.961.472%2F0001-65&n_documento=109911%2FC","service":"btg-baixa-titulos-service","timestamp":"2026-06-03T12:15:22.534Z"}
{"lancamento":1434858493,"level":"info","message":"ℹ️ Título 109911/C já estava baixado. Processo ignorado.","service":"btg-baixa-titulos-service","situacao":"BAIXADO","timestamp":"2026-06-03T12:15:22.548Z"}
{"level":"info","message":"🔎 Processando título 110936/A","service":"btg-baixa-titulos-service","timestamp":"2026-06-03T12:15:22.553Z"}
{"level":"info","message":"🌐 Millennium request: GET /MILLENIUM!JOIN_ONEUP.LANCAMENTOS.CONSULTALANCAMENTOS?cnpj=50.649.490%2F0001-20&n_documento=110936%2FA","service":"btg-baixa-titulos-service","timestamp":"2026-06-03T12:15:22.553Z"}
{"lancamento":1434868082,"level":"info","message":"ℹ️ Título 110936/A já estava baixado. Processo ignorado.","service":"btg-baixa-titulos-service","situacao":"BAIXADO","timestamp":"2026-06-03T12:15:22.571Z"}
{"level":"info","message":"🔎 Processando título 109911/B","service":"btg-baixa-titulos-service","timestamp":"2026-06-03T12:15:22.576Z"}
{"level":"info","message":"🌐 Millennium request: GET /MILLENIUM!JOIN_ONEUP.LANCAMENTOS.CONSULTALANCAMENTOS?cnpj=56.961.472%2F0001-65&n_documento=109911%2FB","service":"btg-baixa-titulos-service","timestamp":"2026-06-03T12:15:22.576Z"}
{"lancamento":1434858492,"level":"info","message":"ℹ️ Título 109911/B já estava baixado. Processo ignorado.","service":"btg-baixa-titulos-service","situacao":"BAIXADO","timestamp":"2026-06-03T12:15:22.590Z"}
{"level":"info","message":"🔎 Processando título 110935/C","service":"btg-baixa-titulos-service","timestamp":"2026-06-03T12:15:22.595Z"}
{"level":"info","message":"🌐 Millennium request: GET /MILLENIUM!JOIN_ONEUP.LANCAMENTOS.CONSULTALANCAMENTOS?cnpj=50.649.490%2F0001-20&n_documento=110935%2FC","service":"btg-baixa-titulos-service","timestamp":"2026-06-03T12:15:22.595Z"}
{"lancamento":1434868081,"level":"info","message":"ℹ️ Título 110935/C já estava baixado. Processo ignorado.","service":"btg-baixa-titulos-service","situacao":"BAIXADO","timestamp":"2026-06-03T12:15:22.613Z"}
{"level":"info","message":"🔎 Processando título 110935/B","service":"btg-baixa-titulos-service","timestamp":"2026-06-03T12:15:22.619Z"}
{"level":"info","message":"🌐 Millennium request: GET /MILLENIUM!JOIN_ONEUP.LANCAMENTOS.CONSULTALANCAMENTOS?cnpj=50.649.490%2F0001-20&n_documento=110935%2FB","service":"btg-baixa-titulos-service","timestamp":"2026-06-03T12:15:22.620Z"}
{"lancamento":1434868080,"level":"info","message":"ℹ️ Título 110935/B já estava baixado. Processo ignorado.","service":"btg-baixa-titulos-service","situacao":"BAIXADO","timestamp":"2026-06-03T12:15:22.634Z"}
{"level":"info","message":"🔎 Processando título 109911/A","service":"btg-baixa-titulos-service","timestamp":"2026-06-03T12:15:22.639Z"}
{"level":"info","message":"🌐 Millennium request: GET /MILLENIUM!JOIN_ONEUP.LANCAMENTOS.CONSULTALANCAMENTOS?cnpj=56.961.472%2F0001-65&n_documento=109911%2FA","service":"btg-baixa-titulos-service","timestamp":"2026-06-03T12:15:22.639Z"}
{"lancamento":1434858491,"level":"info","message":"ℹ️ Título 109911/A já estava baixado. Processo ignorado.","service":"btg-baixa-titulos-service","situacao":"BAIXADO","timestamp":"2026-06-03T12:15:22.653Z"}
{"level":"info","message":"🔎 Processando título 110935/A","service":"btg-baixa-titulos-service","timestamp":"2026-06-03T12:15:22.658Z"}
{"level":"info","message":"🌐 Millennium request: GET /MILLENIUM!JOIN_ONEUP.LANCAMENTOS.CONSULTALANCAMENTOS?cnpj=50.649.490%2F0001-20&n_documento=110935%2FA","service":"btg-baixa-titulos-service","timestamp":"2026-06-03T12:15:22.658Z"}
{"lancamento":1434868079,"level":"info","message":"ℹ️ Título 110935/A já estava baixado. Processo ignorado.","service":"btg-baixa-titulos-service","situacao":"BAIXADO","timestamp":"2026-06-03T12:15:22.672Z"}
{"level":"info","message":"🔎 Processando título 110934/C","service":"btg-baixa-titulos-service","timestamp":"2026-06-03T12:15:22.677Z"}
{"level":"info","message":"🌐 Millennium request: GET /MILLENIUM!JOIN_ONEUP.LANCAMENTOS.CONSULTALANCAMENTOS?cnpj=50.649.490%2F0001-20&n_documento=110934%2FC","service":"btg-baixa-titulos-service","timestamp":"2026-06-03T12:15:22.677Z"}
{"lancamento":1434868074,"level":"info","message":"ℹ️ Título 110934/C já estava baixado. Processo ignorado.","service":"btg-baixa-titulos-service","situacao":"BAIXADO","timestamp":"2026-06-03T12:15:22.786Z"}
{"level":"info","message":"🔎 Processando título 110934/B","service":"btg-baixa-titulos-service","timestamp":"2026-06-03T12:15:22.796Z"}
{"level":"info","message":"🌐 Millennium request: GET /MILLENIUM!JOIN_ONEUP.LANCAMENTOS.CONSULTALANCAMENTOS?cnpj=50.649.490%2F0001-20&n_documento=110934%2FB","service":"btg-baixa-titulos-service","timestamp":"2026-06-03T12:15:22.796Z"}
{"lancamento":1434868073,"level":"info","message":"ℹ️ Título 110934/B já estava baixado. Processo ignorado.","service":"btg-baixa-titulos-service","situacao":"BAIXADO","timestamp":"2026-06-03T12:15:22.811Z"}
{"level":"info","message":"🔎 Processando título 110934/A","service":"btg-baixa-titulos-service","timestamp":"2026-06-03T12:15:22.817Z"}
{"level":"info","message":"🌐 Millennium request: GET /MILLENIUM!JOIN_ONEUP.LANCAMENTOS.CONSULTALANCAMENTOS?cnpj=50.649.490%2F0001-20&n_documento=110934%2FA","service":"btg-baixa-titulos-service","timestamp":"2026-06-03T12:15:22.817Z"}
{"lancamento":1434868072,"level":"info","message":"ℹ️ Título 110934/A já estava baixado. Processo ignorado.","service":"btg-baixa-titulos-service","situacao":"BAIXADO","timestamp":"2026-06-03T12:15:22.833Z"}
{"level":"info","message":"🔎 Processando título 110761","service":"btg-baixa-titulos-service","timestamp":"2026-06-03T12:15:22.840Z"}
{"level":"info","message":"🌐 Millennium request: GET /MILLENIUM!JOIN_ONEUP.LANCAMENTOS.CONSULTALANCAMENTOS?cnpj=01.009.793%2F0001-72&n_documento=110761","service":"btg-baixa-titulos-service","timestamp":"2026-06-03T12:15:22.840Z"}
{"lancamento":1434866540,"level":"info","message":"ℹ️ Título 110761 já estava baixado. Processo ignorado.","service":"btg-baixa-titulos-service","situacao":"BAIXADO","timestamp":"2026-06-03T12:15:22.857Z"}
{"level":"info","message":"🔎 Processando título 110759/E","service":"btg-baixa-titulos-service","timestamp":"2026-06-03T12:15:22.863Z"}
{"level":"info","message":"🌐 Millennium request: GET /MILLENIUM!JOIN_ONEUP.LANCAMENTOS.CONSULTALANCAMENTOS?cnpj=73.652.158%2F0001-10&n_documento=110759%2FE","service":"btg-baixa-titulos-service","timestamp":"2026-06-03T12:15:22.863Z"}
{"lancamento":1434866527,"level":"info","message":"ℹ️ Título 110759/E já estava baixado. Processo ignorado.","service":"btg-baixa-titulos-service","situacao":"BAIXADO","timestamp":"2026-06-03T12:15:22.877Z"}
{"level":"info","message":"🔎 Processando título 110759/D","service":"btg-baixa-titulos-service","timestamp":"2026-06-03T12:15:22.882Z"}
{"level":"info","message":"🌐 Millennium request: GET /MILLENIUM!JOIN_ONEUP.LANCAMENTOS.CONSULTALANCAMENTOS?cnpj=73.652.158%2F0001-10&n_documento=110759%2FD","service":"btg-baixa-titulos-service","timestamp":"2026-06-03T12:15:22.882Z"}
{"lancamento":1434866526,"level":"info","message":"ℹ️ Título 110759/D já estava baixado. Processo ignorado.","service":"btg-baixa-titulos-service","situacao":"BAIXADO","timestamp":"2026-06-03T12:15:22.897Z"}
{"level":"info","message":"🔎 Processando título CORRE 108314","service":"btg-baixa-titulos-service","timestamp":"2026-06-03T12:15:22.902Z"}
{"level":"info","message":"🌐 Millennium request: GET /MILLENIUM!JOIN_ONEUP.LANCAMENTOS.CONSULTALANCAMENTOS?cnpj=02.355.679%2F0001-67&n_documento=CORRE%20108314","service":"btg-baixa-titulos-service","timestamp":"2026-06-03T12:15:22.902Z"}
{"lancamento":1434857620,"level":"info","message":"ℹ️ Título CORRE 108314 já estava baixado. Processo ignorado.","service":"btg-baixa-titulos-service","situacao":"BAIXADO","timestamp":"2026-06-03T12:15:22.919Z"}
{"level":"info","message":"🔎 Processando título CORRE 108313","service":"btg-baixa-titulos-service","timestamp":"2026-06-03T12:15:22.923Z"}
{"level":"info","message":"🌐 Millennium request: GET /MILLENIUM!JOIN_ONEUP.LANCAMENTOS.CONSULTALANCAMENTOS?cnpj=22.031.998%2F0001-24&n_documento=CORRE%20108313","service":"btg-baixa-titulos-service","timestamp":"2026-06-03T12:15:22.923Z"}
{"lancamento":1434857617,"level":"info","message":"ℹ️ Título CORRE 108313 já estava baixado. Processo ignorado.","service":"btg-baixa-titulos-service","situacao":"BAIXADO","timestamp":"2026-06-03T12:15:22.937Z"}
{"level":"info","message":"🔎 Processando título FRE 108317","service":"btg-baixa-titulos-service","timestamp":"2026-06-03T12:15:22.940Z"}
{"level":"info","message":"🌐 Millennium request: GET /MILLENIUM!JOIN_ONEUP.LANCAMENTOS.CONSULTALANCAMENTOS?cnpj=03.294.992%2F0001-03&n_documento=FRE%20108317","service":"btg-baixa-titulos-service","timestamp":"2026-06-03T12:15:22.940Z"}
{"lancamento":1434857396,"level":"info","message":"ℹ️ Título FRE 108317 já estava baixado. Processo ignorado.","service":"btg-baixa-titulos-service","situacao":"BAIXADO","timestamp":"2026-06-03T12:15:22.954Z"}
{"level":"info","message":"🔎 Processando título FRE 108253","service":"btg-baixa-titulos-service","timestamp":"2026-06-03T12:15:22.958Z"}
{"level":"info","message":"🌐 Millennium request: GET /MILLENIUM!JOIN_ONEUP.LANCAMENTOS.CONSULTALANCAMENTOS?cnpj=57.408.548%2F0001-92&n_documento=FRE%20108253","service":"btg-baixa-titulos-service","timestamp":"2026-06-03T12:15:22.958Z"}
{"lancamento":1434857394,"level":"info","message":"ℹ️ Título FRE 108253 já estava baixado. Processo ignorado.","service":"btg-baixa-titulos-service","situacao":"BAIXADO","timestamp":"2026-06-03T12:15:22.973Z"}
{"level":"info","message":"🔎 Processando título CORRE 109093","service":"btg-baixa-titulos-service","timestamp":"2026-06-03T12:15:22.978Z"}
{"level":"info","message":"🌐 Millennium request: GET /MILLENIUM!JOIN_ONEUP.LANCAMENTOS.CONSULTALANCAMENTOS?cnpj=57.408.548%2F0001-92&n_documento=CORRE%20109093","service":"btg-baixa-titulos-service","timestamp":"2026-06-03T12:15:22.978Z"}
{"lancamento":1434857622,"level":"info","message":"ℹ️ Título CORRE 109093 já estava baixado. Processo ignorado.","service":"btg-baixa-titulos-service","situacao":"BAIXADO","timestamp":"2026-06-03T12:15:22.992Z"}
{"level":"info","message":"🔎 Processando título CORRE 108156","service":"btg-baixa-titulos-service","timestamp":"2026-06-03T12:15:22.997Z"}
{"level":"info","message":"🌐 Millennium request: GET /MILLENIUM!JOIN_ONEUP.LANCAMENTOS.CONSULTALANCAMENTOS?cnpj=57.408.548%2F0001-92&n_documento=CORRE%20108156","service":"btg-baixa-titulos-service","timestamp":"2026-06-03T12:15:22.997Z"}
{"lancamento":1434857602,"level":"info","message":"ℹ️ Título CORRE 108156 já estava baixado. Processo ignorado.","service":"btg-baixa-titulos-service","situacao":"BAIXADO","timestamp":"2026-06-03T12:15:23.013Z"}
{"level":"info","message":"🔎 Processando título CORRE 108020","service":"btg-baixa-titulos-service","timestamp":"2026-06-03T12:15:23.018Z"}
{"level":"info","message":"🌐 Millennium request: GET /MILLENIUM!JOIN_ONEUP.LANCAMENTOS.CONSULTALANCAMENTOS?cnpj=57.408.548%2F0001-92&n_documento=CORRE%20108020","service":"btg-baixa-titulos-service","timestamp":"2026-06-03T12:15:23.018Z"}
{"lancamento":1434857442,"level":"info","message":"ℹ️ Título CORRE 108020 já estava baixado. Processo ignorado.","service":"btg-baixa-titulos-service","situacao":"BAIXADO","timestamp":"2026-06-03T12:15:23.033Z"}
{"level":"info","message":"🔎 Processando título CORRE 107627","service":"btg-baixa-titulos-service","timestamp":"2026-06-03T12:15:23.038Z"}
{"level":"info","message":"🌐 Millennium request: GET /MILLENIUM!JOIN_ONEUP.LANCAMENTOS.CONSULTALANCAMENTOS?cnpj=57.408.548%2F0001-92&n_documento=CORRE%20107627","service":"btg-baixa-titulos-service","timestamp":"2026-06-03T12:15:23.038Z"}
{"lancamento":1434857433,"level":"info","message":"ℹ️ Título CORRE 107627 já estava baixado. Processo ignorado.","service":"btg-baixa-titulos-service","situacao":"BAIXADO","timestamp":"2026-06-03T12:15:23.054Z"}
{"level":"info","message":"🔎 Processando título FRE 108251","service":"btg-baixa-titulos-service","timestamp":"2026-06-03T12:15:23.059Z"}
{"level":"info","message":"🌐 Millennium request: GET /MILLENIUM!JOIN_ONEUP.LANCAMENTOS.CONSULTALANCAMENTOS?cnpj=01.009.793%2F0001-72&n_documento=FRE%20108251","service":"btg-baixa-titulos-service","timestamp":"2026-06-03T12:15:23.059Z"}
{"lancamento":1434857395,"level":"info","message":"ℹ️ Título FRE 108251 já estava baixado. Processo ignorado.","service":"btg-baixa-titulos-service","situacao":"BAIXADO","timestamp":"2026-06-03T12:15:23.074Z"}
{"level":"info","message":"🔎 Processando título 108304","service":"btg-baixa-titulos-service","timestamp":"2026-06-03T12:15:23.081Z"}
{"level":"info","message":"🌐 Millennium request: GET /MILLENIUM!JOIN_ONEUP.LANCAMENTOS.CONSULTALANCAMENTOS?cnpj=07.409.302%2F0001-67&n_documento=108304","service":"btg-baixa-titulos-service","timestamp":"2026-06-03T12:15:23.081Z"}
{"lancamento":1434857621,"level":"info","message":"ℹ️ Título 108304 já estava baixado. Processo ignorado.","service":"btg-baixa-titulos-service","situacao":"BAIXADO","timestamp":"2026-06-03T12:15:23.096Z"}
{"level":"info","message":"🔎 Processando título 106147/B","service":"btg-baixa-titulos-service","timestamp":"2026-06-03T12:15:23.101Z"}
{"level":"info","message":"🌐 Millennium request: GET /MILLENIUM!JOIN_ONEUP.LANCAMENTOS.CONSULTALANCAMENTOS?cnpj=50.649.490%2F0001-20&n_documento=106147%2FB","service":"btg-baixa-titulos-service","timestamp":"2026-06-03T12:15:23.101Z"}
{"lancamento":1434801563,"level":"info","message":"ℹ️ Título 106147/B já estava baixado. Processo ignorado.","service":"btg-baixa-titulos-service","situacao":"BAIXADO","timestamp":"2026-06-03T12:15:23.119Z"}
{"level":"info","message":"🔎 Processando título 106147/C","service":"btg-baixa-titulos-service","timestamp":"2026-06-03T12:15:23.124Z"}
{"level":"info","message":"🌐 Millennium request: GET /MILLENIUM!JOIN_ONEUP.LANCAMENTOS.CONSULTALANCAMENTOS?cnpj=50.649.490%2F0001-20&n_documento=106147%2FC","service":"btg-baixa-titulos-service","timestamp":"2026-06-03T12:15:23.124Z"}
{"lancamento":1434801564,"level":"info","message":"ℹ️ Título 106147/C já estava baixado. Processo ignorado.","service":"btg-baixa-titulos-service","situacao":"BAIXADO","timestamp":"2026-06-03T12:15:23.138Z"}
{"level":"info","message":"🔎 Processando título 106139/B","service":"btg-baixa-titulos-service","timestamp":"2026-06-03T12:15:23.143Z"}
{"level":"info","message":"🌐 Millennium request: GET /MILLENIUM!JOIN_ONEUP.LANCAMENTOS.CONSULTALANCAMENTOS?cnpj=50.649.490%2F0001-20&n_documento=106139%2FB","service":"btg-baixa-titulos-service","timestamp":"2026-06-03T12:15:23.143Z"}
{"lancamento":1434801525,"level":"info","message":"ℹ️ Título 106139/B já estava baixado. Processo ignorado.","service":"btg-baixa-titulos-service","situacao":"BAIXADO","timestamp":"2026-06-03T12:15:23.157Z"}
{"level":"info","message":"🔎 Processando título 106135/C","service":"btg-baixa-titulos-service","timestamp":"2026-06-03T12:15:23.162Z"}
{"level":"info","message":"🌐 Millennium request: GET /MILLENIUM!JOIN_ONEUP.LANCAMENTOS.CONSULTALANCAMENTOS?cnpj=50.649.490%2F0001-20&n_documento=106135%2FC","service":"btg-baixa-titulos-service","timestamp":"2026-06-03T12:15:23.162Z"}
{"lancamento":1434801481,"level":"info","message":"ℹ️ Título 106135/C já estava baixado. Processo ignorado.","service":"btg-baixa-titulos-service","situacao":"BAIXADO","timestamp":"2026-06-03T12:15:23.177Z"}
{"level":"info","message":"🔎 Processando título 106141/B","service":"btg-baixa-titulos-service","timestamp":"2026-06-03T12:15:23.182Z"}
{"level":"info","message":"🌐 Millennium request: GET /MILLENIUM!JOIN_ONEUP.LANCAMENTOS.CONSULTALANCAMENTOS?cnpj=50.649.490%2F0001-20&n_documento=106141%2FB","service":"btg-baixa-titulos-service","timestamp":"2026-06-03T12:15:23.182Z"}
{"lancamento":1434801534,"level":"info","message":"ℹ️ Título 106141/B já estava baixado. Processo ignorado.","service":"btg-baixa-titulos-service","situacao":"BAIXADO","timestamp":"2026-06-03T12:15:23.197Z"}
{"level":"info","message":"🔎 Processando título 106143/C","service":"btg-baixa-titulos-service","timestamp":"2026-06-03T12:15:23.202Z"}
{"level":"info","message":"🌐 Millennium request: GET /MILLENIUM!JOIN_ONEUP.LANCAMENTOS.CONSULTALANCAMENTOS?cnpj=50.649.490%2F0001-20&n_documento=106143%2FC","service":"btg-baixa-titulos-service","timestamp":"2026-06-03T12:15:23.202Z"}
{"lancamento":1434801552,"level":"info","message":"ℹ️ Título 106143/C já estava baixado. Processo ignorado.","service":"btg-baixa-titulos-service","situacao":"BAIXADO","timestamp":"2026-06-03T12:15:23.218Z"}
{"level":"info","message":"🔎 Processando título 106143/B","service":"btg-baixa-titulos-service","timestamp":"2026-06-03T12:15:23.222Z"}
{"level":"info","message":"🌐 Millennium request: GET /MILLENIUM!JOIN_ONEUP.LANCAMENTOS.CONSULTALANCAMENTOS?cnpj=50.649.490%2F0001-20&n_documento=106143%2FB","service":"btg-baixa-titulos-service","timestamp":"2026-06-03T12:15:23.223Z"}
{"lancamento":1434801551,"level":"info","message":"ℹ️ Título 106143/B já estava baixado. Processo ignorado.","service":"btg-baixa-titulos-service","situacao":"BAIXADO","timestamp":"2026-06-03T12:15:23.323Z"}
{"level":"info","message":"🔎 Processando título 106145/B","service":"btg-baixa-titulos-service","timestamp":"2026-06-03T12:15:23.332Z"}
{"level":"info","message":"🌐 Millennium request: GET /MILLENIUM!JOIN_ONEUP.LANCAMENTOS.CONSULTALANCAMENTOS?cnpj=50.649.490%2F0001-20&n_documento=106145%2FB","service":"btg-baixa-titulos-service","timestamp":"2026-06-03T12:15:23.332Z"}
{"lancamento":1434801556,"level":"info","message":"ℹ️ Título 106145/B já estava baixado. Processo ignorado.","service":"btg-baixa-titulos-service","situacao":"BAIXADO","timestamp":"2026-06-03T12:15:23.347Z"}
{"level":"info","message":"🔎 Processando título 106130/B","service":"btg-baixa-titulos-service","timestamp":"2026-06-03T12:15:23.352Z"}
{"level":"info","message":"🌐 Millennium request: GET /MILLENIUM!JOIN_ONEUP.LANCAMENTOS.CONSULTALANCAMENTOS?cnpj=50.649.490%2F0001-20&n_documento=106130%2FB","service":"btg-baixa-titulos-service","timestamp":"2026-06-03T12:15:23.352Z"}
{"lancamento":1434801462,"level":"info","message":"ℹ️ Título 106130/B já estava baixado. Processo ignorado.","service":"btg-baixa-titulos-service","situacao":"BAIXADO","timestamp":"2026-06-03T12:15:23.365Z"}
{"level":"info","message":"🔎 Processando título 106115/A","service":"btg-baixa-titulos-service","timestamp":"2026-06-03T12:15:23.370Z"}
{"level":"info","message":"🌐 Millennium request: GET /MILLENIUM!JOIN_ONEUP.LANCAMENTOS.CONSULTALANCAMENTOS?cnpj=47.485.403%2F0001-31&n_documento=106115%2FA","service":"btg-baixa-titulos-service","timestamp":"2026-06-03T12:15:23.370Z"}
{"lancamento":1434801385,"level":"info","message":"ℹ️ Título 106115/A já estava baixado. Processo ignorado.","service":"btg-baixa-titulos-service","situacao":"BAIXADO","timestamp":"2026-06-03T12:15:23.385Z"}
{"level":"info","message":"🔎 Processando título 106115/B","service":"btg-baixa-titulos-service","timestamp":"2026-06-03T12:15:23.390Z"}
{"level":"info","message":"🌐 Millennium request: GET /MILLENIUM!JOIN_ONEUP.LANCAMENTOS.CONSULTALANCAMENTOS?cnpj=47.485.403%2F0001-31&n_documento=106115%2FB","service":"btg-baixa-titulos-service","timestamp":"2026-06-03T12:15:23.390Z"}
{"lancamento":1434801386,"level":"info","message":"ℹ️ Título 106115/B já estava baixado. Processo ignorado.","service":"btg-baixa-titulos-service","situacao":"BAIXADO","timestamp":"2026-06-03T12:15:23.406Z"}
{"level":"info","message":"🔎 Processando título 106117/B","service":"btg-baixa-titulos-service","timestamp":"2026-06-03T12:15:23.410Z"}
{"level":"info","message":"🌐 Millennium request: GET /MILLENIUM!JOIN_ONEUP.LANCAMENTOS.CONSULTALANCAMENTOS?cnpj=47.485.403%2F0001-31&n_documento=106117%2FB","service":"btg-baixa-titulos-service","timestamp":"2026-06-03T12:15:23.410Z"}
{"lancamento":1434801392,"level":"info","message":"ℹ️ Título 106117/B já estava baixado. Processo ignorado.","service":"btg-baixa-titulos-service","situacao":"BAIXADO","timestamp":"2026-06-03T12:15:23.430Z"}
{"level":"info","message":"🔎 Processando título 106121/C","service":"btg-baixa-titulos-service","timestamp":"2026-06-03T12:15:23.435Z"}
{"level":"info","message":"🌐 Millennium request: GET /MILLENIUM!JOIN_ONEUP.LANCAMENTOS.CONSULTALANCAMENTOS?cnpj=47.485.403%2F0001-31&n_documento=106121%2FC","service":"btg-baixa-titulos-service","timestamp":"2026-06-03T12:15:23.435Z"}
{"lancamento":1434801426,"level":"info","message":"ℹ️ Título 106121/C já estava baixado. Processo ignorado.","service":"btg-baixa-titulos-service","situacao":"BAIXADO","timestamp":"2026-06-03T12:15:23.453Z"}
{"level":"info","message":"🔎 Processando título 106121/B","service":"btg-baixa-titulos-service","timestamp":"2026-06-03T12:15:23.457Z"}
{"level":"info","message":"🌐 Millennium request: GET /MILLENIUM!JOIN_ONEUP.LANCAMENTOS.CONSULTALANCAMENTOS?cnpj=47.485.403%2F0001-31&n_documento=106121%2FB","service":"btg-baixa-titulos-service","timestamp":"2026-06-03T12:15:23.457Z"}
{"lancamento":1434801425,"level":"info","message":"ℹ️ Título 106121/B já estava baixado. Processo ignorado.","service":"btg-baixa-titulos-service","situacao":"BAIXADO","timestamp":"2026-06-03T12:15:23.472Z"}
{"level":"info","message":"🔎 Processando título 106120/B","service":"btg-baixa-titulos-service","timestamp":"2026-06-03T12:15:23.477Z"}
{"level":"info","message":"🌐 Millennium request: GET /MILLENIUM!JOIN_ONEUP.LANCAMENTOS.CONSULTALANCAMENTOS?cnpj=47.485.403%2F0001-31&n_documento=106120%2FB","service":"btg-baixa-titulos-service","timestamp":"2026-06-03T12:15:23.477Z"}
{"lancamento":1434801418,"level":"info","message":"ℹ️ Título 106120/B já estava baixado. Processo ignorado.","service":"btg-baixa-titulos-service","situacao":"BAIXADO","timestamp":"2026-06-03T12:15:23.495Z"}
{"level":"info","message":"🔎 Processando título 109075/C","service":"btg-baixa-titulos-service","timestamp":"2026-06-03T12:15:23.499Z"}
{"level":"info","message":"🌐 Millennium request: GET /MILLENIUM!JOIN_ONEUP.LANCAMENTOS.CONSULTALANCAMENTOS?cnpj=01.329.811%2F0001-01&n_documento=109075%2FC","service":"btg-baixa-titulos-service","timestamp":"2026-06-03T12:15:23.499Z"}
{"erro":"Título não localizado: 109075/C","level":"error","message":"❌ Erro no título 109075/C","service":"btg-baixa-titulos-service","status":"ERRO_CONSULTA","timestamp":"2026-06-03T12:15:23.513Z"}
{"level":"info","message":"🔎 Processando título RA-06-11","service":"btg-baixa-titulos-service","timestamp":"2026-06-03T12:15:23.519Z"}
{"level":"info","message":"🌐 Millennium request: GET /MILLENIUM!JOIN_ONEUP.LANCAMENTOS.CONSULTALANCAMENTOS?cnpj=01.329.811%2F0001-01&n_documento=RA-06-11","service":"btg-baixa-titulos-service","timestamp":"2026-06-03T12:15:23.519Z"}
{"erro":"Título não localizado: RA-06-11","level":"error","message":"❌ Erro no título RA-06-11","service":"btg-baixa-titulos-service","status":"ERRO_CONSULTA","timestamp":"2026-06-03T12:15:23.534Z"}
{"level":"info","message":"🔎 Processando título 107627/D","service":"btg-baixa-titulos-service","timestamp":"2026-06-03T12:15:23.538Z"}
{"level":"info","message":"🌐 Millennium request: GET /MILLENIUM!JOIN_ONEUP.LANCAMENTOS.CONSULTALANCAMENTOS?cnpj=57.408.548%2F0001-92&n_documento=107627%2FD","service":"btg-baixa-titulos-service","timestamp":"2026-06-03T12:15:23.538Z"}
{"lancamento":1434808247,"level":"info","message":"ℹ️ Título 107627/D já estava baixado. Processo ignorado.","service":"btg-baixa-titulos-service","situacao":"BAIXADO","timestamp":"2026-06-03T12:15:23.552Z"}
{"level":"info","message":"🔎 Processando título 108331/C","service":"btg-baixa-titulos-service","timestamp":"2026-06-03T12:15:23.557Z"}
{"level":"info","message":"🌐 Millennium request: GET /MILLENIUM!JOIN_ONEUP.LANCAMENTOS.CONSULTALANCAMENTOS?cnpj=47.485.403%2F0001-31&n_documento=108331%2FC","service":"btg-baixa-titulos-service","timestamp":"2026-06-03T12:15:23.557Z"}
{"lancamento":1434850370,"level":"info","message":"ℹ️ Título 108331/C já estava baixado. Processo ignorado.","service":"btg-baixa-titulos-service","situacao":"BAIXADO","timestamp":"2026-06-03T12:15:23.573Z"}
{"level":"info","message":"🔎 Processando título 108317/F","service":"btg-baixa-titulos-service","timestamp":"2026-06-03T12:15:23.578Z"}
{"level":"info","message":"🌐 Millennium request: GET /MILLENIUM!JOIN_ONEUP.LANCAMENTOS.CONSULTALANCAMENTOS?cnpj=03.294.992%2F0001-03&n_documento=108317%2FF","service":"btg-baixa-titulos-service","timestamp":"2026-06-03T12:15:23.578Z"}
{"lancamento":1434850308,"level":"info","message":"ℹ️ Título 108317/F já estava baixado. Processo ignorado.","service":"btg-baixa-titulos-service","situacao":"BAIXADO","timestamp":"2026-06-03T12:15:23.595Z"}
{"level":"info","message":"🔎 Processando título 108326/C","service":"btg-baixa-titulos-service","timestamp":"2026-06-03T12:15:23.599Z"}
{"level":"info","message":"🌐 Millennium request: GET /MILLENIUM!JOIN_ONEUP.LANCAMENTOS.CONSULTALANCAMENTOS?cnpj=96.609.490%2F0001-05&n_documento=108326%2FC","service":"btg-baixa-titulos-service","timestamp":"2026-06-03T12:15:23.600Z"}
{"lancamento":1434850354,"level":"info","message":"ℹ️ Título 108326/C já estava baixado. Processo ignorado.","service":"btg-baixa-titulos-service","situacao":"BAIXADO","timestamp":"2026-06-03T12:15:23.614Z"}
{"level":"info","message":"🔎 Processando título 108328/C","service":"btg-baixa-titulos-service","timestamp":"2026-06-03T12:15:23.619Z"}
{"level":"info","message":"🌐 Millennium request: GET /MILLENIUM!JOIN_ONEUP.LANCAMENTOS.CONSULTALANCAMENTOS?cnpj=59.205.187%2F0001-02&n_documento=108328%2FC","service":"btg-baixa-titulos-service","timestamp":"2026-06-03T12:15:23.619Z"}
{"lancamento":1434850363,"level":"info","message":"ℹ️ Título 108328/C já estava baixado. Processo ignorado.","service":"btg-baixa-titulos-service","situacao":"BAIXADO","timestamp":"2026-06-03T12:15:23.633Z"}
{"level":"info","message":"🔎 Processando título 108327/C","service":"btg-baixa-titulos-service","timestamp":"2026-06-03T12:15:23.638Z"}
{"level":"info","message":"🌐 Millennium request: GET /MILLENIUM!JOIN_ONEUP.LANCAMENTOS.CONSULTALANCAMENTOS?cnpj=73.652.158%2F0001-10&n_documento=108327%2FC","service":"btg-baixa-titulos-service","timestamp":"2026-06-03T12:15:23.638Z"}
{"lancamento":1434850357,"level":"info","message":"ℹ️ Título 108327/C já estava baixado. Processo ignorado.","service":"btg-baixa-titulos-service","situacao":"BAIXADO","timestamp":"2026-06-03T12:15:23.654Z"}
{"level":"info","message":"🔎 Processando título 108324/C","service":"btg-baixa-titulos-service","timestamp":"2026-06-03T12:15:23.659Z"}
{"level":"info","message":"🌐 Millennium request: GET /MILLENIUM!JOIN_ONEUP.LANCAMENTOS.CONSULTALANCAMENTOS?cnpj=47.485.403%2F0001-31&n_documento=108324%2FC","service":"btg-baixa-titulos-service","timestamp":"2026-06-03T12:15:23.659Z"}
{"lancamento":1434850351,"level":"info","message":"ℹ️ Título 108324/C já estava baixado. Processo ignorado.","service":"btg-baixa-titulos-service","situacao":"BAIXADO","timestamp":"2026-06-03T12:15:23.674Z"}
{"level":"info","message":"🔎 Processando título 108323/C","service":"btg-baixa-titulos-service","timestamp":"2026-06-03T12:15:23.679Z"}
{"level":"info","message":"🌐 Millennium request: GET /MILLENIUM!JOIN_ONEUP.LANCAMENTOS.CONSULTALANCAMENTOS?cnpj=47.485.403%2F0001-31&n_documento=108323%2FC","service":"btg-baixa-titulos-service","timestamp":"2026-06-03T12:15:23.679Z"}
{"lancamento":1434850342,"level":"info","message":"ℹ️ Título 108323/C já estava baixado. Processo ignorado.","service":"btg-baixa-titulos-service","situacao":"BAIXADO","timestamp":"2026-06-03T12:15:23.697Z"}
{"level":"info","message":"🔎 Processando título 108321/C","service":"btg-baixa-titulos-service","timestamp":"2026-06-03T12:15:23.703Z"}
{"level":"info","message":"🌐 Millennium request: GET /MILLENIUM!JOIN_ONEUP.LANCAMENTOS.CONSULTALANCAMENTOS?cnpj=47.485.403%2F0001-31&n_documento=108321%2FC","service":"btg-baixa-titulos-service","timestamp":"2026-06-03T12:15:23.703Z"}
{"lancamento":1434850333,"level":"info","message":"ℹ️ Título 108321/C já estava baixado. Processo ignorado.","service":"btg-baixa-titulos-service","situacao":"BAIXADO","timestamp":"2026-06-03T12:15:23.718Z"}
{"level":"info","message":"🔎 Processando título 108322/C","service":"btg-baixa-titulos-service","timestamp":"2026-06-03T12:15:23.724Z"}
{"level":"info","message":"🌐 Millennium request: GET /MILLENIUM!JOIN_ONEUP.LANCAMENTOS.CONSULTALANCAMENTOS?cnpj=47.485.403%2F0001-31&n_documento=108322%2FC","service":"btg-baixa-titulos-service","timestamp":"2026-06-03T12:15:23.724Z"}
{"lancamento":1434850337,"level":"info","message":"ℹ️ Título 108322/C já estava baixado. Processo ignorado.","service":"btg-baixa-titulos-service","situacao":"BAIXADO","timestamp":"2026-06-03T12:15:23.737Z"}
{"level":"info","message":"🔎 Processando título 108318/C","service":"btg-baixa-titulos-service","timestamp":"2026-06-03T12:15:23.743Z"}
{"level":"info","message":"🌐 Millennium request: GET /MILLENIUM!JOIN_ONEUP.LANCAMENTOS.CONSULTALANCAMENTOS?cnpj=50.649.490%2F0001-20&n_documento=108318%2FC","service":"btg-baixa-titulos-service","timestamp":"2026-06-03T12:15:23.743Z"}
{"lancamento":1434850324,"level":"info","message":"ℹ️ Título 108318/C já estava baixado. Processo ignorado.","service":"btg-baixa-titulos-service","situacao":"BAIXADO","timestamp":"2026-06-03T12:15:23.846Z"}
{"level":"info","message":"🔎 Processando título 108320/C","service":"btg-baixa-titulos-service","timestamp":"2026-06-03T12:15:23.855Z"}
{"level":"info","message":"🌐 Millennium request: GET /MILLENIUM!JOIN_ONEUP.LANCAMENTOS.CONSULTALANCAMENTOS?cnpj=47.485.403%2F0001-31&n_documento=108320%2FC","service":"btg-baixa-titulos-service","timestamp":"2026-06-03T12:15:23.855Z"}
{"lancamento":1434850328,"level":"info","message":"ℹ️ Título 108320/C já estava baixado. Processo ignorado.","service":"btg-baixa-titulos-service","situacao":"BAIXADO","timestamp":"2026-06-03T12:15:23.873Z"}
{"level":"info","message":"🔎 Processando título 108317/E","service":"btg-baixa-titulos-service","timestamp":"2026-06-03T12:15:23.880Z"}
{"level":"info","message":"🌐 Millennium request: GET /MILLENIUM!JOIN_ONEUP.LANCAMENTOS.CONSULTALANCAMENTOS?cnpj=03.294.992%2F0001-03&n_documento=108317%2FE","service":"btg-baixa-titulos-service","timestamp":"2026-06-03T12:15:23.880Z"}
{"lancamento":1434850307,"level":"info","message":"ℹ️ Título 108317/E já estava baixado. Processo ignorado.","service":"btg-baixa-titulos-service","situacao":"BAIXADO","timestamp":"2026-06-03T12:15:23.896Z"}
{"level":"info","message":"🔎 Processando título 108315/C","service":"btg-baixa-titulos-service","timestamp":"2026-06-03T12:15:23.902Z"}
{"level":"info","message":"🌐 Millennium request: GET /MILLENIUM!JOIN_ONEUP.LANCAMENTOS.CONSULTALANCAMENTOS?cnpj=06.181.589%2F0001-58&n_documento=108315%2FC","service":"btg-baixa-titulos-service","timestamp":"2026-06-03T12:15:23.902Z"}
{"lancamento":1434850298,"level":"info","message":"ℹ️ Título 108315/C já estava baixado. Processo ignorado.","service":"btg-baixa-titulos-service","situacao":"BAIXADO","timestamp":"2026-06-03T12:15:23.917Z"}
{"level":"info","message":"🔎 Processando título 108313/C","service":"btg-baixa-titulos-service","timestamp":"2026-06-03T12:15:23.922Z"}
{"level":"info","message":"🌐 Millennium request: GET /MILLENIUM!JOIN_ONEUP.LANCAMENTOS.CONSULTALANCAMENTOS?cnpj=22.031.998%2F0001-24&n_documento=108313%2FC","service":"btg-baixa-titulos-service","timestamp":"2026-06-03T12:15:23.922Z"}
{"lancamento":1434850291,"level":"info","message":"ℹ️ Título 108313/C já estava baixado. Processo ignorado.","service":"btg-baixa-titulos-service","situacao":"BAIXADO","timestamp":"2026-06-03T12:15:23.938Z"}
{"level":"info","message":"🔎 Processando título 108310/C","service":"btg-baixa-titulos-service","timestamp":"2026-06-03T12:15:23.945Z"}
{"level":"info","message":"🌐 Millennium request: GET /MILLENIUM!JOIN_ONEUP.LANCAMENTOS.CONSULTALANCAMENTOS?cnpj=03.247.651%2F0001-79&n_documento=108310%2FC","service":"btg-baixa-titulos-service","timestamp":"2026-06-03T12:15:23.945Z"}
{"lancamento":1434850286,"level":"info","message":"ℹ️ Título 108310/C já estava baixado. Processo ignorado.","service":"btg-baixa-titulos-service","situacao":"BAIXADO","timestamp":"2026-06-03T12:15:23.960Z"}
{"level":"info","message":"🔎 Processando título 108306/C","service":"btg-baixa-titulos-service","timestamp":"2026-06-03T12:15:23.964Z"}
{"level":"info","message":"🌐 Millennium request: GET /MILLENIUM!JOIN_ONEUP.LANCAMENTOS.CONSULTALANCAMENTOS?cnpj=00.768.271%2F0001-91&n_documento=108306%2FC","service":"btg-baixa-titulos-service","timestamp":"2026-06-03T12:15:23.964Z"}
{"lancamento":1434850219,"level":"info","message":"ℹ️ Título 108306/C já estava baixado. Processo ignorado.","service":"btg-baixa-titulos-service","situacao":"BAIXADO","timestamp":"2026-06-03T12:15:23.980Z"}
{"level":"info","message":"🔎 Processando título 108304/C","service":"btg-baixa-titulos-service","timestamp":"2026-06-03T12:15:23.984Z"}
{"level":"info","message":"🌐 Millennium request: GET /MILLENIUM!JOIN_ONEUP.LANCAMENTOS.CONSULTALANCAMENTOS?cnpj=07.409.302%2F0001-67&n_documento=108304%2FC","service":"btg-baixa-titulos-service","timestamp":"2026-06-03T12:15:23.985Z"}
{"lancamento":1434850214,"level":"info","message":"ℹ️ Título 108304/C já estava baixado. Processo ignorado.","service":"btg-baixa-titulos-service","situacao":"BAIXADO","timestamp":"2026-06-03T12:15:24.000Z"}
{"level":"info","message":"🔎 Processando título 108253/C","service":"btg-baixa-titulos-service","timestamp":"2026-06-03T12:15:24.005Z"}
{"level":"info","message":"🌐 Millennium request: GET /MILLENIUM!JOIN_ONEUP.LANCAMENTOS.CONSULTALANCAMENTOS?cnpj=57.408.548%2F0001-92&n_documento=108253%2FC","service":"btg-baixa-titulos-service","timestamp":"2026-06-03T12:15:24.005Z"}
{"lancamento":1434850049,"level":"info","message":"ℹ️ Título 108253/C já estava baixado. Processo ignorado.","service":"btg-baixa-titulos-service","situacao":"BAIXADO","timestamp":"2026-06-03T12:15:24.020Z"}
{"level":"info","message":"🔎 Processando título 108226/C","service":"btg-baixa-titulos-service","timestamp":"2026-06-03T12:15:24.025Z"}
{"level":"info","message":"🌐 Millennium request: GET /MILLENIUM!JOIN_ONEUP.LANCAMENTOS.CONSULTALANCAMENTOS?cnpj=50.649.490%2F0001-20&n_documento=108226%2FC","service":"btg-baixa-titulos-service","timestamp":"2026-06-03T12:15:24.025Z"}
{"lancamento":1434849909,"level":"info","message":"ℹ️ Título 108226/C já estava baixado. Processo ignorado.","service":"btg-baixa-titulos-service","situacao":"BAIXADO","timestamp":"2026-06-03T12:15:24.039Z"}
{"level":"info","message":"🔎 Processando título 108252/C","service":"btg-baixa-titulos-service","timestamp":"2026-06-03T12:15:24.044Z"}
{"level":"info","message":"🌐 Millennium request: GET /MILLENIUM!JOIN_ONEUP.LANCAMENTOS.CONSULTALANCAMENTOS?cnpj=44.999.259%2F0001-63&n_documento=108252%2FC","service":"btg-baixa-titulos-service","timestamp":"2026-06-03T12:15:24.044Z"}
{"lancamento":1434850044,"level":"info","message":"ℹ️ Título 108252/C já estava baixado. Processo ignorado.","service":"btg-baixa-titulos-service","situacao":"BAIXADO","timestamp":"2026-06-03T12:15:24.061Z"}
{"level":"info","message":"🔎 Processando título 108222/C","service":"btg-baixa-titulos-service","timestamp":"2026-06-03T12:15:24.067Z"}
{"level":"info","message":"🌐 Millennium request: GET /MILLENIUM!JOIN_ONEUP.LANCAMENTOS.CONSULTALANCAMENTOS?cnpj=50.649.490%2F0001-20&n_documento=108222%2FC","service":"btg-baixa-titulos-service","timestamp":"2026-06-03T12:15:24.067Z"}
{"lancamento":1434849890,"level":"info","message":"ℹ️ Título 108222/C já estava baixado. Processo ignorado.","service":"btg-baixa-titulos-service","situacao":"BAIXADO","timestamp":"2026-06-03T12:15:24.082Z"}
{"level":"info","message":"🔎 Processando título 108225/C","service":"btg-baixa-titulos-service","timestamp":"2026-06-03T12:15:24.085Z"}
{"level":"info","message":"🌐 Millennium request: GET /MILLENIUM!JOIN_ONEUP.LANCAMENTOS.CONSULTALANCAMENTOS?cnpj=50.649.490%2F0001-20&n_documento=108225%2FC","service":"btg-baixa-titulos-service","timestamp":"2026-06-03T12:15:24.085Z"}
{"lancamento":1434849896,"level":"info","message":"ℹ️ Título 108225/C já estava baixado. Processo ignorado.","service":"btg-baixa-titulos-service","situacao":"BAIXADO","timestamp":"2026-06-03T12:15:24.102Z"}
{"level":"info","message":"🔎 Processando título 108224/C","service":"btg-baixa-titulos-service","timestamp":"2026-06-03T12:15:24.105Z"}
{"level":"info","message":"🌐 Millennium request: GET /MILLENIUM!JOIN_ONEUP.LANCAMENTOS.CONSULTALANCAMENTOS?cnpj=50.649.490%2F0001-20&n_documento=108224%2FC","service":"btg-baixa-titulos-service","timestamp":"2026-06-03T12:15:24.105Z"}
{"lancamento":1434849893,"level":"info","message":"ℹ️ Título 108224/C já estava baixado. Processo ignorado.","service":"btg-baixa-titulos-service","situacao":"BAIXADO","timestamp":"2026-06-03T12:15:24.120Z"}
{"level":"info","message":"🔎 Processando título 108221/C","service":"btg-baixa-titulos-service","timestamp":"2026-06-03T12:15:24.123Z"}
{"level":"info","message":"🌐 Millennium request: GET /MILLENIUM!JOIN_ONEUP.LANCAMENTOS.CONSULTALANCAMENTOS?cnpj=50.649.490%2F0001-20&n_documento=108221%2FC","service":"btg-baixa-titulos-service","timestamp":"2026-06-03T12:15:24.123Z"}
{"lancamento":1434849887,"level":"info","message":"ℹ️ Título 108221/C já estava baixado. Processo ignorado.","service":"btg-baixa-titulos-service","situacao":"BAIXADO","timestamp":"2026-06-03T12:15:24.140Z"}
{"level":"info","message":"🔎 Processando título 108219/C","service":"btg-baixa-titulos-service","timestamp":"2026-06-03T12:15:24.144Z"}
{"level":"info","message":"🌐 Millennium request: GET /MILLENIUM!JOIN_ONEUP.LANCAMENTOS.CONSULTALANCAMENTOS?cnpj=50.649.490%2F0001-20&n_documento=108219%2FC","service":"btg-baixa-titulos-service","timestamp":"2026-06-03T12:15:24.144Z"}
{"lancamento":1434849879,"level":"info","message":"ℹ️ Título 108219/C já estava baixado. Processo ignorado.","service":"btg-baixa-titulos-service","situacao":"BAIXADO","timestamp":"2026-06-03T12:15:24.157Z"}
{"level":"info","message":"🔎 Processando título 108327/E","service":"btg-baixa-titulos-service","timestamp":"2026-06-03T12:15:24.161Z"}
{"level":"info","message":"🌐 Millennium request: GET /MILLENIUM!JOIN_ONEUP.LANCAMENTOS.CONSULTALANCAMENTOS?cnpj=73.652.158%2F0001-10&n_documento=108327%2FE","service":"btg-baixa-titulos-service","timestamp":"2026-06-03T12:15:24.161Z"}
{"lancamento":1434850359,"level":"info","message":"ℹ️ Título 108327/E já estava baixado. Processo ignorado.","service":"btg-baixa-titulos-service","situacao":"BAIXADO","timestamp":"2026-06-03T12:15:24.175Z"}
{"level":"info","message":"🔎 Processando título 108315/E","service":"btg-baixa-titulos-service","timestamp":"2026-06-03T12:15:24.179Z"}
{"level":"info","message":"🌐 Millennium request: GET /MILLENIUM!JOIN_ONEUP.LANCAMENTOS.CONSULTALANCAMENTOS?cnpj=06.181.589%2F0001-58&n_documento=108315%2FE","service":"btg-baixa-titulos-service","timestamp":"2026-06-03T12:15:24.179Z"}
{"lancamento":1434850300,"level":"info","message":"ℹ️ Título 108315/E já estava baixado. Processo ignorado.","service":"btg-baixa-titulos-service","situacao":"BAIXADO","timestamp":"2026-06-03T12:15:24.193Z"}
{"level":"info","message":"🔎 Processando título 108317/I","service":"btg-baixa-titulos-service","timestamp":"2026-06-03T12:15:24.198Z"}
{"level":"info","message":"🌐 Millennium request: GET /MILLENIUM!JOIN_ONEUP.LANCAMENTOS.CONSULTALANCAMENTOS?cnpj=03.294.992%2F0001-03&n_documento=108317%2FI","service":"btg-baixa-titulos-service","timestamp":"2026-06-03T12:15:24.198Z"}
{"lancamento":1434850311,"level":"info","message":"ℹ️ Título 108317/I já estava baixado. Processo ignorado.","service":"btg-baixa-titulos-service","situacao":"BAIXADO","timestamp":"2026-06-03T12:15:24.212Z"}
{"level":"info","message":"🔎 Processando título 108157/C","service":"btg-baixa-titulos-service","timestamp":"2026-06-03T12:15:24.217Z"}
{"level":"info","message":"🌐 Millennium request: GET /MILLENIUM!JOIN_ONEUP.LANCAMENTOS.CONSULTALANCAMENTOS?cnpj=03.294.992%2F0001-03&n_documento=108157%2FC","service":"btg-baixa-titulos-service","timestamp":"2026-06-03T12:15:24.217Z"}
{"lancamento":1434849583,"level":"info","message":"ℹ️ Título 108157/C já estava baixado. Processo ignorado.","service":"btg-baixa-titulos-service","situacao":"BAIXADO","timestamp":"2026-06-03T12:15:24.231Z"}
{"level":"info","message":"🔎 Processando título 108156/C","service":"btg-baixa-titulos-service","timestamp":"2026-06-03T12:15:24.236Z"}
{"level":"info","message":"🌐 Millennium request: GET /MILLENIUM!JOIN_ONEUP.LANCAMENTOS.CONSULTALANCAMENTOS?cnpj=57.408.548%2F0001-92&n_documento=108156%2FC","service":"btg-baixa-titulos-service","timestamp":"2026-06-03T12:15:24.236Z"}
{"lancamento":1434849579,"level":"info","message":"ℹ️ Título 108156/C já estava baixado. Processo ignorado.","service":"btg-baixa-titulos-service","situacao":"BAIXADO","timestamp":"2026-06-03T12:15:24.251Z"}
{"level":"info","message":"🔎 Processando título 108310/E","service":"btg-baixa-titulos-service","timestamp":"2026-06-03T12:15:24.255Z"}
{"level":"info","message":"🌐 Millennium request: GET /MILLENIUM!JOIN_ONEUP.LANCAMENTOS.CONSULTALANCAMENTOS?cnpj=03.247.651%2F0001-79&n_documento=108310%2FE","service":"btg-baixa-titulos-service","timestamp":"2026-06-03T12:15:24.255Z"}
{"lancamento":1434850288,"level":"info","message":"ℹ️ Título 108310/E já estava baixado. Processo ignorado.","service":"btg-baixa-titulos-service","situacao":"BAIXADO","timestamp":"2026-06-03T12:15:24.360Z"}
{"level":"info","message":"🔎 Processando título 108020/C","service":"btg-baixa-titulos-service","timestamp":"2026-06-03T12:15:24.374Z"}
{"level":"info","message":"🌐 Millennium request: GET /MILLENIUM!JOIN_ONEUP.LANCAMENTOS.CONSULTALANCAMENTOS?cnpj=57.408.548%2F0001-92&n_documento=108020%2FC","service":"btg-baixa-titulos-service","timestamp":"2026-06-03T12:15:24.374Z"}
{"lancamento":1434848920,"level":"info","message":"ℹ️ Título 108020/C já estava baixado. Processo ignorado.","service":"btg-baixa-titulos-service","situacao":"BAIXADO","timestamp":"2026-06-03T12:15:24.390Z"}
{"level":"info","message":"🔎 Processando título 107660/C","service":"btg-baixa-titulos-service","timestamp":"2026-06-03T12:15:24.397Z"}
{"level":"info","message":"🌐 Millennium request: GET /MILLENIUM!JOIN_ONEUP.LANCAMENTOS.CONSULTALANCAMENTOS?cnpj=57.408.548%2F0001-92&n_documento=107660%2FC","service":"btg-baixa-titulos-service","timestamp":"2026-06-03T12:15:24.397Z"}
{"lancamento":1434808277,"level":"info","message":"ℹ️ Título 107660/C já estava baixado. Processo ignorado.","service":"btg-baixa-titulos-service","situacao":"BAIXADO","timestamp":"2026-06-03T12:15:24.411Z"}
{"level":"info","message":"🔎 Processando título 108157/E","service":"btg-baixa-titulos-service","timestamp":"2026-06-03T12:15:24.417Z"}
{"level":"info","message":"🌐 Millennium request: GET /MILLENIUM!JOIN_ONEUP.LANCAMENTOS.CONSULTALANCAMENTOS?cnpj=03.294.992%2F0001-03&n_documento=108157%2FE","service":"btg-baixa-titulos-service","timestamp":"2026-06-03T12:15:24.417Z"}
{"lancamento":1434849585,"level":"info","message":"ℹ️ Título 108157/E já estava baixado. Processo ignorado.","service":"btg-baixa-titulos-service","situacao":"BAIXADO","timestamp":"2026-06-03T12:15:24.434Z"}
{"level":"info","message":"🔎 Processando título 108252/E","service":"btg-baixa-titulos-service","timestamp":"2026-06-03T12:15:24.439Z"}
{"level":"info","message":"🌐 Millennium request: GET /MILLENIUM!JOIN_ONEUP.LANCAMENTOS.CONSULTALANCAMENTOS?cnpj=44.999.259%2F0001-63&n_documento=108252%2FE","service":"btg-baixa-titulos-service","timestamp":"2026-06-03T12:15:24.439Z"}
{"lancamento":1434850046,"level":"info","message":"ℹ️ Título 108252/E já estava baixado. Processo ignorado.","service":"btg-baixa-titulos-service","situacao":"BAIXADO","timestamp":"2026-06-03T12:15:24.454Z"}
{"level":"info","message":"🔎 Processando título 107627/C","service":"btg-baixa-titulos-service","timestamp":"2026-06-03T12:15:24.459Z"}
{"level":"info","message":"🌐 Millennium request: GET /MILLENIUM!JOIN_ONEUP.LANCAMENTOS.CONSULTALANCAMENTOS?cnpj=57.408.548%2F0001-92&n_documento=107627%2FC","service":"btg-baixa-titulos-service","timestamp":"2026-06-03T12:15:24.459Z"}
{"lancamento":1434808246,"level":"info","message":"ℹ️ Título 107627/C já estava baixado. Processo ignorado.","service":"btg-baixa-titulos-service","situacao":"BAIXADO","timestamp":"2026-06-03T12:15:24.474Z"}
{"level":"info","message":"🔎 Processando título 108317/H","service":"btg-baixa-titulos-service","timestamp":"2026-06-03T12:15:24.479Z"}
{"level":"info","message":"🌐 Millennium request: GET /MILLENIUM!JOIN_ONEUP.LANCAMENTOS.CONSULTALANCAMENTOS?cnpj=03.294.992%2F0001-03&n_documento=108317%2FH","service":"btg-baixa-titulos-service","timestamp":"2026-06-03T12:15:24.479Z"}
{"lancamento":1434850310,"level":"info","message":"ℹ️ Título 108317/H já estava baixado. Processo ignorado.","service":"btg-baixa-titulos-service","situacao":"BAIXADO","timestamp":"2026-06-03T12:15:24.495Z"}
{"level":"info","message":"🔎 Processando título 108317/D","service":"btg-baixa-titulos-service","timestamp":"2026-06-03T12:15:24.500Z"}
{"level":"info","message":"🌐 Millennium request: GET /MILLENIUM!JOIN_ONEUP.LANCAMENTOS.CONSULTALANCAMENTOS?cnpj=03.294.992%2F0001-03&n_documento=108317%2FD","service":"btg-baixa-titulos-service","timestamp":"2026-06-03T12:15:24.501Z"}
{"lancamento":1434850306,"level":"info","message":"ℹ️ Título 108317/D já estava baixado. Processo ignorado.","service":"btg-baixa-titulos-service","situacao":"BAIXADO","timestamp":"2026-06-03T12:15:24.515Z"}
{"level":"info","message":"🔎 Processando título 108327/D","service":"btg-baixa-titulos-service","timestamp":"2026-06-03T12:15:24.521Z"}
{"level":"info","message":"🌐 Millennium request: GET /MILLENIUM!JOIN_ONEUP.LANCAMENTOS.CONSULTALANCAMENTOS?cnpj=73.652.158%2F0001-10&n_documento=108327%2FD","service":"btg-baixa-titulos-service","timestamp":"2026-06-03T12:15:24.521Z"}
{"lancamento":1434850358,"level":"info","message":"ℹ️ Título 108327/D já estava baixado. Processo ignorado.","service":"btg-baixa-titulos-service","situacao":"BAIXADO","timestamp":"2026-06-03T12:15:24.535Z"}
{"level":"info","message":"🔎 Processando título 108315/D","service":"btg-baixa-titulos-service","timestamp":"2026-06-03T12:15:24.541Z"}
{"level":"info","message":"🌐 Millennium request: GET /MILLENIUM!JOIN_ONEUP.LANCAMENTOS.CONSULTALANCAMENTOS?cnpj=06.181.589%2F0001-58&n_documento=108315%2FD","service":"btg-baixa-titulos-service","timestamp":"2026-06-03T12:15:24.541Z"}
{"lancamento":1434850299,"level":"info","message":"ℹ️ Título 108315/D já estava baixado. Processo ignorado.","service":"btg-baixa-titulos-service","situacao":"BAIXADO","timestamp":"2026-06-03T12:15:24.555Z"}
{"level":"info","message":"🔎 Processando título 108317/G","service":"btg-baixa-titulos-service","timestamp":"2026-06-03T12:15:24.561Z"}
{"level":"info","message":"🌐 Millennium request: GET /MILLENIUM!JOIN_ONEUP.LANCAMENTOS.CONSULTALANCAMENTOS?cnpj=03.294.992%2F0001-03&n_documento=108317%2FG","service":"btg-baixa-titulos-service","timestamp":"2026-06-03T12:15:24.561Z"}
{"lancamento":1434850309,"level":"info","message":"ℹ️ Título 108317/G já estava baixado. Processo ignorado.","service":"btg-baixa-titulos-service","situacao":"BAIXADO","timestamp":"2026-06-03T12:15:24.579Z"}
{"level":"info","message":"🔎 Processando título 108327/B","service":"btg-baixa-titulos-service","timestamp":"2026-06-03T12:15:24.584Z"}
{"level":"info","message":"🌐 Millennium request: GET /MILLENIUM!JOIN_ONEUP.LANCAMENTOS.CONSULTALANCAMENTOS?cnpj=73.652.158%2F0001-10&n_documento=108327%2FB","service":"btg-baixa-titulos-service","timestamp":"2026-06-03T12:15:24.584Z"}
{"lancamento":1434850356,"level":"info","message":"ℹ️ Título 108327/B já estava baixado. Processo ignorado.","service":"btg-baixa-titulos-service","situacao":"BAIXADO","timestamp":"2026-06-03T12:15:24.597Z"}
{"level":"info","message":"🔎 Processando título 108317/C","service":"btg-baixa-titulos-service","timestamp":"2026-06-03T12:15:24.603Z"}
{"level":"info","message":"🌐 Millennium request: GET /MILLENIUM!JOIN_ONEUP.LANCAMENTOS.CONSULTALANCAMENTOS?cnpj=03.294.992%2F0001-03&n_documento=108317%2FC","service":"btg-baixa-titulos-service","timestamp":"2026-06-03T12:15:24.603Z"}
{"lancamento":1434850305,"level":"info","message":"ℹ️ Título 108317/C já estava baixado. Processo ignorado.","service":"btg-baixa-titulos-service","situacao":"BAIXADO","timestamp":"2026-06-03T12:15:24.618Z"}
{"level":"info","message":"🔎 Processando título 108315/B","service":"btg-baixa-titulos-service","timestamp":"2026-06-03T12:15:24.624Z"}
{"level":"info","message":"🌐 Millennium request: GET /MILLENIUM!JOIN_ONEUP.LANCAMENTOS.CONSULTALANCAMENTOS?cnpj=06.181.589%2F0001-58&n_documento=108315%2FB","service":"btg-baixa-titulos-service","timestamp":"2026-06-03T12:15:24.624Z"}
{"lancamento":1434850297,"level":"info","message":"ℹ️ Título 108315/B já estava baixado. Processo ignorado.","service":"btg-baixa-titulos-service","situacao":"BAIXADO","timestamp":"2026-06-03T12:15:24.642Z"}
{"level":"info","message":"🔎 Processando título 108310/B","service":"btg-baixa-titulos-service","timestamp":"2026-06-03T12:15:24.648Z"}
{"level":"info","message":"🌐 Millennium request: GET /MILLENIUM!JOIN_ONEUP.LANCAMENTOS.CONSULTALANCAMENTOS?cnpj=03.247.651%2F0001-79&n_documento=108310%2FB","service":"btg-baixa-titulos-service","timestamp":"2026-06-03T12:15:24.648Z"}
{"lancamento":1434850285,"level":"info","message":"ℹ️ Título 108310/B já estava baixado. Processo ignorado.","service":"btg-baixa-titulos-service","situacao":"BAIXADO","timestamp":"2026-06-03T12:15:24.663Z"}
{"level":"info","message":"🔎 Processando título 108306/D","service":"btg-baixa-titulos-service","timestamp":"2026-06-03T12:15:24.669Z"}
{"level":"info","message":"🌐 Millennium request: GET /MILLENIUM!JOIN_ONEUP.LANCAMENTOS.CONSULTALANCAMENTOS?cnpj=00.768.271%2F0001-91&n_documento=108306%2FD","service":"btg-baixa-titulos-service","timestamp":"2026-06-03T12:15:24.669Z"}
{"lancamento":1434850220,"level":"info","message":"ℹ️ Título 108306/D já estava baixado. Processo ignorado.","service":"btg-baixa-titulos-service","situacao":"BAIXADO","timestamp":"2026-06-03T12:15:24.684Z"}
{"level":"info","message":"🔎 Processando título 108310/D","service":"btg-baixa-titulos-service","timestamp":"2026-06-03T12:15:24.689Z"}
{"level":"info","message":"🌐 Millennium request: GET /MILLENIUM!JOIN_ONEUP.LANCAMENTOS.CONSULTALANCAMENTOS?cnpj=03.247.651%2F0001-79&n_documento=108310%2FD","service":"btg-baixa-titulos-service","timestamp":"2026-06-03T12:15:24.689Z"}
{"lancamento":1434850287,"level":"info","message":"ℹ️ Título 108310/D já estava baixado. Processo ignorado.","service":"btg-baixa-titulos-service","situacao":"BAIXADO","timestamp":"2026-06-03T12:15:24.710Z"}
{"level":"info","message":"🔎 Processando título 108306/B","service":"btg-baixa-titulos-service","timestamp":"2026-06-03T12:15:24.718Z"}
{"level":"info","message":"🌐 Millennium request: GET /MILLENIUM!JOIN_ONEUP.LANCAMENTOS.CONSULTALANCAMENTOS?cnpj=00.768.271%2F0001-91&n_documento=108306%2FB","service":"btg-baixa-titulos-service","timestamp":"2026-06-03T12:15:24.718Z"}
{"lancamento":1434850218,"level":"info","message":"ℹ️ Título 108306/B já estava baixado. Processo ignorado.","service":"btg-baixa-titulos-service","situacao":"BAIXADO","timestamp":"2026-06-03T12:15:24.734Z"}
{"level":"info","message":"🔎 Processando título 108253/D","service":"btg-baixa-titulos-service","timestamp":"2026-06-03T12:15:24.739Z"}
{"level":"info","message":"🌐 Millennium request: GET /MILLENIUM!JOIN_ONEUP.LANCAMENTOS.CONSULTALANCAMENTOS?cnpj=57.408.548%2F0001-92&n_documento=108253%2FD","service":"btg-baixa-titulos-service","timestamp":"2026-06-03T12:15:24.739Z"}
{"lancamento":1434850050,"level":"info","message":"ℹ️ Título 108253/D já estava baixado. Processo ignorado.","service":"btg-baixa-titulos-service","situacao":"BAIXADO","timestamp":"2026-06-03T12:15:24.756Z"}
{"level":"info","message":"🔎 Processando título 108157/D","service":"btg-baixa-titulos-service","timestamp":"2026-06-03T12:15:24.761Z"}
{"level":"info","message":"🌐 Millennium request: GET /MILLENIUM!JOIN_ONEUP.LANCAMENTOS.CONSULTALANCAMENTOS?cnpj=03.294.992%2F0001-03&n_documento=108157%2FD","service":"btg-baixa-titulos-service","timestamp":"2026-06-03T12:15:24.761Z"}
{"lancamento":1434849584,"level":"info","message":"ℹ️ Título 108157/D já estava baixado. Processo ignorado.","service":"btg-baixa-titulos-service","situacao":"BAIXADO","timestamp":"2026-06-03T12:15:24.775Z"}
{"level":"info","message":"🔎 Processando título 108252/B","service":"btg-baixa-titulos-service","timestamp":"2026-06-03T12:15:24.780Z"}
{"level":"info","message":"🌐 Millennium request: GET /MILLENIUM!JOIN_ONEUP.LANCAMENTOS.CONSULTALANCAMENTOS?cnpj=44.999.259%2F0001-63&n_documento=108252%2FB","service":"btg-baixa-titulos-service","timestamp":"2026-06-03T12:15:24.780Z"}
{"lancamento":1434850043,"level":"info","message":"ℹ️ Título 108252/B já estava baixado. Processo ignorado.","service":"btg-baixa-titulos-service","situacao":"BAIXADO","timestamp":"2026-06-03T12:15:24.883Z"}
{"level":"info","message":"🔎 Processando título 108252/D","service":"btg-baixa-titulos-service","timestamp":"2026-06-03T12:15:24.893Z"}
{"level":"info","message":"🌐 Millennium request: GET /MILLENIUM!JOIN_ONEUP.LANCAMENTOS.CONSULTALANCAMENTOS?cnpj=44.999.259%2F0001-63&n_documento=108252%2FD","service":"btg-baixa-titulos-service","timestamp":"2026-06-03T12:15:24.893Z"}
{"lancamento":1434850045,"level":"info","message":"ℹ️ Título 108252/D já estava baixado. Processo ignorado.","service":"btg-baixa-titulos-service","situacao":"BAIXADO","timestamp":"2026-06-03T12:15:24.910Z"}
{"level":"info","message":"🔎 Processando título 108253/B","service":"btg-baixa-titulos-service","timestamp":"2026-06-03T12:15:24.916Z"}
{"level":"info","message":"🌐 Millennium request: GET /MILLENIUM!JOIN_ONEUP.LANCAMENTOS.CONSULTALANCAMENTOS?cnpj=57.408.548%2F0001-92&n_documento=108253%2FB","service":"btg-baixa-titulos-service","timestamp":"2026-06-03T12:15:24.917Z"}
{"lancamento":1434850048,"level":"info","message":"ℹ️ Título 108253/B já estava baixado. Processo ignorado.","service":"btg-baixa-titulos-service","situacao":"BAIXADO","timestamp":"2026-06-03T12:15:24.931Z"}
{"level":"info","message":"🔎 Processando título 108326/B","service":"btg-baixa-titulos-service","timestamp":"2026-06-03T12:15:24.936Z"}
{"level":"info","message":"🌐 Millennium request: GET /MILLENIUM!JOIN_ONEUP.LANCAMENTOS.CONSULTALANCAMENTOS?cnpj=96.609.490%2F0001-05&n_documento=108326%2FB","service":"btg-baixa-titulos-service","timestamp":"2026-06-03T12:15:24.936Z"}
{"lancamento":1434850353,"level":"info","message":"ℹ️ Título 108326/B já estava baixado. Processo ignorado.","service":"btg-baixa-titulos-service","situacao":"BAIXADO","timestamp":"2026-06-03T12:15:24.954Z"}
{"level":"info","message":"🔎 Processando título 108156/D","service":"btg-baixa-titulos-service","timestamp":"2026-06-03T12:15:24.960Z"}
{"level":"info","message":"🌐 Millennium request: GET /MILLENIUM!JOIN_ONEUP.LANCAMENTOS.CONSULTALANCAMENTOS?cnpj=57.408.548%2F0001-92&n_documento=108156%2FD","service":"btg-baixa-titulos-service","timestamp":"2026-06-03T12:15:24.960Z"}
{"lancamento":1434849580,"level":"info","message":"ℹ️ Título 108156/D já estava baixado. Processo ignorado.","service":"btg-baixa-titulos-service","situacao":"BAIXADO","timestamp":"2026-06-03T12:15:24.974Z"}
{"level":"info","message":"🔎 Processando título 108328/B","service":"btg-baixa-titulos-service","timestamp":"2026-06-03T12:15:24.980Z"}
{"level":"info","message":"🌐 Millennium request: GET /MILLENIUM!JOIN_ONEUP.LANCAMENTOS.CONSULTALANCAMENTOS?cnpj=59.205.187%2F0001-02&n_documento=108328%2FB","service":"btg-baixa-titulos-service","timestamp":"2026-06-03T12:15:24.980Z"}
{"lancamento":1434850362,"level":"info","message":"ℹ️ Título 108328/B já estava baixado. Processo ignorado.","service":"btg-baixa-titulos-service","situacao":"BAIXADO","timestamp":"2026-06-03T12:15:25.003Z"}
{"level":"info","message":"🔎 Processando título 108020/D","service":"btg-baixa-titulos-service","timestamp":"2026-06-03T12:15:25.010Z"}
{"level":"info","message":"🌐 Millennium request: GET /MILLENIUM!JOIN_ONEUP.LANCAMENTOS.CONSULTALANCAMENTOS?cnpj=57.408.548%2F0001-92&n_documento=108020%2FD","service":"btg-baixa-titulos-service","timestamp":"2026-06-03T12:15:25.010Z"}
{"lancamento":1434848921,"level":"info","message":"ℹ️ Título 108020/D já estava baixado. Processo ignorado.","service":"btg-baixa-titulos-service","situacao":"BAIXADO","timestamp":"2026-06-03T12:15:25.025Z"}
{"level":"info","message":"🔎 Processando título 108331/B","service":"btg-baixa-titulos-service","timestamp":"2026-06-03T12:15:25.031Z"}
{"level":"info","message":"🌐 Millennium request: GET /MILLENIUM!JOIN_ONEUP.LANCAMENTOS.CONSULTALANCAMENTOS?cnpj=47.485.403%2F0001-31&n_documento=108331%2FB","service":"btg-baixa-titulos-service","timestamp":"2026-06-03T12:15:25.031Z"}
{"lancamento":1434850369,"level":"info","message":"ℹ️ Título 108331/B já estava baixado. Processo ignorado.","service":"btg-baixa-titulos-service","situacao":"BAIXADO","timestamp":"2026-06-03T12:15:25.047Z"}
{"level":"info","message":"🔎 Processando título 107660/D","service":"btg-baixa-titulos-service","timestamp":"2026-06-03T12:15:25.052Z"}
{"level":"info","message":"🌐 Millennium request: GET /MILLENIUM!JOIN_ONEUP.LANCAMENTOS.CONSULTALANCAMENTOS?cnpj=57.408.548%2F0001-92&n_documento=107660%2FD","service":"btg-baixa-titulos-service","timestamp":"2026-06-03T12:15:25.052Z"}
{"lancamento":1434808278,"level":"info","message":"ℹ️ Título 107660/D já estava baixado. Processo ignorado.","service":"btg-baixa-titulos-service","situacao":"BAIXADO","timestamp":"2026-06-03T12:15:25.067Z"}
{"level":"info","message":"🔎 Processando título 108324/B","service":"btg-baixa-titulos-service","timestamp":"2026-06-03T12:15:25.072Z"}
{"level":"info","message":"🌐 Millennium request: GET /MILLENIUM!JOIN_ONEUP.LANCAMENTOS.CONSULTALANCAMENTOS?cnpj=47.485.403%2F0001-31&n_documento=108324%2FB","service":"btg-baixa-titulos-service","timestamp":"2026-06-03T12:15:25.072Z"}
{"lancamento":1434850350,"level":"info","message":"ℹ️ Título 108324/B já estava baixado. Processo ignorado.","service":"btg-baixa-titulos-service","situacao":"BAIXADO","timestamp":"2026-06-03T12:15:25.089Z"}
{"level":"info","message":"🔎 Processando título 108323/B","service":"btg-baixa-titulos-service","timestamp":"2026-06-03T12:15:25.095Z"}
{"level":"info","message":"🌐 Millennium request: GET /MILLENIUM!JOIN_ONEUP.LANCAMENTOS.CONSULTALANCAMENTOS?cnpj=47.485.403%2F0001-31&n_documento=108323%2FB","service":"btg-baixa-titulos-service","timestamp":"2026-06-03T12:15:25.095Z"}
{"lancamento":1434850341,"level":"info","message":"ℹ️ Título 108323/B já estava baixado. Processo ignorado.","service":"btg-baixa-titulos-service","situacao":"BAIXADO","timestamp":"2026-06-03T12:15:25.109Z"}
{"level":"info","message":"🔎 Processando título 108320/B","service":"btg-baixa-titulos-service","timestamp":"2026-06-03T12:15:25.113Z"}
{"level":"info","message":"🌐 Millennium request: GET /MILLENIUM!JOIN_ONEUP.LANCAMENTOS.CONSULTALANCAMENTOS?cnpj=47.485.403%2F0001-31&n_documento=108320%2FB","service":"btg-baixa-titulos-service","timestamp":"2026-06-03T12:15:25.113Z"}
{"lancamento":1434850327,"level":"info","message":"ℹ️ Título 108320/B já estava baixado. Processo ignorado.","service":"btg-baixa-titulos-service","situacao":"BAIXADO","timestamp":"2026-06-03T12:15:25.125Z"}
{"level":"info","message":"🔎 Processando título 108313/B","service":"btg-baixa-titulos-service","timestamp":"2026-06-03T12:15:25.129Z"}
{"level":"info","message":"🌐 Millennium request: GET /MILLENIUM!JOIN_ONEUP.LANCAMENTOS.CONSULTALANCAMENTOS?cnpj=22.031.998%2F0001-24&n_documento=108313%2FB","service":"btg-baixa-titulos-service","timestamp":"2026-06-03T12:15:25.129Z"}
{"lancamento":1434850290,"level":"info","message":"ℹ️ Título 108313/B já estava baixado. Processo ignorado.","service":"btg-baixa-titulos-service","situacao":"BAIXADO","timestamp":"2026-06-03T12:15:25.145Z"}
{"level":"info","message":"🔎 Processando título 108318/B","service":"btg-baixa-titulos-service","timestamp":"2026-06-03T12:15:25.147Z"}
{"level":"info","message":"🌐 Millennium request: GET /MILLENIUM!JOIN_ONEUP.LANCAMENTOS.CONSULTALANCAMENTOS?cnpj=50.649.490%2F0001-20&n_documento=108318%2FB","service":"btg-baixa-titulos-service","timestamp":"2026-06-03T12:15:25.147Z"}
{"lancamento":1434850323,"level":"info","message":"ℹ️ Título 108318/B já estava baixado. Processo ignorado.","service":"btg-baixa-titulos-service","situacao":"BAIXADO","timestamp":"2026-06-03T12:15:25.161Z"}
{"level":"info","message":"🔎 Processando título 106806/E","service":"btg-baixa-titulos-service","timestamp":"2026-06-03T12:15:25.163Z"}
{"level":"info","message":"🌐 Millennium request: GET /MILLENIUM!JOIN_ONEUP.LANCAMENTOS.CONSULTALANCAMENTOS?cnpj=44.999.259%2F0001-63&n_documento=106806%2FE","service":"btg-baixa-titulos-service","timestamp":"2026-06-03T12:15:25.163Z"}
{"lancamento":1434804045,"level":"info","message":"ℹ️ Título 106806/E já estava baixado. Processo ignorado.","service":"btg-baixa-titulos-service","situacao":"BAIXADO","timestamp":"2026-06-03T12:15:25.179Z"}
{"level":"info","message":"🔎 Processando título 106806/D","service":"btg-baixa-titulos-service","timestamp":"2026-06-03T12:15:25.182Z"}
{"level":"info","message":"🌐 Millennium request: GET /MILLENIUM!JOIN_ONEUP.LANCAMENTOS.CONSULTALANCAMENTOS?cnpj=44.999.259%2F0001-63&n_documento=106806%2FD","service":"btg-baixa-titulos-service","timestamp":"2026-06-03T12:15:25.182Z"}
{"lancamento":1434804044,"level":"info","message":"ℹ️ Título 106806/D já estava baixado. Processo ignorado.","service":"btg-baixa-titulos-service","situacao":"BAIXADO","timestamp":"2026-06-03T12:15:25.201Z"}
{"level":"info","message":"🔎 Processando título 106806/C","service":"btg-baixa-titulos-service","timestamp":"2026-06-03T12:15:25.204Z"}
{"level":"info","message":"🌐 Millennium request: GET /MILLENIUM!JOIN_ONEUP.LANCAMENTOS.CONSULTALANCAMENTOS?cnpj=44.999.259%2F0001-63&n_documento=106806%2FC","service":"btg-baixa-titulos-service","timestamp":"2026-06-03T12:15:25.204Z"}
{"lancamento":1434804043,"level":"info","message":"ℹ️ Título 106806/C já estava baixado. Processo ignorado.","service":"btg-baixa-titulos-service","situacao":"BAIXADO","timestamp":"2026-06-03T12:15:25.220Z"}
{"level":"info","message":"🔎 Processando título 106806/B","service":"btg-baixa-titulos-service","timestamp":"2026-06-03T12:15:25.223Z"}
{"level":"info","message":"🌐 Millennium request: GET /MILLENIUM!JOIN_ONEUP.LANCAMENTOS.CONSULTALANCAMENTOS?cnpj=44.999.259%2F0001-63&n_documento=106806%2FB","service":"btg-baixa-titulos-service","timestamp":"2026-06-03T12:15:25.223Z"}
{"lancamento":1434804042,"level":"info","message":"ℹ️ Título 106806/B já estava baixado. Processo ignorado.","service":"btg-baixa-titulos-service","situacao":"BAIXADO","timestamp":"2026-06-03T12:15:25.240Z"}
{"level":"info","message":"🔎 Processando título 106806/A","service":"btg-baixa-titulos-service","timestamp":"2026-06-03T12:15:25.244Z"}
{"level":"info","message":"🌐 Millennium request: GET /MILLENIUM!JOIN_ONEUP.LANCAMENTOS.CONSULTALANCAMENTOS?cnpj=44.999.259%2F0001-63&n_documento=106806%2FA","service":"btg-baixa-titulos-service","timestamp":"2026-06-03T12:15:25.244Z"}
{"lancamento":1434804041,"level":"info","message":"ℹ️ Título 106806/A já estava baixado. Processo ignorado.","service":"btg-baixa-titulos-service","situacao":"BAIXADO","timestamp":"2026-06-03T12:15:25.260Z"}
{"level":"info","message":"🔎 Processando título 106709/D","service":"btg-baixa-titulos-service","timestamp":"2026-06-03T12:15:25.264Z"}
{"level":"info","message":"🌐 Millennium request: GET /MILLENIUM!JOIN_ONEUP.LANCAMENTOS.CONSULTALANCAMENTOS?cnpj=00.768.271%2F0001-91&n_documento=106709%2FD","service":"btg-baixa-titulos-service","timestamp":"2026-06-03T12:15:25.264Z"}
{"lancamento":1434803746,"level":"info","message":"ℹ️ Título 106709/D já estava baixado. Processo ignorado.","service":"btg-baixa-titulos-service","situacao":"BAIXADO","timestamp":"2026-06-03T12:15:25.280Z"}
{"level":"info","message":"🔎 Processando título 106709/C","service":"btg-baixa-titulos-service","timestamp":"2026-06-03T12:15:25.284Z"}
{"level":"info","message":"🌐 Millennium request: GET /MILLENIUM!JOIN_ONEUP.LANCAMENTOS.CONSULTALANCAMENTOS?cnpj=00.768.271%2F0001-91&n_documento=106709%2FC","service":"btg-baixa-titulos-service","timestamp":"2026-06-03T12:15:25.284Z"}
{"lancamento":1434803745,"level":"info","message":"ℹ️ Título 106709/C já estava baixado. Processo ignorado.","service":"btg-baixa-titulos-service","situacao":"BAIXADO","timestamp":"2026-06-03T12:15:25.299Z"}
{"level":"info","message":"🔎 Processando título 106709/B","service":"btg-baixa-titulos-service","timestamp":"2026-06-03T12:15:25.304Z"}
{"level":"info","message":"🌐 Millennium request: GET /MILLENIUM!JOIN_ONEUP.LANCAMENTOS.CONSULTALANCAMENTOS?cnpj=00.768.271%2F0001-91&n_documento=106709%2FB","service":"btg-baixa-titulos-service","timestamp":"2026-06-03T12:15:25.304Z"}
{"lancamento":1434803744,"level":"info","message":"ℹ️ Título 106709/B já estava baixado. Processo ignorado.","service":"btg-baixa-titulos-service","situacao":"BAIXADO","timestamp":"2026-06-03T12:15:25.408Z"}
{"level":"info","message":"🔎 Processando título 106655/E","service":"btg-baixa-titulos-service","timestamp":"2026-06-03T12:15:25.420Z"}
{"level":"info","message":"🌐 Millennium request: GET /MILLENIUM!JOIN_ONEUP.LANCAMENTOS.CONSULTALANCAMENTOS?cnpj=73.652.158%2F0001-10&n_documento=106655%2FE","service":"btg-baixa-titulos-service","timestamp":"2026-06-03T12:15:25.420Z"}
{"lancamento":1434803559,"level":"info","message":"ℹ️ Título 106655/E já estava baixado. Processo ignorado.","service":"btg-baixa-titulos-service","situacao":"BAIXADO","timestamp":"2026-06-03T12:15:25.435Z"}
{"level":"info","message":"🔎 Processando título 106709/A","service":"btg-baixa-titulos-service","timestamp":"2026-06-03T12:15:25.443Z"}
{"level":"info","message":"🌐 Millennium request: GET /MILLENIUM!JOIN_ONEUP.LANCAMENTOS.CONSULTALANCAMENTOS?cnpj=00.768.271%2F0001-91&n_documento=106709%2FA","service":"btg-baixa-titulos-service","timestamp":"2026-06-03T12:15:25.443Z"}
{"lancamento":1434803743,"level":"info","message":"ℹ️ Título 106709/A já estava baixado. Processo ignorado.","service":"btg-baixa-titulos-service","situacao":"BAIXADO","timestamp":"2026-06-03T12:15:25.460Z"}
{"level":"info","message":"🔎 Processando título 106655/D","service":"btg-baixa-titulos-service","timestamp":"2026-06-03T12:15:25.467Z"}
{"level":"info","message":"🌐 Millennium request: GET /MILLENIUM!JOIN_ONEUP.LANCAMENTOS.CONSULTALANCAMENTOS?cnpj=73.652.158%2F0001-10&n_documento=106655%2FD","service":"btg-baixa-titulos-service","timestamp":"2026-06-03T12:15:25.467Z"}
{"lancamento":1434803558,"level":"info","message":"ℹ️ Título 106655/D já estava baixado. Processo ignorado.","service":"btg-baixa-titulos-service","situacao":"BAIXADO","timestamp":"2026-06-03T12:15:25.481Z"}
{"level":"info","message":"🔎 Processando título 106655/C","service":"btg-baixa-titulos-service","timestamp":"2026-06-03T12:15:25.487Z"}
{"level":"info","message":"🌐 Millennium request: GET /MILLENIUM!JOIN_ONEUP.LANCAMENTOS.CONSULTALANCAMENTOS?cnpj=73.652.158%2F0001-10&n_documento=106655%2FC","service":"btg-baixa-titulos-service","timestamp":"2026-06-03T12:15:25.487Z"}
{"lancamento":1434803557,"level":"info","message":"ℹ️ Título 106655/C já estava baixado. Processo ignorado.","service":"btg-baixa-titulos-service","situacao":"BAIXADO","timestamp":"2026-06-03T12:15:25.501Z"}
{"level":"info","message":"🔎 Processando título 106655/B","service":"btg-baixa-titulos-service","timestamp":"2026-06-03T12:15:25.507Z"}
{"level":"info","message":"🌐 Millennium request: GET /MILLENIUM!JOIN_ONEUP.LANCAMENTOS.CONSULTALANCAMENTOS?cnpj=73.652.158%2F0001-10&n_documento=106655%2FB","service":"btg-baixa-titulos-service","timestamp":"2026-06-03T12:15:25.507Z"}
{"lancamento":1434803556,"level":"info","message":"ℹ️ Título 106655/B já estava baixado. Processo ignorado.","service":"btg-baixa-titulos-service","situacao":"BAIXADO","timestamp":"2026-06-03T12:15:25.522Z"}
{"level":"info","message":"🔎 Processando título 106655/A","service":"btg-baixa-titulos-service","timestamp":"2026-06-03T12:15:25.530Z"}
{"level":"info","message":"🌐 Millennium request: GET /MILLENIUM!JOIN_ONEUP.LANCAMENTOS.CONSULTALANCAMENTOS?cnpj=73.652.158%2F0001-10&n_documento=106655%2FA","service":"btg-baixa-titulos-service","timestamp":"2026-06-03T12:15:25.530Z"}
{"lancamento":1434803555,"level":"info","message":"ℹ️ Título 106655/A já estava baixado. Processo ignorado.","service":"btg-baixa-titulos-service","situacao":"BAIXADO","timestamp":"2026-06-03T12:15:25.543Z"}
{"level":"info","message":"🔎 Processando título 106702/D","service":"btg-baixa-titulos-service","timestamp":"2026-06-03T12:15:25.548Z"}
{"level":"info","message":"🌐 Millennium request: GET /MILLENIUM!JOIN_ONEUP.LANCAMENTOS.CONSULTALANCAMENTOS?cnpj=57.408.548%2F0001-92&n_documento=106702%2FD","service":"btg-baixa-titulos-service","timestamp":"2026-06-03T12:15:25.548Z"}
{"lancamento":1434803693,"level":"info","message":"ℹ️ Título 106702/D já estava baixado. Processo ignorado.","service":"btg-baixa-titulos-service","situacao":"BAIXADO","timestamp":"2026-06-03T12:15:25.563Z"}
{"level":"info","message":"🔎 Processando título 106702/C","service":"btg-baixa-titulos-service","timestamp":"2026-06-03T12:15:25.568Z"}
{"level":"info","message":"🌐 Millennium request: GET /MILLENIUM!JOIN_ONEUP.LANCAMENTOS.CONSULTALANCAMENTOS?cnpj=57.408.548%2F0001-92&n_documento=106702%2FC","service":"btg-baixa-titulos-service","timestamp":"2026-06-03T12:15:25.568Z"}
{"lancamento":1434803692,"level":"info","message":"ℹ️ Título 106702/C já estava baixado. Processo ignorado.","service":"btg-baixa-titulos-service","situacao":"BAIXADO","timestamp":"2026-06-03T12:15:25.582Z"}
{"level":"info","message":"🔎 Processando título 106702/B","service":"btg-baixa-titulos-service","timestamp":"2026-06-03T12:15:25.587Z"}
{"level":"info","message":"🌐 Millennium request: GET /MILLENIUM!JOIN_ONEUP.LANCAMENTOS.CONSULTALANCAMENTOS?cnpj=57.408.548%2F0001-92&n_documento=106702%2FB","service":"btg-baixa-titulos-service","timestamp":"2026-06-03T12:15:25.587Z"}
{"lancamento":1434803691,"level":"info","message":"ℹ️ Título 106702/B já estava baixado. Processo ignorado.","service":"btg-baixa-titulos-service","situacao":"BAIXADO","timestamp":"2026-06-03T12:15:25.602Z"}
{"level":"info","message":"🔎 Processando título 106654/C","service":"btg-baixa-titulos-service","timestamp":"2026-06-03T12:15:25.607Z"}
{"level":"info","message":"🌐 Millennium request: GET /MILLENIUM!JOIN_ONEUP.LANCAMENTOS.CONSULTALANCAMENTOS?cnpj=57.408.548%2F0001-92&n_documento=106654%2FC","service":"btg-baixa-titulos-service","timestamp":"2026-06-03T12:15:25.607Z"}
{"lancamento":1434803553,"level":"info","message":"ℹ️ Título 106654/C já estava baixado. Processo ignorado.","service":"btg-baixa-titulos-service","situacao":"BAIXADO","timestamp":"2026-06-03T12:15:25.622Z"}
{"level":"info","message":"🔎 Processando título 106654/D","service":"btg-baixa-titulos-service","timestamp":"2026-06-03T12:15:25.627Z"}
{"level":"info","message":"🌐 Millennium request: GET /MILLENIUM!JOIN_ONEUP.LANCAMENTOS.CONSULTALANCAMENTOS?cnpj=57.408.548%2F0001-92&n_documento=106654%2FD","service":"btg-baixa-titulos-service","timestamp":"2026-06-03T12:15:25.627Z"}
{"lancamento":1434803554,"level":"info","message":"ℹ️ Título 106654/D já estava baixado. Processo ignorado.","service":"btg-baixa-titulos-service","situacao":"BAIXADO","timestamp":"2026-06-03T12:15:25.642Z"}
{"level":"info","message":"🔎 Processando título 106702/A","service":"btg-baixa-titulos-service","timestamp":"2026-06-03T12:15:25.647Z"}
{"level":"info","message":"🌐 Millennium request: GET /MILLENIUM!JOIN_ONEUP.LANCAMENTOS.CONSULTALANCAMENTOS?cnpj=57.408.548%2F0001-92&n_documento=106702%2FA","service":"btg-baixa-titulos-service","timestamp":"2026-06-03T12:15:25.647Z"}
{"lancamento":1434803690,"level":"info","message":"ℹ️ Título 106702/A já estava baixado. Processo ignorado.","service":"btg-baixa-titulos-service","situacao":"BAIXADO","timestamp":"2026-06-03T12:15:25.660Z"}
{"level":"info","message":"🔎 Processando título 106654/B","service":"btg-baixa-titulos-service","timestamp":"2026-06-03T12:15:25.665Z"}
{"level":"info","message":"🌐 Millennium request: GET /MILLENIUM!JOIN_ONEUP.LANCAMENTOS.CONSULTALANCAMENTOS?cnpj=57.408.548%2F0001-92&n_documento=106654%2FB","service":"btg-baixa-titulos-service","timestamp":"2026-06-03T12:15:25.665Z"}
{"lancamento":1434803552,"level":"info","message":"ℹ️ Título 106654/B já estava baixado. Processo ignorado.","service":"btg-baixa-titulos-service","situacao":"BAIXADO","timestamp":"2026-06-03T12:15:25.687Z"}
{"level":"info","message":"🔎 Processando título 106654/A","service":"btg-baixa-titulos-service","timestamp":"2026-06-03T12:15:25.693Z"}
{"level":"info","message":"🌐 Millennium request: GET /MILLENIUM!JOIN_ONEUP.LANCAMENTOS.CONSULTALANCAMENTOS?cnpj=57.408.548%2F0001-92&n_documento=106654%2FA","service":"btg-baixa-titulos-service","timestamp":"2026-06-03T12:15:25.693Z"}
{"lancamento":1434803551,"level":"info","message":"ℹ️ Título 106654/A já estava baixado. Processo ignorado.","service":"btg-baixa-titulos-service","situacao":"BAIXADO","timestamp":"2026-06-03T12:15:25.706Z"}
{"level":"info","message":"🔎 Processando título 108304/B","service":"btg-baixa-titulos-service","timestamp":"2026-06-03T12:15:25.711Z"}
{"level":"info","message":"🌐 Millennium request: GET /MILLENIUM!JOIN_ONEUP.LANCAMENTOS.CONSULTALANCAMENTOS?cnpj=07.409.302%2F0001-67&n_documento=108304%2FB","service":"btg-baixa-titulos-service","timestamp":"2026-06-03T12:15:25.711Z"}
{"lancamento":1434850213,"level":"info","message":"ℹ️ Título 108304/B já estava baixado. Processo ignorado.","service":"btg-baixa-titulos-service","situacao":"BAIXADO","timestamp":"2026-06-03T12:15:25.725Z"}
{"level":"info","message":"🔎 Processando título 108224/B","service":"btg-baixa-titulos-service","timestamp":"2026-06-03T12:15:25.731Z"}
{"level":"info","message":"🌐 Millennium request: GET /MILLENIUM!JOIN_ONEUP.LANCAMENTOS.CONSULTALANCAMENTOS?cnpj=50.649.490%2F0001-20&n_documento=108224%2FB","service":"btg-baixa-titulos-service","timestamp":"2026-06-03T12:15:25.731Z"}
{"lancamento":1434849892,"level":"info","message":"ℹ️ Título 108224/B já estava baixado. Processo ignorado.","service":"btg-baixa-titulos-service","situacao":"BAIXADO","timestamp":"2026-06-03T12:15:25.744Z"}
{"level":"info","message":"🔎 Processando título 108226/B","service":"btg-baixa-titulos-service","timestamp":"2026-06-03T12:15:25.749Z"}
{"level":"info","message":"🌐 Millennium request: GET /MILLENIUM!JOIN_ONEUP.LANCAMENTOS.CONSULTALANCAMENTOS?cnpj=50.649.490%2F0001-20&n_documento=108226%2FB","service":"btg-baixa-titulos-service","timestamp":"2026-06-03T12:15:25.749Z"}
{"lancamento":1434849908,"level":"info","message":"ℹ️ Título 108226/B já estava baixado. Processo ignorado.","service":"btg-baixa-titulos-service","situacao":"BAIXADO","timestamp":"2026-06-03T12:15:25.764Z"}
{"level":"info","message":"🔎 Processando título 108225/B","service":"btg-baixa-titulos-service","timestamp":"2026-06-03T12:15:25.769Z"}
{"level":"info","message":"🌐 Millennium request: GET /MILLENIUM!JOIN_ONEUP.LANCAMENTOS.CONSULTALANCAMENTOS?cnpj=50.649.490%2F0001-20&n_documento=108225%2FB","service":"btg-baixa-titulos-service","timestamp":"2026-06-03T12:15:25.769Z"}
{"lancamento":1434849895,"level":"info","message":"ℹ️ Título 108225/B já estava baixado. Processo ignorado.","service":"btg-baixa-titulos-service","situacao":"BAIXADO","timestamp":"2026-06-03T12:15:25.933Z"}
{"level":"info","message":"🔎 Processando título 108222/B","service":"btg-baixa-titulos-service","timestamp":"2026-06-03T12:15:25.944Z"}
{"level":"info","message":"🌐 Millennium request: GET /MILLENIUM!JOIN_ONEUP.LANCAMENTOS.CONSULTALANCAMENTOS?cnpj=50.649.490%2F0001-20&n_documento=108222%2FB","service":"btg-baixa-titulos-service","timestamp":"2026-06-03T12:15:25.944Z"}
{"lancamento":1434849889,"level":"info","message":"ℹ️ Título 108222/B já estava baixado. Processo ignorado.","service":"btg-baixa-titulos-service","situacao":"BAIXADO","timestamp":"2026-06-03T12:15:25.960Z"}
{"level":"info","message":"🔎 Processando título 108221/B","service":"btg-baixa-titulos-service","timestamp":"2026-06-03T12:15:25.968Z"}
{"level":"info","message":"🌐 Millennium request: GET /MILLENIUM!JOIN_ONEUP.LANCAMENTOS.CONSULTALANCAMENTOS?cnpj=50.649.490%2F0001-20&n_documento=108221%2FB","service":"btg-baixa-titulos-service","timestamp":"2026-06-03T12:15:25.968Z"}
{"lancamento":1434849886,"level":"info","message":"ℹ️ Título 108221/B já estava baixado. Processo ignorado.","service":"btg-baixa-titulos-service","situacao":"BAIXADO","timestamp":"2026-06-03T12:15:25.986Z"}
{"level":"info","message":"🔎 Processando título 108219/B","service":"btg-baixa-titulos-service","timestamp":"2026-06-03T12:15:25.995Z"}
{"level":"info","message":"🌐 Millennium request: GET /MILLENIUM!JOIN_ONEUP.LANCAMENTOS.CONSULTALANCAMENTOS?cnpj=50.649.490%2F0001-20&n_documento=108219%2FB","service":"btg-baixa-titulos-service","timestamp":"2026-06-03T12:15:25.995Z"}
{"lancamento":1434849878,"level":"info","message":"ℹ️ Título 108219/B já estava baixado. Processo ignorado.","service":"btg-baixa-titulos-service","situacao":"BAIXADO","timestamp":"2026-06-03T12:15:26.011Z"}
{"level":"info","message":"🔎 Processando título 108157/B","service":"btg-baixa-titulos-service","timestamp":"2026-06-03T12:15:26.016Z"}
{"level":"info","message":"🌐 Millennium request: GET /MILLENIUM!JOIN_ONEUP.LANCAMENTOS.CONSULTALANCAMENTOS?cnpj=03.294.992%2F0001-03&n_documento=108157%2FB","service":"btg-baixa-titulos-service","timestamp":"2026-06-03T12:15:26.016Z"}
{"lancamento":1434849582,"level":"info","message":"ℹ️ Título 108157/B já estava baixado. Processo ignorado.","service":"btg-baixa-titulos-service","situacao":"BAIXADO","timestamp":"2026-06-03T12:15:26.031Z"}
{"level":"info","message":"🔎 Processando título 108021/B","service":"btg-baixa-titulos-service","timestamp":"2026-06-03T12:15:26.035Z"}
{"level":"info","message":"🌐 Millennium request: GET /MILLENIUM!JOIN_ONEUP.LANCAMENTOS.CONSULTALANCAMENTOS?cnpj=07.030.508%2F0001-81&n_documento=108021%2FB","service":"btg-baixa-titulos-service","timestamp":"2026-06-03T12:15:26.035Z"}
{"lancamento":1434848940,"level":"info","message":"ℹ️ Título 108021/B já estava baixado. Processo ignorado.","service":"btg-baixa-titulos-service","situacao":"BAIXADO","timestamp":"2026-06-03T12:15:26.051Z"}
{"level":"info","message":"🔎 Processando título 108156/B","service":"btg-baixa-titulos-service","timestamp":"2026-06-03T12:15:26.055Z"}
{"level":"info","message":"🌐 Millennium request: GET /MILLENIUM!JOIN_ONEUP.LANCAMENTOS.CONSULTALANCAMENTOS?cnpj=57.408.548%2F0001-92&n_documento=108156%2FB","service":"btg-baixa-titulos-service","timestamp":"2026-06-03T12:15:26.055Z"}
{"lancamento":1434849578,"level":"info","message":"ℹ️ Título 108156/B já estava baixado. Processo ignorado.","service":"btg-baixa-titulos-service","situacao":"BAIXADO","timestamp":"2026-06-03T12:15:26.071Z"}
{"level":"info","message":"🔎 Processando título 108020/B","service":"btg-baixa-titulos-service","timestamp":"2026-06-03T12:15:26.076Z"}
{"level":"info","message":"🌐 Millennium request: GET /MILLENIUM!JOIN_ONEUP.LANCAMENTOS.CONSULTALANCAMENTOS?cnpj=57.408.548%2F0001-92&n_documento=108020%2FB","service":"btg-baixa-titulos-service","timestamp":"2026-06-03T12:15:26.076Z"}
{"lancamento":1434848919,"level":"info","message":"ℹ️ Título 108020/B já estava baixado. Processo ignorado.","service":"btg-baixa-titulos-service","situacao":"BAIXADO","timestamp":"2026-06-03T12:15:26.094Z"}
{"level":"info","message":"🔎 Processando título 107660/B","service":"btg-baixa-titulos-service","timestamp":"2026-06-03T12:15:26.100Z"}
{"level":"info","message":"🌐 Millennium request: GET /MILLENIUM!JOIN_ONEUP.LANCAMENTOS.CONSULTALANCAMENTOS?cnpj=57.408.548%2F0001-92&n_documento=107660%2FB","service":"btg-baixa-titulos-service","timestamp":"2026-06-03T12:15:26.100Z"}
{"lancamento":1434808276,"level":"info","message":"ℹ️ Título 107660/B já estava baixado. Processo ignorado.","service":"btg-baixa-titulos-service","situacao":"BAIXADO","timestamp":"2026-06-03T12:15:26.115Z"}
{"level":"info","message":"🔎 Processando título 108317/B","service":"btg-baixa-titulos-service","timestamp":"2026-06-03T12:15:26.121Z"}
{"level":"info","message":"🌐 Millennium request: GET /MILLENIUM!JOIN_ONEUP.LANCAMENTOS.CONSULTALANCAMENTOS?cnpj=03.294.992%2F0001-03&n_documento=108317%2FB","service":"btg-baixa-titulos-service","timestamp":"2026-06-03T12:15:26.121Z"}
{"lancamento":1434850304,"level":"info","message":"ℹ️ Título 108317/B já estava baixado. Processo ignorado.","service":"btg-baixa-titulos-service","situacao":"BAIXADO","timestamp":"2026-06-03T12:15:26.136Z"}
{"level":"info","message":"🔎 Processando título 108331/A","service":"btg-baixa-titulos-service","timestamp":"2026-06-03T12:15:26.141Z"}
{"level":"info","message":"🌐 Millennium request: GET /MILLENIUM!JOIN_ONEUP.LANCAMENTOS.CONSULTALANCAMENTOS?cnpj=47.485.403%2F0001-31&n_documento=108331%2FA","service":"btg-baixa-titulos-service","timestamp":"2026-06-03T12:15:26.141Z"}
{"lancamento":1434850368,"level":"info","message":"ℹ️ Título 108331/A já estava baixado. Processo ignorado.","service":"btg-baixa-titulos-service","situacao":"BAIXADO","timestamp":"2026-06-03T12:15:26.155Z"}
{"level":"info","message":"🔎 Processando título 107627/B","service":"btg-baixa-titulos-service","timestamp":"2026-06-03T12:15:26.160Z"}
{"level":"info","message":"🌐 Millennium request: GET /MILLENIUM!JOIN_ONEUP.LANCAMENTOS.CONSULTALANCAMENTOS?cnpj=57.408.548%2F0001-92&n_documento=107627%2FB","service":"btg-baixa-titulos-service","timestamp":"2026-06-03T12:15:26.160Z"}
{"lancamento":1434808245,"level":"info","message":"ℹ️ Título 107627/B já estava baixado. Processo ignorado.","service":"btg-baixa-titulos-service","situacao":"BAIXADO","timestamp":"2026-06-03T12:15:26.175Z"}
{"level":"info","message":"🔎 Processando título 108327/A","service":"btg-baixa-titulos-service","timestamp":"2026-06-03T12:15:26.180Z"}
{"level":"info","message":"🌐 Millennium request: GET /MILLENIUM!JOIN_ONEUP.LANCAMENTOS.CONSULTALANCAMENTOS?cnpj=73.652.158%2F0001-10&n_documento=108327%2FA","service":"btg-baixa-titulos-service","timestamp":"2026-06-03T12:15:26.180Z"}
{"lancamento":1434850355,"level":"info","message":"ℹ️ Título 108327/A já estava baixado. Processo ignorado.","service":"btg-baixa-titulos-service","situacao":"BAIXADO","timestamp":"2026-06-03T12:15:26.197Z"}
{"level":"info","message":"🔎 Processando título 108328/A","service":"btg-baixa-titulos-service","timestamp":"2026-06-03T12:15:26.203Z"}
{"level":"info","message":"🌐 Millennium request: GET /MILLENIUM!JOIN_ONEUP.LANCAMENTOS.CONSULTALANCAMENTOS?cnpj=59.205.187%2F0001-02&n_documento=108328%2FA","service":"btg-baixa-titulos-service","timestamp":"2026-06-03T12:15:26.203Z"}
{"lancamento":1434850361,"level":"info","message":"ℹ️ Título 108328/A já estava baixado. Processo ignorado.","service":"btg-baixa-titulos-service","situacao":"BAIXADO","timestamp":"2026-06-03T12:15:26.219Z"}
{"level":"info","message":"🔎 Processando título 108324/A","service":"btg-baixa-titulos-service","timestamp":"2026-06-03T12:15:26.225Z"}
{"level":"info","message":"🌐 Millennium request: GET /MILLENIUM!JOIN_ONEUP.LANCAMENTOS.CONSULTALANCAMENTOS?cnpj=47.485.403%2F0001-31&n_documento=108324%2FA","service":"btg-baixa-titulos-service","timestamp":"2026-06-03T12:15:26.225Z"}
{"lancamento":1434850349,"level":"info","message":"ℹ️ Título 108324/A já estava baixado. Processo ignorado.","service":"btg-baixa-titulos-service","situacao":"BAIXADO","timestamp":"2026-06-03T12:15:26.244Z"}
{"level":"info","message":"🔎 Processando título 108326/A","service":"btg-baixa-titulos-service","timestamp":"2026-06-03T12:15:26.249Z"}
{"level":"info","message":"🌐 Millennium request: GET /MILLENIUM!JOIN_ONEUP.LANCAMENTOS.CONSULTALANCAMENTOS?cnpj=96.609.490%2F0001-05&n_documento=108326%2FA","service":"btg-baixa-titulos-service","timestamp":"2026-06-03T12:15:26.249Z"}
{"lancamento":1434850352,"level":"info","message":"ℹ️ Título 108326/A já estava baixado. Processo ignorado.","service":"btg-baixa-titulos-service","situacao":"BAIXADO","timestamp":"2026-06-03T12:15:26.273Z"}
{"level":"info","message":"🔎 Processando título 108322/A","service":"btg-baixa-titulos-service","timestamp":"2026-06-03T12:15:26.279Z"}
{"level":"info","message":"🌐 Millennium request: GET /MILLENIUM!JOIN_ONEUP.LANCAMENTOS.CONSULTALANCAMENTOS?cnpj=47.485.403%2F0001-31&n_documento=108322%2FA","service":"btg-baixa-titulos-service","timestamp":"2026-06-03T12:15:26.279Z"}
{"lancamento":1434850335,"level":"info","message":"ℹ️ Título 108322/A já estava baixado. Processo ignorado.","service":"btg-baixa-titulos-service","situacao":"BAIXADO","timestamp":"2026-06-03T12:15:26.300Z"}
{"level":"info","message":"🔎 Processando título 108323/A","service":"btg-baixa-titulos-service","timestamp":"2026-06-03T12:15:26.306Z"}
{"level":"info","message":"🌐 Millennium request: GET /MILLENIUM!JOIN_ONEUP.LANCAMENTOS.CONSULTALANCAMENTOS?cnpj=47.485.403%2F0001-31&n_documento=108323%2FA","service":"btg-baixa-titulos-service","timestamp":"2026-06-03T12:15:26.306Z"}
{"lancamento":1434850340,"level":"info","message":"ℹ️ Título 108323/A já estava baixado. Processo ignorado.","service":"btg-baixa-titulos-service","situacao":"BAIXADO","timestamp":"2026-06-03T12:15:26.322Z"}
{"level":"info","message":"🔎 Processando título 108321/A","service":"btg-baixa-titulos-service","timestamp":"2026-06-03T12:15:26.331Z"}
{"level":"info","message":"🌐 Millennium request: GET /MILLENIUM!JOIN_ONEUP.LANCAMENTOS.CONSULTALANCAMENTOS?cnpj=47.485.403%2F0001-31&n_documento=108321%2FA","service":"btg-baixa-titulos-service","timestamp":"2026-06-03T12:15:26.331Z"}
{"lancamento":1434850331,"level":"info","message":"ℹ️ Título 108321/A já estava baixado. Processo ignorado.","service":"btg-baixa-titulos-service","situacao":"BAIXADO","timestamp":"2026-06-03T12:15:26.347Z"}
{"level":"info","message":"🔎 Processando título 108318/A","service":"btg-baixa-titulos-service","timestamp":"2026-06-03T12:15:26.353Z"}
{"level":"info","message":"🌐 Millennium request: GET /MILLENIUM!JOIN_ONEUP.LANCAMENTOS.CONSULTALANCAMENTOS?cnpj=50.649.490%2F0001-20&n_documento=108318%2FA","service":"btg-baixa-titulos-service","timestamp":"2026-06-03T12:15:26.353Z"}
{"lancamento":1434850322,"level":"info","message":"ℹ️ Título 108318/A já estava baixado. Processo ignorado.","service":"btg-baixa-titulos-service","situacao":"BAIXADO","timestamp":"2026-06-03T12:15:26.365Z"}
{"level":"info","message":"🔎 Processando título 108320/A","service":"btg-baixa-titulos-service","timestamp":"2026-06-03T12:15:26.368Z"}
{"level":"info","message":"🌐 Millennium request: GET /MILLENIUM!JOIN_ONEUP.LANCAMENTOS.CONSULTALANCAMENTOS?cnpj=47.485.403%2F0001-31&n_documento=108320%2FA","service":"btg-baixa-titulos-service","timestamp":"2026-06-03T12:15:26.368Z"}
{"lancamento":1434850326,"level":"info","message":"ℹ️ Título 108320/A já estava baixado. Processo ignorado.","service":"btg-baixa-titulos-service","situacao":"BAIXADO","timestamp":"2026-06-03T12:15:26.466Z"}
{"level":"info","message":"🔎 Processando título 108317/A","service":"btg-baixa-titulos-service","timestamp":"2026-06-03T12:15:26.473Z"}
{"level":"info","message":"🌐 Millennium request: GET /MILLENIUM!JOIN_ONEUP.LANCAMENTOS.CONSULTALANCAMENTOS?cnpj=03.294.992%2F0001-03&n_documento=108317%2FA","service":"btg-baixa-titulos-service","timestamp":"2026-06-03T12:15:26.473Z"}
{"lancamento":1434850303,"level":"info","message":"ℹ️ Título 108317/A já estava baixado. Processo ignorado.","service":"btg-baixa-titulos-service","situacao":"BAIXADO","timestamp":"2026-06-03T12:15:26.487Z"}
{"level":"info","message":"🔎 Processando título 108315/A","service":"btg-baixa-titulos-service","timestamp":"2026-06-03T12:15:26.493Z"}
{"level":"info","message":"🌐 Millennium request: GET /MILLENIUM!JOIN_ONEUP.LANCAMENTOS.CONSULTALANCAMENTOS?cnpj=06.181.589%2F0001-58&n_documento=108315%2FA","service":"btg-baixa-titulos-service","timestamp":"2026-06-03T12:15:26.493Z"}
{"lancamento":1434850296,"level":"info","message":"ℹ️ Título 108315/A já estava baixado. Processo ignorado.","service":"btg-baixa-titulos-service","situacao":"BAIXADO","timestamp":"2026-06-03T12:15:26.508Z"}
{"level":"info","message":"🔎 Processando título 108306/A","service":"btg-baixa-titulos-service","timestamp":"2026-06-03T12:15:26.513Z"}
{"level":"info","message":"🌐 Millennium request: GET /MILLENIUM!JOIN_ONEUP.LANCAMENTOS.CONSULTALANCAMENTOS?cnpj=00.768.271%2F0001-91&n_documento=108306%2FA","service":"btg-baixa-titulos-service","timestamp":"2026-06-03T12:15:26.513Z"}
{"lancamento":1434850217,"level":"info","message":"ℹ️ Título 108306/A já estava baixado. Processo ignorado.","service":"btg-baixa-titulos-service","situacao":"BAIXADO","timestamp":"2026-06-03T12:15:26.529Z"}
{"level":"info","message":"🔎 Processando título 108310/A","service":"btg-baixa-titulos-service","timestamp":"2026-06-03T12:15:26.535Z"}
{"level":"info","message":"🌐 Millennium request: GET /MILLENIUM!JOIN_ONEUP.LANCAMENTOS.CONSULTALANCAMENTOS?cnpj=03.247.651%2F0001-79&n_documento=108310%2FA","service":"btg-baixa-titulos-service","timestamp":"2026-06-03T12:15:26.535Z"}
{"lancamento":1434850284,"level":"info","message":"ℹ️ Título 108310/A já estava baixado. Processo ignorado.","service":"btg-baixa-titulos-service","situacao":"BAIXADO","timestamp":"2026-06-03T12:15:26.550Z"}
{"level":"info","message":"🔎 Processando título 108313/A","service":"btg-baixa-titulos-service","timestamp":"2026-06-03T12:15:26.555Z"}
{"level":"info","message":"🌐 Millennium request: GET /MILLENIUM!JOIN_ONEUP.LANCAMENTOS.CONSULTALANCAMENTOS?cnpj=22.031.998%2F0001-24&n_documento=108313%2FA","service":"btg-baixa-titulos-service","timestamp":"2026-06-03T12:15:26.555Z"}
{"lancamento":1434850289,"level":"info","message":"ℹ️ Título 108313/A já estava baixado. Processo ignorado.","service":"btg-baixa-titulos-service","situacao":"BAIXADO","timestamp":"2026-06-03T12:15:26.567Z"}
{"level":"info","message":"🔎 Processando título 108304/A","service":"btg-baixa-titulos-service","timestamp":"2026-06-03T12:15:26.572Z"}
{"level":"info","message":"🌐 Millennium request: GET /MILLENIUM!JOIN_ONEUP.LANCAMENTOS.CONSULTALANCAMENTOS?cnpj=07.409.302%2F0001-67&n_documento=108304%2FA","service":"btg-baixa-titulos-service","timestamp":"2026-06-03T12:15:26.572Z"}
{"lancamento":1434850212,"level":"info","message":"ℹ️ Título 108304/A já estava baixado. Processo ignorado.","service":"btg-baixa-titulos-service","situacao":"BAIXADO","timestamp":"2026-06-03T12:15:26.585Z"}
{"level":"info","message":"🔎 Processando título 108226/A","service":"btg-baixa-titulos-service","timestamp":"2026-06-03T12:15:26.590Z"}
{"level":"info","message":"🌐 Millennium request: GET /MILLENIUM!JOIN_ONEUP.LANCAMENTOS.CONSULTALANCAMENTOS?cnpj=50.649.490%2F0001-20&n_documento=108226%2FA","service":"btg-baixa-titulos-service","timestamp":"2026-06-03T12:15:26.590Z"}
{"lancamento":1434849907,"level":"info","message":"ℹ️ Título 108226/A já estava baixado. Processo ignorado.","service":"btg-baixa-titulos-service","situacao":"BAIXADO","timestamp":"2026-06-03T12:15:26.603Z"}
{"level":"info","message":"🔎 Processando título 108252/A","service":"btg-baixa-titulos-service","timestamp":"2026-06-03T12:15:26.609Z"}
{"level":"info","message":"🌐 Millennium request: GET /MILLENIUM!JOIN_ONEUP.LANCAMENTOS.CONSULTALANCAMENTOS?cnpj=44.999.259%2F0001-63&n_documento=108252%2FA","service":"btg-baixa-titulos-service","timestamp":"2026-06-03T12:15:26.609Z"}
{"lancamento":1434850042,"level":"info","message":"ℹ️ Título 108252/A já estava baixado. Processo ignorado.","service":"btg-baixa-titulos-service","situacao":"BAIXADO","timestamp":"2026-06-03T12:15:26.622Z"}
{"level":"info","message":"🔎 Processando título 108253/A","service":"btg-baixa-titulos-service","timestamp":"2026-06-03T12:15:26.627Z"}
{"level":"info","message":"🌐 Millennium request: GET /MILLENIUM!JOIN_ONEUP.LANCAMENTOS.CONSULTALANCAMENTOS?cnpj=57.408.548%2F0001-92&n_documento=108253%2FA","service":"btg-baixa-titulos-service","timestamp":"2026-06-03T12:15:26.627Z"}
{"lancamento":1434850047,"level":"info","message":"ℹ️ Título 108253/A já estava baixado. Processo ignorado.","service":"btg-baixa-titulos-service","situacao":"BAIXADO","timestamp":"2026-06-03T12:15:26.642Z"}
{"level":"info","message":"🔎 Processando título 108225/A","service":"btg-baixa-titulos-service","timestamp":"2026-06-03T12:15:26.647Z"}
{"level":"info","message":"🌐 Millennium request: GET /MILLENIUM!JOIN_ONEUP.LANCAMENTOS.CONSULTALANCAMENTOS?cnpj=50.649.490%2F0001-20&n_documento=108225%2FA","service":"btg-baixa-titulos-service","timestamp":"2026-06-03T12:15:26.647Z"}
{"lancamento":1434849894,"level":"info","message":"ℹ️ Título 108225/A já estava baixado. Processo ignorado.","service":"btg-baixa-titulos-service","situacao":"BAIXADO","timestamp":"2026-06-03T12:15:26.662Z"}
{"level":"info","message":"🔎 Processando título 108224/A","service":"btg-baixa-titulos-service","timestamp":"2026-06-03T12:15:26.667Z"}
{"level":"info","message":"🌐 Millennium request: GET /MILLENIUM!JOIN_ONEUP.LANCAMENTOS.CONSULTALANCAMENTOS?cnpj=50.649.490%2F0001-20&n_documento=108224%2FA","service":"btg-baixa-titulos-service","timestamp":"2026-06-03T12:15:26.667Z"}
{"lancamento":1434849891,"level":"info","message":"ℹ️ Título 108224/A já estava baixado. Processo ignorado.","service":"btg-baixa-titulos-service","situacao":"BAIXADO","timestamp":"2026-06-03T12:15:26.681Z"}
{"level":"info","message":"🔎 Processando título 108221/A","service":"btg-baixa-titulos-service","timestamp":"2026-06-03T12:15:26.688Z"}
{"level":"info","message":"🌐 Millennium request: GET /MILLENIUM!JOIN_ONEUP.LANCAMENTOS.CONSULTALANCAMENTOS?cnpj=50.649.490%2F0001-20&n_documento=108221%2FA","service":"btg-baixa-titulos-service","timestamp":"2026-06-03T12:15:26.688Z"}
{"lancamento":1434849885,"level":"info","message":"ℹ️ Título 108221/A já estava baixado. Processo ignorado.","service":"btg-baixa-titulos-service","situacao":"BAIXADO","timestamp":"2026-06-03T12:15:26.708Z"}
{"level":"info","message":"🔎 Processando título 108222/A","service":"btg-baixa-titulos-service","timestamp":"2026-06-03T12:15:26.714Z"}
{"level":"info","message":"🌐 Millennium request: GET /MILLENIUM!JOIN_ONEUP.LANCAMENTOS.CONSULTALANCAMENTOS?cnpj=50.649.490%2F0001-20&n_documento=108222%2FA","service":"btg-baixa-titulos-service","timestamp":"2026-06-03T12:15:26.714Z"}
{"lancamento":1434849888,"level":"info","message":"ℹ️ Título 108222/A já estava baixado. Processo ignorado.","service":"btg-baixa-titulos-service","situacao":"BAIXADO","timestamp":"2026-06-03T12:15:26.730Z"}
{"level":"info","message":"🔎 Processando título 108157/A","service":"btg-baixa-titulos-service","timestamp":"2026-06-03T12:15:26.735Z"}
{"level":"info","message":"🌐 Millennium request: GET /MILLENIUM!JOIN_ONEUP.LANCAMENTOS.CONSULTALANCAMENTOS?cnpj=03.294.992%2F0001-03&n_documento=108157%2FA","service":"btg-baixa-titulos-service","timestamp":"2026-06-03T12:15:26.735Z"}
{"lancamento":1434849581,"level":"info","message":"ℹ️ Título 108157/A já estava baixado. Processo ignorado.","service":"btg-baixa-titulos-service","situacao":"BAIXADO","timestamp":"2026-06-03T12:15:26.749Z"}
{"level":"info","message":"🔎 Processando título 108219/A","service":"btg-baixa-titulos-service","timestamp":"2026-06-03T12:15:26.755Z"}
{"level":"info","message":"🌐 Millennium request: GET /MILLENIUM!JOIN_ONEUP.LANCAMENTOS.CONSULTALANCAMENTOS?cnpj=50.649.490%2F0001-20&n_documento=108219%2FA","service":"btg-baixa-titulos-service","timestamp":"2026-06-03T12:15:26.755Z"}
{"lancamento":1434849877,"level":"info","message":"ℹ️ Título 108219/A já estava baixado. Processo ignorado.","service":"btg-baixa-titulos-service","situacao":"BAIXADO","timestamp":"2026-06-03T12:15:26.768Z"}
{"level":"info","message":"🔎 Processando título 108156/A","service":"btg-baixa-titulos-service","timestamp":"2026-06-03T12:15:26.773Z"}
{"level":"info","message":"🌐 Millennium request: GET /MILLENIUM!JOIN_ONEUP.LANCAMENTOS.CONSULTALANCAMENTOS?cnpj=57.408.548%2F0001-92&n_documento=108156%2FA","service":"btg-baixa-titulos-service","timestamp":"2026-06-03T12:15:26.773Z"}
{"lancamento":1434849577,"level":"info","message":"ℹ️ Título 108156/A já estava baixado. Processo ignorado.","service":"btg-baixa-titulos-service","situacao":"BAIXADO","timestamp":"2026-06-03T12:15:26.785Z"}
{"level":"info","message":"🔎 Processando título 108020/A","service":"btg-baixa-titulos-service","timestamp":"2026-06-03T12:15:26.791Z"}
{"level":"info","message":"🌐 Millennium request: GET /MILLENIUM!JOIN_ONEUP.LANCAMENTOS.CONSULTALANCAMENTOS?cnpj=57.408.548%2F0001-92&n_documento=108020%2FA","service":"btg-baixa-titulos-service","timestamp":"2026-06-03T12:15:26.791Z"}
{"lancamento":1434848918,"level":"info","message":"ℹ️ Título 108020/A já estava baixado. Processo ignorado.","service":"btg-baixa-titulos-service","situacao":"BAIXADO","timestamp":"2026-06-03T12:15:26.803Z"}
{"level":"info","message":"🔎 Processando título 108021/A","service":"btg-baixa-titulos-service","timestamp":"2026-06-03T12:15:26.809Z"}
{"level":"info","message":"🌐 Millennium request: GET /MILLENIUM!JOIN_ONEUP.LANCAMENTOS.CONSULTALANCAMENTOS?cnpj=07.030.508%2F0001-81&n_documento=108021%2FA","service":"btg-baixa-titulos-service","timestamp":"2026-06-03T12:15:26.809Z"}
{"lancamento":1434848939,"level":"info","message":"ℹ️ Título 108021/A já estava baixado. Processo ignorado.","service":"btg-baixa-titulos-service","situacao":"BAIXADO","timestamp":"2026-06-03T12:15:26.824Z"}
{"level":"info","message":"🔎 Processando título 107660/A","service":"btg-baixa-titulos-service","timestamp":"2026-06-03T12:15:26.829Z"}
{"level":"info","message":"🌐 Millennium request: GET /MILLENIUM!JOIN_ONEUP.LANCAMENTOS.CONSULTALANCAMENTOS?cnpj=57.408.548%2F0001-92&n_documento=107660%2FA","service":"btg-baixa-titulos-service","timestamp":"2026-06-03T12:15:26.829Z"}
{"lancamento":1434808275,"level":"info","message":"ℹ️ Título 107660/A já estava baixado. Processo ignorado.","service":"btg-baixa-titulos-service","situacao":"BAIXADO","timestamp":"2026-06-03T12:15:26.846Z"}
{"level":"info","message":"🔎 Processando título 107627/A","service":"btg-baixa-titulos-service","timestamp":"2026-06-03T12:15:26.852Z"}
{"level":"info","message":"🌐 Millennium request: GET /MILLENIUM!JOIN_ONEUP.LANCAMENTOS.CONSULTALANCAMENTOS?cnpj=57.408.548%2F0001-92&n_documento=107627%2FA","service":"btg-baixa-titulos-service","timestamp":"2026-06-03T12:15:26.852Z"}
{"lancamento":1434808244,"level":"info","message":"ℹ️ Título 107627/A já estava baixado. Processo ignorado.","service":"btg-baixa-titulos-service","situacao":"BAIXADO","timestamp":"2026-06-03T12:15:26.866Z"}
{"level":"info","message":"🔎 Processando título 108308","service":"btg-baixa-titulos-service","timestamp":"2026-06-03T12:15:26.871Z"}
{"level":"info","message":"🌐 Millennium request: GET /MILLENIUM!JOIN_ONEUP.LANCAMENTOS.CONSULTALANCAMENTOS?cnpj=77.857.555%2F0009-36&n_documento=108308","service":"btg-baixa-titulos-service","timestamp":"2026-06-03T12:15:26.871Z"}
{"lancamento":1434850230,"level":"info","message":"ℹ️ Título 108308 já estava baixado. Processo ignorado.","service":"btg-baixa-titulos-service","situacao":"BAIXADO","timestamp":"2026-06-03T12:15:26.886Z"}
{"level":"info","message":"🔎 Processando título 108314","service":"btg-baixa-titulos-service","timestamp":"2026-06-03T12:15:26.892Z"}
{"level":"info","message":"🌐 Millennium request: GET /MILLENIUM!JOIN_ONEUP.LANCAMENTOS.CONSULTALANCAMENTOS?cnpj=02.355.679%2F0001-67&n_documento=108314","service":"btg-baixa-titulos-service","timestamp":"2026-06-03T12:15:26.892Z"}
{"lancamento":1434850295,"level":"info","message":"ℹ️ Título 108314 já estava baixado. Processo ignorado.","service":"btg-baixa-titulos-service","situacao":"BAIXADO","timestamp":"2026-06-03T12:15:26.993Z"}
{"level":"info","message":"🔎 Processando título 108251","service":"btg-baixa-titulos-service","timestamp":"2026-06-03T12:15:27.004Z"}
{"level":"info","message":"🌐 Millennium request: GET /MILLENIUM!JOIN_ONEUP.LANCAMENTOS.CONSULTALANCAMENTOS?cnpj=01.009.793%2F0001-72&n_documento=108251","service":"btg-baixa-titulos-service","timestamp":"2026-06-03T12:15:27.004Z"}
{"lancamento":1434850041,"level":"info","message":"ℹ️ Título 108251 já estava baixado. Processo ignorado.","service":"btg-baixa-titulos-service","situacao":"BAIXADO","timestamp":"2026-06-03T12:15:27.020Z"}
{"level":"info","message":"🔎 Processando título 107687","service":"btg-baixa-titulos-service","timestamp":"2026-06-03T12:15:27.028Z"}
{"level":"info","message":"🌐 Millennium request: GET /MILLENIUM!JOIN_ONEUP.LANCAMENTOS.CONSULTALANCAMENTOS?cnpj=01.329.811%2F0001-01&n_documento=107687","service":"btg-baixa-titulos-service","timestamp":"2026-06-03T12:15:27.028Z"}
{"lancamento":1434808382,"level":"info","message":"ℹ️ Título 107687 já estava baixado. Processo ignorado.","service":"btg-baixa-titulos-service","situacao":"BAIXADO","timestamp":"2026-06-03T12:15:27.043Z"}
{"level":"info","message":"🔎 Processando título CORRE 107091","service":"btg-baixa-titulos-service","timestamp":"2026-06-03T12:15:27.049Z"}
{"level":"info","message":"🌐 Millennium request: GET /MILLENIUM!JOIN_ONEUP.LANCAMENTOS.CONSULTALANCAMENTOS?cnpj=21.067.137%2F0001-33&n_documento=CORRE%20107091","service":"btg-baixa-titulos-service","timestamp":"2026-06-03T12:15:27.049Z"}
{"lancamento":1434848054,"level":"info","message":"ℹ️ Título CORRE 107091 já estava baixado. Processo ignorado.","service":"btg-baixa-titulos-service","situacao":"BAIXADO","timestamp":"2026-06-03T12:15:27.064Z"}
{"level":"info","message":"🔎 Processando título CORRE 107089","service":"btg-baixa-titulos-service","timestamp":"2026-06-03T12:15:27.072Z"}
{"level":"info","message":"🌐 Millennium request: GET /MILLENIUM!JOIN_ONEUP.LANCAMENTOS.CONSULTALANCAMENTOS?cnpj=01.934.454%2F0001-00&n_documento=CORRE%20107089","service":"btg-baixa-titulos-service","timestamp":"2026-06-03T12:15:27.072Z"}
{"lancamento":1434848055,"level":"info","message":"ℹ️ Título CORRE 107089 já estava baixado. Processo ignorado.","service":"btg-baixa-titulos-service","situacao":"BAIXADO","timestamp":"2026-06-03T12:15:27.086Z"}
{"level":"info","message":"🔎 Processando título FRE 107098","service":"btg-baixa-titulos-service","timestamp":"2026-06-03T12:15:27.091Z"}
{"level":"info","message":"🌐 Millennium request: GET /MILLENIUM!JOIN_ONEUP.LANCAMENTOS.CONSULTALANCAMENTOS?cnpj=03.294.992%2F0001-03&n_documento=FRE%20107098","service":"btg-baixa-titulos-service","timestamp":"2026-06-03T12:15:27.091Z"}
{"lancamento":1434848060,"level":"info","message":"ℹ️ Título FRE 107098 já estava baixado. Processo ignorado.","service":"btg-baixa-titulos-service","situacao":"BAIXADO","timestamp":"2026-06-03T12:15:27.109Z"}
{"level":"info","message":"🔎 Processando título CORRE 106807","service":"btg-baixa-titulos-service","timestamp":"2026-06-03T12:15:27.114Z"}
{"level":"info","message":"🌐 Millennium request: GET /MILLENIUM!JOIN_ONEUP.LANCAMENTOS.CONSULTALANCAMENTOS?cnpj=01.009.793%2F0001-72&n_documento=CORRE%20106807","service":"btg-baixa-titulos-service","timestamp":"2026-06-03T12:15:27.114Z"}
{"lancamento":1434848053,"level":"info","message":"ℹ️ Título CORRE 106807 já estava baixado. Processo ignorado.","service":"btg-baixa-titulos-service","situacao":"BAIXADO","timestamp":"2026-06-03T12:15:27.129Z"}
{"level":"info","message":"🔎 Processando título FRE 107179","service":"btg-baixa-titulos-service","timestamp":"2026-06-03T12:15:27.134Z"}
{"level":"info","message":"🌐 Millennium request: GET /MILLENIUM!JOIN_ONEUP.LANCAMENTOS.CONSULTALANCAMENTOS?cnpj=31.505.989%2F0001-19&n_documento=FRE%20107179","service":"btg-baixa-titulos-service","timestamp":"2026-06-03T12:15:27.134Z"}
{"lancamento":1434848061,"level":"info","message":"ℹ️ Título FRE 107179 já estava baixado. Processo ignorado.","service":"btg-baixa-titulos-service","situacao":"BAIXADO","timestamp":"2026-06-03T12:15:27.148Z"}
{"level":"info","message":"🔎 Processando título CORRE 107178","service":"btg-baixa-titulos-service","timestamp":"2026-06-03T12:15:27.153Z"}
{"level":"info","message":"🌐 Millennium request: GET /MILLENIUM!JOIN_ONEUP.LANCAMENTOS.CONSULTALANCAMENTOS?cnpj=01.009.793%2F0001-72&n_documento=CORRE%20107178","service":"btg-baixa-titulos-service","timestamp":"2026-06-03T12:15:27.153Z"}
{"lancamento":1434848056,"level":"info","message":"ℹ️ Título CORRE 107178 já estava baixado. Processo ignorado.","service":"btg-baixa-titulos-service","situacao":"BAIXADO","timestamp":"2026-06-03T12:15:27.169Z"}
{"level":"info","message":"🔎 Processando título FRE 107100","service":"btg-baixa-titulos-service","timestamp":"2026-06-03T12:15:27.174Z"}
{"level":"info","message":"🌐 Millennium request: GET /MILLENIUM!JOIN_ONEUP.LANCAMENTOS.CONSULTALANCAMENTOS?cnpj=57.408.548%2F0001-92&n_documento=FRE%20107100","service":"btg-baixa-titulos-service","timestamp":"2026-06-03T12:15:27.174Z"}
{"lancamento":1434848059,"level":"info","message":"ℹ️ Título FRE 107100 já estava baixado. Processo ignorado.","service":"btg-baixa-titulos-service","situacao":"BAIXADO","timestamp":"2026-06-03T12:15:27.188Z"}
{"level":"info","message":"🔎 Processando título CORRE 107483","service":"btg-baixa-titulos-service","timestamp":"2026-06-03T12:15:27.193Z"}
{"level":"info","message":"🌐 Millennium request: GET /MILLENIUM!JOIN_ONEUP.LANCAMENTOS.CONSULTALANCAMENTOS?cnpj=57.408.548%2F0001-92&n_documento=CORRE%20107483","service":"btg-baixa-titulos-service","timestamp":"2026-06-03T12:15:27.193Z"}
{"lancamento":1434848058,"level":"info","message":"ℹ️ Título CORRE 107483 já estava baixado. Processo ignorado.","service":"btg-baixa-titulos-service","situacao":"BAIXADO","timestamp":"2026-06-03T12:15:27.209Z"}
{"level":"info","message":"🔎 Processando título CORRE 106702","service":"btg-baixa-titulos-service","timestamp":"2026-06-03T12:15:27.215Z"}
{"level":"info","message":"🌐 Millennium request: GET /MILLENIUM!JOIN_ONEUP.LANCAMENTOS.CONSULTALANCAMENTOS?cnpj=57.408.548%2F0001-92&n_documento=CORRE%20106702","service":"btg-baixa-titulos-service","timestamp":"2026-06-03T12:15:27.215Z"}
{"lancamento":1434848052,"level":"info","message":"ℹ️ Título CORRE 106702 já estava baixado. Processo ignorado.","service":"btg-baixa-titulos-service","situacao":"BAIXADO","timestamp":"2026-06-03T12:15:27.230Z"}
{"level":"info","message":"🔎 Processando título CORRE 107229","service":"btg-baixa-titulos-service","timestamp":"2026-06-03T12:15:27.234Z"}
{"level":"info","message":"🌐 Millennium request: GET /MILLENIUM!JOIN_ONEUP.LANCAMENTOS.CONSULTALANCAMENTOS?cnpj=57.408.548%2F0001-92&n_documento=CORRE%20107229","service":"btg-baixa-titulos-service","timestamp":"2026-06-03T12:15:27.234Z"}
{"lancamento":1434848057,"level":"info","message":"ℹ️ Título CORRE 107229 já estava baixado. Processo ignorado.","service":"btg-baixa-titulos-service","situacao":"BAIXADO","timestamp":"2026-06-03T12:15:27.252Z"}
{"level":"info","message":"🔎 Processando título 1575/2","service":"btg-baixa-titulos-service","timestamp":"2026-06-03T12:15:27.257Z"}
{"level":"info","message":"🌐 Millennium request: GET /MILLENIUM!JOIN_ONEUP.LANCAMENTOS.CONSULTALANCAMENTOS?n_documento=1575%2F2&cpf=815.438.910-04","service":"btg-baixa-titulos-service","timestamp":"2026-06-03T12:15:27.257Z"}
{"lancamento":1434807256,"level":"info","message":"ℹ️ Título 1575/2 já estava baixado. Processo ignorado.","service":"btg-baixa-titulos-service","situacao":"BAIXADO","timestamp":"2026-06-03T12:15:27.277Z"}
{"level":"info","message":"🔎 Processando título 1575/3","service":"btg-baixa-titulos-service","timestamp":"2026-06-03T12:15:27.282Z"}
{"level":"info","message":"🌐 Millennium request: GET /MILLENIUM!JOIN_ONEUP.LANCAMENTOS.CONSULTALANCAMENTOS?n_documento=1575%2F3&cpf=815.438.910-04","service":"btg-baixa-titulos-service","timestamp":"2026-06-03T12:15:27.282Z"}
{"lancamento":1434807257,"level":"info","message":"ℹ️ Título 1575/3 já estava baixado. Processo ignorado.","service":"btg-baixa-titulos-service","situacao":"BAIXADO","timestamp":"2026-06-03T12:15:27.297Z"}
{"level":"info","message":"🔎 Processando título 1575/1","service":"btg-baixa-titulos-service","timestamp":"2026-06-03T12:15:27.302Z"}
{"level":"info","message":"🌐 Millennium request: GET /MILLENIUM!JOIN_ONEUP.LANCAMENTOS.CONSULTALANCAMENTOS?n_documento=1575%2F1&cpf=815.438.910-04","service":"btg-baixa-titulos-service","timestamp":"2026-06-03T12:15:27.302Z"}
{"lancamento":1434807255,"level":"info","message":"ℹ️ Título 1575/1 já estava baixado. Processo ignorado.","service":"btg-baixa-titulos-service","situacao":"BAIXADO","timestamp":"2026-06-03T12:15:27.319Z"}
{"level":"info","message":"🔎 Processando título 107483/D","service":"btg-baixa-titulos-service","timestamp":"2026-06-03T12:15:27.324Z"}
{"level":"info","message":"🌐 Millennium request: GET /MILLENIUM!JOIN_ONEUP.LANCAMENTOS.CONSULTALANCAMENTOS?cnpj=57.408.548%2F0001-92&n_documento=107483%2FD","service":"btg-baixa-titulos-service","timestamp":"2026-06-03T12:15:27.324Z"}
{"lancamento":1434807305,"level":"info","message":"ℹ️ Título 107483/D já estava baixado. Processo ignorado.","service":"btg-baixa-titulos-service","situacao":"BAIXADO","timestamp":"2026-06-03T12:15:27.345Z"}
{"level":"info","message":"🔎 Processando título 107483/C","service":"btg-baixa-titulos-service","timestamp":"2026-06-03T12:15:27.350Z"}
{"level":"info","message":"🌐 Millennium request: GET /MILLENIUM!JOIN_ONEUP.LANCAMENTOS.CONSULTALANCAMENTOS?cnpj=57.408.548%2F0001-92&n_documento=107483%2FC","service":"btg-baixa-titulos-service","timestamp":"2026-06-03T12:15:27.350Z"}
{"lancamento":1434807304,"level":"info","message":"ℹ️ Título 107483/C já estava baixado. Processo ignorado.","service":"btg-baixa-titulos-service","situacao":"BAIXADO","timestamp":"2026-06-03T12:15:27.365Z"}
{"level":"info","message":"🔎 Processando título 107483/B","service":"btg-baixa-titulos-service","timestamp":"2026-06-03T12:15:27.371Z"}
{"level":"info","message":"🌐 Millennium request: GET /MILLENIUM!JOIN_ONEUP.LANCAMENTOS.CONSULTALANCAMENTOS?cnpj=57.408.548%2F0001-92&n_documento=107483%2FB","service":"btg-baixa-titulos-service","timestamp":"2026-06-03T12:15:27.371Z"}
{"lancamento":1434807303,"level":"info","message":"ℹ️ Título 107483/B já estava baixado. Processo ignorado.","service":"btg-baixa-titulos-service","situacao":"BAIXADO","timestamp":"2026-06-03T12:15:27.385Z"}
{"level":"info","message":"🔎 Processando título 107483/A","service":"btg-baixa-titulos-service","timestamp":"2026-06-03T12:15:27.390Z"}
{"level":"info","message":"🌐 Millennium request: GET /MILLENIUM!JOIN_ONEUP.LANCAMENTOS.CONSULTALANCAMENTOS?cnpj=57.408.548%2F0001-92&n_documento=107483%2FA","service":"btg-baixa-titulos-service","timestamp":"2026-06-03T12:15:27.390Z"}
{"lancamento":1434807302,"level":"info","message":"ℹ️ Título 107483/A já estava baixado. Processo ignorado.","service":"btg-baixa-titulos-service","situacao":"BAIXADO","timestamp":"2026-06-03T12:15:27.404Z"}
{"level":"info","message":"🔎 Processando título 01329811","service":"btg-baixa-titulos-service","timestamp":"2026-06-03T12:15:27.408Z"}
{"level":"info","message":"🌐 Millennium request: GET /MILLENIUM!JOIN_ONEUP.LANCAMENTOS.CONSULTALANCAMENTOS?cnpj=01.329.811%2F0001-01&n_documento=01329811","service":"btg-baixa-titulos-service","timestamp":"2026-06-03T12:15:27.409Z"}
{"erro":"Título não localizado: 01329811","level":"error","message":"❌ Erro no título 01329811","service":"btg-baixa-titulos-service","status":"ERRO_CONSULTA","timestamp":"2026-06-03T12:15:27.504Z"}
{"level":"info","message":"🔎 Processando título 06-VL","service":"btg-baixa-titulos-service","timestamp":"2026-06-03T12:15:27.516Z"}
{"level":"info","message":"🌐 Millennium request: GET /MILLENIUM!JOIN_ONEUP.LANCAMENTOS.CONSULTALANCAMENTOS?n_documento=06-VL&cpf=368.542.398-34","service":"btg-baixa-titulos-service","timestamp":"2026-06-03T12:15:27.516Z"}
{"erro":"Título não localizado: 06-VL","level":"error","message":"❌ Erro no título 06-VL","service":"btg-baixa-titulos-service","status":"ERRO_CONSULTA","timestamp":"2026-06-03T12:15:27.533Z"}
{"level":"info","message":"🔎 Processando título 06-VL","service":"btg-baixa-titulos-service","timestamp":"2026-06-03T12:15:27.541Z"}
{"level":"info","message":"🌐 Millennium request: GET /MILLENIUM!JOIN_ONEUP.LANCAMENTOS.CONSULTALANCAMENTOS?n_documento=06-VL&cpf=368.542.398-34","service":"btg-baixa-titulos-service","timestamp":"2026-06-03T12:15:27.541Z"}
{"erro":"Título não localizado: 06-VL","level":"error","message":"❌ Erro no título 06-VL","service":"btg-baixa-titulos-service","status":"ERRO_CONSULTA","timestamp":"2026-06-03T12:15:27.558Z"}
{"level":"info","message":"🔒 Finalizando sessão Millennium","service":"btg-baixa-titulos-service","timestamp":"2026-06-03T12:15:27.565Z"}
{"level":"info","message":"✅ Sessão Millennium finalizada com sucesso","service":"btg-baixa-titulos-service","timestamp":"2026-06-03T12:15:27.575Z"}
{"erroGeral":null,"erros":8,"finalizadoEm":"2026-06-03T12:15:27.575Z","jaBaixados":738,"level":"info","message":"🏁 Processamento finalizado","processamentoId":"BTG-20260603-0E5C66","service":"btg-baixa-titulos-service","sucesso":5,"timestamp":"2026-06-03T12:15:27.581Z","total":751}
{"level":"info","message":"📲 Enviando resumo por WhatsApp","service":"btg-baixa-titulos-service","timestamp":"2026-06-03T12:15:27.623Z"}
{"level":"info","message":"✅ Resumo enviado por WhatsApp","response":{"companyId":1,"filaId":1239,"message":"Mensagem enviada a fila de transmissão com sucesso","schedule":"2026-06-03T12:16:28.494Z"},"service":"btg-baixa-titulos-service","timestamp":"2026-06-03T12:15:29.367Z"}
{"level":"info","message":"ℹ️ Envio de arquivos WhatsApp desabilitado","service":"btg-baixa-titulos-service","timestamp":"2026-06-03T12:15:29.367Z"}
{"level":"info","logDetailed":false,"message":"🚀 Servidor iniciado com sucesso na porta 3334","nodeEnv":"development","port":3334,"service":"btg-baixa-titulos-service","timestamp":"2026-06-03T23:42:25.156Z"}
