{"level":"info","logDetailed":false,"message":"🚀 Servidor iniciado com sucesso na porta 3334","nodeEnv":"development","port":3334,"service":"btg-baixa-titulos-service","timestamp":"2026-05-20T13:15:48.713Z"}
{"level":"info","message":"🔐 Iniciando login no Millennium","service":"btg-baixa-titulos-service","timestamp":"2026-05-20T13:16:03.385Z"}
{"level":"info","message":"✅ Login Millennium realizado com sucesso","service":"btg-baixa-titulos-service","timestamp":"2026-05-20T13:16:03.461Z"}
{"level":"info","message":"🚀 Iniciando processamento de 679 títulos","service":"btg-baixa-titulos-service","timestamp":"2026-05-20T13:16:03.461Z"}
{"level":"info","message":"🔎 Processando título CORRE 123826","service":"btg-baixa-titulos-service","timestamp":"2026-05-20T13:16:03.461Z"}
{"level":"info","message":"🌐 Millennium request: GET /MILLENIUM!JOIN_ONEUP.LANCAMENTOS.CONSULTALANCAMENTOS?cnpj=01.329.811%2F0001-01&n_documento=CORRE%20123826","service":"btg-baixa-titulos-service","timestamp":"2026-05-20T13:16:03.461Z"}
{"lancamento":1434934501,"level":"info","message":"ℹ️ Título CORRE 123826 já estava baixado. Processo ignorado.","service":"btg-baixa-titulos-service","situacao":"BAIXADO","timestamp":"2026-05-20T13:16:03.483Z"}
{"level":"info","message":"🔎 Processando título 123788","service":"btg-baixa-titulos-service","timestamp":"2026-05-20T13:16:03.483Z"}
{"level":"info","message":"🌐 Millennium request: GET /MILLENIUM!JOIN_ONEUP.LANCAMENTOS.CONSULTALANCAMENTOS?cnpj=01.009.793%2F0001-72&n_documento=123788","service":"btg-baixa-titulos-service","timestamp":"2026-05-20T13:16:03.484Z"}
{"lancamento":1434930779,"level":"info","message":"ℹ️ Título 123788 já estava baixado. Processo ignorado.","service":"btg-baixa-titulos-service","situacao":"BAIXADO","timestamp":"2026-05-20T13:16:03.497Z"}
{"level":"info","message":"🔎 Processando título 123827","service":"btg-baixa-titulos-service","timestamp":"2026-05-20T13:16:03.498Z"}
{"level":"info","message":"🌐 Millennium request: GET /MILLENIUM!JOIN_ONEUP.LANCAMENTOS.CONSULTALANCAMENTOS?cnpj=77.857.555%2F0009-36&n_documento=123827","service":"btg-baixa-titulos-service","timestamp":"2026-05-20T13:16:03.498Z"}
{"lancamento":1434930898,"level":"info","message":"ℹ️ Título 123827 já estava baixado. Processo ignorado.","service":"btg-baixa-titulos-service","situacao":"BAIXADO","timestamp":"2026-05-20T13:16:03.513Z"}
{"level":"info","message":"🔎 Processando título 123800","service":"btg-baixa-titulos-service","timestamp":"2026-05-20T13:16:03.513Z"}
{"level":"info","message":"🌐 Millennium request: GET /MILLENIUM!JOIN_ONEUP.LANCAMENTOS.CONSULTALANCAMENTOS?cnpj=02.355.679%2F0001-67&n_documento=123800","service":"btg-baixa-titulos-service","timestamp":"2026-05-20T13:16:03.513Z"}
{"lancamento":1434930791,"level":"info","message":"ℹ️ Título 123800 já estava baixado. Processo ignorado.","service":"btg-baixa-titulos-service","situacao":"BAIXADO","timestamp":"2026-05-20T13:16:03.529Z"}
{"level":"info","message":"🔎 Processando título FRE 122429","service":"btg-baixa-titulos-service","timestamp":"2026-05-20T13:16:03.530Z"}
{"level":"info","message":"🌐 Millennium request: GET /MILLENIUM!JOIN_ONEUP.LANCAMENTOS.CONSULTALANCAMENTOS?cnpj=57.408.548%2F0001-92&n_documento=FRE%20122429","service":"btg-baixa-titulos-service","timestamp":"2026-05-20T13:16:03.530Z"}
{"lancamento":1434927655,"level":"info","message":"ℹ️ Título FRE 122429 já estava baixado. Processo ignorado.","service":"btg-baixa-titulos-service","situacao":"BAIXADO","timestamp":"2026-05-20T13:16:03.544Z"}
{"level":"info","message":"🔎 Processando título FRE 122404","service":"btg-baixa-titulos-service","timestamp":"2026-05-20T13:16:03.544Z"}
{"level":"info","message":"🌐 Millennium request: GET /MILLENIUM!JOIN_ONEUP.LANCAMENTOS.CONSULTALANCAMENTOS?cnpj=03.294.992%2F0001-03&n_documento=FRE%20122404","service":"btg-baixa-titulos-service","timestamp":"2026-05-20T13:16:03.545Z"}
{"lancamento":1434927656,"level":"info","message":"ℹ️ Título FRE 122404 já estava baixado. Processo ignorado.","service":"btg-baixa-titulos-service","situacao":"BAIXADO","timestamp":"2026-05-20T13:16:03.560Z"}
{"level":"info","message":"🔎 Processando título FRE 122395","service":"btg-baixa-titulos-service","timestamp":"2026-05-20T13:16:03.560Z"}
{"level":"info","message":"🌐 Millennium request: GET /MILLENIUM!JOIN_ONEUP.LANCAMENTOS.CONSULTALANCAMENTOS?cnpj=02.355.679%2F0001-67&n_documento=FRE%20122395","service":"btg-baixa-titulos-service","timestamp":"2026-05-20T13:16:03.560Z"}
{"lancamento":1434927659,"level":"info","message":"ℹ️ Título FRE 122395 já estava baixado. Processo ignorado.","service":"btg-baixa-titulos-service","situacao":"BAIXADO","timestamp":"2026-05-20T13:16:03.575Z"}
{"level":"info","message":"🔎 Processando título FRE 122341","service":"btg-baixa-titulos-service","timestamp":"2026-05-20T13:16:03.575Z"}
{"level":"info","message":"🌐 Millennium request: GET /MILLENIUM!JOIN_ONEUP.LANCAMENTOS.CONSULTALANCAMENTOS?cnpj=01.009.793%2F0001-72&n_documento=FRE%20122341","service":"btg-baixa-titulos-service","timestamp":"2026-05-20T13:16:03.576Z"}
{"lancamento":1434927654,"level":"info","message":"ℹ️ Título FRE 122341 já estava baixado. Processo ignorado.","service":"btg-baixa-titulos-service","situacao":"BAIXADO","timestamp":"2026-05-20T13:16:03.590Z"}
{"level":"info","message":"🔎 Processando título CORRE 122599","service":"btg-baixa-titulos-service","timestamp":"2026-05-20T13:16:03.590Z"}
{"level":"info","message":"🌐 Millennium request: GET /MILLENIUM!JOIN_ONEUP.LANCAMENTOS.CONSULTALANCAMENTOS?cnpj=57.408.548%2F0001-92&n_documento=CORRE%20122599","service":"btg-baixa-titulos-service","timestamp":"2026-05-20T13:16:03.590Z"}
{"lancamento":1434927640,"level":"info","message":"ℹ️ Título CORRE 122599 já estava baixado. Processo ignorado.","service":"btg-baixa-titulos-service","situacao":"BAIXADO","timestamp":"2026-05-20T13:16:03.604Z"}
{"level":"info","message":"🔎 Processando título CORRE 122725","service":"btg-baixa-titulos-service","timestamp":"2026-05-20T13:16:03.604Z"}
{"level":"info","message":"🌐 Millennium request: GET /MILLENIUM!JOIN_ONEUP.LANCAMENTOS.CONSULTALANCAMENTOS?cnpj=57.408.548%2F0001-92&n_documento=CORRE%20122725","service":"btg-baixa-titulos-service","timestamp":"2026-05-20T13:16:03.604Z"}
{"lancamento":1434927642,"level":"info","message":"ℹ️ Título CORRE 122725 já estava baixado. Processo ignorado.","service":"btg-baixa-titulos-service","situacao":"BAIXADO","timestamp":"2026-05-20T13:16:03.618Z"}
{"level":"info","message":"🔎 Processando título CORRE 122724","service":"btg-baixa-titulos-service","timestamp":"2026-05-20T13:16:03.619Z"}
{"level":"info","message":"🌐 Millennium request: GET /MILLENIUM!JOIN_ONEUP.LANCAMENTOS.CONSULTALANCAMENTOS?cnpj=57.408.548%2F0001-92&n_documento=CORRE%20122724","service":"btg-baixa-titulos-service","timestamp":"2026-05-20T13:16:03.620Z"}
{"lancamento":1434927641,"level":"info","message":"ℹ️ Título CORRE 122724 já estava baixado. Processo ignorado.","service":"btg-baixa-titulos-service","situacao":"BAIXADO","timestamp":"2026-05-20T13:16:03.637Z"}
{"level":"info","message":"🔎 Processando título CORRE 121444","service":"btg-baixa-titulos-service","timestamp":"2026-05-20T13:16:03.638Z"}
{"level":"info","message":"🌐 Millennium request: GET /MILLENIUM!JOIN_ONEUP.LANCAMENTOS.CONSULTALANCAMENTOS?cnpj=57.408.548%2F0001-92&n_documento=CORRE%20121444","service":"btg-baixa-titulos-service","timestamp":"2026-05-20T13:16:03.638Z"}
{"lancamento":1434927637,"level":"info","message":"ℹ️ Título CORRE 121444 já estava baixado. Processo ignorado.","service":"btg-baixa-titulos-service","situacao":"BAIXADO","timestamp":"2026-05-20T13:16:03.654Z"}
{"level":"info","message":"🔎 Processando título CORRE 121219","service":"btg-baixa-titulos-service","timestamp":"2026-05-20T13:16:03.655Z"}
{"level":"info","message":"🌐 Millennium request: GET /MILLENIUM!JOIN_ONEUP.LANCAMENTOS.CONSULTALANCAMENTOS?cnpj=57.408.548%2F0001-92&n_documento=CORRE%20121219","service":"btg-baixa-titulos-service","timestamp":"2026-05-20T13:16:03.656Z"}
{"lancamento":1434927635,"level":"info","message":"ℹ️ Título CORRE 121219 já estava baixado. Processo ignorado.","service":"btg-baixa-titulos-service","situacao":"BAIXADO","timestamp":"2026-05-20T13:16:03.671Z"}
{"level":"info","message":"🔎 Processando título CORRE 122020","service":"btg-baixa-titulos-service","timestamp":"2026-05-20T13:16:03.672Z"}
{"level":"info","message":"🌐 Millennium request: GET /MILLENIUM!JOIN_ONEUP.LANCAMENTOS.CONSULTALANCAMENTOS?cnpj=57.408.548%2F0001-92&n_documento=CORRE%20122020","service":"btg-baixa-titulos-service","timestamp":"2026-05-20T13:16:03.672Z"}
{"lancamento":1434927639,"level":"info","message":"ℹ️ Título CORRE 122020 já estava baixado. Processo ignorado.","service":"btg-baixa-titulos-service","situacao":"BAIXADO","timestamp":"2026-05-20T13:16:03.688Z"}
{"level":"info","message":"🔎 Processando título CORRE 121872","service":"btg-baixa-titulos-service","timestamp":"2026-05-20T13:16:03.689Z"}
{"level":"info","message":"🌐 Millennium request: GET /MILLENIUM!JOIN_ONEUP.LANCAMENTOS.CONSULTALANCAMENTOS?cnpj=57.408.548%2F0001-92&n_documento=CORRE%20121872","service":"btg-baixa-titulos-service","timestamp":"2026-05-20T13:16:03.689Z"}
{"lancamento":1434927638,"level":"info","message":"ℹ️ Título CORRE 121872 já estava baixado. Processo ignorado.","service":"btg-baixa-titulos-service","situacao":"BAIXADO","timestamp":"2026-05-20T13:16:03.703Z"}
{"level":"info","message":"🔎 Processando título CORRE 122593","service":"btg-baixa-titulos-service","timestamp":"2026-05-20T13:16:03.703Z"}
{"level":"info","message":"🌐 Millennium request: GET /MILLENIUM!JOIN_ONEUP.LANCAMENTOS.CONSULTALANCAMENTOS?cnpj=21.067.137%2F0001-33&n_documento=CORRE%20122593","service":"btg-baixa-titulos-service","timestamp":"2026-05-20T13:16:03.703Z"}
{"lancamento":1434927648,"level":"info","message":"ℹ️ Título CORRE 122593 já estava baixado. Processo ignorado.","service":"btg-baixa-titulos-service","situacao":"BAIXADO","timestamp":"2026-05-20T13:16:03.720Z"}
{"level":"info","message":"🔎 Processando título CORRE 121369","service":"btg-baixa-titulos-service","timestamp":"2026-05-20T13:16:03.720Z"}
{"level":"info","message":"🌐 Millennium request: GET /MILLENIUM!JOIN_ONEUP.LANCAMENTOS.CONSULTALANCAMENTOS?cnpj=57.408.548%2F0001-92&n_documento=CORRE%20121369","service":"btg-baixa-titulos-service","timestamp":"2026-05-20T13:16:03.721Z"}
{"lancamento":1434927636,"level":"info","message":"ℹ️ Título CORRE 121369 já estava baixado. Processo ignorado.","service":"btg-baixa-titulos-service","situacao":"BAIXADO","timestamp":"2026-05-20T13:16:03.737Z"}
{"level":"info","message":"🔎 Processando título CORRE 121668","service":"btg-baixa-titulos-service","timestamp":"2026-05-20T13:16:03.737Z"}
{"level":"info","message":"🌐 Millennium request: GET /MILLENIUM!JOIN_ONEUP.LANCAMENTOS.CONSULTALANCAMENTOS?cnpj=21.067.137%2F0001-33&n_documento=CORRE%20121668","service":"btg-baixa-titulos-service","timestamp":"2026-05-20T13:16:03.737Z"}
{"lancamento":1434927646,"level":"info","message":"ℹ️ Título CORRE 121668 já estava baixado. Processo ignorado.","service":"btg-baixa-titulos-service","situacao":"BAIXADO","timestamp":"2026-05-20T13:16:03.751Z"}
{"level":"info","message":"🔎 Processando título CORRE 121367","service":"btg-baixa-titulos-service","timestamp":"2026-05-20T13:16:03.752Z"}
{"level":"info","message":"🌐 Millennium request: GET /MILLENIUM!JOIN_ONEUP.LANCAMENTOS.CONSULTALANCAMENTOS?cnpj=01.329.811%2F0001-01&n_documento=CORRE%20121367","service":"btg-baixa-titulos-service","timestamp":"2026-05-20T13:16:03.752Z"}
{"lancamento":1434927644,"level":"info","message":"ℹ️ Título CORRE 121367 já estava baixado. Processo ignorado.","service":"btg-baixa-titulos-service","situacao":"BAIXADO","timestamp":"2026-05-20T13:16:03.856Z"}
{"level":"info","message":"🔎 Processando título 122393/A","service":"btg-baixa-titulos-service","timestamp":"2026-05-20T13:16:03.858Z"}
{"level":"info","message":"🌐 Millennium request: GET /MILLENIUM!JOIN_ONEUP.LANCAMENTOS.CONSULTALANCAMENTOS?cnpj=59.205.187%2F0001-02&n_documento=122393%2FA","service":"btg-baixa-titulos-service","timestamp":"2026-05-20T13:16:03.858Z"}
{"lancamento":1434924411,"level":"info","message":"ℹ️ Título 122393/A já estava baixado. Processo ignorado.","service":"btg-baixa-titulos-service","situacao":"BAIXADO","timestamp":"2026-05-20T13:16:03.878Z"}
{"level":"info","message":"🔎 Processando título 122342/A","service":"btg-baixa-titulos-service","timestamp":"2026-05-20T13:16:03.880Z"}
{"level":"info","message":"🌐 Millennium request: GET /MILLENIUM!JOIN_ONEUP.LANCAMENTOS.CONSULTALANCAMENTOS?cnpj=00.768.271%2F0001-91&n_documento=122342%2FA","service":"btg-baixa-titulos-service","timestamp":"2026-05-20T13:16:03.880Z"}
{"lancamento":1434924368,"level":"info","message":"ℹ️ Título 122342/A já estava baixado. Processo ignorado.","service":"btg-baixa-titulos-service","situacao":"BAIXADO","timestamp":"2026-05-20T13:16:03.895Z"}
{"level":"info","message":"🔎 Processando título 122444/A","service":"btg-baixa-titulos-service","timestamp":"2026-05-20T13:16:03.897Z"}
{"level":"info","message":"🌐 Millennium request: GET /MILLENIUM!JOIN_ONEUP.LANCAMENTOS.CONSULTALANCAMENTOS?cnpj=59.205.187%2F0001-02&n_documento=122444%2FA","service":"btg-baixa-titulos-service","timestamp":"2026-05-20T13:16:03.898Z"}
{"lancamento":1434924544,"level":"info","message":"ℹ️ Título 122444/A já estava baixado. Processo ignorado.","service":"btg-baixa-titulos-service","situacao":"BAIXADO","timestamp":"2026-05-20T13:16:03.916Z"}
{"level":"info","message":"🔎 Processando título 122338/A","service":"btg-baixa-titulos-service","timestamp":"2026-05-20T13:16:03.917Z"}
{"level":"info","message":"🌐 Millennium request: GET /MILLENIUM!JOIN_ONEUP.LANCAMENTOS.CONSULTALANCAMENTOS?cnpj=73.652.158%2F0001-10&n_documento=122338%2FA","service":"btg-baixa-titulos-service","timestamp":"2026-05-20T13:16:03.917Z"}
{"lancamento":1434924358,"level":"info","message":"ℹ️ Título 122338/A já estava baixado. Processo ignorado.","service":"btg-baixa-titulos-service","situacao":"BAIXADO","timestamp":"2026-05-20T13:16:03.938Z"}
{"level":"info","message":"🔎 Processando título 122395","service":"btg-baixa-titulos-service","timestamp":"2026-05-20T13:16:03.940Z"}
{"level":"info","message":"🌐 Millennium request: GET /MILLENIUM!JOIN_ONEUP.LANCAMENTOS.CONSULTALANCAMENTOS?cnpj=02.355.679%2F0001-67&n_documento=122395","service":"btg-baixa-titulos-service","timestamp":"2026-05-20T13:16:03.940Z"}
{"lancamento":1434924415,"level":"info","message":"ℹ️ Título 122395 já estava baixado. Processo ignorado.","service":"btg-baixa-titulos-service","situacao":"BAIXADO","timestamp":"2026-05-20T13:16:03.955Z"}
{"level":"info","message":"🔎 Processando título 122341","service":"btg-baixa-titulos-service","timestamp":"2026-05-20T13:16:03.957Z"}
{"level":"info","message":"🌐 Millennium request: GET /MILLENIUM!JOIN_ONEUP.LANCAMENTOS.CONSULTALANCAMENTOS?cnpj=01.009.793%2F0001-72&n_documento=122341","service":"btg-baixa-titulos-service","timestamp":"2026-05-20T13:16:03.957Z"}
{"lancamento":1434924366,"level":"info","message":"ℹ️ Título 122341 já estava baixado. Processo ignorado.","service":"btg-baixa-titulos-service","situacao":"BAIXADO","timestamp":"2026-05-20T13:16:03.972Z"}
{"level":"info","message":"🔎 Processando título 122336/A","service":"btg-baixa-titulos-service","timestamp":"2026-05-20T13:16:03.974Z"}
{"level":"info","message":"🌐 Millennium request: GET /MILLENIUM!JOIN_ONEUP.LANCAMENTOS.CONSULTALANCAMENTOS?cnpj=50.649.490%2F0001-20&n_documento=122336%2FA","service":"btg-baixa-titulos-service","timestamp":"2026-05-20T13:16:03.974Z"}
{"lancamento":1434924349,"level":"info","message":"ℹ️ Título 122336/A já estava baixado. Processo ignorado.","service":"btg-baixa-titulos-service","situacao":"BAIXADO","timestamp":"2026-05-20T13:16:03.991Z"}
{"level":"info","message":"🔎 Processando título 122343","service":"btg-baixa-titulos-service","timestamp":"2026-05-20T13:16:03.993Z"}
{"level":"info","message":"🌐 Millennium request: GET /MILLENIUM!JOIN_ONEUP.LANCAMENTOS.CONSULTALANCAMENTOS?cnpj=77.857.555%2F0009-36&n_documento=122343","service":"btg-baixa-titulos-service","timestamp":"2026-05-20T13:16:03.993Z"}
{"lancamento":1434924374,"level":"info","message":"ℹ️ Título 122343 já estava baixado. Processo ignorado.","service":"btg-baixa-titulos-service","situacao":"BAIXADO","timestamp":"2026-05-20T13:16:04.008Z"}
{"level":"info","message":"🔎 Processando título 122396","service":"btg-baixa-titulos-service","timestamp":"2026-05-20T13:16:04.009Z"}
{"level":"info","message":"🌐 Millennium request: GET /MILLENIUM!JOIN_ONEUP.LANCAMENTOS.CONSULTALANCAMENTOS?cnpj=01.329.811%2F0001-01&n_documento=122396","service":"btg-baixa-titulos-service","timestamp":"2026-05-20T13:16:04.009Z"}
{"lancamento":1434924416,"level":"info","message":"ℹ️ Título 122396 já estava baixado. Processo ignorado.","service":"btg-baixa-titulos-service","situacao":"BAIXADO","timestamp":"2026-05-20T13:16:04.025Z"}
{"level":"info","message":"🔎 Processando título 122337/A","service":"btg-baixa-titulos-service","timestamp":"2026-05-20T13:16:04.027Z"}
{"level":"info","message":"🌐 Millennium request: GET /MILLENIUM!JOIN_ONEUP.LANCAMENTOS.CONSULTALANCAMENTOS?cnpj=44.999.259%2F0001-63&n_documento=122337%2FA","service":"btg-baixa-titulos-service","timestamp":"2026-05-20T13:16:04.027Z"}
{"lancamento":1434924353,"level":"info","message":"ℹ️ Título 122337/A já estava baixado. Processo ignorado.","service":"btg-baixa-titulos-service","situacao":"BAIXADO","timestamp":"2026-05-20T13:16:04.043Z"}
{"level":"info","message":"🔎 Processando título 121874/A","service":"btg-baixa-titulos-service","timestamp":"2026-05-20T13:16:04.044Z"}
{"level":"info","message":"🌐 Millennium request: GET /MILLENIUM!JOIN_ONEUP.LANCAMENTOS.CONSULTALANCAMENTOS?cnpj=44.999.259%2F0001-63&n_documento=121874%2FA","service":"btg-baixa-titulos-service","timestamp":"2026-05-20T13:16:04.045Z"}
{"lancamento":1434922496,"level":"info","message":"ℹ️ Título 121874/A já estava baixado. Processo ignorado.","service":"btg-baixa-titulos-service","situacao":"BAIXADO","timestamp":"2026-05-20T13:16:04.060Z"}
{"level":"info","message":"🔎 Processando título 122404/A","service":"btg-baixa-titulos-service","timestamp":"2026-05-20T13:16:04.062Z"}
{"level":"info","message":"🌐 Millennium request: GET /MILLENIUM!JOIN_ONEUP.LANCAMENTOS.CONSULTALANCAMENTOS?cnpj=03.294.992%2F0001-03&n_documento=122404%2FA","service":"btg-baixa-titulos-service","timestamp":"2026-05-20T13:16:04.062Z"}
{"lancamento":1434924436,"level":"info","message":"ℹ️ Título 122404/A já estava baixado. Processo ignorado.","service":"btg-baixa-titulos-service","situacao":"BAIXADO","timestamp":"2026-05-20T13:16:04.076Z"}
{"level":"info","message":"🔎 Processando título 122399/A","service":"btg-baixa-titulos-service","timestamp":"2026-05-20T13:16:04.077Z"}
{"level":"info","message":"🌐 Millennium request: GET /MILLENIUM!JOIN_ONEUP.LANCAMENTOS.CONSULTALANCAMENTOS?cnpj=06.181.589%2F0001-58&n_documento=122399%2FA","service":"btg-baixa-titulos-service","timestamp":"2026-05-20T13:16:04.077Z"}
{"lancamento":1434924418,"level":"info","message":"ℹ️ Título 122399/A já estava baixado. Processo ignorado.","service":"btg-baixa-titulos-service","situacao":"BAIXADO","timestamp":"2026-05-20T13:16:04.093Z"}
{"level":"info","message":"🔎 Processando título 122010/A","service":"btg-baixa-titulos-service","timestamp":"2026-05-20T13:16:04.094Z"}
{"level":"info","message":"🌐 Millennium request: GET /MILLENIUM!JOIN_ONEUP.LANCAMENTOS.CONSULTALANCAMENTOS?cnpj=50.649.490%2F0001-20&n_documento=122010%2FA","service":"btg-baixa-titulos-service","timestamp":"2026-05-20T13:16:04.094Z"}
{"lancamento":1434922953,"level":"info","message":"ℹ️ Título 122010/A já estava baixado. Processo ignorado.","service":"btg-baixa-titulos-service","situacao":"BAIXADO","timestamp":"2026-05-20T13:16:04.108Z"}
{"level":"info","message":"🔎 Processando título 122400/A","service":"btg-baixa-titulos-service","timestamp":"2026-05-20T13:16:04.110Z"}
{"level":"info","message":"🌐 Millennium request: GET /MILLENIUM!JOIN_ONEUP.LANCAMENTOS.CONSULTALANCAMENTOS?cnpj=03.247.651%2F0001-79&n_documento=122400%2FA","service":"btg-baixa-titulos-service","timestamp":"2026-05-20T13:16:04.110Z"}
{"lancamento":1434924424,"level":"info","message":"ℹ️ Título 122400/A já estava baixado. Processo ignorado.","service":"btg-baixa-titulos-service","situacao":"BAIXADO","timestamp":"2026-05-20T13:16:04.125Z"}
{"level":"info","message":"🔎 Processando título 105758/C JUROS","service":"btg-baixa-titulos-service","timestamp":"2026-05-20T13:16:04.127Z"}
{"level":"info","message":"🌐 Millennium request: GET /MILLENIUM!JOIN_ONEUP.LANCAMENTOS.CONSULTALANCAMENTOS?cnpj=01.464.095%2F0001-67&n_documento=105758%2FC%20JUROS","service":"btg-baixa-titulos-service","timestamp":"2026-05-20T13:16:04.127Z"}
{"lancamento":1434925090,"level":"info","message":"ℹ️ Título 105758/C JUROS já estava baixado. Processo ignorado.","service":"btg-baixa-titulos-service","situacao":"BAIXADO","timestamp":"2026-05-20T13:16:04.141Z"}
{"level":"info","message":"🔎 Processando título 102319/G JUROS","service":"btg-baixa-titulos-service","timestamp":"2026-05-20T13:16:04.142Z"}
{"level":"info","message":"🌐 Millennium request: GET /MILLENIUM!JOIN_ONEUP.LANCAMENTOS.CONSULTALANCAMENTOS?cnpj=01.464.095%2F0001-67&n_documento=102319%2FG%20JUROS","service":"btg-baixa-titulos-service","timestamp":"2026-05-20T13:16:04.143Z"}
{"lancamento":1434925093,"level":"info","message":"ℹ️ Título 102319/G JUROS já estava baixado. Processo ignorado.","service":"btg-baixa-titulos-service","situacao":"BAIXADO","timestamp":"2026-05-20T13:16:04.156Z"}
{"level":"info","message":"🔎 Processando título FRE 120666","service":"btg-baixa-titulos-service","timestamp":"2026-05-20T13:16:04.157Z"}
{"level":"info","message":"🌐 Millennium request: GET /MILLENIUM!JOIN_ONEUP.LANCAMENTOS.CONSULTALANCAMENTOS?cnpj=02.355.679%2F0001-67&n_documento=FRE%20120666","service":"btg-baixa-titulos-service","timestamp":"2026-05-20T13:16:04.157Z"}
{"lancamento":1434922478,"level":"info","message":"ℹ️ Título FRE 120666 já estava baixado. Processo ignorado.","service":"btg-baixa-titulos-service","situacao":"BAIXADO","timestamp":"2026-05-20T13:16:04.170Z"}
{"level":"info","message":"🔎 Processando título FRE 120631","service":"btg-baixa-titulos-service","timestamp":"2026-05-20T13:16:04.172Z"}
{"level":"info","message":"🌐 Millennium request: GET /MILLENIUM!JOIN_ONEUP.LANCAMENTOS.CONSULTALANCAMENTOS?cnpj=03.294.992%2F0001-03&n_documento=FRE%20120631","service":"btg-baixa-titulos-service","timestamp":"2026-05-20T13:16:04.172Z"}
{"lancamento":1434922472,"level":"info","message":"ℹ️ Título FRE 120631 já estava baixado. Processo ignorado.","service":"btg-baixa-titulos-service","situacao":"BAIXADO","timestamp":"2026-05-20T13:16:04.187Z"}
{"level":"info","message":"🔎 Processando título CORRE 120183","service":"btg-baixa-titulos-service","timestamp":"2026-05-20T13:16:04.189Z"}
{"level":"info","message":"🌐 Millennium request: GET /MILLENIUM!JOIN_ONEUP.LANCAMENTOS.CONSULTALANCAMENTOS?cnpj=03.294.992%2F0001-03&n_documento=CORRE%20120183","service":"btg-baixa-titulos-service","timestamp":"2026-05-20T13:16:04.189Z"}
{"lancamento":1434922458,"level":"info","message":"ℹ️ Título CORRE 120183 já estava baixado. Processo ignorado.","service":"btg-baixa-titulos-service","situacao":"BAIXADO","timestamp":"2026-05-20T13:16:04.207Z"}
{"level":"info","message":"🔎 Processando título FRE 120618","service":"btg-baixa-titulos-service","timestamp":"2026-05-20T13:16:04.209Z"}
{"level":"info","message":"🌐 Millennium request: GET /MILLENIUM!JOIN_ONEUP.LANCAMENTOS.CONSULTALANCAMENTOS?cnpj=01.009.793%2F0001-72&n_documento=FRE%20120618","service":"btg-baixa-titulos-service","timestamp":"2026-05-20T13:16:04.209Z"}
{"lancamento":1434922481,"level":"info","message":"ℹ️ Título FRE 120618 já estava baixado. Processo ignorado.","service":"btg-baixa-titulos-service","situacao":"BAIXADO","timestamp":"2026-05-20T13:16:04.231Z"}
{"level":"info","message":"🔎 Processando título 121368","service":"btg-baixa-titulos-service","timestamp":"2026-05-20T13:16:04.233Z"}
{"level":"info","message":"🌐 Millennium request: GET /MILLENIUM!JOIN_ONEUP.LANCAMENTOS.CONSULTALANCAMENTOS?cnpj=01.009.793%2F0001-72&n_documento=121368","service":"btg-baixa-titulos-service","timestamp":"2026-05-20T13:16:04.233Z"}
{"lancamento":1434920840,"level":"info","message":"ℹ️ Título 121368 já estava baixado. Processo ignorado.","service":"btg-baixa-titulos-service","situacao":"BAIXADO","timestamp":"2026-05-20T13:16:04.256Z"}
{"level":"info","message":"🔎 Processando título FRE 120629","service":"btg-baixa-titulos-service","timestamp":"2026-05-20T13:16:04.258Z"}
{"level":"info","message":"🌐 Millennium request: GET /MILLENIUM!JOIN_ONEUP.LANCAMENTOS.CONSULTALANCAMENTOS?cnpj=57.408.548%2F0001-92&n_documento=FRE%20120629","service":"btg-baixa-titulos-service","timestamp":"2026-05-20T13:16:04.258Z"}
{"lancamento":1434922484,"level":"info","message":"ℹ️ Título FRE 120629 já estava baixado. Processo ignorado.","service":"btg-baixa-titulos-service","situacao":"BAIXADO","timestamp":"2026-05-20T13:16:04.275Z"}
{"level":"info","message":"🔎 Processando título CORRE 120558","service":"btg-baixa-titulos-service","timestamp":"2026-05-20T13:16:04.277Z"}
{"level":"info","message":"🌐 Millennium request: GET /MILLENIUM!JOIN_ONEUP.LANCAMENTOS.CONSULTALANCAMENTOS?cnpj=57.408.548%2F0001-92&n_documento=CORRE%20120558","service":"btg-baixa-titulos-service","timestamp":"2026-05-20T13:16:04.277Z"}
{"erro":"Título não localizado: CORRE 120558","level":"error","message":"❌ Erro no título CORRE 120558","service":"btg-baixa-titulos-service","status":"ERRO_CONSULTA","timestamp":"2026-05-20T13:16:04.377Z"}
{"level":"info","message":"🔎 Processando título CORRE 120329","service":"btg-baixa-titulos-service","timestamp":"2026-05-20T13:16:04.380Z"}
{"level":"info","message":"🌐 Millennium request: GET /MILLENIUM!JOIN_ONEUP.LANCAMENTOS.CONSULTALANCAMENTOS?cnpj=57.408.548%2F0001-92&n_documento=CORRE%20120329","service":"btg-baixa-titulos-service","timestamp":"2026-05-20T13:16:04.380Z"}
{"lancamento":1434922462,"level":"info","message":"ℹ️ Título CORRE 120329 já estava baixado. Processo ignorado.","service":"btg-baixa-titulos-service","situacao":"BAIXADO","timestamp":"2026-05-20T13:16:04.398Z"}
{"level":"info","message":"🔎 Processando título CORRE 120029","service":"btg-baixa-titulos-service","timestamp":"2026-05-20T13:16:04.399Z"}
{"level":"info","message":"🌐 Millennium request: GET /MILLENIUM!JOIN_ONEUP.LANCAMENTOS.CONSULTALANCAMENTOS?cnpj=57.408.548%2F0001-92&n_documento=CORRE%20120029","service":"btg-baixa-titulos-service","timestamp":"2026-05-20T13:16:04.399Z"}
{"lancamento":1434922461,"level":"info","message":"ℹ️ Título CORRE 120029 já estava baixado. Processo ignorado.","service":"btg-baixa-titulos-service","situacao":"BAIXADO","timestamp":"2026-05-20T13:16:04.414Z"}
{"level":"info","message":"🔎 Processando título 120775","service":"btg-baixa-titulos-service","timestamp":"2026-05-20T13:16:04.414Z"}
{"level":"info","message":"🌐 Millennium request: GET /MILLENIUM!JOIN_ONEUP.LANCAMENTOS.CONSULTALANCAMENTOS?cnpj=57.408.548%2F0001-92&n_documento=120775","service":"btg-baixa-titulos-service","timestamp":"2026-05-20T13:16:04.414Z"}
{"erro":"Título não localizado: 120775","level":"error","message":"❌ Erro no título 120775","service":"btg-baixa-titulos-service","status":"ERRO_CONSULTA","timestamp":"2026-05-20T13:16:04.429Z"}
{"level":"info","message":"🔎 Processando título 120620","service":"btg-baixa-titulos-service","timestamp":"2026-05-20T13:16:04.429Z"}
{"level":"info","message":"🌐 Millennium request: GET /MILLENIUM!JOIN_ONEUP.LANCAMENTOS.CONSULTALANCAMENTOS?cnpj=01.329.811%2F0001-01&n_documento=120620","service":"btg-baixa-titulos-service","timestamp":"2026-05-20T13:16:04.429Z"}
{"lancamento":1434917864,"level":"info","message":"ℹ️ Título 120620 já estava baixado. Processo ignorado.","service":"btg-baixa-titulos-service","situacao":"BAIXADO","timestamp":"2026-05-20T13:16:04.445Z"}
{"level":"info","message":"🔎 Processando título 121137/A","service":"btg-baixa-titulos-service","timestamp":"2026-05-20T13:16:04.445Z"}
{"level":"info","message":"🌐 Millennium request: GET /MILLENIUM!JOIN_ONEUP.LANCAMENTOS.CONSULTALANCAMENTOS?cnpj=00.768.271%2F0001-91&n_documento=121137%2FA","service":"btg-baixa-titulos-service","timestamp":"2026-05-20T13:16:04.445Z"}
{"lancamento":1434919878,"level":"info","message":"ℹ️ Título 121137/A já estava baixado. Processo ignorado.","service":"btg-baixa-titulos-service","situacao":"BAIXADO","timestamp":"2026-05-20T13:16:04.461Z"}
{"level":"info","message":"🔎 Processando título 119986/B","service":"btg-baixa-titulos-service","timestamp":"2026-05-20T13:16:04.462Z"}
{"level":"info","message":"🌐 Millennium request: GET /MILLENIUM!JOIN_ONEUP.LANCAMENTOS.CONSULTALANCAMENTOS?cnpj=73.652.158%2F0001-10&n_documento=119986%2FB","service":"btg-baixa-titulos-service","timestamp":"2026-05-20T13:16:04.462Z"}
{"lancamento":1434914964,"level":"info","message":"📝 Atualizando título 119986/B","payload":{"lancamento":1434914964,"linhaDigitavel":"20890050091888654511220031005802314510000018320","nossoNumero":"04350188865451120","valorJuros":0},"service":"btg-baixa-titulos-service","timestamp":"2026-05-20T13:16:04.477Z"}
{"level":"info","message":"🌐 Millennium request: POST /MILLENIUM!JOIN_ONEUP.LANCAMENTOS.INSEREINFO","service":"btg-baixa-titulos-service","timestamp":"2026-05-20T13:16:04.477Z"}
{"lancamento":1434914964,"level":"info","message":"✅ Título atualizado com sucesso","numeroDocumento":"119986/B","service":"btg-baixa-titulos-service","timestamp":"2026-05-20T13:16:04.494Z","transId":340492301}
{"lancamento":1434914964,"level":"info","message":"💰 Iniciando baixa do título 119986/B","payload":{"CONCILIADO":true,"CONTA":1431333549,"DATA_PAGAMENTO":"2026-05-19","EFETUADO":true,"FILIAL":5,"GERA_OUTRO":false,"LANCAMENTO":1434914964,"OBS":"2026-05-20T13:16:04.495Z - Baixa por retorno automacao importacao excel","STATUS_BAIXA":"N","VALOR":183.2,"acres_decres":0,"valor_pago":183.2},"service":"btg-baixa-titulos-service","timestamp":"2026-05-20T13:16:04.495Z"}
{"dataPagamento":"2026-05-19","level":"info","message":"📅 Payload da baixa","service":"btg-baixa-titulos-service","timestamp":"2026-05-20T13:16:04.495Z"}
{"level":"info","message":"🌐 Millennium request: POST /millenium/titulos/baixa","service":"btg-baixa-titulos-service","timestamp":"2026-05-20T13:16:04.495Z"}
{"baixa":1435954262,"level":"info","message":"✅ Título baixado com sucesso","numeroDocumento":"119986/B","service":"btg-baixa-titulos-service","timestamp":"2026-05-20T13:16:04.696Z","valor":183.2}
{"level":"info","message":"✅ Fluxo concluído para 119986/B","service":"btg-baixa-titulos-service","timestamp":"2026-05-20T13:16:04.696Z"}
{"level":"info","message":"🔎 Processando título 119986/A","service":"btg-baixa-titulos-service","timestamp":"2026-05-20T13:16:04.698Z"}
{"level":"info","message":"🌐 Millennium request: GET /MILLENIUM!JOIN_ONEUP.LANCAMENTOS.CONSULTALANCAMENTOS?cnpj=73.652.158%2F0001-10&n_documento=119986%2FA","service":"btg-baixa-titulos-service","timestamp":"2026-05-20T13:16:04.698Z"}
{"lancamento":1434914963,"level":"info","message":"ℹ️ Título 119986/A já estava baixado. Processo ignorado.","service":"btg-baixa-titulos-service","situacao":"BAIXADO","timestamp":"2026-05-20T13:16:04.712Z"}
{"level":"info","message":"🔎 Processando título FRE 119328","service":"btg-baixa-titulos-service","timestamp":"2026-05-20T13:16:04.714Z"}
{"level":"info","message":"🌐 Millennium request: GET /MILLENIUM!JOIN_ONEUP.LANCAMENTOS.CONSULTALANCAMENTOS?cnpj=57.408.548%2F0001-92&n_documento=FRE%20119328","service":"btg-baixa-titulos-service","timestamp":"2026-05-20T13:16:04.714Z"}
{"erro":"Título não localizado: FRE 119328","level":"error","message":"❌ Erro no título FRE 119328","service":"btg-baixa-titulos-service","status":"ERRO_CONSULTA","timestamp":"2026-05-20T13:16:04.731Z"}
{"level":"info","message":"🔎 Processando título FRE 119325","service":"btg-baixa-titulos-service","timestamp":"2026-05-20T13:16:04.733Z"}
{"level":"info","message":"🌐 Millennium request: GET /MILLENIUM!JOIN_ONEUP.LANCAMENTOS.CONSULTALANCAMENTOS?cnpj=02.355.679%2F0001-67&n_documento=FRE%20119325","service":"btg-baixa-titulos-service","timestamp":"2026-05-20T13:16:04.733Z"}
{"lancamento":1434918566,"level":"info","message":"ℹ️ Título FRE 119325 já estava baixado. Processo ignorado.","service":"btg-baixa-titulos-service","situacao":"BAIXADO","timestamp":"2026-05-20T13:16:04.748Z"}
{"level":"info","message":"🔎 Processando título FRE 119324","service":"btg-baixa-titulos-service","timestamp":"2026-05-20T13:16:04.750Z"}
{"level":"info","message":"🌐 Millennium request: GET /MILLENIUM!JOIN_ONEUP.LANCAMENTOS.CONSULTALANCAMENTOS?cnpj=03.294.992%2F0001-03&n_documento=FRE%20119324","service":"btg-baixa-titulos-service","timestamp":"2026-05-20T13:16:04.751Z"}
{"lancamento":1434918575,"level":"info","message":"ℹ️ Título FRE 119324 já estava baixado. Processo ignorado.","service":"btg-baixa-titulos-service","situacao":"BAIXADO","timestamp":"2026-05-20T13:16:04.766Z"}
{"level":"info","message":"🔎 Processando título 120623/A","service":"btg-baixa-titulos-service","timestamp":"2026-05-20T13:16:04.768Z"}
{"level":"info","message":"🌐 Millennium request: GET /MILLENIUM!JOIN_ONEUP.LANCAMENTOS.CONSULTALANCAMENTOS?cnpj=00.768.271%2F0001-91&n_documento=120623%2FA","service":"btg-baixa-titulos-service","timestamp":"2026-05-20T13:16:04.768Z"}
{"lancamento":1434917866,"level":"info","message":"ℹ️ Título 120623/A já estava baixado. Processo ignorado.","service":"btg-baixa-titulos-service","situacao":"BAIXADO","timestamp":"2026-05-20T13:16:04.786Z"}
{"level":"info","message":"🔎 Processando título FRE 119300","service":"btg-baixa-titulos-service","timestamp":"2026-05-20T13:16:04.788Z"}
{"level":"info","message":"🌐 Millennium request: GET /MILLENIUM!JOIN_ONEUP.LANCAMENTOS.CONSULTALANCAMENTOS?cnpj=01.329.811%2F0001-01&n_documento=FRE%20119300","service":"btg-baixa-titulos-service","timestamp":"2026-05-20T13:16:04.788Z"}
{"lancamento":1434918576,"level":"info","message":"ℹ️ Título FRE 119300 já estava baixado. Processo ignorado.","service":"btg-baixa-titulos-service","situacao":"BAIXADO","timestamp":"2026-05-20T13:16:04.893Z"}
{"level":"info","message":"🔎 Processando título 120620","service":"btg-baixa-titulos-service","timestamp":"2026-05-20T13:16:04.896Z"}
{"level":"info","message":"🌐 Millennium request: GET /MILLENIUM!JOIN_ONEUP.LANCAMENTOS.CONSULTALANCAMENTOS?cnpj=01.329.811%2F0001-01&n_documento=120620","service":"btg-baixa-titulos-service","timestamp":"2026-05-20T13:16:04.896Z"}
{"lancamento":1434917864,"level":"info","message":"ℹ️ Título 120620 já estava baixado. Processo ignorado.","service":"btg-baixa-titulos-service","situacao":"BAIXADO","timestamp":"2026-05-20T13:16:04.910Z"}
{"level":"info","message":"🔎 Processando título FRE 119291","service":"btg-baixa-titulos-service","timestamp":"2026-05-20T13:16:04.911Z"}
{"level":"info","message":"🌐 Millennium request: GET /MILLENIUM!JOIN_ONEUP.LANCAMENTOS.CONSULTALANCAMENTOS?cnpj=01.009.793%2F0001-72&n_documento=FRE%20119291","service":"btg-baixa-titulos-service","timestamp":"2026-05-20T13:16:04.911Z"}
{"lancamento":1434918550,"level":"info","message":"ℹ️ Título FRE 119291 já estava baixado. Processo ignorado.","service":"btg-baixa-titulos-service","situacao":"BAIXADO","timestamp":"2026-05-20T13:16:04.936Z"}
{"level":"info","message":"🔎 Processando título FRE 119286","service":"btg-baixa-titulos-service","timestamp":"2026-05-20T13:16:04.937Z"}
{"level":"info","message":"🌐 Millennium request: GET /MILLENIUM!JOIN_ONEUP.LANCAMENTOS.CONSULTALANCAMENTOS?cnpj=21.067.137%2F0001-33&n_documento=FRE%20119286","service":"btg-baixa-titulos-service","timestamp":"2026-05-20T13:16:04.938Z"}
{"lancamento":1434918567,"level":"info","message":"ℹ️ Título FRE 119286 já estava baixado. Processo ignorado.","service":"btg-baixa-titulos-service","situacao":"BAIXADO","timestamp":"2026-05-20T13:16:04.952Z"}
{"level":"info","message":"🔎 Processando título FRE 117845","service":"btg-baixa-titulos-service","timestamp":"2026-05-20T13:16:04.953Z"}
{"level":"info","message":"🌐 Millennium request: GET /MILLENIUM!JOIN_ONEUP.LANCAMENTOS.CONSULTALANCAMENTOS?cnpj=03.294.992%2F0001-03&n_documento=FRE%20117845","service":"btg-baixa-titulos-service","timestamp":"2026-05-20T13:16:04.954Z"}
{"lancamento":1434918548,"level":"info","message":"ℹ️ Título FRE 117845 já estava baixado. Processo ignorado.","service":"btg-baixa-titulos-service","situacao":"BAIXADO","timestamp":"2026-05-20T13:16:04.972Z"}
{"level":"info","message":"🔎 Processando título FRE 117766","service":"btg-baixa-titulos-service","timestamp":"2026-05-20T13:16:04.974Z"}
{"level":"info","message":"🌐 Millennium request: GET /MILLENIUM!JOIN_ONEUP.LANCAMENTOS.CONSULTALANCAMENTOS?cnpj=57.408.548%2F0001-92&n_documento=FRE%20117766","service":"btg-baixa-titulos-service","timestamp":"2026-05-20T13:16:04.974Z"}
{"lancamento":1434918547,"level":"info","message":"ℹ️ Título FRE 117766 já estava baixado. Processo ignorado.","service":"btg-baixa-titulos-service","situacao":"BAIXADO","timestamp":"2026-05-20T13:16:04.994Z"}
{"level":"info","message":"🔎 Processando título CORRE 118933","service":"btg-baixa-titulos-service","timestamp":"2026-05-20T13:16:04.996Z"}
{"level":"info","message":"🌐 Millennium request: GET /MILLENIUM!JOIN_ONEUP.LANCAMENTOS.CONSULTALANCAMENTOS?cnpj=01.009.793%2F0001-72&n_documento=CORRE%20118933","service":"btg-baixa-titulos-service","timestamp":"2026-05-20T13:16:04.996Z"}
{"lancamento":1434918549,"level":"info","message":"ℹ️ Título CORRE 118933 já estava baixado. Processo ignorado.","service":"btg-baixa-titulos-service","situacao":"BAIXADO","timestamp":"2026-05-20T13:16:05.037Z"}
{"level":"info","message":"🔎 Processando título 120619/A","service":"btg-baixa-titulos-service","timestamp":"2026-05-20T13:16:05.039Z"}
{"level":"info","message":"🌐 Millennium request: GET /MILLENIUM!JOIN_ONEUP.LANCAMENTOS.CONSULTALANCAMENTOS?cnpj=73.652.158%2F0001-10&n_documento=120619%2FA","service":"btg-baixa-titulos-service","timestamp":"2026-05-20T13:16:05.039Z"}
{"lancamento":1434917859,"level":"info","message":"ℹ️ Título 120619/A já estava baixado. Processo ignorado.","service":"btg-baixa-titulos-service","situacao":"BAIXADO","timestamp":"2026-05-20T13:16:05.056Z"}
{"level":"info","message":"🔎 Processando título CORRE 117241","service":"btg-baixa-titulos-service","timestamp":"2026-05-20T13:16:05.059Z"}
{"level":"info","message":"🌐 Millennium request: GET /MILLENIUM!JOIN_ONEUP.LANCAMENTOS.CONSULTALANCAMENTOS?cnpj=03.294.992%2F0001-03&n_documento=CORRE%20117241","service":"btg-baixa-titulos-service","timestamp":"2026-05-20T13:16:05.059Z"}
{"lancamento":1434918546,"level":"info","message":"ℹ️ Título CORRE 117241 já estava baixado. Processo ignorado.","service":"btg-baixa-titulos-service","situacao":"BAIXADO","timestamp":"2026-05-20T13:16:05.076Z"}
{"level":"info","message":"🔎 Processando título 120618","service":"btg-baixa-titulos-service","timestamp":"2026-05-20T13:16:05.077Z"}
{"level":"info","message":"🌐 Millennium request: GET /MILLENIUM!JOIN_ONEUP.LANCAMENTOS.CONSULTALANCAMENTOS?cnpj=01.009.793%2F0001-72&n_documento=120618","service":"btg-baixa-titulos-service","timestamp":"2026-05-20T13:16:05.077Z"}
{"lancamento":1434917858,"level":"info","message":"ℹ️ Título 120618 já estava baixado. Processo ignorado.","service":"btg-baixa-titulos-service","situacao":"BAIXADO","timestamp":"2026-05-20T13:16:05.098Z"}
{"level":"info","message":"🔎 Processando título 120666","service":"btg-baixa-titulos-service","timestamp":"2026-05-20T13:16:05.100Z"}
{"level":"info","message":"🌐 Millennium request: GET /MILLENIUM!JOIN_ONEUP.LANCAMENTOS.CONSULTALANCAMENTOS?cnpj=02.355.679%2F0001-67&n_documento=120666","service":"btg-baixa-titulos-service","timestamp":"2026-05-20T13:16:05.100Z"}
{"lancamento":1434917997,"level":"info","message":"ℹ️ Título 120666 já estava baixado. Processo ignorado.","service":"btg-baixa-titulos-service","situacao":"BAIXADO","timestamp":"2026-05-20T13:16:05.115Z"}
{"level":"info","message":"🔎 Processando título 120614/A","service":"btg-baixa-titulos-service","timestamp":"2026-05-20T13:16:05.117Z"}
{"level":"info","message":"🌐 Millennium request: GET /MILLENIUM!JOIN_ONEUP.LANCAMENTOS.CONSULTALANCAMENTOS?cnpj=50.649.490%2F0001-20&n_documento=120614%2FA","service":"btg-baixa-titulos-service","timestamp":"2026-05-20T13:16:05.117Z"}
{"lancamento":1434917847,"level":"info","message":"ℹ️ Título 120614/A já estava baixado. Processo ignorado.","service":"btg-baixa-titulos-service","situacao":"BAIXADO","timestamp":"2026-05-20T13:16:05.134Z"}
{"level":"info","message":"🔎 Processando título 120640/A","service":"btg-baixa-titulos-service","timestamp":"2026-05-20T13:16:05.136Z"}
{"level":"info","message":"🌐 Millennium request: GET /MILLENIUM!JOIN_ONEUP.LANCAMENTOS.CONSULTALANCAMENTOS?cnpj=50.649.490%2F0001-20&n_documento=120640%2FA","service":"btg-baixa-titulos-service","timestamp":"2026-05-20T13:16:05.137Z"}
{"lancamento":1434917920,"level":"info","message":"ℹ️ Título 120640/A já estava baixado. Processo ignorado.","service":"btg-baixa-titulos-service","situacao":"BAIXADO","timestamp":"2026-05-20T13:16:05.153Z"}
{"level":"info","message":"🔎 Processando título 120638/A","service":"btg-baixa-titulos-service","timestamp":"2026-05-20T13:16:05.156Z"}
{"level":"info","message":"🌐 Millennium request: GET /MILLENIUM!JOIN_ONEUP.LANCAMENTOS.CONSULTALANCAMENTOS?cnpj=01.934.454%2F0001-00&n_documento=120638%2FA","service":"btg-baixa-titulos-service","timestamp":"2026-05-20T13:16:05.156Z"}
{"lancamento":1434917915,"level":"info","message":"ℹ️ Título 120638/A já estava baixado. Processo ignorado.","service":"btg-baixa-titulos-service","situacao":"BAIXADO","timestamp":"2026-05-20T13:16:05.171Z"}
{"level":"info","message":"🔎 Processando título 120183/A","service":"btg-baixa-titulos-service","timestamp":"2026-05-20T13:16:05.174Z"}
{"level":"info","message":"🌐 Millennium request: GET /MILLENIUM!JOIN_ONEUP.LANCAMENTOS.CONSULTALANCAMENTOS?cnpj=03.294.992%2F0001-03&n_documento=120183%2FA","service":"btg-baixa-titulos-service","timestamp":"2026-05-20T13:16:05.174Z"}
{"lancamento":1434916366,"level":"info","message":"ℹ️ Título 120183/A já estava baixado. Processo ignorado.","service":"btg-baixa-titulos-service","situacao":"BAIXADO","timestamp":"2026-05-20T13:16:05.191Z"}
{"level":"info","message":"🔎 Processando título 120634/A","service":"btg-baixa-titulos-service","timestamp":"2026-05-20T13:16:05.193Z"}
{"level":"info","message":"🌐 Millennium request: GET /MILLENIUM!JOIN_ONEUP.LANCAMENTOS.CONSULTALANCAMENTOS?cnpj=06.181.589%2F0001-58&n_documento=120634%2FA","service":"btg-baixa-titulos-service","timestamp":"2026-05-20T13:16:05.193Z"}
{"lancamento":1434917907,"level":"info","message":"ℹ️ Título 120634/A já estava baixado. Processo ignorado.","service":"btg-baixa-titulos-service","situacao":"BAIXADO","timestamp":"2026-05-20T13:16:05.212Z"}
{"level":"info","message":"🔎 Processando título 120633/A","service":"btg-baixa-titulos-service","timestamp":"2026-05-20T13:16:05.214Z"}
{"level":"info","message":"🌐 Millennium request: GET /MILLENIUM!JOIN_ONEUP.LANCAMENTOS.CONSULTALANCAMENTOS?cnpj=03.247.651%2F0001-79&n_documento=120633%2FA","service":"btg-baixa-titulos-service","timestamp":"2026-05-20T13:16:05.214Z"}
{"lancamento":1434917902,"level":"info","message":"ℹ️ Título 120633/A já estava baixado. Processo ignorado.","service":"btg-baixa-titulos-service","situacao":"BAIXADO","timestamp":"2026-05-20T13:16:05.233Z"}
{"level":"info","message":"🔎 Processando título 120632/A","service":"btg-baixa-titulos-service","timestamp":"2026-05-20T13:16:05.236Z"}
{"level":"info","message":"🌐 Millennium request: GET /MILLENIUM!JOIN_ONEUP.LANCAMENTOS.CONSULTALANCAMENTOS?cnpj=50.649.490%2F0001-20&n_documento=120632%2FA","service":"btg-baixa-titulos-service","timestamp":"2026-05-20T13:16:05.236Z"}
{"lancamento":1434917888,"level":"info","message":"ℹ️ Título 120632/A já estava baixado. Processo ignorado.","service":"btg-baixa-titulos-service","situacao":"BAIXADO","timestamp":"2026-05-20T13:16:05.252Z"}
{"level":"info","message":"🔎 Processando título 120631/A","service":"btg-baixa-titulos-service","timestamp":"2026-05-20T13:16:05.254Z"}
{"level":"info","message":"🌐 Millennium request: GET /MILLENIUM!JOIN_ONEUP.LANCAMENTOS.CONSULTALANCAMENTOS?cnpj=03.294.992%2F0001-03&n_documento=120631%2FA","service":"btg-baixa-titulos-service","timestamp":"2026-05-20T13:16:05.254Z"}
{"lancamento":1434917883,"level":"info","message":"ℹ️ Título 120631/A já estava baixado. Processo ignorado.","service":"btg-baixa-titulos-service","situacao":"BAIXADO","timestamp":"2026-05-20T13:16:05.271Z"}
{"level":"info","message":"🔎 Processando título 120613/A","service":"btg-baixa-titulos-service","timestamp":"2026-05-20T13:16:05.273Z"}
{"level":"info","message":"🌐 Millennium request: GET /MILLENIUM!JOIN_ONEUP.LANCAMENTOS.CONSULTALANCAMENTOS?cnpj=50.649.490%2F0001-20&n_documento=120613%2FA","service":"btg-baixa-titulos-service","timestamp":"2026-05-20T13:16:05.273Z"}
{"lancamento":1434917835,"level":"info","message":"ℹ️ Título 120613/A já estava baixado. Processo ignorado.","service":"btg-baixa-titulos-service","situacao":"BAIXADO","timestamp":"2026-05-20T13:16:05.290Z"}
{"level":"info","message":"🔎 Processando título 120628","service":"btg-baixa-titulos-service","timestamp":"2026-05-20T13:16:05.292Z"}
{"level":"info","message":"🌐 Millennium request: GET /MILLENIUM!JOIN_ONEUP.LANCAMENTOS.CONSULTALANCAMENTOS?cnpj=77.857.555%2F0009-36&n_documento=120628","service":"btg-baixa-titulos-service","timestamp":"2026-05-20T13:16:05.293Z"}
{"lancamento":1434917878,"level":"info","message":"ℹ️ Título 120628 já estava baixado. Processo ignorado.","service":"btg-baixa-titulos-service","situacao":"BAIXADO","timestamp":"2026-05-20T13:16:05.319Z"}
{"level":"info","message":"🔎 Processando título 120611/A","service":"btg-baixa-titulos-service","timestamp":"2026-05-20T13:16:05.322Z"}
{"level":"info","message":"🌐 Millennium request: GET /MILLENIUM!JOIN_ONEUP.LANCAMENTOS.CONSULTALANCAMENTOS?cnpj=50.649.490%2F0001-20&n_documento=120611%2FA","service":"btg-baixa-titulos-service","timestamp":"2026-05-20T13:16:05.322Z"}
{"lancamento":1434917832,"level":"info","message":"ℹ️ Título 120611/A já estava baixado. Processo ignorado.","service":"btg-baixa-titulos-service","situacao":"BAIXADO","timestamp":"2026-05-20T13:16:05.432Z"}
{"level":"info","message":"🔎 Processando título 119929/B","service":"btg-baixa-titulos-service","timestamp":"2026-05-20T13:16:05.434Z"}
{"level":"info","message":"🌐 Millennium request: GET /MILLENIUM!JOIN_ONEUP.LANCAMENTOS.CONSULTALANCAMENTOS?cnpj=03.247.651%2F0001-79&n_documento=119929%2FB","service":"btg-baixa-titulos-service","timestamp":"2026-05-20T13:16:05.434Z"}
{"lancamento":1434914751,"level":"info","message":"📝 Atualizando título 119929/B","payload":{"lancamento":1434914751,"linhaDigitavel":"20890050091724015015518031005806714510000143280","nossoNumero":"76823372401501518","valorJuros":0},"service":"btg-baixa-titulos-service","timestamp":"2026-05-20T13:16:05.451Z"}
{"level":"info","message":"🌐 Millennium request: POST /MILLENIUM!JOIN_ONEUP.LANCAMENTOS.INSEREINFO","service":"btg-baixa-titulos-service","timestamp":"2026-05-20T13:16:05.451Z"}
{"lancamento":1434914751,"level":"info","message":"✅ Título atualizado com sucesso","numeroDocumento":"119929/B","service":"btg-baixa-titulos-service","timestamp":"2026-05-20T13:16:05.466Z","transId":340492303}
{"lancamento":1434914751,"level":"info","message":"💰 Iniciando baixa do título 119929/B","payload":{"CONCILIADO":true,"CONTA":1431333549,"DATA_PAGAMENTO":"2026-05-19","EFETUADO":true,"FILIAL":5,"GERA_OUTRO":false,"LANCAMENTO":1434914751,"OBS":"2026-05-20T13:16:05.466Z - Baixa por retorno automacao importacao excel","STATUS_BAIXA":"N","VALOR":1432.8,"acres_decres":0,"valor_pago":1432.8},"service":"btg-baixa-titulos-service","timestamp":"2026-05-20T13:16:05.466Z"}
{"dataPagamento":"2026-05-19","level":"info","message":"📅 Payload da baixa","service":"btg-baixa-titulos-service","timestamp":"2026-05-20T13:16:05.466Z"}
{"level":"info","message":"🌐 Millennium request: POST /millenium/titulos/baixa","service":"btg-baixa-titulos-service","timestamp":"2026-05-20T13:16:05.466Z"}
{"baixa":1435954263,"level":"info","message":"✅ Título baixado com sucesso","numeroDocumento":"119929/B","service":"btg-baixa-titulos-service","timestamp":"2026-05-20T13:16:05.689Z","valor":1432.8}
{"level":"info","message":"✅ Fluxo concluído para 119929/B","service":"btg-baixa-titulos-service","timestamp":"2026-05-20T13:16:05.689Z"}
{"level":"info","message":"🔎 Processando título 120625/A","service":"btg-baixa-titulos-service","timestamp":"2026-05-20T13:16:05.692Z"}
{"level":"info","message":"🌐 Millennium request: GET /MILLENIUM!JOIN_ONEUP.LANCAMENTOS.CONSULTALANCAMENTOS?cnpj=44.999.259%2F0001-63&n_documento=120625%2FA","service":"btg-baixa-titulos-service","timestamp":"2026-05-20T13:16:05.692Z"}
{"lancamento":1434917871,"level":"info","message":"ℹ️ Título 120625/A já estava baixado. Processo ignorado.","service":"btg-baixa-titulos-service","situacao":"BAIXADO","timestamp":"2026-05-20T13:16:05.712Z"}
{"level":"info","message":"🔎 Processando título 119929/A","service":"btg-baixa-titulos-service","timestamp":"2026-05-20T13:16:05.715Z"}
{"level":"info","message":"🌐 Millennium request: GET /MILLENIUM!JOIN_ONEUP.LANCAMENTOS.CONSULTALANCAMENTOS?cnpj=03.247.651%2F0001-79&n_documento=119929%2FA","service":"btg-baixa-titulos-service","timestamp":"2026-05-20T13:16:05.715Z"}
{"lancamento":1434914750,"level":"info","message":"ℹ️ Título 119929/A já estava baixado. Processo ignorado.","service":"btg-baixa-titulos-service","situacao":"BAIXADO","timestamp":"2026-05-20T13:16:05.733Z"}
{"level":"info","message":"🔎 Processando título 119716/A","service":"btg-baixa-titulos-service","timestamp":"2026-05-20T13:16:05.736Z"}
{"level":"info","message":"🌐 Millennium request: GET /MILLENIUM!JOIN_ONEUP.LANCAMENTOS.CONSULTALANCAMENTOS?cnpj=57.408.548%2F0001-92&n_documento=119716%2FA","service":"btg-baixa-titulos-service","timestamp":"2026-05-20T13:16:05.736Z"}
{"lancamento":1434913667,"level":"info","message":"ℹ️ Título 119716/A já estava baixado. Processo ignorado.","service":"btg-baixa-titulos-service","situacao":"BAIXADO","timestamp":"2026-05-20T13:16:05.751Z"}
{"level":"info","message":"🔎 Processando título 119297/B","service":"btg-baixa-titulos-service","timestamp":"2026-05-20T13:16:05.753Z"}
{"level":"info","message":"🌐 Millennium request: GET /MILLENIUM!JOIN_ONEUP.LANCAMENTOS.CONSULTALANCAMENTOS?cnpj=73.652.158%2F0001-10&n_documento=119297%2FB","service":"btg-baixa-titulos-service","timestamp":"2026-05-20T13:16:05.753Z"}
{"lancamento":1434911786,"level":"info","message":"ℹ️ Título 119297/B já estava baixado. Processo ignorado.","service":"btg-baixa-titulos-service","situacao":"BAIXADO","timestamp":"2026-05-20T13:16:05.773Z"}
{"level":"info","message":"🔎 Processando título 119297/A","service":"btg-baixa-titulos-service","timestamp":"2026-05-20T13:16:05.775Z"}
{"level":"info","message":"🌐 Millennium request: GET /MILLENIUM!JOIN_ONEUP.LANCAMENTOS.CONSULTALANCAMENTOS?cnpj=73.652.158%2F0001-10&n_documento=119297%2FA","service":"btg-baixa-titulos-service","timestamp":"2026-05-20T13:16:05.775Z"}
{"lancamento":1434911785,"level":"info","message":"ℹ️ Título 119297/A já estava baixado. Processo ignorado.","service":"btg-baixa-titulos-service","situacao":"BAIXADO","timestamp":"2026-05-20T13:16:05.809Z"}
{"level":"info","message":"🔎 Processando título 119291","service":"btg-baixa-titulos-service","timestamp":"2026-05-20T13:16:05.811Z"}
{"level":"info","message":"🌐 Millennium request: GET /MILLENIUM!JOIN_ONEUP.LANCAMENTOS.CONSULTALANCAMENTOS?cnpj=01.009.793%2F0001-72&n_documento=119291","service":"btg-baixa-titulos-service","timestamp":"2026-05-20T13:16:05.811Z"}
{"lancamento":1434911781,"level":"info","message":"ℹ️ Título 119291 já estava baixado. Processo ignorado.","service":"btg-baixa-titulos-service","situacao":"BAIXADO","timestamp":"2026-05-20T13:16:05.837Z"}
{"level":"info","message":"🔎 Processando título 119290/B","service":"btg-baixa-titulos-service","timestamp":"2026-05-20T13:16:05.840Z"}
{"level":"info","message":"🌐 Millennium request: GET /MILLENIUM!JOIN_ONEUP.LANCAMENTOS.CONSULTALANCAMENTOS?cnpj=06.181.589%2F0001-58&n_documento=119290%2FB","service":"btg-baixa-titulos-service","timestamp":"2026-05-20T13:16:05.840Z"}
{"lancamento":1434911777,"level":"info","message":"ℹ️ Título 119290/B já estava baixado. Processo ignorado.","service":"btg-baixa-titulos-service","situacao":"BAIXADO","timestamp":"2026-05-20T13:16:05.940Z"}
{"level":"info","message":"🔎 Processando título 119290/A","service":"btg-baixa-titulos-service","timestamp":"2026-05-20T13:16:05.942Z"}
{"level":"info","message":"🌐 Millennium request: GET /MILLENIUM!JOIN_ONEUP.LANCAMENTOS.CONSULTALANCAMENTOS?cnpj=06.181.589%2F0001-58&n_documento=119290%2FA","service":"btg-baixa-titulos-service","timestamp":"2026-05-20T13:16:05.942Z"}
{"lancamento":1434911776,"level":"info","message":"ℹ️ Título 119290/A já estava baixado. Processo ignorado.","service":"btg-baixa-titulos-service","situacao":"BAIXADO","timestamp":"2026-05-20T13:16:05.969Z"}
{"level":"info","message":"🔎 Processando título 119347/B","service":"btg-baixa-titulos-service","timestamp":"2026-05-20T13:16:05.971Z"}
{"level":"info","message":"🌐 Millennium request: GET /MILLENIUM!JOIN_ONEUP.LANCAMENTOS.CONSULTALANCAMENTOS?cnpj=03.247.651%2F0001-79&n_documento=119347%2FB","service":"btg-baixa-titulos-service","timestamp":"2026-05-20T13:16:05.971Z"}
{"lancamento":1434911970,"level":"info","message":"ℹ️ Título 119347/B já estava baixado. Processo ignorado.","service":"btg-baixa-titulos-service","situacao":"BAIXADO","timestamp":"2026-05-20T13:16:05.989Z"}
{"level":"info","message":"🔎 Processando título 119289","service":"btg-baixa-titulos-service","timestamp":"2026-05-20T13:16:05.992Z"}
{"level":"info","message":"🌐 Millennium request: GET /MILLENIUM!JOIN_ONEUP.LANCAMENTOS.CONSULTALANCAMENTOS?cnpj=77.857.555%2F0009-36&n_documento=119289","service":"btg-baixa-titulos-service","timestamp":"2026-05-20T13:16:05.992Z"}
{"lancamento":1434911775,"level":"info","message":"ℹ️ Título 119289 já estava baixado. Processo ignorado.","service":"btg-baixa-titulos-service","situacao":"BAIXADO","timestamp":"2026-05-20T13:16:06.027Z"}
{"level":"info","message":"🔎 Processando título 119347/A","service":"btg-baixa-titulos-service","timestamp":"2026-05-20T13:16:06.030Z"}
{"level":"info","message":"🌐 Millennium request: GET /MILLENIUM!JOIN_ONEUP.LANCAMENTOS.CONSULTALANCAMENTOS?cnpj=03.247.651%2F0001-79&n_documento=119347%2FA","service":"btg-baixa-titulos-service","timestamp":"2026-05-20T13:16:06.031Z"}
{"lancamento":1434911969,"level":"info","message":"ℹ️ Título 119347/A já estava baixado. Processo ignorado.","service":"btg-baixa-titulos-service","situacao":"BAIXADO","timestamp":"2026-05-20T13:16:06.053Z"}
{"level":"info","message":"🔎 Processando título 119288/B","service":"btg-baixa-titulos-service","timestamp":"2026-05-20T13:16:06.056Z"}
{"level":"info","message":"🌐 Millennium request: GET /MILLENIUM!JOIN_ONEUP.LANCAMENTOS.CONSULTALANCAMENTOS?cnpj=59.205.187%2F0001-02&n_documento=119288%2FB","service":"btg-baixa-titulos-service","timestamp":"2026-05-20T13:16:06.056Z"}
{"lancamento":1434911773,"level":"info","message":"ℹ️ Título 119288/B já estava baixado. Processo ignorado.","service":"btg-baixa-titulos-service","situacao":"BAIXADO","timestamp":"2026-05-20T13:16:06.071Z"}
{"level":"info","message":"🔎 Processando título 119288/A","service":"btg-baixa-titulos-service","timestamp":"2026-05-20T13:16:06.073Z"}
{"level":"info","message":"🌐 Millennium request: GET /MILLENIUM!JOIN_ONEUP.LANCAMENTOS.CONSULTALANCAMENTOS?cnpj=59.205.187%2F0001-02&n_documento=119288%2FA","service":"btg-baixa-titulos-service","timestamp":"2026-05-20T13:16:06.074Z"}
{"lancamento":1434911772,"level":"info","message":"ℹ️ Título 119288/A já estava baixado. Processo ignorado.","service":"btg-baixa-titulos-service","situacao":"BAIXADO","timestamp":"2026-05-20T13:16:06.088Z"}
{"level":"info","message":"🔎 Processando título 119329/A","service":"btg-baixa-titulos-service","timestamp":"2026-05-20T13:16:06.090Z"}
{"level":"info","message":"🌐 Millennium request: GET /MILLENIUM!JOIN_ONEUP.LANCAMENTOS.CONSULTALANCAMENTOS?cnpj=57.408.548%2F0001-92&n_documento=119329%2FA","service":"btg-baixa-titulos-service","timestamp":"2026-05-20T13:16:06.090Z"}
{"lancamento":1434911894,"level":"info","message":"ℹ️ Título 119329/A já estava baixado. Processo ignorado.","service":"btg-baixa-titulos-service","situacao":"BAIXADO","timestamp":"2026-05-20T13:16:06.106Z"}
{"level":"info","message":"🔎 Processando título 119287/B","service":"btg-baixa-titulos-service","timestamp":"2026-05-20T13:16:06.108Z"}
{"level":"info","message":"🌐 Millennium request: GET /MILLENIUM!JOIN_ONEUP.LANCAMENTOS.CONSULTALANCAMENTOS?cnpj=01.934.454%2F0001-00&n_documento=119287%2FB","service":"btg-baixa-titulos-service","timestamp":"2026-05-20T13:16:06.108Z"}
{"lancamento":1434911770,"level":"info","message":"ℹ️ Título 119287/B já estava baixado. Processo ignorado.","service":"btg-baixa-titulos-service","situacao":"BAIXADO","timestamp":"2026-05-20T13:16:06.123Z"}
{"level":"info","message":"🔎 Processando título 119287/A","service":"btg-baixa-titulos-service","timestamp":"2026-05-20T13:16:06.125Z"}
{"level":"info","message":"🌐 Millennium request: GET /MILLENIUM!JOIN_ONEUP.LANCAMENTOS.CONSULTALANCAMENTOS?cnpj=01.934.454%2F0001-00&n_documento=119287%2FA","service":"btg-baixa-titulos-service","timestamp":"2026-05-20T13:16:06.125Z"}
{"lancamento":1434911769,"level":"info","message":"ℹ️ Título 119287/A já estava baixado. Processo ignorado.","service":"btg-baixa-titulos-service","situacao":"BAIXADO","timestamp":"2026-05-20T13:16:06.141Z"}
{"level":"info","message":"🔎 Processando título 119328/A","service":"btg-baixa-titulos-service","timestamp":"2026-05-20T13:16:06.144Z"}
{"level":"info","message":"🌐 Millennium request: GET /MILLENIUM!JOIN_ONEUP.LANCAMENTOS.CONSULTALANCAMENTOS?cnpj=57.408.548%2F0001-92&n_documento=119328%2FA","service":"btg-baixa-titulos-service","timestamp":"2026-05-20T13:16:06.144Z"}
{"lancamento":1434911890,"level":"info","message":"ℹ️ Título 119328/A já estava baixado. Processo ignorado.","service":"btg-baixa-titulos-service","situacao":"BAIXADO","timestamp":"2026-05-20T13:16:06.159Z"}
{"level":"info","message":"🔎 Processando título 119286/A","service":"btg-baixa-titulos-service","timestamp":"2026-05-20T13:16:06.162Z"}
{"level":"info","message":"🌐 Millennium request: GET /MILLENIUM!JOIN_ONEUP.LANCAMENTOS.CONSULTALANCAMENTOS?cnpj=21.067.137%2F0001-33&n_documento=119286%2FA","service":"btg-baixa-titulos-service","timestamp":"2026-05-20T13:16:06.162Z"}
{"lancamento":1434911766,"level":"info","message":"ℹ️ Título 119286/A já estava baixado. Processo ignorado.","service":"btg-baixa-titulos-service","situacao":"BAIXADO","timestamp":"2026-05-20T13:16:06.178Z"}
{"level":"info","message":"🔎 Processando título 119327/A","service":"btg-baixa-titulos-service","timestamp":"2026-05-20T13:16:06.180Z"}
{"level":"info","message":"🌐 Millennium request: GET /MILLENIUM!JOIN_ONEUP.LANCAMENTOS.CONSULTALANCAMENTOS?cnpj=57.408.548%2F0001-92&n_documento=119327%2FA","service":"btg-baixa-titulos-service","timestamp":"2026-05-20T13:16:06.180Z"}
{"lancamento":1434911885,"level":"info","message":"ℹ️ Título 119327/A já estava baixado. Processo ignorado.","service":"btg-baixa-titulos-service","situacao":"BAIXADO","timestamp":"2026-05-20T13:16:06.196Z"}
{"level":"info","message":"🔎 Processando título 119285/B","service":"btg-baixa-titulos-service","timestamp":"2026-05-20T13:16:06.198Z"}
{"level":"info","message":"🌐 Millennium request: GET /MILLENIUM!JOIN_ONEUP.LANCAMENTOS.CONSULTALANCAMENTOS?cnpj=00.768.271%2F0001-91&n_documento=119285%2FB","service":"btg-baixa-titulos-service","timestamp":"2026-05-20T13:16:06.198Z"}
{"lancamento":1434911760,"level":"info","message":"ℹ️ Título 119285/B já estava baixado. Processo ignorado.","service":"btg-baixa-titulos-service","situacao":"BAIXADO","timestamp":"2026-05-20T13:16:06.214Z"}
{"level":"info","message":"🔎 Processando título 119325","service":"btg-baixa-titulos-service","timestamp":"2026-05-20T13:16:06.217Z"}
{"level":"info","message":"🌐 Millennium request: GET /MILLENIUM!JOIN_ONEUP.LANCAMENTOS.CONSULTALANCAMENTOS?cnpj=02.355.679%2F0001-67&n_documento=119325","service":"btg-baixa-titulos-service","timestamp":"2026-05-20T13:16:06.217Z"}
{"lancamento":1434911882,"level":"info","message":"ℹ️ Título 119325 já estava baixado. Processo ignorado.","service":"btg-baixa-titulos-service","situacao":"BAIXADO","timestamp":"2026-05-20T13:16:06.232Z"}
{"level":"info","message":"🔎 Processando título 119285/A","service":"btg-baixa-titulos-service","timestamp":"2026-05-20T13:16:06.235Z"}
{"level":"info","message":"🌐 Millennium request: GET /MILLENIUM!JOIN_ONEUP.LANCAMENTOS.CONSULTALANCAMENTOS?cnpj=00.768.271%2F0001-91&n_documento=119285%2FA","service":"btg-baixa-titulos-service","timestamp":"2026-05-20T13:16:06.235Z"}
{"lancamento":1434911759,"level":"info","message":"ℹ️ Título 119285/A já estava baixado. Processo ignorado.","service":"btg-baixa-titulos-service","situacao":"BAIXADO","timestamp":"2026-05-20T13:16:06.252Z"}
{"level":"info","message":"🔎 Processando título 119084/B","service":"btg-baixa-titulos-service","timestamp":"2026-05-20T13:16:06.254Z"}
{"level":"info","message":"🌐 Millennium request: GET /MILLENIUM!JOIN_ONEUP.LANCAMENTOS.CONSULTALANCAMENTOS?cnpj=00.768.271%2F0001-91&n_documento=119084%2FB","service":"btg-baixa-titulos-service","timestamp":"2026-05-20T13:16:06.254Z"}
{"lancamento":1434910961,"level":"info","message":"ℹ️ Título 119084/B já estava baixado. Processo ignorado.","service":"btg-baixa-titulos-service","situacao":"BAIXADO","timestamp":"2026-05-20T13:16:06.280Z"}
{"level":"info","message":"🔎 Processando título 119084/A","service":"btg-baixa-titulos-service","timestamp":"2026-05-20T13:16:06.283Z"}
{"level":"info","message":"🌐 Millennium request: GET /MILLENIUM!JOIN_ONEUP.LANCAMENTOS.CONSULTALANCAMENTOS?cnpj=00.768.271%2F0001-91&n_documento=119084%2FA","service":"btg-baixa-titulos-service","timestamp":"2026-05-20T13:16:06.283Z"}
{"lancamento":1434910960,"level":"info","message":"ℹ️ Título 119084/A já estava baixado. Processo ignorado.","service":"btg-baixa-titulos-service","situacao":"BAIXADO","timestamp":"2026-05-20T13:16:06.298Z"}
{"level":"info","message":"🔎 Processando título 119324/A","service":"btg-baixa-titulos-service","timestamp":"2026-05-20T13:16:06.301Z"}
{"level":"info","message":"🌐 Millennium request: GET /MILLENIUM!JOIN_ONEUP.LANCAMENTOS.CONSULTALANCAMENTOS?cnpj=03.294.992%2F0001-03&n_documento=119324%2FA","service":"btg-baixa-titulos-service","timestamp":"2026-05-20T13:16:06.301Z"}
{"lancamento":1434911877,"level":"info","message":"ℹ️ Título 119324/A já estava baixado. Processo ignorado.","service":"btg-baixa-titulos-service","situacao":"BAIXADO","timestamp":"2026-05-20T13:16:06.315Z"}
{"level":"info","message":"🔎 Processando título 119302/B","service":"btg-baixa-titulos-service","timestamp":"2026-05-20T13:16:06.317Z"}
{"level":"info","message":"🌐 Millennium request: GET /MILLENIUM!JOIN_ONEUP.LANCAMENTOS.CONSULTALANCAMENTOS?cnpj=50.649.490%2F0001-20&n_documento=119302%2FB","service":"btg-baixa-titulos-service","timestamp":"2026-05-20T13:16:06.317Z"}
{"lancamento":1434911809,"level":"info","message":"ℹ️ Título 119302/B já estava baixado. Processo ignorado.","service":"btg-baixa-titulos-service","situacao":"BAIXADO","timestamp":"2026-05-20T13:16:06.332Z"}
{"level":"info","message":"🔎 Processando título 119284/B","service":"btg-baixa-titulos-service","timestamp":"2026-05-20T13:16:06.334Z"}
{"level":"info","message":"🌐 Millennium request: GET /MILLENIUM!JOIN_ONEUP.LANCAMENTOS.CONSULTALANCAMENTOS?cnpj=44.999.259%2F0001-63&n_documento=119284%2FB","service":"btg-baixa-titulos-service","timestamp":"2026-05-20T13:16:06.335Z"}
{"lancamento":1434911754,"level":"info","message":"ℹ️ Título 119284/B já estava baixado. Processo ignorado.","service":"btg-baixa-titulos-service","situacao":"BAIXADO","timestamp":"2026-05-20T13:16:06.350Z"}
{"level":"info","message":"🔎 Processando título 119302/A","service":"btg-baixa-titulos-service","timestamp":"2026-05-20T13:16:06.352Z"}
{"level":"info","message":"🌐 Millennium request: GET /MILLENIUM!JOIN_ONEUP.LANCAMENTOS.CONSULTALANCAMENTOS?cnpj=50.649.490%2F0001-20&n_documento=119302%2FA","service":"btg-baixa-titulos-service","timestamp":"2026-05-20T13:16:06.352Z"}
{"lancamento":1434911808,"level":"info","message":"ℹ️ Título 119302/A já estava baixado. Processo ignorado.","service":"btg-baixa-titulos-service","situacao":"BAIXADO","timestamp":"2026-05-20T13:16:06.366Z"}
{"level":"info","message":"🔎 Processando título 119284/A","service":"btg-baixa-titulos-service","timestamp":"2026-05-20T13:16:06.369Z"}
{"level":"info","message":"🌐 Millennium request: GET /MILLENIUM!JOIN_ONEUP.LANCAMENTOS.CONSULTALANCAMENTOS?cnpj=44.999.259%2F0001-63&n_documento=119284%2FA","service":"btg-baixa-titulos-service","timestamp":"2026-05-20T13:16:06.369Z"}
{"lancamento":1434911753,"level":"info","message":"ℹ️ Título 119284/A já estava baixado. Processo ignorado.","service":"btg-baixa-titulos-service","situacao":"BAIXADO","timestamp":"2026-05-20T13:16:06.467Z"}
{"level":"info","message":"🔎 Processando título 119300","service":"btg-baixa-titulos-service","timestamp":"2026-05-20T13:16:06.469Z"}
{"level":"info","message":"🌐 Millennium request: GET /MILLENIUM!JOIN_ONEUP.LANCAMENTOS.CONSULTALANCAMENTOS?cnpj=01.329.811%2F0001-01&n_documento=119300","service":"btg-baixa-titulos-service","timestamp":"2026-05-20T13:16:06.469Z"}
{"lancamento":1434911795,"level":"info","message":"ℹ️ Título 119300 já estava baixado. Processo ignorado.","service":"btg-baixa-titulos-service","situacao":"BAIXADO","timestamp":"2026-05-20T13:16:06.488Z"}
{"level":"info","message":"🔎 Processando título 118933","service":"btg-baixa-titulos-service","timestamp":"2026-05-20T13:16:06.490Z"}
{"level":"info","message":"🌐 Millennium request: GET /MILLENIUM!JOIN_ONEUP.LANCAMENTOS.CONSULTALANCAMENTOS?cnpj=01.009.793%2F0001-72&n_documento=118933","service":"btg-baixa-titulos-service","timestamp":"2026-05-20T13:16:06.491Z"}
{"lancamento":1434910010,"level":"info","message":"ℹ️ Título 118933 já estava baixado. Processo ignorado.","service":"btg-baixa-titulos-service","situacao":"BAIXADO","timestamp":"2026-05-20T13:16:06.507Z"}
{"level":"info","message":"🔎 Processando título 119299/B","service":"btg-baixa-titulos-service","timestamp":"2026-05-20T13:16:06.511Z"}
{"level":"info","message":"🌐 Millennium request: GET /MILLENIUM!JOIN_ONEUP.LANCAMENTOS.CONSULTALANCAMENTOS?cnpj=03.247.651%2F0001-79&n_documento=119299%2FB","service":"btg-baixa-titulos-service","timestamp":"2026-05-20T13:16:06.511Z"}
{"lancamento":1434911791,"level":"info","message":"ℹ️ Título 119299/B já estava baixado. Processo ignorado.","service":"btg-baixa-titulos-service","situacao":"BAIXADO","timestamp":"2026-05-20T13:16:06.526Z"}
{"level":"info","message":"🔎 Processando título 119299/A","service":"btg-baixa-titulos-service","timestamp":"2026-05-20T13:16:06.528Z"}
{"level":"info","message":"🌐 Millennium request: GET /MILLENIUM!JOIN_ONEUP.LANCAMENTOS.CONSULTALANCAMENTOS?cnpj=03.247.651%2F0001-79&n_documento=119299%2FA","service":"btg-baixa-titulos-service","timestamp":"2026-05-20T13:16:06.528Z"}
{"lancamento":1434911790,"level":"info","message":"ℹ️ Título 119299/A já estava baixado. Processo ignorado.","service":"btg-baixa-titulos-service","situacao":"BAIXADO","timestamp":"2026-05-20T13:16:06.542Z"}
{"level":"info","message":"🔎 Processando título 118297/B","service":"btg-baixa-titulos-service","timestamp":"2026-05-20T13:16:06.545Z"}
{"level":"info","message":"🌐 Millennium request: GET /MILLENIUM!JOIN_ONEUP.LANCAMENTOS.CONSULTALANCAMENTOS?cnpj=50.649.490%2F0001-20&n_documento=118297%2FB","service":"btg-baixa-titulos-service","timestamp":"2026-05-20T13:16:06.545Z"}
{"lancamento":1434908878,"level":"info","message":"ℹ️ Título 118297/B já estava baixado. Processo ignorado.","service":"btg-baixa-titulos-service","situacao":"BAIXADO","timestamp":"2026-05-20T13:16:06.560Z"}
{"level":"info","message":"🔎 Processando título 118297/A","service":"btg-baixa-titulos-service","timestamp":"2026-05-20T13:16:06.564Z"}
{"level":"info","message":"🌐 Millennium request: GET /MILLENIUM!JOIN_ONEUP.LANCAMENTOS.CONSULTALANCAMENTOS?cnpj=50.649.490%2F0001-20&n_documento=118297%2FA","service":"btg-baixa-titulos-service","timestamp":"2026-05-20T13:16:06.564Z"}
{"lancamento":1434908877,"level":"info","message":"ℹ️ Título 118297/A já estava baixado. Processo ignorado.","service":"btg-baixa-titulos-service","situacao":"BAIXADO","timestamp":"2026-05-20T13:16:06.580Z"}
{"level":"info","message":"🔎 Processando título 118124/B","service":"btg-baixa-titulos-service","timestamp":"2026-05-20T13:16:06.582Z"}
{"level":"info","message":"🌐 Millennium request: GET /MILLENIUM!JOIN_ONEUP.LANCAMENTOS.CONSULTALANCAMENTOS?cnpj=50.649.490%2F0001-20&n_documento=118124%2FB","service":"btg-baixa-titulos-service","timestamp":"2026-05-20T13:16:06.582Z"}
{"lancamento":1434907890,"level":"info","message":"ℹ️ Título 118124/B já estava baixado. Processo ignorado.","service":"btg-baixa-titulos-service","situacao":"BAIXADO","timestamp":"2026-05-20T13:16:06.597Z"}
{"level":"info","message":"🔎 Processando título 118124/A","service":"btg-baixa-titulos-service","timestamp":"2026-05-20T13:16:06.599Z"}
{"level":"info","message":"🌐 Millennium request: GET /MILLENIUM!JOIN_ONEUP.LANCAMENTOS.CONSULTALANCAMENTOS?cnpj=50.649.490%2F0001-20&n_documento=118124%2FA","service":"btg-baixa-titulos-service","timestamp":"2026-05-20T13:16:06.599Z"}
{"lancamento":1434907889,"level":"info","message":"ℹ️ Título 118124/A já estava baixado. Processo ignorado.","service":"btg-baixa-titulos-service","situacao":"BAIXADO","timestamp":"2026-05-20T13:16:06.614Z"}
{"level":"info","message":"🔎 Processando título 118123/B","service":"btg-baixa-titulos-service","timestamp":"2026-05-20T13:16:06.616Z"}
{"level":"info","message":"🌐 Millennium request: GET /MILLENIUM!JOIN_ONEUP.LANCAMENTOS.CONSULTALANCAMENTOS?cnpj=50.649.490%2F0001-20&n_documento=118123%2FB","service":"btg-baixa-titulos-service","timestamp":"2026-05-20T13:16:06.617Z"}
{"lancamento":1434907887,"level":"info","message":"ℹ️ Título 118123/B já estava baixado. Processo ignorado.","service":"btg-baixa-titulos-service","situacao":"BAIXADO","timestamp":"2026-05-20T13:16:06.632Z"}
{"level":"info","message":"🔎 Processando título 118123/A","service":"btg-baixa-titulos-service","timestamp":"2026-05-20T13:16:06.635Z"}
{"level":"info","message":"🌐 Millennium request: GET /MILLENIUM!JOIN_ONEUP.LANCAMENTOS.CONSULTALANCAMENTOS?cnpj=50.649.490%2F0001-20&n_documento=118123%2FA","service":"btg-baixa-titulos-service","timestamp":"2026-05-20T13:16:06.635Z"}
{"lancamento":1434907886,"level":"info","message":"ℹ️ Título 118123/A já estava baixado. Processo ignorado.","service":"btg-baixa-titulos-service","situacao":"BAIXADO","timestamp":"2026-05-20T13:16:06.649Z"}
{"level":"info","message":"🔎 Processando título 118121/B","service":"btg-baixa-titulos-service","timestamp":"2026-05-20T13:16:06.651Z"}
{"level":"info","message":"🌐 Millennium request: GET /MILLENIUM!JOIN_ONEUP.LANCAMENTOS.CONSULTALANCAMENTOS?cnpj=50.649.490%2F0001-20&n_documento=118121%2FB","service":"btg-baixa-titulos-service","timestamp":"2026-05-20T13:16:06.651Z"}
{"lancamento":1434907884,"level":"info","message":"ℹ️ Título 118121/B já estava baixado. Processo ignorado.","service":"btg-baixa-titulos-service","situacao":"BAIXADO","timestamp":"2026-05-20T13:16:06.664Z"}
{"level":"info","message":"🔎 Processando título 118121/A","service":"btg-baixa-titulos-service","timestamp":"2026-05-20T13:16:06.667Z"}
{"level":"info","message":"🌐 Millennium request: GET /MILLENIUM!JOIN_ONEUP.LANCAMENTOS.CONSULTALANCAMENTOS?cnpj=50.649.490%2F0001-20&n_documento=118121%2FA","service":"btg-baixa-titulos-service","timestamp":"2026-05-20T13:16:06.667Z"}
{"lancamento":1434907883,"level":"info","message":"ℹ️ Título 118121/A já estava baixado. Processo ignorado.","service":"btg-baixa-titulos-service","situacao":"BAIXADO","timestamp":"2026-05-20T13:16:06.682Z"}
{"level":"info","message":"🔎 Processando título 111256/A","service":"btg-baixa-titulos-service","timestamp":"2026-05-20T13:16:06.684Z"}
{"level":"info","message":"🌐 Millennium request: GET /MILLENIUM!JOIN_ONEUP.LANCAMENTOS.CONSULTALANCAMENTOS?cnpj=47.485.403%2F0001-31&n_documento=111256%2FA","service":"btg-baixa-titulos-service","timestamp":"2026-05-20T13:16:06.684Z"}
{"lancamento":1434870085,"level":"info","message":"ℹ️ Título 111256/A já estava baixado. Processo ignorado.","service":"btg-baixa-titulos-service","situacao":"BAIXADO","timestamp":"2026-05-20T13:16:06.698Z"}
{"level":"info","message":"🔎 Processando título 111255/A","service":"btg-baixa-titulos-service","timestamp":"2026-05-20T13:16:06.702Z"}
{"level":"info","message":"🌐 Millennium request: GET /MILLENIUM!JOIN_ONEUP.LANCAMENTOS.CONSULTALANCAMENTOS?cnpj=47.485.403%2F0001-31&n_documento=111255%2FA","service":"btg-baixa-titulos-service","timestamp":"2026-05-20T13:16:06.702Z"}
{"lancamento":1434870081,"level":"info","message":"ℹ️ Título 111255/A já estava baixado. Processo ignorado.","service":"btg-baixa-titulos-service","situacao":"BAIXADO","timestamp":"2026-05-20T13:16:06.717Z"}
{"level":"info","message":"🔎 Processando título 111252/A","service":"btg-baixa-titulos-service","timestamp":"2026-05-20T13:16:06.719Z"}
{"level":"info","message":"🌐 Millennium request: GET /MILLENIUM!JOIN_ONEUP.LANCAMENTOS.CONSULTALANCAMENTOS?cnpj=47.485.403%2F0001-31&n_documento=111252%2FA","service":"btg-baixa-titulos-service","timestamp":"2026-05-20T13:16:06.720Z"}
{"lancamento":1434870063,"level":"info","message":"ℹ️ Título 111252/A já estava baixado. Processo ignorado.","service":"btg-baixa-titulos-service","situacao":"BAIXADO","timestamp":"2026-05-20T13:16:06.732Z"}
{"level":"info","message":"🔎 Processando título 108322/B","service":"btg-baixa-titulos-service","timestamp":"2026-05-20T13:16:06.735Z"}
{"level":"info","message":"🌐 Millennium request: GET /MILLENIUM!JOIN_ONEUP.LANCAMENTOS.CONSULTALANCAMENTOS?cnpj=47.485.403%2F0001-31&n_documento=108322%2FB","service":"btg-baixa-titulos-service","timestamp":"2026-05-20T13:16:06.735Z"}
{"lancamento":1434850336,"level":"info","message":"ℹ️ Título 108322/B já estava baixado. Processo ignorado.","service":"btg-baixa-titulos-service","situacao":"BAIXADO","timestamp":"2026-05-20T13:16:06.750Z"}
{"level":"info","message":"🔎 Processando título 108321/B","service":"btg-baixa-titulos-service","timestamp":"2026-05-20T13:16:06.752Z"}
{"level":"info","message":"🌐 Millennium request: GET /MILLENIUM!JOIN_ONEUP.LANCAMENTOS.CONSULTALANCAMENTOS?cnpj=47.485.403%2F0001-31&n_documento=108321%2FB","service":"btg-baixa-titulos-service","timestamp":"2026-05-20T13:16:06.752Z"}
{"lancamento":1434850332,"level":"info","message":"ℹ️ Título 108321/B já estava baixado. Processo ignorado.","service":"btg-baixa-titulos-service","situacao":"BAIXADO","timestamp":"2026-05-20T13:16:06.766Z"}
{"level":"info","message":"🔎 Processando título 106115/C","service":"btg-baixa-titulos-service","timestamp":"2026-05-20T13:16:06.768Z"}
{"level":"info","message":"🌐 Millennium request: GET /MILLENIUM!JOIN_ONEUP.LANCAMENTOS.CONSULTALANCAMENTOS?cnpj=47.485.403%2F0001-31&n_documento=106115%2FC","service":"btg-baixa-titulos-service","timestamp":"2026-05-20T13:16:06.769Z"}
{"lancamento":1434801387,"level":"info","message":"ℹ️ Título 106115/C já estava baixado. Processo ignorado.","service":"btg-baixa-titulos-service","situacao":"BAIXADO","timestamp":"2026-05-20T13:16:06.782Z"}
{"level":"info","message":"🔎 Processando título 106103/C","service":"btg-baixa-titulos-service","timestamp":"2026-05-20T13:16:06.784Z"}
{"level":"info","message":"🌐 Millennium request: GET /MILLENIUM!JOIN_ONEUP.LANCAMENTOS.CONSULTALANCAMENTOS?cnpj=47.485.403%2F0001-31&n_documento=106103%2FC","service":"btg-baixa-titulos-service","timestamp":"2026-05-20T13:16:06.784Z"}
{"lancamento":1434801344,"level":"info","message":"ℹ️ Título 106103/C já estava baixado. Processo ignorado.","service":"btg-baixa-titulos-service","situacao":"BAIXADO","timestamp":"2026-05-20T13:16:06.800Z"}
{"level":"info","message":"🔎 Processando título 106103/B","service":"btg-baixa-titulos-service","timestamp":"2026-05-20T13:16:06.802Z"}
{"level":"info","message":"🌐 Millennium request: GET /MILLENIUM!JOIN_ONEUP.LANCAMENTOS.CONSULTALANCAMENTOS?cnpj=47.485.403%2F0001-31&n_documento=106103%2FB","service":"btg-baixa-titulos-service","timestamp":"2026-05-20T13:16:06.802Z"}
{"lancamento":1434801343,"level":"info","message":"ℹ️ Título 106103/B já estava baixado. Processo ignorado.","service":"btg-baixa-titulos-service","situacao":"BAIXADO","timestamp":"2026-05-20T13:16:06.815Z"}
{"level":"info","message":"🔎 Processando título FRE 116058","service":"btg-baixa-titulos-service","timestamp":"2026-05-20T13:16:06.817Z"}
{"level":"info","message":"🌐 Millennium request: GET /MILLENIUM!JOIN_ONEUP.LANCAMENTOS.CONSULTALANCAMENTOS?cnpj=02.355.679%2F0001-67&n_documento=FRE%20116058","service":"btg-baixa-titulos-service","timestamp":"2026-05-20T13:16:06.817Z"}
{"lancamento":1434907972,"level":"info","message":"ℹ️ Título FRE 116058 já estava baixado. Processo ignorado.","service":"btg-baixa-titulos-service","situacao":"BAIXADO","timestamp":"2026-05-20T13:16:06.830Z"}
{"level":"info","message":"🔎 Processando título CORRE 116072","service":"btg-baixa-titulos-service","timestamp":"2026-05-20T13:16:06.832Z"}
{"level":"info","message":"🌐 Millennium request: GET /MILLENIUM!JOIN_ONEUP.LANCAMENTOS.CONSULTALANCAMENTOS?cnpj=21.067.137%2F0001-33&n_documento=CORRE%20116072","service":"btg-baixa-titulos-service","timestamp":"2026-05-20T13:16:06.832Z"}
{"lancamento":1434908069,"level":"info","message":"ℹ️ Título CORRE 116072 já estava baixado. Processo ignorado.","service":"btg-baixa-titulos-service","situacao":"BAIXADO","timestamp":"2026-05-20T13:16:06.847Z"}
{"level":"info","message":"🔎 Processando título CORRE 114564","service":"btg-baixa-titulos-service","timestamp":"2026-05-20T13:16:06.849Z"}
{"level":"info","message":"🌐 Millennium request: GET /MILLENIUM!JOIN_ONEUP.LANCAMENTOS.CONSULTALANCAMENTOS?cnpj=21.067.137%2F0001-33&n_documento=CORRE%20114564","service":"btg-baixa-titulos-service","timestamp":"2026-05-20T13:16:06.850Z"}
{"lancamento":1434908052,"level":"info","message":"ℹ️ Título CORRE 114564 já estava baixado. Processo ignorado.","service":"btg-baixa-titulos-service","situacao":"BAIXADO","timestamp":"2026-05-20T13:16:06.989Z"}
{"level":"info","message":"🔎 Processando título FRE 116069","service":"btg-baixa-titulos-service","timestamp":"2026-05-20T13:16:06.993Z"}
{"level":"info","message":"🌐 Millennium request: GET /MILLENIUM!JOIN_ONEUP.LANCAMENTOS.CONSULTALANCAMENTOS?cnpj=03.294.992%2F0001-03&n_documento=FRE%20116069","service":"btg-baixa-titulos-service","timestamp":"2026-05-20T13:16:06.993Z"}
{"lancamento":1434907958,"level":"info","message":"ℹ️ Título FRE 116069 já estava baixado. Processo ignorado.","service":"btg-baixa-titulos-service","situacao":"BAIXADO","timestamp":"2026-05-20T13:16:07.011Z"}
{"level":"info","message":"🔎 Processando título CORRE 116729","service":"btg-baixa-titulos-service","timestamp":"2026-05-20T13:16:07.014Z"}
{"level":"info","message":"🌐 Millennium request: GET /MILLENIUM!JOIN_ONEUP.LANCAMENTOS.CONSULTALANCAMENTOS?cnpj=03.294.992%2F0001-03&n_documento=CORRE%20116729","service":"btg-baixa-titulos-service","timestamp":"2026-05-20T13:16:07.014Z"}
{"lancamento":1434908075,"level":"info","message":"ℹ️ Título CORRE 116729 já estava baixado. Processo ignorado.","service":"btg-baixa-titulos-service","situacao":"BAIXADO","timestamp":"2026-05-20T13:16:07.030Z"}
{"level":"info","message":"🔎 Processando título CORRE 116864","service":"btg-baixa-titulos-service","timestamp":"2026-05-20T13:16:07.033Z"}
{"level":"info","message":"🌐 Millennium request: GET /MILLENIUM!JOIN_ONEUP.LANCAMENTOS.CONSULTALANCAMENTOS?cnpj=57.408.548%2F0001-92&n_documento=CORRE%20116864","service":"btg-baixa-titulos-service","timestamp":"2026-05-20T13:16:07.034Z"}
{"lancamento":1434908088,"level":"info","message":"ℹ️ Título CORRE 116864 já estava baixado. Processo ignorado.","service":"btg-baixa-titulos-service","situacao":"BAIXADO","timestamp":"2026-05-20T13:16:07.049Z"}
{"level":"info","message":"🔎 Processando título 117490/C","service":"btg-baixa-titulos-service","timestamp":"2026-05-20T13:16:07.051Z"}
{"level":"info","message":"🌐 Millennium request: GET /MILLENIUM!JOIN_ONEUP.LANCAMENTOS.CONSULTALANCAMENTOS?cnpj=01.934.454%2F0001-00&n_documento=117490%2FC","service":"btg-baixa-titulos-service","timestamp":"2026-05-20T13:16:07.051Z"}
{"lancamento":1434904411,"level":"info","message":"ℹ️ Título 117490/C já estava baixado. Processo ignorado.","service":"btg-baixa-titulos-service","situacao":"BAIXADO","timestamp":"2026-05-20T13:16:07.065Z"}
{"level":"info","message":"🔎 Processando título 117183/C","service":"btg-baixa-titulos-service","timestamp":"2026-05-20T13:16:07.068Z"}
{"level":"info","message":"🌐 Millennium request: GET /MILLENIUM!JOIN_ONEUP.LANCAMENTOS.CONSULTALANCAMENTOS?cnpj=31.505.989%2F0001-19&n_documento=117183%2FC","service":"btg-baixa-titulos-service","timestamp":"2026-05-20T13:16:07.068Z"}
{"lancamento":1434902698,"level":"info","message":"ℹ️ Título 117183/C já estava baixado. Processo ignorado.","service":"btg-baixa-titulos-service","situacao":"BAIXADO","timestamp":"2026-05-20T13:16:07.085Z"}
{"level":"info","message":"🔎 Processando título 118027/B","service":"btg-baixa-titulos-service","timestamp":"2026-05-20T13:16:07.088Z"}
{"level":"info","message":"🌐 Millennium request: GET /MILLENIUM!JOIN_ONEUP.LANCAMENTOS.CONSULTALANCAMENTOS?cnpj=59.205.187%2F0001-02&n_documento=118027%2FB","service":"btg-baixa-titulos-service","timestamp":"2026-05-20T13:16:07.088Z"}
{"lancamento":1434907474,"level":"info","message":"ℹ️ Título 118027/B já estava baixado. Processo ignorado.","service":"btg-baixa-titulos-service","situacao":"BAIXADO","timestamp":"2026-05-20T13:16:07.104Z"}
{"level":"info","message":"🔎 Processando título 118018/B","service":"btg-baixa-titulos-service","timestamp":"2026-05-20T13:16:07.107Z"}
{"level":"info","message":"🌐 Millennium request: GET /MILLENIUM!JOIN_ONEUP.LANCAMENTOS.CONSULTALANCAMENTOS?cnpj=01.934.454%2F0001-00&n_documento=118018%2FB","service":"btg-baixa-titulos-service","timestamp":"2026-05-20T13:16:07.107Z"}
{"lancamento":1434907449,"level":"info","message":"ℹ️ Título 118018/B já estava baixado. Processo ignorado.","service":"btg-baixa-titulos-service","situacao":"BAIXADO","timestamp":"2026-05-20T13:16:07.122Z"}
{"level":"info","message":"🔎 Processando título 117917/B","service":"btg-baixa-titulos-service","timestamp":"2026-05-20T13:16:07.126Z"}
{"level":"info","message":"🌐 Millennium request: GET /MILLENIUM!JOIN_ONEUP.LANCAMENTOS.CONSULTALANCAMENTOS?cnpj=06.181.589%2F0001-58&n_documento=117917%2FB","service":"btg-baixa-titulos-service","timestamp":"2026-05-20T13:16:07.126Z"}
{"lancamento":1434907099,"level":"info","message":"ℹ️ Título 117917/B já estava baixado. Processo ignorado.","service":"btg-baixa-titulos-service","situacao":"BAIXADO","timestamp":"2026-05-20T13:16:07.140Z"}
{"level":"info","message":"🔎 Processando título 117916/B","service":"btg-baixa-titulos-service","timestamp":"2026-05-20T13:16:07.142Z"}
{"level":"info","message":"🌐 Millennium request: GET /MILLENIUM!JOIN_ONEUP.LANCAMENTOS.CONSULTALANCAMENTOS?cnpj=03.247.651%2F0001-79&n_documento=117916%2FB","service":"btg-baixa-titulos-service","timestamp":"2026-05-20T13:16:07.143Z"}
{"lancamento":1434907094,"level":"info","message":"ℹ️ Título 117916/B já estava baixado. Processo ignorado.","service":"btg-baixa-titulos-service","situacao":"BAIXADO","timestamp":"2026-05-20T13:16:07.157Z"}
{"level":"info","message":"🔎 Processando título 118027/A","service":"btg-baixa-titulos-service","timestamp":"2026-05-20T13:16:07.159Z"}
{"level":"info","message":"🌐 Millennium request: GET /MILLENIUM!JOIN_ONEUP.LANCAMENTOS.CONSULTALANCAMENTOS?cnpj=59.205.187%2F0001-02&n_documento=118027%2FA","service":"btg-baixa-titulos-service","timestamp":"2026-05-20T13:16:07.160Z"}
{"lancamento":1434907473,"level":"info","message":"ℹ️ Título 118027/A já estava baixado. Processo ignorado.","service":"btg-baixa-titulos-service","situacao":"BAIXADO","timestamp":"2026-05-20T13:16:07.180Z"}
{"level":"info","message":"🔎 Processando título 117814/B","service":"btg-baixa-titulos-service","timestamp":"2026-05-20T13:16:07.183Z"}
{"level":"info","message":"🌐 Millennium request: GET /MILLENIUM!JOIN_ONEUP.LANCAMENTOS.CONSULTALANCAMENTOS?cnpj=03.247.651%2F0001-79&n_documento=117814%2FB","service":"btg-baixa-titulos-service","timestamp":"2026-05-20T13:16:07.183Z"}
{"lancamento":1434906777,"level":"info","message":"ℹ️ Título 117814/B já estava baixado. Processo ignorado.","service":"btg-baixa-titulos-service","situacao":"BAIXADO","timestamp":"2026-05-20T13:16:07.199Z"}
{"level":"info","message":"🔎 Processando título 117916/A","service":"btg-baixa-titulos-service","timestamp":"2026-05-20T13:16:07.201Z"}
{"level":"info","message":"🌐 Millennium request: GET /MILLENIUM!JOIN_ONEUP.LANCAMENTOS.CONSULTALANCAMENTOS?cnpj=03.247.651%2F0001-79&n_documento=117916%2FA","service":"btg-baixa-titulos-service","timestamp":"2026-05-20T13:16:07.201Z"}
{"lancamento":1434907093,"level":"info","message":"ℹ️ Título 117916/A já estava baixado. Processo ignorado.","service":"btg-baixa-titulos-service","situacao":"BAIXADO","timestamp":"2026-05-20T13:16:07.217Z"}
{"level":"info","message":"🔎 Processando título 117814/A","service":"btg-baixa-titulos-service","timestamp":"2026-05-20T13:16:07.220Z"}
{"level":"info","message":"🌐 Millennium request: GET /MILLENIUM!JOIN_ONEUP.LANCAMENTOS.CONSULTALANCAMENTOS?cnpj=03.247.651%2F0001-79&n_documento=117814%2FA","service":"btg-baixa-titulos-service","timestamp":"2026-05-20T13:16:07.220Z"}
{"lancamento":1434906776,"level":"info","message":"ℹ️ Título 117814/A já estava baixado. Processo ignorado.","service":"btg-baixa-titulos-service","situacao":"BAIXADO","timestamp":"2026-05-20T13:16:07.233Z"}
{"level":"info","message":"🔎 Processando título 117812/B","service":"btg-baixa-titulos-service","timestamp":"2026-05-20T13:16:07.234Z"}
{"level":"info","message":"🌐 Millennium request: GET /MILLENIUM!JOIN_ONEUP.LANCAMENTOS.CONSULTALANCAMENTOS?cnpj=06.181.589%2F0001-58&n_documento=117812%2FB","service":"btg-baixa-titulos-service","timestamp":"2026-05-20T13:16:07.234Z"}
{"lancamento":1434906762,"level":"info","message":"ℹ️ Título 117812/B já estava baixado. Processo ignorado.","service":"btg-baixa-titulos-service","situacao":"BAIXADO","timestamp":"2026-05-20T13:16:07.253Z"}
{"level":"info","message":"🔎 Processando título 117917/A","service":"btg-baixa-titulos-service","timestamp":"2026-05-20T13:16:07.253Z"}
{"level":"info","message":"🌐 Millennium request: GET /MILLENIUM!JOIN_ONEUP.LANCAMENTOS.CONSULTALANCAMENTOS?cnpj=06.181.589%2F0001-58&n_documento=117917%2FA","service":"btg-baixa-titulos-service","timestamp":"2026-05-20T13:16:07.254Z"}
{"lancamento":1434907098,"level":"info","message":"ℹ️ Título 117917/A já estava baixado. Processo ignorado.","service":"btg-baixa-titulos-service","situacao":"BAIXADO","timestamp":"2026-05-20T13:16:07.268Z"}
{"level":"info","message":"🔎 Processando título 117812/A","service":"btg-baixa-titulos-service","timestamp":"2026-05-20T13:16:07.269Z"}
{"level":"info","message":"🌐 Millennium request: GET /MILLENIUM!JOIN_ONEUP.LANCAMENTOS.CONSULTALANCAMENTOS?cnpj=06.181.589%2F0001-58&n_documento=117812%2FA","service":"btg-baixa-titulos-service","timestamp":"2026-05-20T13:16:07.269Z"}
{"lancamento":1434906761,"level":"info","message":"ℹ️ Título 117812/A já estava baixado. Processo ignorado.","service":"btg-baixa-titulos-service","situacao":"BAIXADO","timestamp":"2026-05-20T13:16:07.285Z"}
{"level":"info","message":"🔎 Processando título 117490/B","service":"btg-baixa-titulos-service","timestamp":"2026-05-20T13:16:07.287Z"}
{"level":"info","message":"🌐 Millennium request: GET /MILLENIUM!JOIN_ONEUP.LANCAMENTOS.CONSULTALANCAMENTOS?cnpj=01.934.454%2F0001-00&n_documento=117490%2FB","service":"btg-baixa-titulos-service","timestamp":"2026-05-20T13:16:07.287Z"}
{"lancamento":1434904410,"level":"info","message":"ℹ️ Título 117490/B já estava baixado. Processo ignorado.","service":"btg-baixa-titulos-service","situacao":"BAIXADO","timestamp":"2026-05-20T13:16:07.303Z"}
{"level":"info","message":"🔎 Processando título 118018/A","service":"btg-baixa-titulos-service","timestamp":"2026-05-20T13:16:07.304Z"}
{"level":"info","message":"🌐 Millennium request: GET /MILLENIUM!JOIN_ONEUP.LANCAMENTOS.CONSULTALANCAMENTOS?cnpj=01.934.454%2F0001-00&n_documento=118018%2FA","service":"btg-baixa-titulos-service","timestamp":"2026-05-20T13:16:07.304Z"}
{"lancamento":1434907448,"level":"info","message":"ℹ️ Título 118018/A já estava baixado. Processo ignorado.","service":"btg-baixa-titulos-service","situacao":"BAIXADO","timestamp":"2026-05-20T13:16:07.319Z"}
{"level":"info","message":"🔎 Processando título 117490/A","service":"btg-baixa-titulos-service","timestamp":"2026-05-20T13:16:07.322Z"}
{"level":"info","message":"🌐 Millennium request: GET /MILLENIUM!JOIN_ONEUP.LANCAMENTOS.CONSULTALANCAMENTOS?cnpj=01.934.454%2F0001-00&n_documento=117490%2FA","service":"btg-baixa-titulos-service","timestamp":"2026-05-20T13:16:07.322Z"}
{"lancamento":1434904409,"level":"info","message":"ℹ️ Título 117490/A já estava baixado. Processo ignorado.","service":"btg-baixa-titulos-service","situacao":"BAIXADO","timestamp":"2026-05-20T13:16:07.336Z"}
{"level":"info","message":"🔎 Processando título 117183/B","service":"btg-baixa-titulos-service","timestamp":"2026-05-20T13:16:07.339Z"}
{"level":"info","message":"🌐 Millennium request: GET /MILLENIUM!JOIN_ONEUP.LANCAMENTOS.CONSULTALANCAMENTOS?cnpj=31.505.989%2F0001-19&n_documento=117183%2FB","service":"btg-baixa-titulos-service","timestamp":"2026-05-20T13:16:07.339Z"}
{"lancamento":1434902697,"level":"info","message":"ℹ️ Título 117183/B já estava baixado. Processo ignorado.","service":"btg-baixa-titulos-service","situacao":"BAIXADO","timestamp":"2026-05-20T13:16:07.354Z"}
{"level":"info","message":"🔎 Processando título 117183/A","service":"btg-baixa-titulos-service","timestamp":"2026-05-20T13:16:07.356Z"}
{"level":"info","message":"🌐 Millennium request: GET /MILLENIUM!JOIN_ONEUP.LANCAMENTOS.CONSULTALANCAMENTOS?cnpj=31.505.989%2F0001-19&n_documento=117183%2FA","service":"btg-baixa-titulos-service","timestamp":"2026-05-20T13:16:07.356Z"}
{"lancamento":1434902696,"level":"info","message":"ℹ️ Título 117183/A já estava baixado. Processo ignorado.","service":"btg-baixa-titulos-service","situacao":"BAIXADO","timestamp":"2026-05-20T13:16:07.377Z"}
{"level":"info","message":"🔎 Processando título 117241/C","service":"btg-baixa-titulos-service","timestamp":"2026-05-20T13:16:07.378Z"}
{"level":"info","message":"🌐 Millennium request: GET /MILLENIUM!JOIN_ONEUP.LANCAMENTOS.CONSULTALANCAMENTOS?cnpj=03.294.992%2F0001-03&n_documento=117241%2FC","service":"btg-baixa-titulos-service","timestamp":"2026-05-20T13:16:07.378Z"}
{"lancamento":1434902860,"level":"info","message":"ℹ️ Título 117241/C já estava baixado. Processo ignorado.","service":"btg-baixa-titulos-service","situacao":"BAIXADO","timestamp":"2026-05-20T13:16:07.392Z"}
{"level":"info","message":"🔎 Processando título 118044/B","service":"btg-baixa-titulos-service","timestamp":"2026-05-20T13:16:07.392Z"}
{"level":"info","message":"🌐 Millennium request: GET /MILLENIUM!JOIN_ONEUP.LANCAMENTOS.CONSULTALANCAMENTOS?cnpj=03.294.992%2F0001-03&n_documento=118044%2FB","service":"btg-baixa-titulos-service","timestamp":"2026-05-20T13:16:07.393Z"}
{"lancamento":1434907500,"level":"info","message":"ℹ️ Título 118044/B já estava baixado. Processo ignorado.","service":"btg-baixa-titulos-service","situacao":"BAIXADO","timestamp":"2026-05-20T13:16:07.409Z"}
{"level":"info","message":"🔎 Processando título 118023/B","service":"btg-baixa-titulos-service","timestamp":"2026-05-20T13:16:07.410Z"}
{"level":"info","message":"🌐 Millennium request: GET /MILLENIUM!JOIN_ONEUP.LANCAMENTOS.CONSULTALANCAMENTOS?cnpj=50.649.490%2F0001-20&n_documento=118023%2FB","service":"btg-baixa-titulos-service","timestamp":"2026-05-20T13:16:07.410Z"}
{"lancamento":1434907457,"level":"info","message":"ℹ️ Título 118023/B já estava baixado. Processo ignorado.","service":"btg-baixa-titulos-service","situacao":"BAIXADO","timestamp":"2026-05-20T13:16:07.422Z"}
{"level":"info","message":"🔎 Processando título 117915/B","service":"btg-baixa-titulos-service","timestamp":"2026-05-20T13:16:07.423Z"}
{"level":"info","message":"🌐 Millennium request: GET /MILLENIUM!JOIN_ONEUP.LANCAMENTOS.CONSULTALANCAMENTOS?cnpj=03.294.992%2F0001-03&n_documento=117915%2FB","service":"btg-baixa-titulos-service","timestamp":"2026-05-20T13:16:07.423Z"}
{"lancamento":1434907089,"level":"info","message":"ℹ️ Título 117915/B já estava baixado. Processo ignorado.","service":"btg-baixa-titulos-service","situacao":"BAIXADO","timestamp":"2026-05-20T13:16:07.524Z"}
{"level":"info","message":"🔎 Processando título 117914/B","service":"btg-baixa-titulos-service","timestamp":"2026-05-20T13:16:07.527Z"}
{"level":"info","message":"🌐 Millennium request: GET /MILLENIUM!JOIN_ONEUP.LANCAMENTOS.CONSULTALANCAMENTOS?cnpj=44.999.259%2F0001-63&n_documento=117914%2FB","service":"btg-baixa-titulos-service","timestamp":"2026-05-20T13:16:07.527Z"}
{"lancamento":1434907084,"level":"info","message":"ℹ️ Título 117914/B já estava baixado. Processo ignorado.","service":"btg-baixa-titulos-service","situacao":"BAIXADO","timestamp":"2026-05-20T13:16:07.549Z"}
{"level":"info","message":"🔎 Processando título 117911/A","service":"btg-baixa-titulos-service","timestamp":"2026-05-20T13:16:07.553Z"}
{"level":"info","message":"🌐 Millennium request: GET /MILLENIUM!JOIN_ONEUP.LANCAMENTOS.CONSULTALANCAMENTOS?cnpj=57.408.548%2F0001-92&n_documento=117911%2FA","service":"btg-baixa-titulos-service","timestamp":"2026-05-20T13:16:07.553Z"}
{"lancamento":1434907071,"level":"info","message":"ℹ️ Título 117911/A já estava baixado. Processo ignorado.","service":"btg-baixa-titulos-service","situacao":"BAIXADO","timestamp":"2026-05-20T13:16:07.567Z"}
{"level":"info","message":"🔎 Processando título 117766/A","service":"btg-baixa-titulos-service","timestamp":"2026-05-20T13:16:07.570Z"}
{"level":"info","message":"🌐 Millennium request: GET /MILLENIUM!JOIN_ONEUP.LANCAMENTOS.CONSULTALANCAMENTOS?cnpj=57.408.548%2F0001-92&n_documento=117766%2FA","service":"btg-baixa-titulos-service","timestamp":"2026-05-20T13:16:07.570Z"}
{"lancamento":1434906313,"level":"info","message":"ℹ️ Título 117766/A já estava baixado. Processo ignorado.","service":"btg-baixa-titulos-service","situacao":"BAIXADO","timestamp":"2026-05-20T13:16:07.586Z"}
{"level":"info","message":"🔎 Processando título 117893/B","service":"btg-baixa-titulos-service","timestamp":"2026-05-20T13:16:07.589Z"}
{"level":"info","message":"🌐 Millennium request: GET /MILLENIUM!JOIN_ONEUP.LANCAMENTOS.CONSULTALANCAMENTOS?cnpj=44.999.259%2F0001-63&n_documento=117893%2FB","service":"btg-baixa-titulos-service","timestamp":"2026-05-20T13:16:07.589Z"}
{"lancamento":1434906877,"level":"info","message":"ℹ️ Título 117893/B já estava baixado. Processo ignorado.","service":"btg-baixa-titulos-service","situacao":"BAIXADO","timestamp":"2026-05-20T13:16:07.614Z"}
{"level":"info","message":"🔎 Processando título 117914/A","service":"btg-baixa-titulos-service","timestamp":"2026-05-20T13:16:07.618Z"}
{"level":"info","message":"🌐 Millennium request: GET /MILLENIUM!JOIN_ONEUP.LANCAMENTOS.CONSULTALANCAMENTOS?cnpj=44.999.259%2F0001-63&n_documento=117914%2FA","service":"btg-baixa-titulos-service","timestamp":"2026-05-20T13:16:07.618Z"}
{"lancamento":1434907083,"level":"info","message":"ℹ️ Título 117914/A já estava baixado. Processo ignorado.","service":"btg-baixa-titulos-service","situacao":"BAIXADO","timestamp":"2026-05-20T13:16:07.636Z"}
{"level":"info","message":"🔎 Processando título 117893/A","service":"btg-baixa-titulos-service","timestamp":"2026-05-20T13:16:07.639Z"}
{"level":"info","message":"🌐 Millennium request: GET /MILLENIUM!JOIN_ONEUP.LANCAMENTOS.CONSULTALANCAMENTOS?cnpj=44.999.259%2F0001-63&n_documento=117893%2FA","service":"btg-baixa-titulos-service","timestamp":"2026-05-20T13:16:07.639Z"}
{"lancamento":1434906876,"level":"info","message":"ℹ️ Título 117893/A já estava baixado. Processo ignorado.","service":"btg-baixa-titulos-service","situacao":"BAIXADO","timestamp":"2026-05-20T13:16:07.655Z"}
{"level":"info","message":"🔎 Processando título 117845/B","service":"btg-baixa-titulos-service","timestamp":"2026-05-20T13:16:07.658Z"}
{"level":"info","message":"🌐 Millennium request: GET /MILLENIUM!JOIN_ONEUP.LANCAMENTOS.CONSULTALANCAMENTOS?cnpj=03.294.992%2F0001-03&n_documento=117845%2FB","service":"btg-baixa-titulos-service","timestamp":"2026-05-20T13:16:07.658Z"}
{"lancamento":1434906819,"level":"info","message":"ℹ️ Título 117845/B já estava baixado. Processo ignorado.","service":"btg-baixa-titulos-service","situacao":"BAIXADO","timestamp":"2026-05-20T13:16:07.673Z"}
{"level":"info","message":"🔎 Processando título 117241/B","service":"btg-baixa-titulos-service","timestamp":"2026-05-20T13:16:07.676Z"}
{"level":"info","message":"🌐 Millennium request: GET /MILLENIUM!JOIN_ONEUP.LANCAMENTOS.CONSULTALANCAMENTOS?cnpj=03.294.992%2F0001-03&n_documento=117241%2FB","service":"btg-baixa-titulos-service","timestamp":"2026-05-20T13:16:07.676Z"}
{"lancamento":1434902859,"level":"info","message":"ℹ️ Título 117241/B já estava baixado. Processo ignorado.","service":"btg-baixa-titulos-service","situacao":"BAIXADO","timestamp":"2026-05-20T13:16:07.690Z"}
{"level":"info","message":"🔎 Processando título 118044/A","service":"btg-baixa-titulos-service","timestamp":"2026-05-20T13:16:07.693Z"}
{"level":"info","message":"🌐 Millennium request: GET /MILLENIUM!JOIN_ONEUP.LANCAMENTOS.CONSULTALANCAMENTOS?cnpj=03.294.992%2F0001-03&n_documento=118044%2FA","service":"btg-baixa-titulos-service","timestamp":"2026-05-20T13:16:07.693Z"}
{"lancamento":1434907499,"level":"info","message":"ℹ️ Título 118044/A já estava baixado. Processo ignorado.","service":"btg-baixa-titulos-service","situacao":"BAIXADO","timestamp":"2026-05-20T13:16:07.711Z"}
{"level":"info","message":"🔎 Processando título 117915/A","service":"btg-baixa-titulos-service","timestamp":"2026-05-20T13:16:07.714Z"}
{"level":"info","message":"🌐 Millennium request: GET /MILLENIUM!JOIN_ONEUP.LANCAMENTOS.CONSULTALANCAMENTOS?cnpj=03.294.992%2F0001-03&n_documento=117915%2FA","service":"btg-baixa-titulos-service","timestamp":"2026-05-20T13:16:07.714Z"}
{"lancamento":1434907088,"level":"info","message":"ℹ️ Título 117915/A já estava baixado. Processo ignorado.","service":"btg-baixa-titulos-service","situacao":"BAIXADO","timestamp":"2026-05-20T13:16:07.729Z"}
{"level":"info","message":"🔎 Processando título 117845/A","service":"btg-baixa-titulos-service","timestamp":"2026-05-20T13:16:07.731Z"}
{"level":"info","message":"🌐 Millennium request: GET /MILLENIUM!JOIN_ONEUP.LANCAMENTOS.CONSULTALANCAMENTOS?cnpj=03.294.992%2F0001-03&n_documento=117845%2FA","service":"btg-baixa-titulos-service","timestamp":"2026-05-20T13:16:07.732Z"}
{"lancamento":1434906818,"level":"info","message":"ℹ️ Título 117845/A já estava baixado. Processo ignorado.","service":"btg-baixa-titulos-service","situacao":"BAIXADO","timestamp":"2026-05-20T13:16:07.744Z"}
{"level":"info","message":"🔎 Processando título 117241/A","service":"btg-baixa-titulos-service","timestamp":"2026-05-20T13:16:07.747Z"}
{"level":"info","message":"🌐 Millennium request: GET /MILLENIUM!JOIN_ONEUP.LANCAMENTOS.CONSULTALANCAMENTOS?cnpj=03.294.992%2F0001-03&n_documento=117241%2FA","service":"btg-baixa-titulos-service","timestamp":"2026-05-20T13:16:07.747Z"}
{"lancamento":1434902858,"level":"info","message":"ℹ️ Título 117241/A já estava baixado. Processo ignorado.","service":"btg-baixa-titulos-service","situacao":"BAIXADO","timestamp":"2026-05-20T13:16:07.761Z"}
{"level":"info","message":"🔎 Processando título 118023/A","service":"btg-baixa-titulos-service","timestamp":"2026-05-20T13:16:07.765Z"}
{"level":"info","message":"🌐 Millennium request: GET /MILLENIUM!JOIN_ONEUP.LANCAMENTOS.CONSULTALANCAMENTOS?cnpj=50.649.490%2F0001-20&n_documento=118023%2FA","service":"btg-baixa-titulos-service","timestamp":"2026-05-20T13:16:07.765Z"}
{"lancamento":1434907456,"level":"info","message":"ℹ️ Título 118023/A já estava baixado. Processo ignorado.","service":"btg-baixa-titulos-service","situacao":"BAIXADO","timestamp":"2026-05-20T13:16:07.783Z"}
{"level":"info","message":"🔎 Processando título 117909/B","service":"btg-baixa-titulos-service","timestamp":"2026-05-20T13:16:07.786Z"}
{"level":"info","message":"🌐 Millennium request: GET /MILLENIUM!JOIN_ONEUP.LANCAMENTOS.CONSULTALANCAMENTOS?cnpj=73.652.158%2F0001-10&n_documento=117909%2FB","service":"btg-baixa-titulos-service","timestamp":"2026-05-20T13:16:07.786Z"}
{"lancamento":1434907062,"level":"info","message":"ℹ️ Título 117909/B já estava baixado. Processo ignorado.","service":"btg-baixa-titulos-service","situacao":"BAIXADO","timestamp":"2026-05-20T13:16:07.800Z"}
{"level":"info","message":"🔎 Processando título 117763/B","service":"btg-baixa-titulos-service","timestamp":"2026-05-20T13:16:07.804Z"}
{"level":"info","message":"🌐 Millennium request: GET /MILLENIUM!JOIN_ONEUP.LANCAMENTOS.CONSULTALANCAMENTOS?cnpj=73.652.158%2F0001-10&n_documento=117763%2FB","service":"btg-baixa-titulos-service","timestamp":"2026-05-20T13:16:07.804Z"}
{"lancamento":1434906204,"level":"info","message":"ℹ️ Título 117763/B já estava baixado. Processo ignorado.","service":"btg-baixa-titulos-service","situacao":"BAIXADO","timestamp":"2026-05-20T13:16:07.820Z"}
{"level":"info","message":"🔎 Processando título 117909/A","service":"btg-baixa-titulos-service","timestamp":"2026-05-20T13:16:07.824Z"}
{"level":"info","message":"🌐 Millennium request: GET /MILLENIUM!JOIN_ONEUP.LANCAMENTOS.CONSULTALANCAMENTOS?cnpj=73.652.158%2F0001-10&n_documento=117909%2FA","service":"btg-baixa-titulos-service","timestamp":"2026-05-20T13:16:07.824Z"}
{"lancamento":1434907061,"level":"info","message":"ℹ️ Título 117909/A já estava baixado. Processo ignorado.","service":"btg-baixa-titulos-service","situacao":"BAIXADO","timestamp":"2026-05-20T13:16:07.840Z"}
{"level":"info","message":"🔎 Processando título 117763/A","service":"btg-baixa-titulos-service","timestamp":"2026-05-20T13:16:07.843Z"}
{"level":"info","message":"🌐 Millennium request: GET /MILLENIUM!JOIN_ONEUP.LANCAMENTOS.CONSULTALANCAMENTOS?cnpj=73.652.158%2F0001-10&n_documento=117763%2FA","service":"btg-baixa-titulos-service","timestamp":"2026-05-20T13:16:07.843Z"}
{"lancamento":1434906203,"level":"info","message":"ℹ️ Título 117763/A já estava baixado. Processo ignorado.","service":"btg-baixa-titulos-service","situacao":"BAIXADO","timestamp":"2026-05-20T13:16:07.857Z"}
{"level":"info","message":"🔎 Processando título 117913","service":"btg-baixa-titulos-service","timestamp":"2026-05-20T13:16:07.858Z"}
{"level":"info","message":"🌐 Millennium request: GET /MILLENIUM!JOIN_ONEUP.LANCAMENTOS.CONSULTALANCAMENTOS?cnpj=77.857.555%2F0009-36&n_documento=117913","service":"btg-baixa-titulos-service","timestamp":"2026-05-20T13:16:07.858Z"}
{"lancamento":1434907081,"level":"info","message":"ℹ️ Título 117913 já estava baixado. Processo ignorado.","service":"btg-baixa-titulos-service","situacao":"BAIXADO","timestamp":"2026-05-20T13:16:07.877Z"}
{"level":"info","message":"🔎 Processando título 117810","service":"btg-baixa-titulos-service","timestamp":"2026-05-20T13:16:07.880Z"}
{"level":"info","message":"🌐 Millennium request: GET /MILLENIUM!JOIN_ONEUP.LANCAMENTOS.CONSULTALANCAMENTOS?cnpj=77.857.555%2F0009-36&n_documento=117810","service":"btg-baixa-titulos-service","timestamp":"2026-05-20T13:16:07.880Z"}
{"lancamento":1434906758,"level":"info","message":"ℹ️ Título 117810 já estava baixado. Processo ignorado.","service":"btg-baixa-titulos-service","situacao":"BAIXADO","timestamp":"2026-05-20T13:16:07.894Z"}
{"level":"info","message":"🔎 Processando título 118022","service":"btg-baixa-titulos-service","timestamp":"2026-05-20T13:16:07.896Z"}
{"level":"info","message":"🌐 Millennium request: GET /MILLENIUM!JOIN_ONEUP.LANCAMENTOS.CONSULTALANCAMENTOS?cnpj=01.009.793%2F0001-72&n_documento=118022","service":"btg-baixa-titulos-service","timestamp":"2026-05-20T13:16:07.896Z"}
{"lancamento":1434907460,"level":"info","message":"ℹ️ Título 118022 já estava baixado. Processo ignorado.","service":"btg-baixa-titulos-service","situacao":"BAIXADO","timestamp":"2026-05-20T13:16:07.912Z"}
{"level":"info","message":"🔎 Processando título 118020","service":"btg-baixa-titulos-service","timestamp":"2026-05-20T13:16:07.914Z"}
{"level":"info","message":"🌐 Millennium request: GET /MILLENIUM!JOIN_ONEUP.LANCAMENTOS.CONSULTALANCAMENTOS?cnpj=02.355.679%2F0001-67&n_documento=118020","service":"btg-baixa-titulos-service","timestamp":"2026-05-20T13:16:07.914Z"}
{"lancamento":1434907451,"level":"info","message":"ℹ️ Título 118020 já estava baixado. Processo ignorado.","service":"btg-baixa-titulos-service","situacao":"BAIXADO","timestamp":"2026-05-20T13:16:07.931Z"}
{"level":"info","message":"🔎 Processando título 116729/C","service":"btg-baixa-titulos-service","timestamp":"2026-05-20T13:16:07.933Z"}
{"level":"info","message":"🌐 Millennium request: GET /MILLENIUM!JOIN_ONEUP.LANCAMENTOS.CONSULTALANCAMENTOS?cnpj=03.294.992%2F0001-03&n_documento=116729%2FC","service":"btg-baixa-titulos-service","timestamp":"2026-05-20T13:16:07.933Z"}
{"lancamento":1434900397,"level":"info","message":"ℹ️ Título 116729/C já estava baixado. Processo ignorado.","service":"btg-baixa-titulos-service","situacao":"BAIXADO","timestamp":"2026-05-20T13:16:07.948Z"}
{"level":"info","message":"🔎 Processando título 116729/B","service":"btg-baixa-titulos-service","timestamp":"2026-05-20T13:16:07.951Z"}
{"level":"info","message":"🌐 Millennium request: GET /MILLENIUM!JOIN_ONEUP.LANCAMENTOS.CONSULTALANCAMENTOS?cnpj=03.294.992%2F0001-03&n_documento=116729%2FB","service":"btg-baixa-titulos-service","timestamp":"2026-05-20T13:16:07.951Z"}
{"lancamento":1434900396,"level":"info","message":"ℹ️ Título 116729/B já estava baixado. Processo ignorado.","service":"btg-baixa-titulos-service","situacao":"BAIXADO","timestamp":"2026-05-20T13:16:08.056Z"}
{"level":"info","message":"🔎 Processando título 116729/A","service":"btg-baixa-titulos-service","timestamp":"2026-05-20T13:16:08.060Z"}
{"level":"info","message":"🌐 Millennium request: GET /MILLENIUM!JOIN_ONEUP.LANCAMENTOS.CONSULTALANCAMENTOS?cnpj=03.294.992%2F0001-03&n_documento=116729%2FA","service":"btg-baixa-titulos-service","timestamp":"2026-05-20T13:16:08.060Z"}
{"lancamento":1434900395,"level":"info","message":"ℹ️ Título 116729/A já estava baixado. Processo ignorado.","service":"btg-baixa-titulos-service","situacao":"BAIXADO","timestamp":"2026-05-20T13:16:08.075Z"}
{"level":"info","message":"🔎 Processando título 116864/B","service":"btg-baixa-titulos-service","timestamp":"2026-05-20T13:16:08.078Z"}
{"level":"info","message":"🌐 Millennium request: GET /MILLENIUM!JOIN_ONEUP.LANCAMENTOS.CONSULTALANCAMENTOS?cnpj=57.408.548%2F0001-92&n_documento=116864%2FB","service":"btg-baixa-titulos-service","timestamp":"2026-05-20T13:16:08.078Z"}
{"lancamento":1434901258,"level":"info","message":"ℹ️ Título 116864/B já estava baixado. Processo ignorado.","service":"btg-baixa-titulos-service","situacao":"BAIXADO","timestamp":"2026-05-20T13:16:08.101Z"}
{"level":"info","message":"🔎 Processando título 116864/A","service":"btg-baixa-titulos-service","timestamp":"2026-05-20T13:16:08.105Z"}
{"level":"info","message":"🌐 Millennium request: GET /MILLENIUM!JOIN_ONEUP.LANCAMENTOS.CONSULTALANCAMENTOS?cnpj=57.408.548%2F0001-92&n_documento=116864%2FA","service":"btg-baixa-titulos-service","timestamp":"2026-05-20T13:16:08.105Z"}
{"lancamento":1434901257,"level":"info","message":"ℹ️ Título 116864/A já estava baixado. Processo ignorado.","service":"btg-baixa-titulos-service","situacao":"BAIXADO","timestamp":"2026-05-20T13:16:08.132Z"}
{"level":"info","message":"🔎 Processando título 116617/C","service":"btg-baixa-titulos-service","timestamp":"2026-05-20T13:16:08.137Z"}
{"level":"info","message":"🌐 Millennium request: GET /MILLENIUM!JOIN_ONEUP.LANCAMENTOS.CONSULTALANCAMENTOS?cnpj=44.999.259%2F0001-63&n_documento=116617%2FC","service":"btg-baixa-titulos-service","timestamp":"2026-05-20T13:16:08.137Z"}
{"lancamento":1434899999,"level":"info","message":"ℹ️ Título 116617/C já estava baixado. Processo ignorado.","service":"btg-baixa-titulos-service","situacao":"BAIXADO","timestamp":"2026-05-20T13:16:08.157Z"}
{"level":"info","message":"🔎 Processando título 116617/B","service":"btg-baixa-titulos-service","timestamp":"2026-05-20T13:16:08.160Z"}
{"level":"info","message":"🌐 Millennium request: GET /MILLENIUM!JOIN_ONEUP.LANCAMENTOS.CONSULTALANCAMENTOS?cnpj=44.999.259%2F0001-63&n_documento=116617%2FB","service":"btg-baixa-titulos-service","timestamp":"2026-05-20T13:16:08.160Z"}
{"lancamento":1434899998,"level":"info","message":"ℹ️ Título 116617/B já estava baixado. Processo ignorado.","service":"btg-baixa-titulos-service","situacao":"BAIXADO","timestamp":"2026-05-20T13:16:08.177Z"}
{"level":"info","message":"🔎 Processando título 116617/A","service":"btg-baixa-titulos-service","timestamp":"2026-05-20T13:16:08.180Z"}
{"level":"info","message":"🌐 Millennium request: GET /MILLENIUM!JOIN_ONEUP.LANCAMENTOS.CONSULTALANCAMENTOS?cnpj=44.999.259%2F0001-63&n_documento=116617%2FA","service":"btg-baixa-titulos-service","timestamp":"2026-05-20T13:16:08.180Z"}
{"lancamento":1434899997,"level":"info","message":"ℹ️ Título 116617/A já estava baixado. Processo ignorado.","service":"btg-baixa-titulos-service","situacao":"BAIXADO","timestamp":"2026-05-20T13:16:08.196Z"}
{"level":"info","message":"🔎 Processando título 116058","service":"btg-baixa-titulos-service","timestamp":"2026-05-20T13:16:08.200Z"}
{"level":"info","message":"🌐 Millennium request: GET /MILLENIUM!JOIN_ONEUP.LANCAMENTOS.CONSULTALANCAMENTOS?cnpj=02.355.679%2F0001-67&n_documento=116058","service":"btg-baixa-titulos-service","timestamp":"2026-05-20T13:16:08.200Z"}
{"lancamento":1434897658,"level":"info","message":"ℹ️ Título 116058 já estava baixado. Processo ignorado.","service":"btg-baixa-titulos-service","situacao":"BAIXADO","timestamp":"2026-05-20T13:16:08.214Z"}
{"level":"info","message":"🔎 Processando título 116055","service":"btg-baixa-titulos-service","timestamp":"2026-05-20T13:16:08.217Z"}
{"level":"info","message":"🌐 Millennium request: GET /MILLENIUM!JOIN_ONEUP.LANCAMENTOS.CONSULTALANCAMENTOS?cnpj=01.009.793%2F0001-72&n_documento=116055","service":"btg-baixa-titulos-service","timestamp":"2026-05-20T13:16:08.217Z"}
{"lancamento":1434897633,"level":"info","message":"ℹ️ Título 116055 já estava baixado. Processo ignorado.","service":"btg-baixa-titulos-service","situacao":"BAIXADO","timestamp":"2026-05-20T13:16:08.236Z"}
{"level":"info","message":"🔎 Processando título 116074/B","service":"btg-baixa-titulos-service","timestamp":"2026-05-20T13:16:08.240Z"}
{"level":"info","message":"🌐 Millennium request: GET /MILLENIUM!JOIN_ONEUP.LANCAMENTOS.CONSULTALANCAMENTOS?cnpj=59.205.187%2F0001-02&n_documento=116074%2FB","service":"btg-baixa-titulos-service","timestamp":"2026-05-20T13:16:08.240Z"}
{"lancamento":1434897763,"level":"info","message":"ℹ️ Título 116074/B já estava baixado. Processo ignorado.","service":"btg-baixa-titulos-service","situacao":"BAIXADO","timestamp":"2026-05-20T13:16:08.256Z"}
{"level":"info","message":"🔎 Processando título 116072/B","service":"btg-baixa-titulos-service","timestamp":"2026-05-20T13:16:08.259Z"}
{"level":"info","message":"🌐 Millennium request: GET /MILLENIUM!JOIN_ONEUP.LANCAMENTOS.CONSULTALANCAMENTOS?cnpj=21.067.137%2F0001-33&n_documento=116072%2FB","service":"btg-baixa-titulos-service","timestamp":"2026-05-20T13:16:08.259Z"}
{"lancamento":1434897756,"level":"info","message":"ℹ️ Título 116072/B já estava baixado. Processo ignorado.","service":"btg-baixa-titulos-service","situacao":"BAIXADO","timestamp":"2026-05-20T13:16:08.276Z"}
{"level":"info","message":"🔎 Processando título 116071/B","service":"btg-baixa-titulos-service","timestamp":"2026-05-20T13:16:08.279Z"}
{"level":"info","message":"🌐 Millennium request: GET /MILLENIUM!JOIN_ONEUP.LANCAMENTOS.CONSULTALANCAMENTOS?cnpj=06.181.589%2F0001-58&n_documento=116071%2FB","service":"btg-baixa-titulos-service","timestamp":"2026-05-20T13:16:08.279Z"}
{"lancamento":1434897748,"level":"info","message":"ℹ️ Título 116071/B já estava baixado. Processo ignorado.","service":"btg-baixa-titulos-service","situacao":"BAIXADO","timestamp":"2026-05-20T13:16:08.297Z"}
{"level":"info","message":"🔎 Processando título 116070/B","service":"btg-baixa-titulos-service","timestamp":"2026-05-20T13:16:08.302Z"}
{"level":"info","message":"🌐 Millennium request: GET /MILLENIUM!JOIN_ONEUP.LANCAMENTOS.CONSULTALANCAMENTOS?cnpj=03.247.651%2F0001-79&n_documento=116070%2FB","service":"btg-baixa-titulos-service","timestamp":"2026-05-20T13:16:08.302Z"}
{"lancamento":1434897741,"level":"info","message":"ℹ️ Título 116070/B já estava baixado. Processo ignorado.","service":"btg-baixa-titulos-service","situacao":"BAIXADO","timestamp":"2026-05-20T13:16:08.316Z"}
{"level":"info","message":"🔎 Processando título 116069/B","service":"btg-baixa-titulos-service","timestamp":"2026-05-20T13:16:08.320Z"}
{"level":"info","message":"🌐 Millennium request: GET /MILLENIUM!JOIN_ONEUP.LANCAMENTOS.CONSULTALANCAMENTOS?cnpj=03.294.992%2F0001-03&n_documento=116069%2FB","service":"btg-baixa-titulos-service","timestamp":"2026-05-20T13:16:08.320Z"}
{"lancamento":1434897736,"level":"info","message":"ℹ️ Título 116069/B já estava baixado. Processo ignorado.","service":"btg-baixa-titulos-service","situacao":"BAIXADO","timestamp":"2026-05-20T13:16:08.336Z"}
{"level":"info","message":"🔎 Processando título 116068/B","service":"btg-baixa-titulos-service","timestamp":"2026-05-20T13:16:08.340Z"}
{"level":"info","message":"🌐 Millennium request: GET /MILLENIUM!JOIN_ONEUP.LANCAMENTOS.CONSULTALANCAMENTOS?cnpj=44.999.259%2F0001-63&n_documento=116068%2FB","service":"btg-baixa-titulos-service","timestamp":"2026-05-20T13:16:08.340Z"}
{"lancamento":1434897731,"level":"info","message":"ℹ️ Título 116068/B já estava baixado. Processo ignorado.","service":"btg-baixa-titulos-service","situacao":"BAIXADO","timestamp":"2026-05-20T13:16:08.355Z"}
{"level":"info","message":"🔎 Processando título 114867/D","service":"btg-baixa-titulos-service","timestamp":"2026-05-20T13:16:08.359Z"}
{"level":"info","message":"🌐 Millennium request: GET /MILLENIUM!JOIN_ONEUP.LANCAMENTOS.CONSULTALANCAMENTOS?cnpj=44.999.259%2F0001-63&n_documento=114867%2FD","service":"btg-baixa-titulos-service","timestamp":"2026-05-20T13:16:08.359Z"}
{"lancamento":1434892199,"level":"info","message":"ℹ️ Título 114867/D já estava baixado. Processo ignorado.","service":"btg-baixa-titulos-service","situacao":"BAIXADO","timestamp":"2026-05-20T13:16:08.376Z"}
{"level":"info","message":"🔎 Processando título 116059/B","service":"btg-baixa-titulos-service","timestamp":"2026-05-20T13:16:08.381Z"}
{"level":"info","message":"🌐 Millennium request: GET /MILLENIUM!JOIN_ONEUP.LANCAMENTOS.CONSULTALANCAMENTOS?cnpj=00.768.271%2F0001-91&n_documento=116059%2FB","service":"btg-baixa-titulos-service","timestamp":"2026-05-20T13:16:08.381Z"}
{"lancamento":1434897661,"level":"info","message":"ℹ️ Título 116059/B já estava baixado. Processo ignorado.","service":"btg-baixa-titulos-service","situacao":"BAIXADO","timestamp":"2026-05-20T13:16:08.397Z"}
{"level":"info","message":"🔎 Processando título 116057/B","service":"btg-baixa-titulos-service","timestamp":"2026-05-20T13:16:08.400Z"}
{"level":"info","message":"🌐 Millennium request: GET /MILLENIUM!JOIN_ONEUP.LANCAMENTOS.CONSULTALANCAMENTOS?cnpj=73.652.158%2F0001-10&n_documento=116057%2FB","service":"btg-baixa-titulos-service","timestamp":"2026-05-20T13:16:08.400Z"}
{"lancamento":1434897654,"level":"info","message":"ℹ️ Título 116057/B já estava baixado. Processo ignorado.","service":"btg-baixa-titulos-service","situacao":"BAIXADO","timestamp":"2026-05-20T13:16:08.416Z"}
{"level":"info","message":"🔎 Processando título 116078/C","service":"btg-baixa-titulos-service","timestamp":"2026-05-20T13:16:08.420Z"}
{"level":"info","message":"🌐 Millennium request: GET /MILLENIUM!JOIN_ONEUP.LANCAMENTOS.CONSULTALANCAMENTOS?cnpj=01.934.454%2F0001-00&n_documento=116078%2FC","service":"btg-baixa-titulos-service","timestamp":"2026-05-20T13:16:08.420Z"}
{"lancamento":1434897839,"level":"info","message":"ℹ️ Título 116078/C já estava baixado. Processo ignorado.","service":"btg-baixa-titulos-service","situacao":"BAIXADO","timestamp":"2026-05-20T13:16:08.436Z"}
{"level":"info","message":"🔎 Processando título 116036/B","service":"btg-baixa-titulos-service","timestamp":"2026-05-20T13:16:08.439Z"}
{"level":"info","message":"🌐 Millennium request: GET /MILLENIUM!JOIN_ONEUP.LANCAMENTOS.CONSULTALANCAMENTOS?cnpj=50.649.490%2F0001-20&n_documento=116036%2FB","service":"btg-baixa-titulos-service","timestamp":"2026-05-20T13:16:08.439Z"}
{"lancamento":1434897515,"level":"info","message":"ℹ️ Título 116036/B já estava baixado. Processo ignorado.","service":"btg-baixa-titulos-service","situacao":"BAIXADO","timestamp":"2026-05-20T13:16:08.458Z"}
{"level":"info","message":"🔎 Processando título 116077/B","service":"btg-baixa-titulos-service","timestamp":"2026-05-20T13:16:08.462Z"}
{"level":"info","message":"🌐 Millennium request: GET /MILLENIUM!JOIN_ONEUP.LANCAMENTOS.CONSULTALANCAMENTOS?cnpj=57.408.548%2F0001-92&n_documento=116077%2FB","service":"btg-baixa-titulos-service","timestamp":"2026-05-20T13:16:08.462Z"}
{"lancamento":1434897775,"level":"info","message":"ℹ️ Título 116077/B já estava baixado. Processo ignorado.","service":"btg-baixa-titulos-service","situacao":"BAIXADO","timestamp":"2026-05-20T13:16:08.559Z"}
{"level":"info","message":"🔎 Processando título 115849/B","service":"btg-baixa-titulos-service","timestamp":"2026-05-20T13:16:08.564Z"}
{"level":"info","message":"🌐 Millennium request: GET /MILLENIUM!JOIN_ONEUP.LANCAMENTOS.CONSULTALANCAMENTOS?cnpj=50.649.490%2F0001-20&n_documento=115849%2FB","service":"btg-baixa-titulos-service","timestamp":"2026-05-20T13:16:08.564Z"}
{"lancamento":1434896985,"level":"info","message":"ℹ️ Título 115849/B já estava baixado. Processo ignorado.","service":"btg-baixa-titulos-service","situacao":"BAIXADO","timestamp":"2026-05-20T13:16:08.582Z"}
{"level":"info","message":"🔎 Processando título 116074/C","service":"btg-baixa-titulos-service","timestamp":"2026-05-20T13:16:08.585Z"}
{"level":"info","message":"🌐 Millennium request: GET /MILLENIUM!JOIN_ONEUP.LANCAMENTOS.CONSULTALANCAMENTOS?cnpj=59.205.187%2F0001-02&n_documento=116074%2FC","service":"btg-baixa-titulos-service","timestamp":"2026-05-20T13:16:08.585Z"}
{"lancamento":1434897764,"level":"info","message":"ℹ️ Título 116074/C já estava baixado. Processo ignorado.","service":"btg-baixa-titulos-service","situacao":"BAIXADO","timestamp":"2026-05-20T13:16:08.599Z"}
{"level":"info","message":"🔎 Processando título 115848/B","service":"btg-baixa-titulos-service","timestamp":"2026-05-20T13:16:08.602Z"}
{"level":"info","message":"🌐 Millennium request: GET /MILLENIUM!JOIN_ONEUP.LANCAMENTOS.CONSULTALANCAMENTOS?cnpj=50.649.490%2F0001-20&n_documento=115848%2FB","service":"btg-baixa-titulos-service","timestamp":"2026-05-20T13:16:08.603Z"}
{"lancamento":1434896981,"level":"info","message":"ℹ️ Título 115848/B já estava baixado. Processo ignorado.","service":"btg-baixa-titulos-service","situacao":"BAIXADO","timestamp":"2026-05-20T13:16:08.619Z"}
{"level":"info","message":"🔎 Processando título 116071/A","service":"btg-baixa-titulos-service","timestamp":"2026-05-20T13:16:08.622Z"}
{"level":"info","message":"🌐 Millennium request: GET /MILLENIUM!JOIN_ONEUP.LANCAMENTOS.CONSULTALANCAMENTOS?cnpj=06.181.589%2F0001-58&n_documento=116071%2FA","service":"btg-baixa-titulos-service","timestamp":"2026-05-20T13:16:08.622Z"}
{"lancamento":1434897747,"level":"info","message":"ℹ️ Título 116071/A já estava baixado. Processo ignorado.","service":"btg-baixa-titulos-service","situacao":"BAIXADO","timestamp":"2026-05-20T13:16:08.636Z"}
{"level":"info","message":"🔎 Processando título 116070/A","service":"btg-baixa-titulos-service","timestamp":"2026-05-20T13:16:08.639Z"}
{"level":"info","message":"🌐 Millennium request: GET /MILLENIUM!JOIN_ONEUP.LANCAMENTOS.CONSULTALANCAMENTOS?cnpj=03.247.651%2F0001-79&n_documento=116070%2FA","service":"btg-baixa-titulos-service","timestamp":"2026-05-20T13:16:08.639Z"}
{"lancamento":1434897740,"level":"info","message":"ℹ️ Título 116070/A já estava baixado. Processo ignorado.","service":"btg-baixa-titulos-service","situacao":"BAIXADO","timestamp":"2026-05-20T13:16:08.654Z"}
{"level":"info","message":"🔎 Processando título 116071/C","service":"btg-baixa-titulos-service","timestamp":"2026-05-20T13:16:08.658Z"}
{"level":"info","message":"🌐 Millennium request: GET /MILLENIUM!JOIN_ONEUP.LANCAMENTOS.CONSULTALANCAMENTOS?cnpj=06.181.589%2F0001-58&n_documento=116071%2FC","service":"btg-baixa-titulos-service","timestamp":"2026-05-20T13:16:08.658Z"}
{"lancamento":1434897749,"level":"info","message":"ℹ️ Título 116071/C já estava baixado. Processo ignorado.","service":"btg-baixa-titulos-service","situacao":"BAIXADO","timestamp":"2026-05-20T13:16:08.671Z"}
{"level":"info","message":"🔎 Processando título 116069/A","service":"btg-baixa-titulos-service","timestamp":"2026-05-20T13:16:08.674Z"}
{"level":"info","message":"🌐 Millennium request: GET /MILLENIUM!JOIN_ONEUP.LANCAMENTOS.CONSULTALANCAMENTOS?cnpj=03.294.992%2F0001-03&n_documento=116069%2FA","service":"btg-baixa-titulos-service","timestamp":"2026-05-20T13:16:08.674Z"}
{"lancamento":1434897735,"level":"info","message":"ℹ️ Título 116069/A já estava baixado. Processo ignorado.","service":"btg-baixa-titulos-service","situacao":"BAIXADO","timestamp":"2026-05-20T13:16:08.689Z"}
{"level":"info","message":"🔎 Processando título 116070/C","service":"btg-baixa-titulos-service","timestamp":"2026-05-20T13:16:08.691Z"}
{"level":"info","message":"🌐 Millennium request: GET /MILLENIUM!JOIN_ONEUP.LANCAMENTOS.CONSULTALANCAMENTOS?cnpj=03.247.651%2F0001-79&n_documento=116070%2FC","service":"btg-baixa-titulos-service","timestamp":"2026-05-20T13:16:08.691Z"}
{"lancamento":1434897742,"level":"info","message":"ℹ️ Título 116070/C já estava baixado. Processo ignorado.","service":"btg-baixa-titulos-service","situacao":"BAIXADO","timestamp":"2026-05-20T13:16:08.705Z"}
{"level":"info","message":"🔎 Processando título 116078/A","service":"btg-baixa-titulos-service","timestamp":"2026-05-20T13:16:08.708Z"}
{"level":"info","message":"🌐 Millennium request: GET /MILLENIUM!JOIN_ONEUP.LANCAMENTOS.CONSULTALANCAMENTOS?cnpj=01.934.454%2F0001-00&n_documento=116078%2FA","service":"btg-baixa-titulos-service","timestamp":"2026-05-20T13:16:08.708Z"}
{"lancamento":1434897837,"level":"info","message":"ℹ️ Título 116078/A já estava baixado. Processo ignorado.","service":"btg-baixa-titulos-service","situacao":"BAIXADO","timestamp":"2026-05-20T13:16:08.723Z"}
{"level":"info","message":"🔎 Processando título 116069/C","service":"btg-baixa-titulos-service","timestamp":"2026-05-20T13:16:08.725Z"}
{"level":"info","message":"🌐 Millennium request: GET /MILLENIUM!JOIN_ONEUP.LANCAMENTOS.CONSULTALANCAMENTOS?cnpj=03.294.992%2F0001-03&n_documento=116069%2FC","service":"btg-baixa-titulos-service","timestamp":"2026-05-20T13:16:08.726Z"}
{"lancamento":1434897737,"level":"info","message":"ℹ️ Título 116069/C já estava baixado. Processo ignorado.","service":"btg-baixa-titulos-service","situacao":"BAIXADO","timestamp":"2026-05-20T13:16:08.740Z"}
{"level":"info","message":"🔎 Processando título 116074/A","service":"btg-baixa-titulos-service","timestamp":"2026-05-20T13:16:08.743Z"}
{"level":"info","message":"🌐 Millennium request: GET /MILLENIUM!JOIN_ONEUP.LANCAMENTOS.CONSULTALANCAMENTOS?cnpj=59.205.187%2F0001-02&n_documento=116074%2FA","service":"btg-baixa-titulos-service","timestamp":"2026-05-20T13:16:08.743Z"}
{"lancamento":1434897762,"level":"info","message":"ℹ️ Título 116074/A já estava baixado. Processo ignorado.","service":"btg-baixa-titulos-service","situacao":"BAIXADO","timestamp":"2026-05-20T13:16:08.757Z"}
{"level":"info","message":"🔎 Processando título 116059/A","service":"btg-baixa-titulos-service","timestamp":"2026-05-20T13:16:08.760Z"}
{"level":"info","message":"🌐 Millennium request: GET /MILLENIUM!JOIN_ONEUP.LANCAMENTOS.CONSULTALANCAMENTOS?cnpj=00.768.271%2F0001-91&n_documento=116059%2FA","service":"btg-baixa-titulos-service","timestamp":"2026-05-20T13:16:08.760Z"}
{"lancamento":1434897660,"level":"info","message":"ℹ️ Título 116059/A já estava baixado. Processo ignorado.","service":"btg-baixa-titulos-service","situacao":"BAIXADO","timestamp":"2026-05-20T13:16:08.775Z"}
{"level":"info","message":"🔎 Processando título 116068/C","service":"btg-baixa-titulos-service","timestamp":"2026-05-20T13:16:08.779Z"}
{"level":"info","message":"🌐 Millennium request: GET /MILLENIUM!JOIN_ONEUP.LANCAMENTOS.CONSULTALANCAMENTOS?cnpj=44.999.259%2F0001-63&n_documento=116068%2FC","service":"btg-baixa-titulos-service","timestamp":"2026-05-20T13:16:08.779Z"}
{"lancamento":1434897732,"level":"info","message":"ℹ️ Título 116068/C já estava baixado. Processo ignorado.","service":"btg-baixa-titulos-service","situacao":"BAIXADO","timestamp":"2026-05-20T13:16:08.795Z"}
{"level":"info","message":"🔎 Processando título 114867/B","service":"btg-baixa-titulos-service","timestamp":"2026-05-20T13:16:08.798Z"}
{"level":"info","message":"🌐 Millennium request: GET /MILLENIUM!JOIN_ONEUP.LANCAMENTOS.CONSULTALANCAMENTOS?cnpj=44.999.259%2F0001-63&n_documento=114867%2FB","service":"btg-baixa-titulos-service","timestamp":"2026-05-20T13:16:08.798Z"}
{"lancamento":1434892197,"level":"info","message":"ℹ️ Título 114867/B já estava baixado. Processo ignorado.","service":"btg-baixa-titulos-service","situacao":"BAIXADO","timestamp":"2026-05-20T13:16:08.814Z"}
{"level":"info","message":"🔎 Processando título 116068/A","service":"btg-baixa-titulos-service","timestamp":"2026-05-20T13:16:08.817Z"}
{"level":"info","message":"🌐 Millennium request: GET /MILLENIUM!JOIN_ONEUP.LANCAMENTOS.CONSULTALANCAMENTOS?cnpj=44.999.259%2F0001-63&n_documento=116068%2FA","service":"btg-baixa-titulos-service","timestamp":"2026-05-20T13:16:08.817Z"}
{"lancamento":1434897730,"level":"info","message":"ℹ️ Título 116068/A já estava baixado. Processo ignorado.","service":"btg-baixa-titulos-service","situacao":"BAIXADO","timestamp":"2026-05-20T13:16:08.831Z"}
{"level":"info","message":"🔎 Processando título 114867/A","service":"btg-baixa-titulos-service","timestamp":"2026-05-20T13:16:08.834Z"}
{"level":"info","message":"🌐 Millennium request: GET /MILLENIUM!JOIN_ONEUP.LANCAMENTOS.CONSULTALANCAMENTOS?cnpj=44.999.259%2F0001-63&n_documento=114867%2FA","service":"btg-baixa-titulos-service","timestamp":"2026-05-20T13:16:08.834Z"}
{"lancamento":1434892196,"level":"info","message":"ℹ️ Título 114867/A já estava baixado. Processo ignorado.","service":"btg-baixa-titulos-service","situacao":"BAIXADO","timestamp":"2026-05-20T13:16:08.848Z"}
{"level":"info","message":"🔎 Processando título 116059/C","service":"btg-baixa-titulos-service","timestamp":"2026-05-20T13:16:08.850Z"}
{"level":"info","message":"🌐 Millennium request: GET /MILLENIUM!JOIN_ONEUP.LANCAMENTOS.CONSULTALANCAMENTOS?cnpj=00.768.271%2F0001-91&n_documento=116059%2FC","service":"btg-baixa-titulos-service","timestamp":"2026-05-20T13:16:08.851Z"}
{"lancamento":1434897662,"level":"info","message":"ℹ️ Título 116059/C já estava baixado. Processo ignorado.","service":"btg-baixa-titulos-service","situacao":"BAIXADO","timestamp":"2026-05-20T13:16:08.872Z"}
{"level":"info","message":"🔎 Processando título 115847/B","service":"btg-baixa-titulos-service","timestamp":"2026-05-20T13:16:08.875Z"}
{"level":"info","message":"🌐 Millennium request: GET /MILLENIUM!JOIN_ONEUP.LANCAMENTOS.CONSULTALANCAMENTOS?cnpj=50.649.490%2F0001-20&n_documento=115847%2FB","service":"btg-baixa-titulos-service","timestamp":"2026-05-20T13:16:08.875Z"}
{"lancamento":1434896977,"level":"info","message":"ℹ️ Título 115847/B já estava baixado. Processo ignorado.","service":"btg-baixa-titulos-service","situacao":"BAIXADO","timestamp":"2026-05-20T13:16:08.890Z"}
{"level":"info","message":"🔎 Processando título 116057/C","service":"btg-baixa-titulos-service","timestamp":"2026-05-20T13:16:08.893Z"}
{"level":"info","message":"🌐 Millennium request: GET /MILLENIUM!JOIN_ONEUP.LANCAMENTOS.CONSULTALANCAMENTOS?cnpj=73.652.158%2F0001-10&n_documento=116057%2FC","service":"btg-baixa-titulos-service","timestamp":"2026-05-20T13:16:08.893Z"}
{"lancamento":1434897655,"level":"info","message":"ℹ️ Título 116057/C já estava baixado. Processo ignorado.","service":"btg-baixa-titulos-service","situacao":"BAIXADO","timestamp":"2026-05-20T13:16:08.907Z"}
{"level":"info","message":"🔎 Processando título 115846/B","service":"btg-baixa-titulos-service","timestamp":"2026-05-20T13:16:08.909Z"}
{"level":"info","message":"🌐 Millennium request: GET /MILLENIUM!JOIN_ONEUP.LANCAMENTOS.CONSULTALANCAMENTOS?cnpj=50.649.490%2F0001-20&n_documento=115846%2FB","service":"btg-baixa-titulos-service","timestamp":"2026-05-20T13:16:08.909Z"}
{"lancamento":1434896973,"level":"info","message":"ℹ️ Título 115846/B já estava baixado. Processo ignorado.","service":"btg-baixa-titulos-service","situacao":"BAIXADO","timestamp":"2026-05-20T13:16:08.928Z"}
{"level":"info","message":"🔎 Processando título 116036/C","service":"btg-baixa-titulos-service","timestamp":"2026-05-20T13:16:08.931Z"}
{"level":"info","message":"🌐 Millennium request: GET /MILLENIUM!JOIN_ONEUP.LANCAMENTOS.CONSULTALANCAMENTOS?cnpj=50.649.490%2F0001-20&n_documento=116036%2FC","service":"btg-baixa-titulos-service","timestamp":"2026-05-20T13:16:08.931Z"}
{"lancamento":1434897516,"level":"info","message":"ℹ️ Título 116036/C já estava baixado. Processo ignorado.","service":"btg-baixa-titulos-service","situacao":"BAIXADO","timestamp":"2026-05-20T13:16:08.945Z"}
{"level":"info","message":"🔎 Processando título 115845/B","service":"btg-baixa-titulos-service","timestamp":"2026-05-20T13:16:08.948Z"}
{"level":"info","message":"🌐 Millennium request: GET /MILLENIUM!JOIN_ONEUP.LANCAMENTOS.CONSULTALANCAMENTOS?cnpj=50.649.490%2F0001-20&n_documento=115845%2FB","service":"btg-baixa-titulos-service","timestamp":"2026-05-20T13:16:08.948Z"}
{"lancamento":1434896969,"level":"info","message":"ℹ️ Título 115845/B já estava baixado. Processo ignorado.","service":"btg-baixa-titulos-service","situacao":"BAIXADO","timestamp":"2026-05-20T13:16:08.962Z"}
{"level":"info","message":"🔎 Processando título 115849/C","service":"btg-baixa-titulos-service","timestamp":"2026-05-20T13:16:08.965Z"}
{"level":"info","message":"🌐 Millennium request: GET /MILLENIUM!JOIN_ONEUP.LANCAMENTOS.CONSULTALANCAMENTOS?cnpj=50.649.490%2F0001-20&n_documento=115849%2FC","service":"btg-baixa-titulos-service","timestamp":"2026-05-20T13:16:08.965Z"}
{"lancamento":1434896986,"level":"info","message":"ℹ️ Título 115849/C já estava baixado. Processo ignorado.","service":"btg-baixa-titulos-service","situacao":"BAIXADO","timestamp":"2026-05-20T13:16:08.980Z"}
{"level":"info","message":"🔎 Processando título 115843/B","service":"btg-baixa-titulos-service","timestamp":"2026-05-20T13:16:08.983Z"}
{"level":"info","message":"🌐 Millennium request: GET /MILLENIUM!JOIN_ONEUP.LANCAMENTOS.CONSULTALANCAMENTOS?cnpj=50.649.490%2F0001-20&n_documento=115843%2FB","service":"btg-baixa-titulos-service","timestamp":"2026-05-20T13:16:08.983Z"}
{"lancamento":1434896966,"level":"info","message":"ℹ️ Título 115843/B já estava baixado. Processo ignorado.","service":"btg-baixa-titulos-service","situacao":"BAIXADO","timestamp":"2026-05-20T13:16:09.086Z"}
{"level":"info","message":"🔎 Processando título 115848/C","service":"btg-baixa-titulos-service","timestamp":"2026-05-20T13:16:09.091Z"}
{"level":"info","message":"🌐 Millennium request: GET /MILLENIUM!JOIN_ONEUP.LANCAMENTOS.CONSULTALANCAMENTOS?cnpj=50.649.490%2F0001-20&n_documento=115848%2FC","service":"btg-baixa-titulos-service","timestamp":"2026-05-20T13:16:09.091Z"}
{"lancamento":1434896982,"level":"info","message":"ℹ️ Título 115848/C já estava baixado. Processo ignorado.","service":"btg-baixa-titulos-service","situacao":"BAIXADO","timestamp":"2026-05-20T13:16:09.107Z"}
{"level":"info","message":"🔎 Processando título 116036/A","service":"btg-baixa-titulos-service","timestamp":"2026-05-20T13:16:09.114Z"}
{"level":"info","message":"🌐 Millennium request: GET /MILLENIUM!JOIN_ONEUP.LANCAMENTOS.CONSULTALANCAMENTOS?cnpj=50.649.490%2F0001-20&n_documento=116036%2FA","service":"btg-baixa-titulos-service","timestamp":"2026-05-20T13:16:09.114Z"}
{"lancamento":1434897514,"level":"info","message":"ℹ️ Título 116036/A já estava baixado. Processo ignorado.","service":"btg-baixa-titulos-service","situacao":"BAIXADO","timestamp":"2026-05-20T13:16:09.130Z"}
{"level":"info","message":"🔎 Processando título 115847/C","service":"btg-baixa-titulos-service","timestamp":"2026-05-20T13:16:09.132Z"}
{"level":"info","message":"🌐 Millennium request: GET /MILLENIUM!JOIN_ONEUP.LANCAMENTOS.CONSULTALANCAMENTOS?cnpj=50.649.490%2F0001-20&n_documento=115847%2FC","service":"btg-baixa-titulos-service","timestamp":"2026-05-20T13:16:09.132Z"}
{"lancamento":1434896978,"level":"info","message":"ℹ️ Título 115847/C já estava baixado. Processo ignorado.","service":"btg-baixa-titulos-service","situacao":"BAIXADO","timestamp":"2026-05-20T13:16:09.145Z"}
{"level":"info","message":"🔎 Processando título 115849/A","service":"btg-baixa-titulos-service","timestamp":"2026-05-20T13:16:09.147Z"}
{"level":"info","message":"🌐 Millennium request: GET /MILLENIUM!JOIN_ONEUP.LANCAMENTOS.CONSULTALANCAMENTOS?cnpj=50.649.490%2F0001-20&n_documento=115849%2FA","service":"btg-baixa-titulos-service","timestamp":"2026-05-20T13:16:09.147Z"}
{"lancamento":1434896984,"level":"info","message":"ℹ️ Título 115849/A já estava baixado. Processo ignorado.","service":"btg-baixa-titulos-service","situacao":"BAIXADO","timestamp":"2026-05-20T13:16:09.165Z"}
{"level":"info","message":"🔎 Processando título 115846/C","service":"btg-baixa-titulos-service","timestamp":"2026-05-20T13:16:09.167Z"}
{"level":"info","message":"🌐 Millennium request: GET /MILLENIUM!JOIN_ONEUP.LANCAMENTOS.CONSULTALANCAMENTOS?cnpj=50.649.490%2F0001-20&n_documento=115846%2FC","service":"btg-baixa-titulos-service","timestamp":"2026-05-20T13:16:09.167Z"}
{"lancamento":1434896974,"level":"info","message":"ℹ️ Título 115846/C já estava baixado. Processo ignorado.","service":"btg-baixa-titulos-service","situacao":"BAIXADO","timestamp":"2026-05-20T13:16:09.186Z"}
{"level":"info","message":"🔎 Processando título 115848/A","service":"btg-baixa-titulos-service","timestamp":"2026-05-20T13:16:09.189Z"}
{"level":"info","message":"🌐 Millennium request: GET /MILLENIUM!JOIN_ONEUP.LANCAMENTOS.CONSULTALANCAMENTOS?cnpj=50.649.490%2F0001-20&n_documento=115848%2FA","service":"btg-baixa-titulos-service","timestamp":"2026-05-20T13:16:09.189Z"}
{"lancamento":1434896980,"level":"info","message":"ℹ️ Título 115848/A já estava baixado. Processo ignorado.","service":"btg-baixa-titulos-service","situacao":"BAIXADO","timestamp":"2026-05-20T13:16:09.203Z"}
{"level":"info","message":"🔎 Processando título 115847/A","service":"btg-baixa-titulos-service","timestamp":"2026-05-20T13:16:09.207Z"}
{"level":"info","message":"🌐 Millennium request: GET /MILLENIUM!JOIN_ONEUP.LANCAMENTOS.CONSULTALANCAMENTOS?cnpj=50.649.490%2F0001-20&n_documento=115847%2FA","service":"btg-baixa-titulos-service","timestamp":"2026-05-20T13:16:09.207Z"}
{"lancamento":1434896976,"level":"info","message":"ℹ️ Título 115847/A já estava baixado. Processo ignorado.","service":"btg-baixa-titulos-service","situacao":"BAIXADO","timestamp":"2026-05-20T13:16:09.220Z"}
{"level":"info","message":"🔎 Processando título 115846/A","service":"btg-baixa-titulos-service","timestamp":"2026-05-20T13:16:09.223Z"}
{"level":"info","message":"🌐 Millennium request: GET /MILLENIUM!JOIN_ONEUP.LANCAMENTOS.CONSULTALANCAMENTOS?cnpj=50.649.490%2F0001-20&n_documento=115846%2FA","service":"btg-baixa-titulos-service","timestamp":"2026-05-20T13:16:09.223Z"}
{"lancamento":1434896972,"level":"info","message":"ℹ️ Título 115846/A já estava baixado. Processo ignorado.","service":"btg-baixa-titulos-service","situacao":"BAIXADO","timestamp":"2026-05-20T13:16:09.314Z"}
{"level":"info","message":"🔎 Processando título 115845/C","service":"btg-baixa-titulos-service","timestamp":"2026-05-20T13:16:09.318Z"}
{"level":"info","message":"🌐 Millennium request: GET /MILLENIUM!JOIN_ONEUP.LANCAMENTOS.CONSULTALANCAMENTOS?cnpj=50.649.490%2F0001-20&n_documento=115845%2FC","service":"btg-baixa-titulos-service","timestamp":"2026-05-20T13:16:09.318Z"}
{"lancamento":1434896970,"level":"info","message":"ℹ️ Título 115845/C já estava baixado. Processo ignorado.","service":"btg-baixa-titulos-service","situacao":"BAIXADO","timestamp":"2026-05-20T13:16:09.333Z"}
{"level":"info","message":"🔎 Processando título 115845/A","service":"btg-baixa-titulos-service","timestamp":"2026-05-20T13:16:09.336Z"}
{"level":"info","message":"🌐 Millennium request: GET /MILLENIUM!JOIN_ONEUP.LANCAMENTOS.CONSULTALANCAMENTOS?cnpj=50.649.490%2F0001-20&n_documento=115845%2FA","service":"btg-baixa-titulos-service","timestamp":"2026-05-20T13:16:09.336Z"}
{"lancamento":1434896968,"level":"info","message":"ℹ️ Título 115845/A já estava baixado. Processo ignorado.","service":"btg-baixa-titulos-service","situacao":"BAIXADO","timestamp":"2026-05-20T13:16:09.352Z"}
{"level":"info","message":"🔎 Processando título 115843/A","service":"btg-baixa-titulos-service","timestamp":"2026-05-20T13:16:09.356Z"}
{"level":"info","message":"🌐 Millennium request: GET /MILLENIUM!JOIN_ONEUP.LANCAMENTOS.CONSULTALANCAMENTOS?cnpj=50.649.490%2F0001-20&n_documento=115843%2FA","service":"btg-baixa-titulos-service","timestamp":"2026-05-20T13:16:09.357Z"}
{"lancamento":1434896965,"level":"info","message":"ℹ️ Título 115843/A já estava baixado. Processo ignorado.","service":"btg-baixa-titulos-service","situacao":"BAIXADO","timestamp":"2026-05-20T13:16:09.371Z"}
{"level":"info","message":"🔎 Processando título 115843/C","service":"btg-baixa-titulos-service","timestamp":"2026-05-20T13:16:09.373Z"}
{"level":"info","message":"🌐 Millennium request: GET /MILLENIUM!JOIN_ONEUP.LANCAMENTOS.CONSULTALANCAMENTOS?cnpj=50.649.490%2F0001-20&n_documento=115843%2FC","service":"btg-baixa-titulos-service","timestamp":"2026-05-20T13:16:09.373Z"}
{"lancamento":1434896967,"level":"info","message":"ℹ️ Título 115843/C já estava baixado. Processo ignorado.","service":"btg-baixa-titulos-service","situacao":"BAIXADO","timestamp":"2026-05-20T13:16:09.398Z"}
{"level":"info","message":"🔎 Processando título 116057/A","service":"btg-baixa-titulos-service","timestamp":"2026-05-20T13:16:09.399Z"}
{"level":"info","message":"🌐 Millennium request: GET /MILLENIUM!JOIN_ONEUP.LANCAMENTOS.CONSULTALANCAMENTOS?cnpj=73.652.158%2F0001-10&n_documento=116057%2FA","service":"btg-baixa-titulos-service","timestamp":"2026-05-20T13:16:09.399Z"}
{"lancamento":1434897653,"level":"info","message":"ℹ️ Título 116057/A já estava baixado. Processo ignorado.","service":"btg-baixa-titulos-service","situacao":"BAIXADO","timestamp":"2026-05-20T13:16:09.413Z"}
{"level":"info","message":"🔎 Processando título 115021/C","service":"btg-baixa-titulos-service","timestamp":"2026-05-20T13:16:09.414Z"}
{"level":"info","message":"🌐 Millennium request: GET /MILLENIUM!JOIN_ONEUP.LANCAMENTOS.CONSULTALANCAMENTOS?cnpj=47.485.403%2F0001-31&n_documento=115021%2FC","service":"btg-baixa-titulos-service","timestamp":"2026-05-20T13:16:09.414Z"}
{"lancamento":1434892802,"level":"info","message":"ℹ️ Título 115021/C já estava baixado. Processo ignorado.","service":"btg-baixa-titulos-service","situacao":"BAIXADO","timestamp":"2026-05-20T13:16:09.428Z"}
{"level":"info","message":"🔎 Processando título 115021/B","service":"btg-baixa-titulos-service","timestamp":"2026-05-20T13:16:09.429Z"}
{"level":"info","message":"🌐 Millennium request: GET /MILLENIUM!JOIN_ONEUP.LANCAMENTOS.CONSULTALANCAMENTOS?cnpj=47.485.403%2F0001-31&n_documento=115021%2FB","service":"btg-baixa-titulos-service","timestamp":"2026-05-20T13:16:09.429Z"}
{"lancamento":1434892801,"level":"info","message":"ℹ️ Título 115021/B já estava baixado. Processo ignorado.","service":"btg-baixa-titulos-service","situacao":"BAIXADO","timestamp":"2026-05-20T13:16:09.442Z"}
{"level":"info","message":"🔎 Processando título 115020/C","service":"btg-baixa-titulos-service","timestamp":"2026-05-20T13:16:09.443Z"}
{"level":"info","message":"🌐 Millennium request: GET /MILLENIUM!JOIN_ONEUP.LANCAMENTOS.CONSULTALANCAMENTOS?cnpj=47.485.403%2F0001-31&n_documento=115020%2FC","service":"btg-baixa-titulos-service","timestamp":"2026-05-20T13:16:09.443Z"}
{"lancamento":1434892799,"level":"info","message":"ℹ️ Título 115020/C já estava baixado. Processo ignorado.","service":"btg-baixa-titulos-service","situacao":"BAIXADO","timestamp":"2026-05-20T13:16:09.464Z"}
{"level":"info","message":"🔎 Processando título 115020/B","service":"btg-baixa-titulos-service","timestamp":"2026-05-20T13:16:09.465Z"}
{"level":"info","message":"🌐 Millennium request: GET /MILLENIUM!JOIN_ONEUP.LANCAMENTOS.CONSULTALANCAMENTOS?cnpj=47.485.403%2F0001-31&n_documento=115020%2FB","service":"btg-baixa-titulos-service","timestamp":"2026-05-20T13:16:09.465Z"}
{"lancamento":1434892798,"level":"info","message":"ℹ️ Título 115020/B já estava baixado. Processo ignorado.","service":"btg-baixa-titulos-service","situacao":"BAIXADO","timestamp":"2026-05-20T13:16:09.479Z"}
{"level":"info","message":"🔎 Processando título 115019/C","service":"btg-baixa-titulos-service","timestamp":"2026-05-20T13:16:09.481Z"}
{"level":"info","message":"🌐 Millennium request: GET /MILLENIUM!JOIN_ONEUP.LANCAMENTOS.CONSULTALANCAMENTOS?cnpj=47.485.403%2F0001-31&n_documento=115019%2FC","service":"btg-baixa-titulos-service","timestamp":"2026-05-20T13:16:09.481Z"}
{"lancamento":1434892794,"level":"info","message":"ℹ️ Título 115019/C já estava baixado. Processo ignorado.","service":"btg-baixa-titulos-service","situacao":"BAIXADO","timestamp":"2026-05-20T13:16:09.497Z"}
{"level":"info","message":"🔎 Processando título 115019/B","service":"btg-baixa-titulos-service","timestamp":"2026-05-20T13:16:09.498Z"}
{"level":"info","message":"🌐 Millennium request: GET /MILLENIUM!JOIN_ONEUP.LANCAMENTOS.CONSULTALANCAMENTOS?cnpj=47.485.403%2F0001-31&n_documento=115019%2FB","service":"btg-baixa-titulos-service","timestamp":"2026-05-20T13:16:09.498Z"}
{"lancamento":1434892793,"level":"info","message":"ℹ️ Título 115019/B já estava baixado. Processo ignorado.","service":"btg-baixa-titulos-service","situacao":"BAIXADO","timestamp":"2026-05-20T13:16:09.513Z"}
{"level":"info","message":"🔎 Processando título 115018/C","service":"btg-baixa-titulos-service","timestamp":"2026-05-20T13:16:09.515Z"}
{"level":"info","message":"🌐 Millennium request: GET /MILLENIUM!JOIN_ONEUP.LANCAMENTOS.CONSULTALANCAMENTOS?cnpj=47.485.403%2F0001-31&n_documento=115018%2FC","service":"btg-baixa-titulos-service","timestamp":"2026-05-20T13:16:09.515Z"}
{"lancamento":1434892791,"level":"info","message":"ℹ️ Título 115018/C já estava baixado. Processo ignorado.","service":"btg-baixa-titulos-service","situacao":"BAIXADO","timestamp":"2026-05-20T13:16:09.611Z"}
{"level":"info","message":"🔎 Processando título 115018/B","service":"btg-baixa-titulos-service","timestamp":"2026-05-20T13:16:09.614Z"}
{"level":"info","message":"🌐 Millennium request: GET /MILLENIUM!JOIN_ONEUP.LANCAMENTOS.CONSULTALANCAMENTOS?cnpj=47.485.403%2F0001-31&n_documento=115018%2FB","service":"btg-baixa-titulos-service","timestamp":"2026-05-20T13:16:09.614Z"}
{"lancamento":1434892790,"level":"info","message":"ℹ️ Título 115018/B já estava baixado. Processo ignorado.","service":"btg-baixa-titulos-service","situacao":"BAIXADO","timestamp":"2026-05-20T13:16:09.629Z"}
{"level":"info","message":"🔎 Processando título 115017/C","service":"btg-baixa-titulos-service","timestamp":"2026-05-20T13:16:09.633Z"}
{"level":"info","message":"🌐 Millennium request: GET /MILLENIUM!JOIN_ONEUP.LANCAMENTOS.CONSULTALANCAMENTOS?cnpj=47.485.403%2F0001-31&n_documento=115017%2FC","service":"btg-baixa-titulos-service","timestamp":"2026-05-20T13:16:09.633Z"}
{"lancamento":1434892788,"level":"info","message":"ℹ️ Título 115017/C já estava baixado. Processo ignorado.","service":"btg-baixa-titulos-service","situacao":"BAIXADO","timestamp":"2026-05-20T13:16:09.647Z"}
{"level":"info","message":"🔎 Processando título 115017/B","service":"btg-baixa-titulos-service","timestamp":"2026-05-20T13:16:09.650Z"}
{"level":"info","message":"🌐 Millennium request: GET /MILLENIUM!JOIN_ONEUP.LANCAMENTOS.CONSULTALANCAMENTOS?cnpj=47.485.403%2F0001-31&n_documento=115017%2FB","service":"btg-baixa-titulos-service","timestamp":"2026-05-20T13:16:09.650Z"}
{"lancamento":1434892787,"level":"info","message":"ℹ️ Título 115017/B já estava baixado. Processo ignorado.","service":"btg-baixa-titulos-service","situacao":"BAIXADO","timestamp":"2026-05-20T13:16:09.662Z"}
{"level":"info","message":"🔎 Processando título 114867/C","service":"btg-baixa-titulos-service","timestamp":"2026-05-20T13:16:09.665Z"}
{"level":"info","message":"🌐 Millennium request: GET /MILLENIUM!JOIN_ONEUP.LANCAMENTOS.CONSULTALANCAMENTOS?cnpj=44.999.259%2F0001-63&n_documento=114867%2FC","service":"btg-baixa-titulos-service","timestamp":"2026-05-20T13:16:09.665Z"}
{"lancamento":1434892198,"level":"info","message":"ℹ️ Título 114867/C já estava baixado. Processo ignorado.","service":"btg-baixa-titulos-service","situacao":"BAIXADO","timestamp":"2026-05-20T13:16:09.678Z"}
{"level":"info","message":"🔎 Processando título 114564/C","service":"btg-baixa-titulos-service","timestamp":"2026-05-20T13:16:09.681Z"}
{"level":"info","message":"🌐 Millennium request: GET /MILLENIUM!JOIN_ONEUP.LANCAMENTOS.CONSULTALANCAMENTOS?cnpj=21.067.137%2F0001-33&n_documento=114564%2FC","service":"btg-baixa-titulos-service","timestamp":"2026-05-20T13:16:09.681Z"}
{"lancamento":1434891153,"level":"info","message":"ℹ️ Título 114564/C já estava baixado. Processo ignorado.","service":"btg-baixa-titulos-service","situacao":"BAIXADO","timestamp":"2026-05-20T13:16:09.698Z"}
{"level":"info","message":"🔎 Processando título 79825/C","service":"btg-baixa-titulos-service","timestamp":"2026-05-20T13:16:09.701Z"}
{"level":"info","message":"🌐 Millennium request: GET /MILLENIUM!JOIN_ONEUP.LANCAMENTOS.CONSULTALANCAMENTOS?n_documento=79825%2FC&cpf=208.249.121-87","service":"btg-baixa-titulos-service","timestamp":"2026-05-20T13:16:09.701Z"}
{"lancamento":1434888955,"level":"info","message":"ℹ️ Título 79825/C já estava baixado. Processo ignorado.","service":"btg-baixa-titulos-service","situacao":"BAIXADO","timestamp":"2026-05-20T13:16:09.716Z"}
{"level":"info","message":"🔎 Processando título 116078/B","service":"btg-baixa-titulos-service","timestamp":"2026-05-20T13:16:09.718Z"}
{"level":"info","message":"🌐 Millennium request: GET /MILLENIUM!JOIN_ONEUP.LANCAMENTOS.CONSULTALANCAMENTOS?cnpj=01.934.454%2F0001-00&n_documento=116078%2FB","service":"btg-baixa-titulos-service","timestamp":"2026-05-20T13:16:09.718Z"}
{"lancamento":1434897838,"level":"info","message":"ℹ️ Título 116078/B já estava baixado. Processo ignorado.","service":"btg-baixa-titulos-service","situacao":"BAIXADO","timestamp":"2026-05-20T13:16:09.732Z"}
{"level":"info","message":"🔎 Processando título 114564/B","service":"btg-baixa-titulos-service","timestamp":"2026-05-20T13:16:09.735Z"}
{"level":"info","message":"🌐 Millennium request: GET /MILLENIUM!JOIN_ONEUP.LANCAMENTOS.CONSULTALANCAMENTOS?cnpj=21.067.137%2F0001-33&n_documento=114564%2FB","service":"btg-baixa-titulos-service","timestamp":"2026-05-20T13:16:09.735Z"}
{"lancamento":1434891152,"level":"info","message":"ℹ️ Título 114564/B já estava baixado. Processo ignorado.","service":"btg-baixa-titulos-service","situacao":"BAIXADO","timestamp":"2026-05-20T13:16:09.749Z"}
{"level":"info","message":"🔎 Processando título 116077/A","service":"btg-baixa-titulos-service","timestamp":"2026-05-20T13:16:09.751Z"}
{"level":"info","message":"🌐 Millennium request: GET /MILLENIUM!JOIN_ONEUP.LANCAMENTOS.CONSULTALANCAMENTOS?cnpj=57.408.548%2F0001-92&n_documento=116077%2FA","service":"btg-baixa-titulos-service","timestamp":"2026-05-20T13:16:09.751Z"}
{"lancamento":1434897774,"level":"info","message":"ℹ️ Título 116077/A já estava baixado. Processo ignorado.","service":"btg-baixa-titulos-service","situacao":"BAIXADO","timestamp":"2026-05-20T13:16:09.767Z"}
{"level":"info","message":"🔎 Processando título 114564/A","service":"btg-baixa-titulos-service","timestamp":"2026-05-20T13:16:09.771Z"}
{"level":"info","message":"🌐 Millennium request: GET /MILLENIUM!JOIN_ONEUP.LANCAMENTOS.CONSULTALANCAMENTOS?cnpj=21.067.137%2F0001-33&n_documento=114564%2FA","service":"btg-baixa-titulos-service","timestamp":"2026-05-20T13:16:09.771Z"}
{"lancamento":1434891151,"level":"info","message":"ℹ️ Título 114564/A já estava baixado. Processo ignorado.","service":"btg-baixa-titulos-service","situacao":"BAIXADO","timestamp":"2026-05-20T13:16:09.786Z"}
{"level":"info","message":"🔎 Processando título 79831/B","service":"btg-baixa-titulos-service","timestamp":"2026-05-20T13:16:09.789Z"}
{"level":"info","message":"🌐 Millennium request: GET /MILLENIUM!JOIN_ONEUP.LANCAMENTOS.CONSULTALANCAMENTOS?n_documento=79831%2FB&cpf=208.249.121-87","service":"btg-baixa-titulos-service","timestamp":"2026-05-20T13:16:09.789Z"}
{"lancamento":1434889035,"level":"info","message":"ℹ️ Título 79831/B já estava baixado. Processo ignorado.","service":"btg-baixa-titulos-service","situacao":"BAIXADO","timestamp":"2026-05-20T13:16:09.805Z"}
{"level":"info","message":"🔎 Processando título 79825/B","service":"btg-baixa-titulos-service","timestamp":"2026-05-20T13:16:09.808Z"}
{"level":"info","message":"🌐 Millennium request: GET /MILLENIUM!JOIN_ONEUP.LANCAMENTOS.CONSULTALANCAMENTOS?n_documento=79825%2FB&cpf=208.249.121-87","service":"btg-baixa-titulos-service","timestamp":"2026-05-20T13:16:09.808Z"}
{"lancamento":1434888954,"level":"info","message":"ℹ️ Título 79825/B já estava baixado. Processo ignorado.","service":"btg-baixa-titulos-service","situacao":"BAIXADO","timestamp":"2026-05-20T13:16:09.822Z"}
{"level":"info","message":"🔎 Processando título 79831/A","service":"btg-baixa-titulos-service","timestamp":"2026-05-20T13:16:09.824Z"}
{"level":"info","message":"🌐 Millennium request: GET /MILLENIUM!JOIN_ONEUP.LANCAMENTOS.CONSULTALANCAMENTOS?n_documento=79831%2FA&cpf=208.249.121-87","service":"btg-baixa-titulos-service","timestamp":"2026-05-20T13:16:09.824Z"}
{"lancamento":1434889032,"level":"info","message":"ℹ️ Título 79831/A já estava baixado. Processo ignorado.","service":"btg-baixa-titulos-service","situacao":"BAIXADO","timestamp":"2026-05-20T13:16:09.841Z"}
{"level":"info","message":"🔎 Processando título 79825/A","service":"btg-baixa-titulos-service","timestamp":"2026-05-20T13:16:09.843Z"}
{"level":"info","message":"🌐 Millennium request: GET /MILLENIUM!JOIN_ONEUP.LANCAMENTOS.CONSULTALANCAMENTOS?n_documento=79825%2FA&cpf=208.249.121-87","service":"btg-baixa-titulos-service","timestamp":"2026-05-20T13:16:09.843Z"}
{"lancamento":1434888953,"level":"info","message":"ℹ️ Título 79825/A já estava baixado. Processo ignorado.","service":"btg-baixa-titulos-service","situacao":"BAIXADO","timestamp":"2026-05-20T13:16:09.855Z"}
{"level":"info","message":"🔎 Processando título 116065","service":"btg-baixa-titulos-service","timestamp":"2026-05-20T13:16:09.856Z"}
{"level":"info","message":"🌐 Millennium request: GET /MILLENIUM!JOIN_ONEUP.LANCAMENTOS.CONSULTALANCAMENTOS?cnpj=77.857.555%2F0009-36&n_documento=116065","service":"btg-baixa-titulos-service","timestamp":"2026-05-20T13:16:09.856Z"}
{"lancamento":1434897716,"level":"info","message":"ℹ️ Título 116065 já estava baixado. Processo ignorado.","service":"btg-baixa-titulos-service","situacao":"BAIXADO","timestamp":"2026-05-20T13:16:09.871Z"}
{"level":"info","message":"🔎 Processando título 111992","service":"btg-baixa-titulos-service","timestamp":"2026-05-20T13:16:09.875Z"}
{"level":"info","message":"🌐 Millennium request: GET /MILLENIUM!JOIN_ONEUP.LANCAMENTOS.CONSULTALANCAMENTOS?cnpj=01.009.793%2F0001-72&n_documento=111992","service":"btg-baixa-titulos-service","timestamp":"2026-05-20T13:16:09.875Z"}
{"lancamento":1434875843,"level":"info","message":"ℹ️ Título 111992 já estava baixado. Processo ignorado.","service":"btg-baixa-titulos-service","situacao":"BAIXADO","timestamp":"2026-05-20T13:16:09.890Z"}
{"level":"info","message":"🔎 Processando título 113581/C","service":"btg-baixa-titulos-service","timestamp":"2026-05-20T13:16:09.893Z"}
{"level":"info","message":"🌐 Millennium request: GET /MILLENIUM!JOIN_ONEUP.LANCAMENTOS.CONSULTALANCAMENTOS?cnpj=50.649.490%2F0001-20&n_documento=113581%2FC","service":"btg-baixa-titulos-service","timestamp":"2026-05-20T13:16:09.894Z"}
{"lancamento":1434886240,"level":"info","message":"ℹ️ Título 113581/C já estava baixado. Processo ignorado.","service":"btg-baixa-titulos-service","situacao":"BAIXADO","timestamp":"2026-05-20T13:16:09.909Z"}
{"level":"info","message":"🔎 Processando título 113581/B","service":"btg-baixa-titulos-service","timestamp":"2026-05-20T13:16:09.911Z"}
{"level":"info","message":"🌐 Millennium request: GET /MILLENIUM!JOIN_ONEUP.LANCAMENTOS.CONSULTALANCAMENTOS?cnpj=50.649.490%2F0001-20&n_documento=113581%2FB","service":"btg-baixa-titulos-service","timestamp":"2026-05-20T13:16:09.912Z"}
{"lancamento":1434886239,"level":"info","message":"ℹ️ Título 113581/B já estava baixado. Processo ignorado.","service":"btg-baixa-titulos-service","situacao":"BAIXADO","timestamp":"2026-05-20T13:16:09.926Z"}
{"level":"info","message":"🔎 Processando título 113581/A","service":"btg-baixa-titulos-service","timestamp":"2026-05-20T13:16:09.929Z"}
{"level":"info","message":"🌐 Millennium request: GET /MILLENIUM!JOIN_ONEUP.LANCAMENTOS.CONSULTALANCAMENTOS?cnpj=50.649.490%2F0001-20&n_documento=113581%2FA","service":"btg-baixa-titulos-service","timestamp":"2026-05-20T13:16:09.929Z"}
{"lancamento":1434886238,"level":"info","message":"ℹ️ Título 113581/A já estava baixado. Processo ignorado.","service":"btg-baixa-titulos-service","situacao":"BAIXADO","timestamp":"2026-05-20T13:16:09.948Z"}
{"level":"info","message":"🔎 Processando título 113580/C","service":"btg-baixa-titulos-service","timestamp":"2026-05-20T13:16:09.951Z"}
{"level":"info","message":"🌐 Millennium request: GET /MILLENIUM!JOIN_ONEUP.LANCAMENTOS.CONSULTALANCAMENTOS?cnpj=50.649.490%2F0001-20&n_documento=113580%2FC","service":"btg-baixa-titulos-service","timestamp":"2026-05-20T13:16:09.951Z"}
{"lancamento":1434886236,"level":"info","message":"ℹ️ Título 113580/C já estava baixado. Processo ignorado.","service":"btg-baixa-titulos-service","situacao":"BAIXADO","timestamp":"2026-05-20T13:16:09.966Z"}
{"level":"info","message":"🔎 Processando título 113580/B","service":"btg-baixa-titulos-service","timestamp":"2026-05-20T13:16:09.969Z"}
{"level":"info","message":"🌐 Millennium request: GET /MILLENIUM!JOIN_ONEUP.LANCAMENTOS.CONSULTALANCAMENTOS?cnpj=50.649.490%2F0001-20&n_documento=113580%2FB","service":"btg-baixa-titulos-service","timestamp":"2026-05-20T13:16:09.969Z"}
{"lancamento":1434886235,"level":"info","message":"ℹ️ Título 113580/B já estava baixado. Processo ignorado.","service":"btg-baixa-titulos-service","situacao":"BAIXADO","timestamp":"2026-05-20T13:16:09.983Z"}
{"level":"info","message":"🔎 Processando título 113580/A","service":"btg-baixa-titulos-service","timestamp":"2026-05-20T13:16:09.986Z"}
{"level":"info","message":"🌐 Millennium request: GET /MILLENIUM!JOIN_ONEUP.LANCAMENTOS.CONSULTALANCAMENTOS?cnpj=50.649.490%2F0001-20&n_documento=113580%2FA","service":"btg-baixa-titulos-service","timestamp":"2026-05-20T13:16:09.986Z"}
{"lancamento":1434886234,"level":"info","message":"ℹ️ Título 113580/A já estava baixado. Processo ignorado.","service":"btg-baixa-titulos-service","situacao":"BAIXADO","timestamp":"2026-05-20T13:16:10.000Z"}
{"level":"info","message":"🔎 Processando título 113579/C","service":"btg-baixa-titulos-service","timestamp":"2026-05-20T13:16:10.003Z"}
{"level":"info","message":"🌐 Millennium request: GET /MILLENIUM!JOIN_ONEUP.LANCAMENTOS.CONSULTALANCAMENTOS?cnpj=50.649.490%2F0001-20&n_documento=113579%2FC","service":"btg-baixa-titulos-service","timestamp":"2026-05-20T13:16:10.004Z"}
{"lancamento":1434886228,"level":"info","message":"ℹ️ Título 113579/C já estava baixado. Processo ignorado.","service":"btg-baixa-titulos-service","situacao":"BAIXADO","timestamp":"2026-05-20T13:16:10.020Z"}
{"level":"info","message":"🔎 Processando título 113579/B","service":"btg-baixa-titulos-service","timestamp":"2026-05-20T13:16:10.025Z"}
{"level":"info","message":"🌐 Millennium request: GET /MILLENIUM!JOIN_ONEUP.LANCAMENTOS.CONSULTALANCAMENTOS?cnpj=50.649.490%2F0001-20&n_documento=113579%2FB","service":"btg-baixa-titulos-service","timestamp":"2026-05-20T13:16:10.025Z"}
{"lancamento":1434886227,"level":"info","message":"ℹ️ Título 113579/B já estava baixado. Processo ignorado.","service":"btg-baixa-titulos-service","situacao":"BAIXADO","timestamp":"2026-05-20T13:16:10.038Z"}
{"level":"info","message":"🔎 Processando título 113579/A","service":"btg-baixa-titulos-service","timestamp":"2026-05-20T13:16:10.040Z"}
{"level":"info","message":"🌐 Millennium request: GET /MILLENIUM!JOIN_ONEUP.LANCAMENTOS.CONSULTALANCAMENTOS?cnpj=50.649.490%2F0001-20&n_documento=113579%2FA","service":"btg-baixa-titulos-service","timestamp":"2026-05-20T13:16:10.040Z"}
{"lancamento":1434886226,"level":"info","message":"ℹ️ Título 113579/A já estava baixado. Processo ignorado.","service":"btg-baixa-titulos-service","situacao":"BAIXADO","timestamp":"2026-05-20T13:16:10.132Z"}
{"level":"info","message":"🔎 Processando título 113578/C","service":"btg-baixa-titulos-service","timestamp":"2026-05-20T13:16:10.136Z"}
{"level":"info","message":"🌐 Millennium request: GET /MILLENIUM!JOIN_ONEUP.LANCAMENTOS.CONSULTALANCAMENTOS?cnpj=50.649.490%2F0001-20&n_documento=113578%2FC","service":"btg-baixa-titulos-service","timestamp":"2026-05-20T13:16:10.136Z"}
{"lancamento":1434886212,"level":"info","message":"ℹ️ Título 113578/C já estava baixado. Processo ignorado.","service":"btg-baixa-titulos-service","situacao":"BAIXADO","timestamp":"2026-05-20T13:16:10.153Z"}
{"level":"info","message":"🔎 Processando título 113578/B","service":"btg-baixa-titulos-service","timestamp":"2026-05-20T13:16:10.158Z"}
{"level":"info","message":"🌐 Millennium request: GET /MILLENIUM!JOIN_ONEUP.LANCAMENTOS.CONSULTALANCAMENTOS?cnpj=50.649.490%2F0001-20&n_documento=113578%2FB","service":"btg-baixa-titulos-service","timestamp":"2026-05-20T13:16:10.158Z"}
{"lancamento":1434886211,"level":"info","message":"ℹ️ Título 113578/B já estava baixado. Processo ignorado.","service":"btg-baixa-titulos-service","situacao":"BAIXADO","timestamp":"2026-05-20T13:16:10.176Z"}
{"level":"info","message":"🔎 Processando título 113578/A","service":"btg-baixa-titulos-service","timestamp":"2026-05-20T13:16:10.181Z"}
{"level":"info","message":"🌐 Millennium request: GET /MILLENIUM!JOIN_ONEUP.LANCAMENTOS.CONSULTALANCAMENTOS?cnpj=50.649.490%2F0001-20&n_documento=113578%2FA","service":"btg-baixa-titulos-service","timestamp":"2026-05-20T13:16:10.181Z"}
{"lancamento":1434886210,"level":"info","message":"ℹ️ Título 113578/A já estava baixado. Processo ignorado.","service":"btg-baixa-titulos-service","situacao":"BAIXADO","timestamp":"2026-05-20T13:16:10.197Z"}
{"level":"info","message":"🔎 Processando título 113577/C","service":"btg-baixa-titulos-service","timestamp":"2026-05-20T13:16:10.201Z"}
{"level":"info","message":"🌐 Millennium request: GET /MILLENIUM!JOIN_ONEUP.LANCAMENTOS.CONSULTALANCAMENTOS?cnpj=50.649.490%2F0001-20&n_documento=113577%2FC","service":"btg-baixa-titulos-service","timestamp":"2026-05-20T13:16:10.201Z"}
{"lancamento":1434886206,"level":"info","message":"ℹ️ Título 113577/C já estava baixado. Processo ignorado.","service":"btg-baixa-titulos-service","situacao":"BAIXADO","timestamp":"2026-05-20T13:16:10.215Z"}
{"level":"info","message":"🔎 Processando título 113577/B","service":"btg-baixa-titulos-service","timestamp":"2026-05-20T13:16:10.219Z"}
{"level":"info","message":"🌐 Millennium request: GET /MILLENIUM!JOIN_ONEUP.LANCAMENTOS.CONSULTALANCAMENTOS?cnpj=50.649.490%2F0001-20&n_documento=113577%2FB","service":"btg-baixa-titulos-service","timestamp":"2026-05-20T13:16:10.220Z"}
{"lancamento":1434886205,"level":"info","message":"ℹ️ Título 113577/B já estava baixado. Processo ignorado.","service":"btg-baixa-titulos-service","situacao":"BAIXADO","timestamp":"2026-05-20T13:16:10.235Z"}
{"level":"info","message":"🔎 Processando título 113577/A","service":"btg-baixa-titulos-service","timestamp":"2026-05-20T13:16:10.239Z"}
{"level":"info","message":"🌐 Millennium request: GET /MILLENIUM!JOIN_ONEUP.LANCAMENTOS.CONSULTALANCAMENTOS?cnpj=50.649.490%2F0001-20&n_documento=113577%2FA","service":"btg-baixa-titulos-service","timestamp":"2026-05-20T13:16:10.239Z"}
{"lancamento":1434886204,"level":"info","message":"ℹ️ Título 113577/A já estava baixado. Processo ignorado.","service":"btg-baixa-titulos-service","situacao":"BAIXADO","timestamp":"2026-05-20T13:16:10.252Z"}
{"level":"info","message":"🔎 Processando título 113576/C","service":"btg-baixa-titulos-service","timestamp":"2026-05-20T13:16:10.257Z"}
{"level":"info","message":"🌐 Millennium request: GET /MILLENIUM!JOIN_ONEUP.LANCAMENTOS.CONSULTALANCAMENTOS?cnpj=50.649.490%2F0001-20&n_documento=113576%2FC","service":"btg-baixa-titulos-service","timestamp":"2026-05-20T13:16:10.257Z"}
{"lancamento":1434886200,"level":"info","message":"ℹ️ Título 113576/C já estava baixado. Processo ignorado.","service":"btg-baixa-titulos-service","situacao":"BAIXADO","timestamp":"2026-05-20T13:16:10.274Z"}
{"level":"info","message":"🔎 Processando título 113576/B","service":"btg-baixa-titulos-service","timestamp":"2026-05-20T13:16:10.278Z"}
{"level":"info","message":"🌐 Millennium request: GET /MILLENIUM!JOIN_ONEUP.LANCAMENTOS.CONSULTALANCAMENTOS?cnpj=50.649.490%2F0001-20&n_documento=113576%2FB","service":"btg-baixa-titulos-service","timestamp":"2026-05-20T13:16:10.278Z"}
{"lancamento":1434886199,"level":"info","message":"ℹ️ Título 113576/B já estava baixado. Processo ignorado.","service":"btg-baixa-titulos-service","situacao":"BAIXADO","timestamp":"2026-05-20T13:16:10.294Z"}
{"level":"info","message":"🔎 Processando título 113576/A","service":"btg-baixa-titulos-service","timestamp":"2026-05-20T13:16:10.299Z"}
{"level":"info","message":"🌐 Millennium request: GET /MILLENIUM!JOIN_ONEUP.LANCAMENTOS.CONSULTALANCAMENTOS?cnpj=50.649.490%2F0001-20&n_documento=113576%2FA","service":"btg-baixa-titulos-service","timestamp":"2026-05-20T13:16:10.299Z"}
{"lancamento":1434886198,"level":"info","message":"ℹ️ Título 113576/A já estava baixado. Processo ignorado.","service":"btg-baixa-titulos-service","situacao":"BAIXADO","timestamp":"2026-05-20T13:16:10.313Z"}
{"level":"info","message":"🔎 Processando título 113575/C","service":"btg-baixa-titulos-service","timestamp":"2026-05-20T13:16:10.318Z"}
{"level":"info","message":"🌐 Millennium request: GET /MILLENIUM!JOIN_ONEUP.LANCAMENTOS.CONSULTALANCAMENTOS?cnpj=50.649.490%2F0001-20&n_documento=113575%2FC","service":"btg-baixa-titulos-service","timestamp":"2026-05-20T13:16:10.318Z"}
{"lancamento":1434886196,"level":"info","message":"ℹ️ Título 113575/C já estava baixado. Processo ignorado.","service":"btg-baixa-titulos-service","situacao":"BAIXADO","timestamp":"2026-05-20T13:16:10.334Z"}
{"level":"info","message":"🔎 Processando título 113575/B","service":"btg-baixa-titulos-service","timestamp":"2026-05-20T13:16:10.338Z"}
{"level":"info","message":"🌐 Millennium request: GET /MILLENIUM!JOIN_ONEUP.LANCAMENTOS.CONSULTALANCAMENTOS?cnpj=50.649.490%2F0001-20&n_documento=113575%2FB","service":"btg-baixa-titulos-service","timestamp":"2026-05-20T13:16:10.339Z"}
{"lancamento":1434886195,"level":"info","message":"ℹ️ Título 113575/B já estava baixado. Processo ignorado.","service":"btg-baixa-titulos-service","situacao":"BAIXADO","timestamp":"2026-05-20T13:16:10.353Z"}
{"level":"info","message":"🔎 Processando título 113575/A","service":"btg-baixa-titulos-service","timestamp":"2026-05-20T13:16:10.357Z"}
{"level":"info","message":"🌐 Millennium request: GET /MILLENIUM!JOIN_ONEUP.LANCAMENTOS.CONSULTALANCAMENTOS?cnpj=50.649.490%2F0001-20&n_documento=113575%2FA","service":"btg-baixa-titulos-service","timestamp":"2026-05-20T13:16:10.357Z"}
{"lancamento":1434886194,"level":"info","message":"ℹ️ Título 113575/A já estava baixado. Processo ignorado.","service":"btg-baixa-titulos-service","situacao":"BAIXADO","timestamp":"2026-05-20T13:16:10.374Z"}
{"level":"info","message":"🔎 Processando título 113574/C","service":"btg-baixa-titulos-service","timestamp":"2026-05-20T13:16:10.378Z"}
{"level":"info","message":"🌐 Millennium request: GET /MILLENIUM!JOIN_ONEUP.LANCAMENTOS.CONSULTALANCAMENTOS?cnpj=50.649.490%2F0001-20&n_documento=113574%2FC","service":"btg-baixa-titulos-service","timestamp":"2026-05-20T13:16:10.378Z"}
{"lancamento":1434886192,"level":"info","message":"ℹ️ Título 113574/C já estava baixado. Processo ignorado.","service":"btg-baixa-titulos-service","situacao":"BAIXADO","timestamp":"2026-05-20T13:16:10.391Z"}
{"level":"info","message":"🔎 Processando título 113574/B","service":"btg-baixa-titulos-service","timestamp":"2026-05-20T13:16:10.395Z"}
{"level":"info","message":"🌐 Millennium request: GET /MILLENIUM!JOIN_ONEUP.LANCAMENTOS.CONSULTALANCAMENTOS?cnpj=50.649.490%2F0001-20&n_documento=113574%2FB","service":"btg-baixa-titulos-service","timestamp":"2026-05-20T13:16:10.395Z"}
{"lancamento":1434886191,"level":"info","message":"ℹ️ Título 113574/B já estava baixado. Processo ignorado.","service":"btg-baixa-titulos-service","situacao":"BAIXADO","timestamp":"2026-05-20T13:16:10.409Z"}
{"level":"info","message":"🔎 Processando título 113574/A","service":"btg-baixa-titulos-service","timestamp":"2026-05-20T13:16:10.412Z"}
{"level":"info","message":"🌐 Millennium request: GET /MILLENIUM!JOIN_ONEUP.LANCAMENTOS.CONSULTALANCAMENTOS?cnpj=50.649.490%2F0001-20&n_documento=113574%2FA","service":"btg-baixa-titulos-service","timestamp":"2026-05-20T13:16:10.412Z"}
{"lancamento":1434886190,"level":"info","message":"ℹ️ Título 113574/A já estava baixado. Processo ignorado.","service":"btg-baixa-titulos-service","situacao":"BAIXADO","timestamp":"2026-05-20T13:16:10.425Z"}
{"level":"info","message":"🔎 Processando título 113573/C","service":"btg-baixa-titulos-service","timestamp":"2026-05-20T13:16:10.427Z"}
{"level":"info","message":"🌐 Millennium request: GET /MILLENIUM!JOIN_ONEUP.LANCAMENTOS.CONSULTALANCAMENTOS?cnpj=50.649.490%2F0001-20&n_documento=113573%2FC","service":"btg-baixa-titulos-service","timestamp":"2026-05-20T13:16:10.427Z"}
{"lancamento":1434886189,"level":"info","message":"ℹ️ Título 113573/C já estava baixado. Processo ignorado.","service":"btg-baixa-titulos-service","situacao":"BAIXADO","timestamp":"2026-05-20T13:16:10.443Z"}
{"level":"info","message":"🔎 Processando título 113573/B","service":"btg-baixa-titulos-service","timestamp":"2026-05-20T13:16:10.446Z"}
{"level":"info","message":"🌐 Millennium request: GET /MILLENIUM!JOIN_ONEUP.LANCAMENTOS.CONSULTALANCAMENTOS?cnpj=50.649.490%2F0001-20&n_documento=113573%2FB","service":"btg-baixa-titulos-service","timestamp":"2026-05-20T13:16:10.446Z"}
{"lancamento":1434886188,"level":"info","message":"ℹ️ Título 113573/B já estava baixado. Processo ignorado.","service":"btg-baixa-titulos-service","situacao":"BAIXADO","timestamp":"2026-05-20T13:16:10.461Z"}
{"level":"info","message":"🔎 Processando título 113573/A","service":"btg-baixa-titulos-service","timestamp":"2026-05-20T13:16:10.465Z"}
{"level":"info","message":"🌐 Millennium request: GET /MILLENIUM!JOIN_ONEUP.LANCAMENTOS.CONSULTALANCAMENTOS?cnpj=50.649.490%2F0001-20&n_documento=113573%2FA","service":"btg-baixa-titulos-service","timestamp":"2026-05-20T13:16:10.465Z"}
{"lancamento":1434886187,"level":"info","message":"ℹ️ Título 113573/A já estava baixado. Processo ignorado.","service":"btg-baixa-titulos-service","situacao":"BAIXADO","timestamp":"2026-05-20T13:16:10.483Z"}
{"level":"info","message":"🔎 Processando título 38105/B","service":"btg-baixa-titulos-service","timestamp":"2026-05-20T13:16:10.487Z"}
{"level":"info","message":"🌐 Millennium request: GET /MILLENIUM!JOIN_ONEUP.LANCAMENTOS.CONSULTALANCAMENTOS?n_documento=38105%2FB&cpf=231.048.214-53","service":"btg-baixa-titulos-service","timestamp":"2026-05-20T13:16:10.487Z"}
{"lancamento":1434883535,"level":"info","message":"ℹ️ Título 38105/B já estava baixado. Processo ignorado.","service":"btg-baixa-titulos-service","situacao":"BAIXADO","timestamp":"2026-05-20T13:16:10.502Z"}
{"level":"info","message":"🔎 Processando título 38105/A","service":"btg-baixa-titulos-service","timestamp":"2026-05-20T13:16:10.506Z"}
{"level":"info","message":"🌐 Millennium request: GET /MILLENIUM!JOIN_ONEUP.LANCAMENTOS.CONSULTALANCAMENTOS?n_documento=38105%2FA&cpf=231.048.214-53","service":"btg-baixa-titulos-service","timestamp":"2026-05-20T13:16:10.506Z"}
{"lancamento":1434883534,"level":"info","message":"ℹ️ Título 38105/A já estava baixado. Processo ignorado.","service":"btg-baixa-titulos-service","situacao":"BAIXADO","timestamp":"2026-05-20T13:16:10.518Z"}
{"level":"info","message":"🔎 Processando título 113474/D","service":"btg-baixa-titulos-service","timestamp":"2026-05-20T13:16:10.521Z"}
{"level":"info","message":"🌐 Millennium request: GET /MILLENIUM!JOIN_ONEUP.LANCAMENTOS.CONSULTALANCAMENTOS?cnpj=57.408.548%2F0001-92&n_documento=113474%2FD","service":"btg-baixa-titulos-service","timestamp":"2026-05-20T13:16:10.521Z"}
{"lancamento":1434884928,"level":"info","message":"ℹ️ Título 113474/D já estava baixado. Processo ignorado.","service":"btg-baixa-titulos-service","situacao":"BAIXADO","timestamp":"2026-05-20T13:16:10.536Z"}
{"level":"info","message":"🔎 Processando título 113474/C","service":"btg-baixa-titulos-service","timestamp":"2026-05-20T13:16:10.539Z"}
{"level":"info","message":"🌐 Millennium request: GET /MILLENIUM!JOIN_ONEUP.LANCAMENTOS.CONSULTALANCAMENTOS?cnpj=57.408.548%2F0001-92&n_documento=113474%2FC","service":"btg-baixa-titulos-service","timestamp":"2026-05-20T13:16:10.539Z"}
{"lancamento":1434884927,"level":"info","message":"ℹ️ Título 113474/C já estava baixado. Processo ignorado.","service":"btg-baixa-titulos-service","situacao":"BAIXADO","timestamp":"2026-05-20T13:16:10.555Z"}
{"level":"info","message":"🔎 Processando título 113474/B","service":"btg-baixa-titulos-service","timestamp":"2026-05-20T13:16:10.558Z"}
{"level":"info","message":"🌐 Millennium request: GET /MILLENIUM!JOIN_ONEUP.LANCAMENTOS.CONSULTALANCAMENTOS?cnpj=57.408.548%2F0001-92&n_documento=113474%2FB","service":"btg-baixa-titulos-service","timestamp":"2026-05-20T13:16:10.558Z"}
{"lancamento":1434884926,"level":"info","message":"ℹ️ Título 113474/B já estava baixado. Processo ignorado.","service":"btg-baixa-titulos-service","situacao":"BAIXADO","timestamp":"2026-05-20T13:16:10.660Z"}
{"level":"info","message":"🔎 Processando título 113474/A","service":"btg-baixa-titulos-service","timestamp":"2026-05-20T13:16:10.665Z"}
{"level":"info","message":"🌐 Millennium request: GET /MILLENIUM!JOIN_ONEUP.LANCAMENTOS.CONSULTALANCAMENTOS?cnpj=57.408.548%2F0001-92&n_documento=113474%2FA","service":"btg-baixa-titulos-service","timestamp":"2026-05-20T13:16:10.665Z"}
{"lancamento":1434884925,"level":"info","message":"ℹ️ Título 113474/A já estava baixado. Processo ignorado.","service":"btg-baixa-titulos-service","situacao":"BAIXADO","timestamp":"2026-05-20T13:16:10.680Z"}
{"level":"info","message":"🔎 Processando título 113329/D","service":"btg-baixa-titulos-service","timestamp":"2026-05-20T13:16:10.685Z"}
{"level":"info","message":"🌐 Millennium request: GET /MILLENIUM!JOIN_ONEUP.LANCAMENTOS.CONSULTALANCAMENTOS?cnpj=57.408.548%2F0001-92&n_documento=113329%2FD","service":"btg-baixa-titulos-service","timestamp":"2026-05-20T13:16:10.685Z"}
{"lancamento":1434884028,"level":"info","message":"ℹ️ Título 113329/D já estava baixado. Processo ignorado.","service":"btg-baixa-titulos-service","situacao":"BAIXADO","timestamp":"2026-05-20T13:16:10.703Z"}
{"level":"info","message":"🔎 Processando título 113329/C","service":"btg-baixa-titulos-service","timestamp":"2026-05-20T13:16:10.706Z"}
{"level":"info","message":"🌐 Millennium request: GET /MILLENIUM!JOIN_ONEUP.LANCAMENTOS.CONSULTALANCAMENTOS?cnpj=57.408.548%2F0001-92&n_documento=113329%2FC","service":"btg-baixa-titulos-service","timestamp":"2026-05-20T13:16:10.706Z"}
{"lancamento":1434884027,"level":"info","message":"ℹ️ Título 113329/C já estava baixado. Processo ignorado.","service":"btg-baixa-titulos-service","situacao":"BAIXADO","timestamp":"2026-05-20T13:16:10.724Z"}
{"level":"info","message":"🔎 Processando título 113329/B","service":"btg-baixa-titulos-service","timestamp":"2026-05-20T13:16:10.727Z"}
{"level":"info","message":"🌐 Millennium request: GET /MILLENIUM!JOIN_ONEUP.LANCAMENTOS.CONSULTALANCAMENTOS?cnpj=57.408.548%2F0001-92&n_documento=113329%2FB","service":"btg-baixa-titulos-service","timestamp":"2026-05-20T13:16:10.727Z"}
{"lancamento":1434884026,"level":"info","message":"ℹ️ Título 113329/B já estava baixado. Processo ignorado.","service":"btg-baixa-titulos-service","situacao":"BAIXADO","timestamp":"2026-05-20T13:16:10.742Z"}
{"level":"info","message":"🔎 Processando título 113329/A","service":"btg-baixa-titulos-service","timestamp":"2026-05-20T13:16:10.743Z"}
{"level":"info","message":"🌐 Millennium request: GET /MILLENIUM!JOIN_ONEUP.LANCAMENTOS.CONSULTALANCAMENTOS?cnpj=57.408.548%2F0001-92&n_documento=113329%2FA","service":"btg-baixa-titulos-service","timestamp":"2026-05-20T13:16:10.743Z"}
{"lancamento":1434884025,"level":"info","message":"ℹ️ Título 113329/A já estava baixado. Processo ignorado.","service":"btg-baixa-titulos-service","situacao":"BAIXADO","timestamp":"2026-05-20T13:16:10.759Z"}
{"level":"info","message":"🔎 Processando título 113269/D","service":"btg-baixa-titulos-service","timestamp":"2026-05-20T13:16:10.762Z"}
{"level":"info","message":"🌐 Millennium request: GET /MILLENIUM!JOIN_ONEUP.LANCAMENTOS.CONSULTALANCAMENTOS?cnpj=57.408.548%2F0001-92&n_documento=113269%2FD","service":"btg-baixa-titulos-service","timestamp":"2026-05-20T13:16:10.762Z"}
{"lancamento":1434882837,"level":"info","message":"ℹ️ Título 113269/D já estava baixado. Processo ignorado.","service":"btg-baixa-titulos-service","situacao":"BAIXADO","timestamp":"2026-05-20T13:16:10.777Z"}
{"level":"info","message":"🔎 Processando título 113269/C","service":"btg-baixa-titulos-service","timestamp":"2026-05-20T13:16:10.779Z"}
{"level":"info","message":"🌐 Millennium request: GET /MILLENIUM!JOIN_ONEUP.LANCAMENTOS.CONSULTALANCAMENTOS?cnpj=57.408.548%2F0001-92&n_documento=113269%2FC","service":"btg-baixa-titulos-service","timestamp":"2026-05-20T13:16:10.779Z"}
{"lancamento":1434882836,"level":"info","message":"ℹ️ Título 113269/C já estava baixado. Processo ignorado.","service":"btg-baixa-titulos-service","situacao":"BAIXADO","timestamp":"2026-05-20T13:16:10.795Z"}
{"level":"info","message":"🔎 Processando título 113269/B","service":"btg-baixa-titulos-service","timestamp":"2026-05-20T13:16:10.797Z"}
{"level":"info","message":"🌐 Millennium request: GET /MILLENIUM!JOIN_ONEUP.LANCAMENTOS.CONSULTALANCAMENTOS?cnpj=57.408.548%2F0001-92&n_documento=113269%2FB","service":"btg-baixa-titulos-service","timestamp":"2026-05-20T13:16:10.797Z"}
{"lancamento":1434882835,"level":"info","message":"ℹ️ Título 113269/B já estava baixado. Processo ignorado.","service":"btg-baixa-titulos-service","situacao":"BAIXADO","timestamp":"2026-05-20T13:16:10.810Z"}
{"level":"info","message":"🔎 Processando título 113269/A","service":"btg-baixa-titulos-service","timestamp":"2026-05-20T13:16:10.812Z"}
{"level":"info","message":"🌐 Millennium request: GET /MILLENIUM!JOIN_ONEUP.LANCAMENTOS.CONSULTALANCAMENTOS?cnpj=57.408.548%2F0001-92&n_documento=113269%2FA","service":"btg-baixa-titulos-service","timestamp":"2026-05-20T13:16:10.812Z"}
{"lancamento":1434882834,"level":"info","message":"ℹ️ Título 113269/A já estava baixado. Processo ignorado.","service":"btg-baixa-titulos-service","situacao":"BAIXADO","timestamp":"2026-05-20T13:16:10.826Z"}
{"level":"info","message":"🔎 Processando título 113264/D","service":"btg-baixa-titulos-service","timestamp":"2026-05-20T13:16:10.827Z"}
{"level":"info","message":"🌐 Millennium request: GET /MILLENIUM!JOIN_ONEUP.LANCAMENTOS.CONSULTALANCAMENTOS?cnpj=57.408.548%2F0001-92&n_documento=113264%2FD","service":"btg-baixa-titulos-service","timestamp":"2026-05-20T13:16:10.827Z"}
{"lancamento":1434882821,"level":"info","message":"ℹ️ Título 113264/D já estava baixado. Processo ignorado.","service":"btg-baixa-titulos-service","situacao":"BAIXADO","timestamp":"2026-05-20T13:16:10.842Z"}
{"level":"info","message":"🔎 Processando título 113264/C","service":"btg-baixa-titulos-service","timestamp":"2026-05-20T13:16:10.843Z"}
{"level":"info","message":"🌐 Millennium request: GET /MILLENIUM!JOIN_ONEUP.LANCAMENTOS.CONSULTALANCAMENTOS?cnpj=57.408.548%2F0001-92&n_documento=113264%2FC","service":"btg-baixa-titulos-service","timestamp":"2026-05-20T13:16:10.843Z"}
{"lancamento":1434882820,"level":"info","message":"ℹ️ Título 113264/C já estava baixado. Processo ignorado.","service":"btg-baixa-titulos-service","situacao":"BAIXADO","timestamp":"2026-05-20T13:16:10.858Z"}
{"level":"info","message":"🔎 Processando título 113264/B","service":"btg-baixa-titulos-service","timestamp":"2026-05-20T13:16:10.860Z"}
{"level":"info","message":"🌐 Millennium request: GET /MILLENIUM!JOIN_ONEUP.LANCAMENTOS.CONSULTALANCAMENTOS?cnpj=57.408.548%2F0001-92&n_documento=113264%2FB","service":"btg-baixa-titulos-service","timestamp":"2026-05-20T13:16:10.860Z"}
{"lancamento":1434882819,"level":"info","message":"ℹ️ Título 113264/B já estava baixado. Processo ignorado.","service":"btg-baixa-titulos-service","situacao":"BAIXADO","timestamp":"2026-05-20T13:16:10.874Z"}
{"level":"info","message":"🔎 Processando título 113264/A","service":"btg-baixa-titulos-service","timestamp":"2026-05-20T13:16:10.878Z"}
{"level":"info","message":"🌐 Millennium request: GET /MILLENIUM!JOIN_ONEUP.LANCAMENTOS.CONSULTALANCAMENTOS?cnpj=57.408.548%2F0001-92&n_documento=113264%2FA","service":"btg-baixa-titulos-service","timestamp":"2026-05-20T13:16:10.878Z"}
{"lancamento":1434882818,"level":"info","message":"ℹ️ Título 113264/A já estava baixado. Processo ignorado.","service":"btg-baixa-titulos-service","situacao":"BAIXADO","timestamp":"2026-05-20T13:16:10.893Z"}
{"level":"info","message":"🔎 Processando título 112947/D","service":"btg-baixa-titulos-service","timestamp":"2026-05-20T13:16:10.896Z"}
{"level":"info","message":"🌐 Millennium request: GET /MILLENIUM!JOIN_ONEUP.LANCAMENTOS.CONSULTALANCAMENTOS?cnpj=57.408.548%2F0001-92&n_documento=112947%2FD","service":"btg-baixa-titulos-service","timestamp":"2026-05-20T13:16:10.896Z"}
{"lancamento":1434881462,"level":"info","message":"ℹ️ Título 112947/D já estava baixado. Processo ignorado.","service":"btg-baixa-titulos-service","situacao":"BAIXADO","timestamp":"2026-05-20T13:16:10.913Z"}
{"level":"info","message":"🔎 Processando título 112947/C","service":"btg-baixa-titulos-service","timestamp":"2026-05-20T13:16:10.916Z"}
{"level":"info","message":"🌐 Millennium request: GET /MILLENIUM!JOIN_ONEUP.LANCAMENTOS.CONSULTALANCAMENTOS?cnpj=57.408.548%2F0001-92&n_documento=112947%2FC","service":"btg-baixa-titulos-service","timestamp":"2026-05-20T13:16:10.916Z"}
{"lancamento":1434881461,"level":"info","message":"ℹ️ Título 112947/C já estava baixado. Processo ignorado.","service":"btg-baixa-titulos-service","situacao":"BAIXADO","timestamp":"2026-05-20T13:16:10.929Z"}
{"level":"info","message":"🔎 Processando título 112947/B","service":"btg-baixa-titulos-service","timestamp":"2026-05-20T13:16:10.932Z"}
{"level":"info","message":"🌐 Millennium request: GET /MILLENIUM!JOIN_ONEUP.LANCAMENTOS.CONSULTALANCAMENTOS?cnpj=57.408.548%2F0001-92&n_documento=112947%2FB","service":"btg-baixa-titulos-service","timestamp":"2026-05-20T13:16:10.932Z"}
{"lancamento":1434881460,"level":"info","message":"ℹ️ Título 112947/B já estava baixado. Processo ignorado.","service":"btg-baixa-titulos-service","situacao":"BAIXADO","timestamp":"2026-05-20T13:16:10.953Z"}
{"level":"info","message":"🔎 Processando título 112947/A","service":"btg-baixa-titulos-service","timestamp":"2026-05-20T13:16:10.957Z"}
{"level":"info","message":"🌐 Millennium request: GET /MILLENIUM!JOIN_ONEUP.LANCAMENTOS.CONSULTALANCAMENTOS?cnpj=57.408.548%2F0001-92&n_documento=112947%2FA","service":"btg-baixa-titulos-service","timestamp":"2026-05-20T13:16:10.957Z"}
{"lancamento":1434881459,"level":"info","message":"ℹ️ Título 112947/A já estava baixado. Processo ignorado.","service":"btg-baixa-titulos-service","situacao":"BAIXADO","timestamp":"2026-05-20T13:16:10.973Z"}
{"level":"info","message":"🔎 Processando título 112761/C","service":"btg-baixa-titulos-service","timestamp":"2026-05-20T13:16:10.976Z"}
{"level":"info","message":"🌐 Millennium request: GET /MILLENIUM!JOIN_ONEUP.LANCAMENTOS.CONSULTALANCAMENTOS?cnpj=21.067.137%2F0001-33&n_documento=112761%2FC","service":"btg-baixa-titulos-service","timestamp":"2026-05-20T13:16:10.976Z"}
{"lancamento":1434880541,"level":"info","message":"ℹ️ Título 112761/C já estava baixado. Processo ignorado.","service":"btg-baixa-titulos-service","situacao":"BAIXADO","timestamp":"2026-05-20T13:16:10.990Z"}
{"level":"info","message":"🔎 Processando título 112761/B","service":"btg-baixa-titulos-service","timestamp":"2026-05-20T13:16:10.994Z"}
{"level":"info","message":"🌐 Millennium request: GET /MILLENIUM!JOIN_ONEUP.LANCAMENTOS.CONSULTALANCAMENTOS?cnpj=21.067.137%2F0001-33&n_documento=112761%2FB","service":"btg-baixa-titulos-service","timestamp":"2026-05-20T13:16:10.995Z"}
{"lancamento":1434880540,"level":"info","message":"ℹ️ Título 112761/B já estava baixado. Processo ignorado.","service":"btg-baixa-titulos-service","situacao":"BAIXADO","timestamp":"2026-05-20T13:16:11.008Z"}
{"level":"info","message":"🔎 Processando título 112761/A","service":"btg-baixa-titulos-service","timestamp":"2026-05-20T13:16:11.012Z"}
{"level":"info","message":"🌐 Millennium request: GET /MILLENIUM!JOIN_ONEUP.LANCAMENTOS.CONSULTALANCAMENTOS?cnpj=21.067.137%2F0001-33&n_documento=112761%2FA","service":"btg-baixa-titulos-service","timestamp":"2026-05-20T13:16:11.013Z"}
{"lancamento":1434880539,"level":"info","message":"ℹ️ Título 112761/A já estava baixado. Processo ignorado.","service":"btg-baixa-titulos-service","situacao":"BAIXADO","timestamp":"2026-05-20T13:16:11.039Z"}
{"level":"info","message":"🔎 Processando título 113263/E","service":"btg-baixa-titulos-service","timestamp":"2026-05-20T13:16:11.043Z"}
{"level":"info","message":"🌐 Millennium request: GET /MILLENIUM!JOIN_ONEUP.LANCAMENTOS.CONSULTALANCAMENTOS?cnpj=73.652.158%2F0001-10&n_documento=113263%2FE","service":"btg-baixa-titulos-service","timestamp":"2026-05-20T13:16:11.044Z"}
{"lancamento":1434882810,"level":"info","message":"ℹ️ Título 113263/E já estava baixado. Processo ignorado.","service":"btg-baixa-titulos-service","situacao":"BAIXADO","timestamp":"2026-05-20T13:16:11.063Z"}
{"level":"info","message":"🔎 Processando título 113263/D","service":"btg-baixa-titulos-service","timestamp":"2026-05-20T13:16:11.068Z"}
{"level":"info","message":"🌐 Millennium request: GET /MILLENIUM!JOIN_ONEUP.LANCAMENTOS.CONSULTALANCAMENTOS?cnpj=73.652.158%2F0001-10&n_documento=113263%2FD","service":"btg-baixa-titulos-service","timestamp":"2026-05-20T13:16:11.068Z"}
{"lancamento":1434882809,"level":"info","message":"ℹ️ Título 113263/D já estava baixado. Processo ignorado.","service":"btg-baixa-titulos-service","situacao":"BAIXADO","timestamp":"2026-05-20T13:16:11.086Z"}
{"level":"info","message":"🔎 Processando título 113263/C","service":"btg-baixa-titulos-service","timestamp":"2026-05-20T13:16:11.091Z"}
{"level":"info","message":"🌐 Millennium request: GET /MILLENIUM!JOIN_ONEUP.LANCAMENTOS.CONSULTALANCAMENTOS?cnpj=73.652.158%2F0001-10&n_documento=113263%2FC","service":"btg-baixa-titulos-service","timestamp":"2026-05-20T13:16:11.091Z"}
{"lancamento":1434882808,"level":"info","message":"ℹ️ Título 113263/C já estava baixado. Processo ignorado.","service":"btg-baixa-titulos-service","situacao":"BAIXADO","timestamp":"2026-05-20T13:16:11.199Z"}
{"level":"info","message":"🔎 Processando título 113263/B","service":"btg-baixa-titulos-service","timestamp":"2026-05-20T13:16:11.204Z"}
{"level":"info","message":"🌐 Millennium request: GET /MILLENIUM!JOIN_ONEUP.LANCAMENTOS.CONSULTALANCAMENTOS?cnpj=73.652.158%2F0001-10&n_documento=113263%2FB","service":"btg-baixa-titulos-service","timestamp":"2026-05-20T13:16:11.204Z"}
{"lancamento":1434882807,"level":"info","message":"ℹ️ Título 113263/B já estava baixado. Processo ignorado.","service":"btg-baixa-titulos-service","situacao":"BAIXADO","timestamp":"2026-05-20T13:16:11.219Z"}
{"level":"info","message":"🔎 Processando título 113263/A","service":"btg-baixa-titulos-service","timestamp":"2026-05-20T13:16:11.224Z"}
{"level":"info","message":"🌐 Millennium request: GET /MILLENIUM!JOIN_ONEUP.LANCAMENTOS.CONSULTALANCAMENTOS?cnpj=73.652.158%2F0001-10&n_documento=113263%2FA","service":"btg-baixa-titulos-service","timestamp":"2026-05-20T13:16:11.224Z"}
{"lancamento":1434882806,"level":"info","message":"ℹ️ Título 113263/A já estava baixado. Processo ignorado.","service":"btg-baixa-titulos-service","situacao":"BAIXADO","timestamp":"2026-05-20T13:16:11.241Z"}
{"level":"info","message":"🔎 Processando título 112648/E","service":"btg-baixa-titulos-service","timestamp":"2026-05-20T13:16:11.245Z"}
{"level":"info","message":"🌐 Millennium request: GET /MILLENIUM!JOIN_ONEUP.LANCAMENTOS.CONSULTALANCAMENTOS?cnpj=03.247.651%2F0001-79&n_documento=112648%2FE","service":"btg-baixa-titulos-service","timestamp":"2026-05-20T13:16:11.245Z"}
{"lancamento":1434880183,"level":"info","message":"ℹ️ Título 112648/E já estava baixado. Processo ignorado.","service":"btg-baixa-titulos-service","situacao":"BAIXADO","timestamp":"2026-05-20T13:16:11.263Z"}
{"level":"info","message":"🔎 Processando título 112648/D","service":"btg-baixa-titulos-service","timestamp":"2026-05-20T13:16:11.268Z"}
{"level":"info","message":"🌐 Millennium request: GET /MILLENIUM!JOIN_ONEUP.LANCAMENTOS.CONSULTALANCAMENTOS?cnpj=03.247.651%2F0001-79&n_documento=112648%2FD","service":"btg-baixa-titulos-service","timestamp":"2026-05-20T13:16:11.268Z"}
{"lancamento":1434880182,"level":"info","message":"ℹ️ Título 112648/D já estava baixado. Processo ignorado.","service":"btg-baixa-titulos-service","situacao":"BAIXADO","timestamp":"2026-05-20T13:16:11.293Z"}
{"level":"info","message":"🔎 Processando título 112648/C","service":"btg-baixa-titulos-service","timestamp":"2026-05-20T13:16:11.299Z"}
{"level":"info","message":"🌐 Millennium request: GET /MILLENIUM!JOIN_ONEUP.LANCAMENTOS.CONSULTALANCAMENTOS?cnpj=03.247.651%2F0001-79&n_documento=112648%2FC","service":"btg-baixa-titulos-service","timestamp":"2026-05-20T13:16:11.299Z"}
{"lancamento":1434880181,"level":"info","message":"ℹ️ Título 112648/C já estava baixado. Processo ignorado.","service":"btg-baixa-titulos-service","situacao":"BAIXADO","timestamp":"2026-05-20T13:16:11.315Z"}
{"level":"info","message":"🔎 Processando título 112648/B","service":"btg-baixa-titulos-service","timestamp":"2026-05-20T13:16:11.319Z"}
{"level":"info","message":"🌐 Millennium request: GET /MILLENIUM!JOIN_ONEUP.LANCAMENTOS.CONSULTALANCAMENTOS?cnpj=03.247.651%2F0001-79&n_documento=112648%2FB","service":"btg-baixa-titulos-service","timestamp":"2026-05-20T13:16:11.320Z"}
{"lancamento":1434880180,"level":"info","message":"ℹ️ Título 112648/B já estava baixado. Processo ignorado.","service":"btg-baixa-titulos-service","situacao":"BAIXADO","timestamp":"2026-05-20T13:16:11.335Z"}
{"level":"info","message":"🔎 Processando título 112648/A","service":"btg-baixa-titulos-service","timestamp":"2026-05-20T13:16:11.340Z"}
{"level":"info","message":"🌐 Millennium request: GET /MILLENIUM!JOIN_ONEUP.LANCAMENTOS.CONSULTALANCAMENTOS?cnpj=03.247.651%2F0001-79&n_documento=112648%2FA","service":"btg-baixa-titulos-service","timestamp":"2026-05-20T13:16:11.340Z"}
{"lancamento":1434880179,"level":"info","message":"ℹ️ Título 112648/A já estava baixado. Processo ignorado.","service":"btg-baixa-titulos-service","situacao":"BAIXADO","timestamp":"2026-05-20T13:16:11.358Z"}
{"level":"info","message":"🔎 Processando título FRE 111087","service":"btg-baixa-titulos-service","timestamp":"2026-05-20T13:16:11.362Z"}
{"level":"info","message":"🌐 Millennium request: GET /MILLENIUM!JOIN_ONEUP.LANCAMENTOS.CONSULTALANCAMENTOS?cnpj=09.598.379%2F0001-58&n_documento=FRE%20111087","service":"btg-baixa-titulos-service","timestamp":"2026-05-20T13:16:11.363Z"}
{"lancamento":1434878962,"level":"info","message":"ℹ️ Título FRE 111087 já estava baixado. Processo ignorado.","service":"btg-baixa-titulos-service","situacao":"BAIXADO","timestamp":"2026-05-20T13:16:11.376Z"}
{"level":"info","message":"🔎 Processando título 112541/C","service":"btg-baixa-titulos-service","timestamp":"2026-05-20T13:16:11.381Z"}
{"level":"info","message":"🌐 Millennium request: GET /MILLENIUM!JOIN_ONEUP.LANCAMENTOS.CONSULTALANCAMENTOS?cnpj=59.205.187%2F0001-02&n_documento=112541%2FC","service":"btg-baixa-titulos-service","timestamp":"2026-05-20T13:16:11.381Z"}
{"lancamento":1434878806,"level":"info","message":"ℹ️ Título 112541/C já estava baixado. Processo ignorado.","service":"btg-baixa-titulos-service","situacao":"BAIXADO","timestamp":"2026-05-20T13:16:11.399Z"}
{"level":"info","message":"🔎 Processando título 112541/B","service":"btg-baixa-titulos-service","timestamp":"2026-05-20T13:16:11.404Z"}
{"level":"info","message":"🌐 Millennium request: GET /MILLENIUM!JOIN_ONEUP.LANCAMENTOS.CONSULTALANCAMENTOS?cnpj=59.205.187%2F0001-02&n_documento=112541%2FB","service":"btg-baixa-titulos-service","timestamp":"2026-05-20T13:16:11.404Z"}
{"lancamento":1434878805,"level":"info","message":"ℹ️ Título 112541/B já estava baixado. Processo ignorado.","service":"btg-baixa-titulos-service","situacao":"BAIXADO","timestamp":"2026-05-20T13:16:11.435Z"}
{"level":"info","message":"🔎 Processando título 112541/A","service":"btg-baixa-titulos-service","timestamp":"2026-05-20T13:16:11.439Z"}
{"level":"info","message":"🌐 Millennium request: GET /MILLENIUM!JOIN_ONEUP.LANCAMENTOS.CONSULTALANCAMENTOS?cnpj=59.205.187%2F0001-02&n_documento=112541%2FA","service":"btg-baixa-titulos-service","timestamp":"2026-05-20T13:16:11.439Z"}
{"lancamento":1434878804,"level":"info","message":"ℹ️ Título 112541/A já estava baixado. Processo ignorado.","service":"btg-baixa-titulos-service","situacao":"BAIXADO","timestamp":"2026-05-20T13:16:11.463Z"}
{"level":"info","message":"🔎 Processando título CORRE 109505","service":"btg-baixa-titulos-service","timestamp":"2026-05-20T13:16:11.468Z"}
{"level":"info","message":"🌐 Millennium request: GET /MILLENIUM!JOIN_ONEUP.LANCAMENTOS.CONSULTALANCAMENTOS?cnpj=21.067.137%2F0001-33&n_documento=CORRE%20109505","service":"btg-baixa-titulos-service","timestamp":"2026-05-20T13:16:11.468Z"}
{"lancamento":1434878942,"level":"info","message":"ℹ️ Título CORRE 109505 já estava baixado. Processo ignorado.","service":"btg-baixa-titulos-service","situacao":"BAIXADO","timestamp":"2026-05-20T13:16:11.485Z"}
{"level":"info","message":"🔎 Processando título 112542/C","service":"btg-baixa-titulos-service","timestamp":"2026-05-20T13:16:11.491Z"}
{"level":"info","message":"🌐 Millennium request: GET /MILLENIUM!JOIN_ONEUP.LANCAMENTOS.CONSULTALANCAMENTOS?cnpj=21.067.137%2F0001-33&n_documento=112542%2FC","service":"btg-baixa-titulos-service","timestamp":"2026-05-20T13:16:11.491Z"}
{"lancamento":1434878816,"level":"info","message":"ℹ️ Título 112542/C já estava baixado. Processo ignorado.","service":"btg-baixa-titulos-service","situacao":"BAIXADO","timestamp":"2026-05-20T13:16:11.506Z"}
{"level":"info","message":"🔎 Processando título 112542/B","service":"btg-baixa-titulos-service","timestamp":"2026-05-20T13:16:11.511Z"}
{"level":"info","message":"🌐 Millennium request: GET /MILLENIUM!JOIN_ONEUP.LANCAMENTOS.CONSULTALANCAMENTOS?cnpj=21.067.137%2F0001-33&n_documento=112542%2FB","service":"btg-baixa-titulos-service","timestamp":"2026-05-20T13:16:11.511Z"}
{"lancamento":1434878815,"level":"info","message":"ℹ️ Título 112542/B já estava baixado. Processo ignorado.","service":"btg-baixa-titulos-service","situacao":"BAIXADO","timestamp":"2026-05-20T13:16:11.526Z"}
{"level":"info","message":"🔎 Processando título 112542/A","service":"btg-baixa-titulos-service","timestamp":"2026-05-20T13:16:11.532Z"}
{"level":"info","message":"🌐 Millennium request: GET /MILLENIUM!JOIN_ONEUP.LANCAMENTOS.CONSULTALANCAMENTOS?cnpj=21.067.137%2F0001-33&n_documento=112542%2FA","service":"btg-baixa-titulos-service","timestamp":"2026-05-20T13:16:11.532Z"}
{"lancamento":1434878814,"level":"info","message":"ℹ️ Título 112542/A já estava baixado. Processo ignorado.","service":"btg-baixa-titulos-service","situacao":"BAIXADO","timestamp":"2026-05-20T13:16:11.549Z"}
{"level":"info","message":"🔎 Processando título FRE 110754","service":"btg-baixa-titulos-service","timestamp":"2026-05-20T13:16:11.555Z"}
{"level":"info","message":"🌐 Millennium request: GET /MILLENIUM!JOIN_ONEUP.LANCAMENTOS.CONSULTALANCAMENTOS?cnpj=03.294.992%2F0001-03&n_documento=FRE%20110754","service":"btg-baixa-titulos-service","timestamp":"2026-05-20T13:16:11.555Z"}
{"lancamento":1434878959,"level":"info","message":"ℹ️ Título FRE 110754 já estava baixado. Processo ignorado.","service":"btg-baixa-titulos-service","situacao":"BAIXADO","timestamp":"2026-05-20T13:16:11.572Z"}
{"level":"info","message":"🔎 Processando título FRE 110595","service":"btg-baixa-titulos-service","timestamp":"2026-05-20T13:16:11.577Z"}
{"level":"info","message":"🌐 Millennium request: GET /MILLENIUM!JOIN_ONEUP.LANCAMENTOS.CONSULTALANCAMENTOS?cnpj=57.408.548%2F0001-92&n_documento=FRE%20110595","service":"btg-baixa-titulos-service","timestamp":"2026-05-20T13:16:11.577Z"}
{"lancamento":1434878956,"level":"info","message":"ℹ️ Título FRE 110595 já estava baixado. Processo ignorado.","service":"btg-baixa-titulos-service","situacao":"BAIXADO","timestamp":"2026-05-20T13:16:11.592Z"}
{"level":"info","message":"🔎 Processando título CORRE 111369","service":"btg-baixa-titulos-service","timestamp":"2026-05-20T13:16:11.596Z"}
{"level":"info","message":"🌐 Millennium request: GET /MILLENIUM!JOIN_ONEUP.LANCAMENTOS.CONSULTALANCAMENTOS?cnpj=57.408.548%2F0001-92&n_documento=CORRE%20111369","service":"btg-baixa-titulos-service","timestamp":"2026-05-20T13:16:11.596Z"}
{"lancamento":1434878955,"level":"info","message":"ℹ️ Título CORRE 111369 já estava baixado. Processo ignorado.","service":"btg-baixa-titulos-service","situacao":"BAIXADO","timestamp":"2026-05-20T13:16:11.613Z"}
{"level":"info","message":"🔎 Processando título CORRE 111088","service":"btg-baixa-titulos-service","timestamp":"2026-05-20T13:16:11.617Z"}
{"level":"info","message":"🌐 Millennium request: GET /MILLENIUM!JOIN_ONEUP.LANCAMENTOS.CONSULTALANCAMENTOS?cnpj=57.408.548%2F0001-92&n_documento=CORRE%20111088","service":"btg-baixa-titulos-service","timestamp":"2026-05-20T13:16:11.617Z"}
{"lancamento":1434878952,"level":"info","message":"ℹ️ Título CORRE 111088 já estava baixado. Processo ignorado.","service":"btg-baixa-titulos-service","situacao":"BAIXADO","timestamp":"2026-05-20T13:16:11.715Z"}
{"level":"info","message":"🔎 Processando título CORRE 110166","service":"btg-baixa-titulos-service","timestamp":"2026-05-20T13:16:11.720Z"}
{"level":"info","message":"🌐 Millennium request: GET /MILLENIUM!JOIN_ONEUP.LANCAMENTOS.CONSULTALANCAMENTOS?cnpj=57.408.548%2F0001-92&n_documento=CORRE%20110166","service":"btg-baixa-titulos-service","timestamp":"2026-05-20T13:16:11.720Z"}
{"lancamento":1434878948,"level":"info","message":"ℹ️ Título CORRE 110166 já estava baixado. Processo ignorado.","service":"btg-baixa-titulos-service","situacao":"BAIXADO","timestamp":"2026-05-20T13:16:11.736Z"}
{"level":"info","message":"🔎 Processando título CORRE 110251","service":"btg-baixa-titulos-service","timestamp":"2026-05-20T13:16:11.744Z"}
{"level":"info","message":"🌐 Millennium request: GET /MILLENIUM!JOIN_ONEUP.LANCAMENTOS.CONSULTALANCAMENTOS?cnpj=01.329.811%2F0001-01&n_documento=CORRE%20110251","service":"btg-baixa-titulos-service","timestamp":"2026-05-20T13:16:11.744Z"}
{"lancamento":1434878949,"level":"info","message":"ℹ️ Título CORRE 110251 já estava baixado. Processo ignorado.","service":"btg-baixa-titulos-service","situacao":"BAIXADO","timestamp":"2026-05-20T13:16:11.760Z"}
{"level":"info","message":"🔎 Processando título CORRE 111399","service":"btg-baixa-titulos-service","timestamp":"2026-05-20T13:16:11.764Z"}
{"level":"info","message":"🌐 Millennium request: GET /MILLENIUM!JOIN_ONEUP.LANCAMENTOS.CONSULTALANCAMENTOS?cnpj=01.009.793%2F0001-72&n_documento=CORRE%20111399","service":"btg-baixa-titulos-service","timestamp":"2026-05-20T13:16:11.765Z"}
{"lancamento":1434878953,"level":"info","message":"ℹ️ Título CORRE 111399 já estava baixado. Processo ignorado.","service":"btg-baixa-titulos-service","situacao":"BAIXADO","timestamp":"2026-05-20T13:16:11.781Z"}
{"level":"info","message":"🔎 Processando título CORRE 110761","service":"btg-baixa-titulos-service","timestamp":"2026-05-20T13:16:11.786Z"}
{"level":"info","message":"🌐 Millennium request: GET /MILLENIUM!JOIN_ONEUP.LANCAMENTOS.CONSULTALANCAMENTOS?cnpj=01.009.793%2F0001-72&n_documento=CORRE%20110761","service":"btg-baixa-titulos-service","timestamp":"2026-05-20T13:16:11.786Z"}
{"lancamento":1434878951,"level":"info","message":"ℹ️ Título CORRE 110761 já estava baixado. Processo ignorado.","service":"btg-baixa-titulos-service","situacao":"BAIXADO","timestamp":"2026-05-20T13:16:11.803Z"}
{"level":"info","message":"🔎 Processando título 111423/C","service":"btg-baixa-titulos-service","timestamp":"2026-05-20T13:16:11.808Z"}
{"level":"info","message":"🌐 Millennium request: GET /MILLENIUM!JOIN_ONEUP.LANCAMENTOS.CONSULTALANCAMENTOS?cnpj=96.609.490%2F0001-05&n_documento=111423%2FC","service":"btg-baixa-titulos-service","timestamp":"2026-05-20T13:16:11.808Z"}
{"lancamento":1434871829,"level":"info","message":"ℹ️ Título 111423/C já estava baixado. Processo ignorado.","service":"btg-baixa-titulos-service","situacao":"BAIXADO","timestamp":"2026-05-20T13:16:11.826Z"}
{"level":"info","message":"🔎 Processando título 111423/B","service":"btg-baixa-titulos-service","timestamp":"2026-05-20T13:16:11.831Z"}
{"level":"info","message":"🌐 Millennium request: GET /MILLENIUM!JOIN_ONEUP.LANCAMENTOS.CONSULTALANCAMENTOS?cnpj=96.609.490%2F0001-05&n_documento=111423%2FB","service":"btg-baixa-titulos-service","timestamp":"2026-05-20T13:16:11.831Z"}
{"lancamento":1434871828,"level":"info","message":"ℹ️ Título 111423/B já estava baixado. Processo ignorado.","service":"btg-baixa-titulos-service","situacao":"BAIXADO","timestamp":"2026-05-20T13:16:11.848Z"}
{"level":"info","message":"🔎 Processando título 111423/A","service":"btg-baixa-titulos-service","timestamp":"2026-05-20T13:16:11.852Z"}
{"level":"info","message":"🌐 Millennium request: GET /MILLENIUM!JOIN_ONEUP.LANCAMENTOS.CONSULTALANCAMENTOS?cnpj=96.609.490%2F0001-05&n_documento=111423%2FA","service":"btg-baixa-titulos-service","timestamp":"2026-05-20T13:16:11.852Z"}
{"lancamento":1434871827,"level":"info","message":"ℹ️ Título 111423/A já estava baixado. Processo ignorado.","service":"btg-baixa-titulos-service","situacao":"BAIXADO","timestamp":"2026-05-20T13:16:11.869Z"}
{"level":"info","message":"🔎 Processando título 111852","service":"btg-baixa-titulos-service","timestamp":"2026-05-20T13:16:11.875Z"}
{"level":"info","message":"🌐 Millennium request: GET /MILLENIUM!JOIN_ONEUP.LANCAMENTOS.CONSULTALANCAMENTOS?cnpj=09.598.379%2F0001-58&n_documento=111852","service":"btg-baixa-titulos-service","timestamp":"2026-05-20T13:16:11.875Z"}
{"lancamento":1434874737,"level":"info","message":"ℹ️ Título 111852 já estava baixado. Processo ignorado.","service":"btg-baixa-titulos-service","situacao":"BAIXADO","timestamp":"2026-05-20T13:16:11.890Z"}
{"level":"info","message":"🔎 Processando título 111857/C","service":"btg-baixa-titulos-service","timestamp":"2026-05-20T13:16:11.896Z"}
{"level":"info","message":"🌐 Millennium request: GET /MILLENIUM!JOIN_ONEUP.LANCAMENTOS.CONSULTALANCAMENTOS?cnpj=21.067.137%2F0001-33&n_documento=111857%2FC","service":"btg-baixa-titulos-service","timestamp":"2026-05-20T13:16:11.896Z"}
{"lancamento":1434874752,"level":"info","message":"ℹ️ Título 111857/C já estava baixado. Processo ignorado.","service":"btg-baixa-titulos-service","situacao":"BAIXADO","timestamp":"2026-05-20T13:16:11.910Z"}
{"level":"info","message":"🔎 Processando título 111857/B","service":"btg-baixa-titulos-service","timestamp":"2026-05-20T13:16:11.915Z"}
{"level":"info","message":"🌐 Millennium request: GET /MILLENIUM!JOIN_ONEUP.LANCAMENTOS.CONSULTALANCAMENTOS?cnpj=21.067.137%2F0001-33&n_documento=111857%2FB","service":"btg-baixa-titulos-service","timestamp":"2026-05-20T13:16:11.915Z"}
{"lancamento":1434874751,"level":"info","message":"ℹ️ Título 111857/B já estava baixado. Processo ignorado.","service":"btg-baixa-titulos-service","situacao":"BAIXADO","timestamp":"2026-05-20T13:16:11.930Z"}
{"level":"info","message":"🔎 Processando título 111857/A","service":"btg-baixa-titulos-service","timestamp":"2026-05-20T13:16:11.934Z"}
{"level":"info","message":"🌐 Millennium request: GET /MILLENIUM!JOIN_ONEUP.LANCAMENTOS.CONSULTALANCAMENTOS?cnpj=21.067.137%2F0001-33&n_documento=111857%2FA","service":"btg-baixa-titulos-service","timestamp":"2026-05-20T13:16:11.934Z"}
{"lancamento":1434874750,"level":"info","message":"ℹ️ Título 111857/A já estava baixado. Processo ignorado.","service":"btg-baixa-titulos-service","situacao":"BAIXADO","timestamp":"2026-05-20T13:16:11.949Z"}
{"level":"info","message":"🔎 Processando título 111595","service":"btg-baixa-titulos-service","timestamp":"2026-05-20T13:16:11.954Z"}
{"level":"info","message":"🌐 Millennium request: GET /MILLENIUM!JOIN_ONEUP.LANCAMENTOS.CONSULTALANCAMENTOS?cnpj=01.329.811%2F0001-01&n_documento=111595","service":"btg-baixa-titulos-service","timestamp":"2026-05-20T13:16:11.954Z"}
{"lancamento":1434873150,"level":"info","message":"ℹ️ Título 111595 já estava baixado. Processo ignorado.","service":"btg-baixa-titulos-service","situacao":"BAIXADO","timestamp":"2026-05-20T13:16:11.971Z"}
{"level":"info","message":"🔎 Processando título 111850/E","service":"btg-baixa-titulos-service","timestamp":"2026-05-20T13:16:11.975Z"}
{"level":"info","message":"🌐 Millennium request: GET /MILLENIUM!JOIN_ONEUP.LANCAMENTOS.CONSULTALANCAMENTOS?cnpj=73.652.158%2F0001-10&n_documento=111850%2FE","service":"btg-baixa-titulos-service","timestamp":"2026-05-20T13:16:11.975Z"}
{"lancamento":1434874734,"level":"info","message":"ℹ️ Título 111850/E já estava baixado. Processo ignorado.","service":"btg-baixa-titulos-service","situacao":"BAIXADO","timestamp":"2026-05-20T13:16:11.990Z"}
{"level":"info","message":"🔎 Processando título 111850/D","service":"btg-baixa-titulos-service","timestamp":"2026-05-20T13:16:11.996Z"}
{"level":"info","message":"🌐 Millennium request: GET /MILLENIUM!JOIN_ONEUP.LANCAMENTOS.CONSULTALANCAMENTOS?cnpj=73.652.158%2F0001-10&n_documento=111850%2FD","service":"btg-baixa-titulos-service","timestamp":"2026-05-20T13:16:11.996Z"}
{"lancamento":1434874733,"level":"info","message":"ℹ️ Título 111850/D já estava baixado. Processo ignorado.","service":"btg-baixa-titulos-service","situacao":"BAIXADO","timestamp":"2026-05-20T13:16:12.012Z"}
{"level":"info","message":"🔎 Processando título 111850/C","service":"btg-baixa-titulos-service","timestamp":"2026-05-20T13:16:12.017Z"}
{"level":"info","message":"🌐 Millennium request: GET /MILLENIUM!JOIN_ONEUP.LANCAMENTOS.CONSULTALANCAMENTOS?cnpj=73.652.158%2F0001-10&n_documento=111850%2FC","service":"btg-baixa-titulos-service","timestamp":"2026-05-20T13:16:12.017Z"}
{"lancamento":1434874732,"level":"info","message":"ℹ️ Título 111850/C já estava baixado. Processo ignorado.","service":"btg-baixa-titulos-service","situacao":"BAIXADO","timestamp":"2026-05-20T13:16:12.033Z"}
{"level":"info","message":"🔎 Processando título 111850/B","service":"btg-baixa-titulos-service","timestamp":"2026-05-20T13:16:12.039Z"}
{"level":"info","message":"🌐 Millennium request: GET /MILLENIUM!JOIN_ONEUP.LANCAMENTOS.CONSULTALANCAMENTOS?cnpj=73.652.158%2F0001-10&n_documento=111850%2FB","service":"btg-baixa-titulos-service","timestamp":"2026-05-20T13:16:12.039Z"}
{"lancamento":1434874731,"level":"info","message":"ℹ️ Título 111850/B já estava baixado. Processo ignorado.","service":"btg-baixa-titulos-service","situacao":"BAIXADO","timestamp":"2026-05-20T13:16:12.122Z"}
{"level":"info","message":"🔎 Processando título 111850/A","service":"btg-baixa-titulos-service","timestamp":"2026-05-20T13:16:12.128Z"}
{"level":"info","message":"🌐 Millennium request: GET /MILLENIUM!JOIN_ONEUP.LANCAMENTOS.CONSULTALANCAMENTOS?cnpj=73.652.158%2F0001-10&n_documento=111850%2FA","service":"btg-baixa-titulos-service","timestamp":"2026-05-20T13:16:12.128Z"}
{"lancamento":1434874730,"level":"info","message":"ℹ️ Título 111850/A já estava baixado. Processo ignorado.","service":"btg-baixa-titulos-service","situacao":"BAIXADO","timestamp":"2026-05-20T13:16:12.141Z"}
{"level":"info","message":"🔎 Processando título 111596/D","service":"btg-baixa-titulos-service","timestamp":"2026-05-20T13:16:12.146Z"}
{"level":"info","message":"🌐 Millennium request: GET /MILLENIUM!JOIN_ONEUP.LANCAMENTOS.CONSULTALANCAMENTOS?cnpj=47.485.403%2F0001-31&n_documento=111596%2FD","service":"btg-baixa-titulos-service","timestamp":"2026-05-20T13:16:12.146Z"}
{"lancamento":1434873154,"level":"info","message":"ℹ️ Título 111596/D já estava baixado. Processo ignorado.","service":"btg-baixa-titulos-service","situacao":"BAIXADO","timestamp":"2026-05-20T13:16:12.241Z"}
{"level":"info","message":"🔎 Processando título 111596/C","service":"btg-baixa-titulos-service","timestamp":"2026-05-20T13:16:12.246Z"}
{"level":"info","message":"🌐 Millennium request: GET /MILLENIUM!JOIN_ONEUP.LANCAMENTOS.CONSULTALANCAMENTOS?cnpj=47.485.403%2F0001-31&n_documento=111596%2FC","service":"btg-baixa-titulos-service","timestamp":"2026-05-20T13:16:12.246Z"}
{"lancamento":1434873153,"level":"info","message":"ℹ️ Título 111596/C já estava baixado. Processo ignorado.","service":"btg-baixa-titulos-service","situacao":"BAIXADO","timestamp":"2026-05-20T13:16:12.267Z"}
{"level":"info","message":"🔎 Processando título 111596/B","service":"btg-baixa-titulos-service","timestamp":"2026-05-20T13:16:12.272Z"}
{"level":"info","message":"🌐 Millennium request: GET /MILLENIUM!JOIN_ONEUP.LANCAMENTOS.CONSULTALANCAMENTOS?cnpj=47.485.403%2F0001-31&n_documento=111596%2FB","service":"btg-baixa-titulos-service","timestamp":"2026-05-20T13:16:12.272Z"}
{"lancamento":1434873152,"level":"info","message":"ℹ️ Título 111596/B já estava baixado. Processo ignorado.","service":"btg-baixa-titulos-service","situacao":"BAIXADO","timestamp":"2026-05-20T13:16:12.286Z"}
{"level":"info","message":"🔎 Processando título 111596/A","service":"btg-baixa-titulos-service","timestamp":"2026-05-20T13:16:12.291Z"}
{"level":"info","message":"🌐 Millennium request: GET /MILLENIUM!JOIN_ONEUP.LANCAMENTOS.CONSULTALANCAMENTOS?cnpj=47.485.403%2F0001-31&n_documento=111596%2FA","service":"btg-baixa-titulos-service","timestamp":"2026-05-20T13:16:12.291Z"}
{"lancamento":1434873151,"level":"info","message":"ℹ️ Título 111596/A já estava baixado. Processo ignorado.","service":"btg-baixa-titulos-service","situacao":"BAIXADO","timestamp":"2026-05-20T13:16:12.308Z"}
{"level":"info","message":"🔎 Processando título 111399","service":"btg-baixa-titulos-service","timestamp":"2026-05-20T13:16:12.312Z"}
{"level":"info","message":"🌐 Millennium request: GET /MILLENIUM!JOIN_ONEUP.LANCAMENTOS.CONSULTALANCAMENTOS?cnpj=01.009.793%2F0001-72&n_documento=111399","service":"btg-baixa-titulos-service","timestamp":"2026-05-20T13:16:12.312Z"}
{"lancamento":1434871265,"level":"info","message":"ℹ️ Título 111399 já estava baixado. Processo ignorado.","service":"btg-baixa-titulos-service","situacao":"BAIXADO","timestamp":"2026-05-20T13:16:12.328Z"}
{"level":"info","message":"🔎 Processando título 111854/D","service":"btg-baixa-titulos-service","timestamp":"2026-05-20T13:16:12.332Z"}
{"level":"info","message":"🌐 Millennium request: GET /MILLENIUM!JOIN_ONEUP.LANCAMENTOS.CONSULTALANCAMENTOS?cnpj=57.408.548%2F0001-92&n_documento=111854%2FD","service":"btg-baixa-titulos-service","timestamp":"2026-05-20T13:16:12.332Z"}
{"lancamento":1434874744,"level":"info","message":"ℹ️ Título 111854/D já estava baixado. Processo ignorado.","service":"btg-baixa-titulos-service","situacao":"BAIXADO","timestamp":"2026-05-20T13:16:12.346Z"}
{"level":"info","message":"🔎 Processando título 111854/C","service":"btg-baixa-titulos-service","timestamp":"2026-05-20T13:16:12.350Z"}
{"level":"info","message":"🌐 Millennium request: GET /MILLENIUM!JOIN_ONEUP.LANCAMENTOS.CONSULTALANCAMENTOS?cnpj=57.408.548%2F0001-92&n_documento=111854%2FC","service":"btg-baixa-titulos-service","timestamp":"2026-05-20T13:16:12.350Z"}
{"lancamento":1434874743,"level":"info","message":"ℹ️ Título 111854/C já estava baixado. Processo ignorado.","service":"btg-baixa-titulos-service","situacao":"BAIXADO","timestamp":"2026-05-20T13:16:12.368Z"}
{"level":"info","message":"🔎 Processando título 111854/B","service":"btg-baixa-titulos-service","timestamp":"2026-05-20T13:16:12.372Z"}
{"level":"info","message":"🌐 Millennium request: GET /MILLENIUM!JOIN_ONEUP.LANCAMENTOS.CONSULTALANCAMENTOS?cnpj=57.408.548%2F0001-92&n_documento=111854%2FB","service":"btg-baixa-titulos-service","timestamp":"2026-05-20T13:16:12.372Z"}
{"lancamento":1434874742,"level":"info","message":"ℹ️ Título 111854/B já estava baixado. Processo ignorado.","service":"btg-baixa-titulos-service","situacao":"BAIXADO","timestamp":"2026-05-20T13:16:12.386Z"}
{"level":"info","message":"🔎 Processando título 111854/A","service":"btg-baixa-titulos-service","timestamp":"2026-05-20T13:16:12.391Z"}
{"level":"info","message":"🌐 Millennium request: GET /MILLENIUM!JOIN_ONEUP.LANCAMENTOS.CONSULTALANCAMENTOS?cnpj=57.408.548%2F0001-92&n_documento=111854%2FA","service":"btg-baixa-titulos-service","timestamp":"2026-05-20T13:16:12.392Z"}
{"lancamento":1434874741,"level":"info","message":"ℹ️ Título 111854/A já estava baixado. Processo ignorado.","service":"btg-baixa-titulos-service","situacao":"BAIXADO","timestamp":"2026-05-20T13:16:12.409Z"}
{"level":"info","message":"🔎 Processando título 111394/D","service":"btg-baixa-titulos-service","timestamp":"2026-05-20T13:16:12.414Z"}
{"level":"info","message":"🌐 Millennium request: GET /MILLENIUM!JOIN_ONEUP.LANCAMENTOS.CONSULTALANCAMENTOS?cnpj=57.408.548%2F0001-92&n_documento=111394%2FD","service":"btg-baixa-titulos-service","timestamp":"2026-05-20T13:16:12.414Z"}
{"lancamento":1434871224,"level":"info","message":"ℹ️ Título 111394/D já estava baixado. Processo ignorado.","service":"btg-baixa-titulos-service","situacao":"BAIXADO","timestamp":"2026-05-20T13:16:12.428Z"}
{"level":"info","message":"🔎 Processando título 111394/C","service":"btg-baixa-titulos-service","timestamp":"2026-05-20T13:16:12.433Z"}
{"level":"info","message":"🌐 Millennium request: GET /MILLENIUM!JOIN_ONEUP.LANCAMENTOS.CONSULTALANCAMENTOS?cnpj=57.408.548%2F0001-92&n_documento=111394%2FC","service":"btg-baixa-titulos-service","timestamp":"2026-05-20T13:16:12.433Z"}
{"lancamento":1434871223,"level":"info","message":"ℹ️ Título 111394/C já estava baixado. Processo ignorado.","service":"btg-baixa-titulos-service","situacao":"BAIXADO","timestamp":"2026-05-20T13:16:12.449Z"}
{"level":"info","message":"🔎 Processando título 111394/B","service":"btg-baixa-titulos-service","timestamp":"2026-05-20T13:16:12.453Z"}
{"level":"info","message":"🌐 Millennium request: GET /MILLENIUM!JOIN_ONEUP.LANCAMENTOS.CONSULTALANCAMENTOS?cnpj=57.408.548%2F0001-92&n_documento=111394%2FB","service":"btg-baixa-titulos-service","timestamp":"2026-05-20T13:16:12.453Z"}
{"lancamento":1434871222,"level":"info","message":"ℹ️ Título 111394/B já estava baixado. Processo ignorado.","service":"btg-baixa-titulos-service","situacao":"BAIXADO","timestamp":"2026-05-20T13:16:12.469Z"}
{"level":"info","message":"🔎 Processando título 111394/A","service":"btg-baixa-titulos-service","timestamp":"2026-05-20T13:16:12.474Z"}
{"level":"info","message":"🌐 Millennium request: GET /MILLENIUM!JOIN_ONEUP.LANCAMENTOS.CONSULTALANCAMENTOS?cnpj=57.408.548%2F0001-92&n_documento=111394%2FA","service":"btg-baixa-titulos-service","timestamp":"2026-05-20T13:16:12.474Z"}
{"lancamento":1434871221,"level":"info","message":"ℹ️ Título 111394/A já estava baixado. Processo ignorado.","service":"btg-baixa-titulos-service","situacao":"BAIXADO","timestamp":"2026-05-20T13:16:12.489Z"}
{"level":"info","message":"🔎 Processando título 111250/A","service":"btg-baixa-titulos-service","timestamp":"2026-05-20T13:16:12.496Z"}
{"level":"info","message":"🌐 Millennium request: GET /MILLENIUM!JOIN_ONEUP.LANCAMENTOS.CONSULTALANCAMENTOS?cnpj=47.485.403%2F0001-31&n_documento=111250%2FA","service":"btg-baixa-titulos-service","timestamp":"2026-05-20T13:16:12.496Z"}
{"lancamento":1434870043,"level":"info","message":"ℹ️ Título 111250/A já estava baixado. Processo ignorado.","service":"btg-baixa-titulos-service","situacao":"BAIXADO","timestamp":"2026-05-20T13:16:12.510Z"}
{"level":"info","message":"🔎 Processando título 111249/C","service":"btg-baixa-titulos-service","timestamp":"2026-05-20T13:16:12.514Z"}
{"level":"info","message":"🌐 Millennium request: GET /MILLENIUM!JOIN_ONEUP.LANCAMENTOS.CONSULTALANCAMENTOS?cnpj=47.485.403%2F0001-31&n_documento=111249%2FC","service":"btg-baixa-titulos-service","timestamp":"2026-05-20T13:16:12.514Z"}
{"lancamento":1434870035,"level":"info","message":"ℹ️ Título 111249/C já estava baixado. Processo ignorado.","service":"btg-baixa-titulos-service","situacao":"BAIXADO","timestamp":"2026-05-20T13:16:12.531Z"}
{"level":"info","message":"🔎 Processando título 111249/B","service":"btg-baixa-titulos-service","timestamp":"2026-05-20T13:16:12.534Z"}
{"level":"info","message":"🌐 Millennium request: GET /MILLENIUM!JOIN_ONEUP.LANCAMENTOS.CONSULTALANCAMENTOS?cnpj=47.485.403%2F0001-31&n_documento=111249%2FB","service":"btg-baixa-titulos-service","timestamp":"2026-05-20T13:16:12.534Z"}
{"lancamento":1434870034,"level":"info","message":"ℹ️ Título 111249/B já estava baixado. Processo ignorado.","service":"btg-baixa-titulos-service","situacao":"BAIXADO","timestamp":"2026-05-20T13:16:12.548Z"}
{"level":"info","message":"🔎 Processando título 111089/B","service":"btg-baixa-titulos-service","timestamp":"2026-05-20T13:16:12.552Z"}
{"level":"info","message":"🌐 Millennium request: GET /MILLENIUM!JOIN_ONEUP.LANCAMENTOS.CONSULTALANCAMENTOS?cnpj=47.485.403%2F0001-31&n_documento=111089%2FB","service":"btg-baixa-titulos-service","timestamp":"2026-05-20T13:16:12.552Z"}
{"lancamento":1434868843,"level":"info","message":"ℹ️ Título 111089/B já estava baixado. Processo ignorado.","service":"btg-baixa-titulos-service","situacao":"BAIXADO","timestamp":"2026-05-20T13:16:12.566Z"}
{"level":"info","message":"🔎 Processando título 111088/D","service":"btg-baixa-titulos-service","timestamp":"2026-05-20T13:16:12.569Z"}
{"level":"info","message":"🌐 Millennium request: GET /MILLENIUM!JOIN_ONEUP.LANCAMENTOS.CONSULTALANCAMENTOS?cnpj=57.408.548%2F0001-92&n_documento=111088%2FD","service":"btg-baixa-titulos-service","timestamp":"2026-05-20T13:16:12.569Z"}
{"lancamento":1434868822,"level":"info","message":"ℹ️ Título 111088/D já estava baixado. Processo ignorado.","service":"btg-baixa-titulos-service","situacao":"BAIXADO","timestamp":"2026-05-20T13:16:12.584Z"}
{"level":"info","message":"🔎 Processando título 111088/C","service":"btg-baixa-titulos-service","timestamp":"2026-05-20T13:16:12.589Z"}
{"level":"info","message":"🌐 Millennium request: GET /MILLENIUM!JOIN_ONEUP.LANCAMENTOS.CONSULTALANCAMENTOS?cnpj=57.408.548%2F0001-92&n_documento=111088%2FC","service":"btg-baixa-titulos-service","timestamp":"2026-05-20T13:16:12.589Z"}
{"lancamento":1434868821,"level":"info","message":"ℹ️ Título 111088/C já estava baixado. Processo ignorado.","service":"btg-baixa-titulos-service","situacao":"BAIXADO","timestamp":"2026-05-20T13:16:12.607Z"}
{"level":"info","message":"🔎 Processando título 111088/B","service":"btg-baixa-titulos-service","timestamp":"2026-05-20T13:16:12.611Z"}
{"level":"info","message":"🌐 Millennium request: GET /MILLENIUM!JOIN_ONEUP.LANCAMENTOS.CONSULTALANCAMENTOS?cnpj=57.408.548%2F0001-92&n_documento=111088%2FB","service":"btg-baixa-titulos-service","timestamp":"2026-05-20T13:16:12.611Z"}
{"lancamento":1434868820,"level":"info","message":"ℹ️ Título 111088/B já estava baixado. Processo ignorado.","service":"btg-baixa-titulos-service","situacao":"BAIXADO","timestamp":"2026-05-20T13:16:12.626Z"}
{"level":"info","message":"🔎 Processando título 111088/A","service":"btg-baixa-titulos-service","timestamp":"2026-05-20T13:16:12.629Z"}
{"level":"info","message":"🌐 Millennium request: GET /MILLENIUM!JOIN_ONEUP.LANCAMENTOS.CONSULTALANCAMENTOS?cnpj=57.408.548%2F0001-92&n_documento=111088%2FA","service":"btg-baixa-titulos-service","timestamp":"2026-05-20T13:16:12.629Z"}
{"lancamento":1434868819,"level":"info","message":"ℹ️ Título 111088/A já estava baixado. Processo ignorado.","service":"btg-baixa-titulos-service","situacao":"BAIXADO","timestamp":"2026-05-20T13:16:12.643Z"}
{"level":"info","message":"🔎 Processando título 111087","service":"btg-baixa-titulos-service","timestamp":"2026-05-20T13:16:12.646Z"}
{"level":"info","message":"🌐 Millennium request: GET /MILLENIUM!JOIN_ONEUP.LANCAMENTOS.CONSULTALANCAMENTOS?cnpj=09.598.379%2F0001-58&n_documento=111087","service":"btg-baixa-titulos-service","timestamp":"2026-05-20T13:16:12.646Z"}
{"lancamento":1434868811,"level":"info","message":"ℹ️ Título 111087 já estava baixado. Processo ignorado.","service":"btg-baixa-titulos-service","situacao":"BAIXADO","timestamp":"2026-05-20T13:16:12.662Z"}
{"level":"info","message":"🔎 Processando título 109783/C","service":"btg-baixa-titulos-service","timestamp":"2026-05-20T13:16:12.665Z"}
{"level":"info","message":"🌐 Millennium request: GET /MILLENIUM!JOIN_ONEUP.LANCAMENTOS.CONSULTALANCAMENTOS?cnpj=59.205.187%2F0001-02&n_documento=109783%2FC","service":"btg-baixa-titulos-service","timestamp":"2026-05-20T13:16:12.666Z"}
{"lancamento":1434857853,"level":"info","message":"ℹ️ Título 109783/C já estava baixado. Processo ignorado.","service":"btg-baixa-titulos-service","situacao":"BAIXADO","timestamp":"2026-05-20T13:16:12.767Z"}
{"level":"info","message":"🔎 Processando título 109783/B","service":"btg-baixa-titulos-service","timestamp":"2026-05-20T13:16:12.775Z"}
{"level":"info","message":"🌐 Millennium request: GET /MILLENIUM!JOIN_ONEUP.LANCAMENTOS.CONSULTALANCAMENTOS?cnpj=59.205.187%2F0001-02&n_documento=109783%2FB","service":"btg-baixa-titulos-service","timestamp":"2026-05-20T13:16:12.775Z"}
{"lancamento":1434857852,"level":"info","message":"ℹ️ Título 109783/B já estava baixado. Processo ignorado.","service":"btg-baixa-titulos-service","situacao":"BAIXADO","timestamp":"2026-05-20T13:16:12.792Z"}
{"level":"info","message":"🔎 Processando título 109783/A","service":"btg-baixa-titulos-service","timestamp":"2026-05-20T13:16:12.799Z"}
{"level":"info","message":"🌐 Millennium request: GET /MILLENIUM!JOIN_ONEUP.LANCAMENTOS.CONSULTALANCAMENTOS?cnpj=59.205.187%2F0001-02&n_documento=109783%2FA","service":"btg-baixa-titulos-service","timestamp":"2026-05-20T13:16:12.799Z"}
{"lancamento":1434857851,"level":"info","message":"ℹ️ Título 109783/A já estava baixado. Processo ignorado.","service":"btg-baixa-titulos-service","situacao":"BAIXADO","timestamp":"2026-05-20T13:16:12.813Z"}
{"level":"info","message":"🔎 Processando título 109505/C","service":"btg-baixa-titulos-service","timestamp":"2026-05-20T13:16:12.817Z"}
{"level":"info","message":"🌐 Millennium request: GET /MILLENIUM!JOIN_ONEUP.LANCAMENTOS.CONSULTALANCAMENTOS?cnpj=21.067.137%2F0001-33&n_documento=109505%2FC","service":"btg-baixa-titulos-service","timestamp":"2026-05-20T13:16:12.817Z"}
{"lancamento":1434856382,"level":"info","message":"ℹ️ Título 109505/C já estava baixado. Processo ignorado.","service":"btg-baixa-titulos-service","situacao":"BAIXADO","timestamp":"2026-05-20T13:16:12.833Z"}
{"level":"info","message":"🔎 Processando título 109505/B","service":"btg-baixa-titulos-service","timestamp":"2026-05-20T13:16:12.837Z"}
{"level":"info","message":"🌐 Millennium request: GET /MILLENIUM!JOIN_ONEUP.LANCAMENTOS.CONSULTALANCAMENTOS?cnpj=21.067.137%2F0001-33&n_documento=109505%2FB","service":"btg-baixa-titulos-service","timestamp":"2026-05-20T13:16:12.838Z"}
{"lancamento":1434856381,"level":"info","message":"ℹ️ Título 109505/B já estava baixado. Processo ignorado.","service":"btg-baixa-titulos-service","situacao":"BAIXADO","timestamp":"2026-05-20T13:16:12.856Z"}
{"level":"info","message":"🔎 Processando título 109505/A","service":"btg-baixa-titulos-service","timestamp":"2026-05-20T13:16:12.860Z"}
{"level":"info","message":"🌐 Millennium request: GET /MILLENIUM!JOIN_ONEUP.LANCAMENTOS.CONSULTALANCAMENTOS?cnpj=21.067.137%2F0001-33&n_documento=109505%2FA","service":"btg-baixa-titulos-service","timestamp":"2026-05-20T13:16:12.860Z"}
{"lancamento":1434856380,"level":"info","message":"ℹ️ Título 109505/A já estava baixado. Processo ignorado.","service":"btg-baixa-titulos-service","situacao":"BAIXADO","timestamp":"2026-05-20T13:16:12.874Z"}
{"level":"info","message":"🔎 Processando título 109795/E","service":"btg-baixa-titulos-service","timestamp":"2026-05-20T13:16:12.878Z"}
{"level":"info","message":"🌐 Millennium request: GET /MILLENIUM!JOIN_ONEUP.LANCAMENTOS.CONSULTALANCAMENTOS?cnpj=44.999.259%2F0001-63&n_documento=109795%2FE","service":"btg-baixa-titulos-service","timestamp":"2026-05-20T13:16:12.878Z"}
{"lancamento":1434857920,"level":"info","message":"ℹ️ Título 109795/E já estava baixado. Processo ignorado.","service":"btg-baixa-titulos-service","situacao":"BAIXADO","timestamp":"2026-05-20T13:16:12.894Z"}
{"level":"info","message":"🔎 Processando título 109795/D","service":"btg-baixa-titulos-service","timestamp":"2026-05-20T13:16:12.898Z"}
{"level":"info","message":"🌐 Millennium request: GET /MILLENIUM!JOIN_ONEUP.LANCAMENTOS.CONSULTALANCAMENTOS?cnpj=44.999.259%2F0001-63&n_documento=109795%2FD","service":"btg-baixa-titulos-service","timestamp":"2026-05-20T13:16:12.898Z"}
{"lancamento":1434857919,"level":"info","message":"ℹ️ Título 109795/D já estava baixado. Processo ignorado.","service":"btg-baixa-titulos-service","situacao":"BAIXADO","timestamp":"2026-05-20T13:16:12.915Z"}
{"level":"info","message":"🔎 Processando título 109795/C","service":"btg-baixa-titulos-service","timestamp":"2026-05-20T13:16:12.919Z"}
{"level":"info","message":"🌐 Millennium request: GET /MILLENIUM!JOIN_ONEUP.LANCAMENTOS.CONSULTALANCAMENTOS?cnpj=44.999.259%2F0001-63&n_documento=109795%2FC","service":"btg-baixa-titulos-service","timestamp":"2026-05-20T13:16:12.919Z"}
{"lancamento":1434857918,"level":"info","message":"ℹ️ Título 109795/C já estava baixado. Processo ignorado.","service":"btg-baixa-titulos-service","situacao":"BAIXADO","timestamp":"2026-05-20T13:16:12.934Z"}
{"level":"info","message":"🔎 Processando título 111369/D","service":"btg-baixa-titulos-service","timestamp":"2026-05-20T13:16:12.938Z"}
{"level":"info","message":"🌐 Millennium request: GET /MILLENIUM!JOIN_ONEUP.LANCAMENTOS.CONSULTALANCAMENTOS?cnpj=57.408.548%2F0001-92&n_documento=111369%2FD","service":"btg-baixa-titulos-service","timestamp":"2026-05-20T13:16:12.938Z"}
{"lancamento":1434871086,"level":"info","message":"ℹ️ Título 111369/D já estava baixado. Processo ignorado.","service":"btg-baixa-titulos-service","situacao":"BAIXADO","timestamp":"2026-05-20T13:16:12.955Z"}
{"level":"info","message":"🔎 Processando título 109795/B","service":"btg-baixa-titulos-service","timestamp":"2026-05-20T13:16:12.959Z"}
{"level":"info","message":"🌐 Millennium request: GET /MILLENIUM!JOIN_ONEUP.LANCAMENTOS.CONSULTALANCAMENTOS?cnpj=44.999.259%2F0001-63&n_documento=109795%2FB","service":"btg-baixa-titulos-service","timestamp":"2026-05-20T13:16:12.959Z"}
{"lancamento":1434857917,"level":"info","message":"ℹ️ Título 109795/B já estava baixado. Processo ignorado.","service":"btg-baixa-titulos-service","situacao":"BAIXADO","timestamp":"2026-05-20T13:16:12.975Z"}
{"level":"info","message":"🔎 Processando título 111369/C","service":"btg-baixa-titulos-service","timestamp":"2026-05-20T13:16:12.979Z"}
{"level":"info","message":"🌐 Millennium request: GET /MILLENIUM!JOIN_ONEUP.LANCAMENTOS.CONSULTALANCAMENTOS?cnpj=57.408.548%2F0001-92&n_documento=111369%2FC","service":"btg-baixa-titulos-service","timestamp":"2026-05-20T13:16:12.979Z"}
{"lancamento":1434871085,"level":"info","message":"ℹ️ Título 111369/C já estava baixado. Processo ignorado.","service":"btg-baixa-titulos-service","situacao":"BAIXADO","timestamp":"2026-05-20T13:16:12.994Z"}
{"level":"info","message":"🔎 Processando título 109795/A","service":"btg-baixa-titulos-service","timestamp":"2026-05-20T13:16:12.998Z"}
{"level":"info","message":"🌐 Millennium request: GET /MILLENIUM!JOIN_ONEUP.LANCAMENTOS.CONSULTALANCAMENTOS?cnpj=44.999.259%2F0001-63&n_documento=109795%2FA","service":"btg-baixa-titulos-service","timestamp":"2026-05-20T13:16:12.999Z"}
{"lancamento":1434857916,"level":"info","message":"ℹ️ Título 109795/A já estava baixado. Processo ignorado.","service":"btg-baixa-titulos-service","situacao":"BAIXADO","timestamp":"2026-05-20T13:16:13.013Z"}
{"level":"info","message":"🔎 Processando título 111369/B","service":"btg-baixa-titulos-service","timestamp":"2026-05-20T13:16:13.017Z"}
{"level":"info","message":"🌐 Millennium request: GET /MILLENIUM!JOIN_ONEUP.LANCAMENTOS.CONSULTALANCAMENTOS?cnpj=57.408.548%2F0001-92&n_documento=111369%2FB","service":"btg-baixa-titulos-service","timestamp":"2026-05-20T13:16:13.017Z"}
{"lancamento":1434871084,"level":"info","message":"ℹ️ Título 111369/B já estava baixado. Processo ignorado.","service":"btg-baixa-titulos-service","situacao":"BAIXADO","timestamp":"2026-05-20T13:16:13.031Z"}
{"level":"info","message":"🔎 Processando título 111369/A","service":"btg-baixa-titulos-service","timestamp":"2026-05-20T13:16:13.035Z"}
{"level":"info","message":"🌐 Millennium request: GET /MILLENIUM!JOIN_ONEUP.LANCAMENTOS.CONSULTALANCAMENTOS?cnpj=57.408.548%2F0001-92&n_documento=111369%2FA","service":"btg-baixa-titulos-service","timestamp":"2026-05-20T13:16:13.035Z"}
{"lancamento":1434871083,"level":"info","message":"ℹ️ Título 111369/A já estava baixado. Processo ignorado.","service":"btg-baixa-titulos-service","situacao":"BAIXADO","timestamp":"2026-05-20T13:16:13.051Z"}
{"level":"info","message":"🔎 Processando título 109417/D","service":"btg-baixa-titulos-service","timestamp":"2026-05-20T13:16:13.053Z"}
{"level":"info","message":"🌐 Millennium request: GET /MILLENIUM!JOIN_ONEUP.LANCAMENTOS.CONSULTALANCAMENTOS?cnpj=00.768.271%2F0001-91&n_documento=109417%2FD","service":"btg-baixa-titulos-service","timestamp":"2026-05-20T13:16:13.053Z"}
{"lancamento":1434856131,"level":"info","message":"ℹ️ Título 109417/D já estava baixado. Processo ignorado.","service":"btg-baixa-titulos-service","situacao":"BAIXADO","timestamp":"2026-05-20T13:16:13.069Z"}
{"level":"info","message":"🔎 Processando título 109417/C","service":"btg-baixa-titulos-service","timestamp":"2026-05-20T13:16:13.074Z"}
{"level":"info","message":"🌐 Millennium request: GET /MILLENIUM!JOIN_ONEUP.LANCAMENTOS.CONSULTALANCAMENTOS?cnpj=00.768.271%2F0001-91&n_documento=109417%2FC","service":"btg-baixa-titulos-service","timestamp":"2026-05-20T13:16:13.074Z"}
{"lancamento":1434856130,"level":"info","message":"ℹ️ Título 109417/C já estava baixado. Processo ignorado.","service":"btg-baixa-titulos-service","situacao":"BAIXADO","timestamp":"2026-05-20T13:16:13.089Z"}
{"level":"info","message":"🔎 Processando título 111257/C","service":"btg-baixa-titulos-service","timestamp":"2026-05-20T13:16:13.093Z"}
{"level":"info","message":"🌐 Millennium request: GET /MILLENIUM!JOIN_ONEUP.LANCAMENTOS.CONSULTALANCAMENTOS?cnpj=47.485.403%2F0001-31&n_documento=111257%2FC","service":"btg-baixa-titulos-service","timestamp":"2026-05-20T13:16:13.093Z"}
{"lancamento":1434870092,"level":"info","message":"ℹ️ Título 111257/C já estava baixado. Processo ignorado.","service":"btg-baixa-titulos-service","situacao":"BAIXADO","timestamp":"2026-05-20T13:16:13.109Z"}
{"level":"info","message":"🔎 Processando título 109417/B","service":"btg-baixa-titulos-service","timestamp":"2026-05-20T13:16:13.114Z"}
{"level":"info","message":"🌐 Millennium request: GET /MILLENIUM!JOIN_ONEUP.LANCAMENTOS.CONSULTALANCAMENTOS?cnpj=00.768.271%2F0001-91&n_documento=109417%2FB","service":"btg-baixa-titulos-service","timestamp":"2026-05-20T13:16:13.114Z"}
{"lancamento":1434856129,"level":"info","message":"ℹ️ Título 109417/B já estava baixado. Processo ignorado.","service":"btg-baixa-titulos-service","situacao":"BAIXADO","timestamp":"2026-05-20T13:16:13.129Z"}
{"level":"info","message":"🔎 Processando título 111257/B","service":"btg-baixa-titulos-service","timestamp":"2026-05-20T13:16:13.132Z"}
{"level":"info","message":"🌐 Millennium request: GET /MILLENIUM!JOIN_ONEUP.LANCAMENTOS.CONSULTALANCAMENTOS?cnpj=47.485.403%2F0001-31&n_documento=111257%2FB","service":"btg-baixa-titulos-service","timestamp":"2026-05-20T13:16:13.133Z"}
{"lancamento":1434870091,"level":"info","message":"ℹ️ Título 111257/B já estava baixado. Processo ignorado.","service":"btg-baixa-titulos-service","situacao":"BAIXADO","timestamp":"2026-05-20T13:16:13.149Z"}
{"level":"info","message":"🔎 Processando título 111257/A","service":"btg-baixa-titulos-service","timestamp":"2026-05-20T13:16:13.153Z"}
{"level":"info","message":"🌐 Millennium request: GET /MILLENIUM!JOIN_ONEUP.LANCAMENTOS.CONSULTALANCAMENTOS?cnpj=47.485.403%2F0001-31&n_documento=111257%2FA","service":"btg-baixa-titulos-service","timestamp":"2026-05-20T13:16:13.153Z"}
{"lancamento":1434870090,"level":"info","message":"ℹ️ Título 111257/A já estava baixado. Processo ignorado.","service":"btg-baixa-titulos-service","situacao":"BAIXADO","timestamp":"2026-05-20T13:16:13.168Z"}
{"level":"info","message":"🔎 Processando título 109417/A","service":"btg-baixa-titulos-service","timestamp":"2026-05-20T13:16:13.171Z"}
{"level":"info","message":"🌐 Millennium request: GET /MILLENIUM!JOIN_ONEUP.LANCAMENTOS.CONSULTALANCAMENTOS?cnpj=00.768.271%2F0001-91&n_documento=109417%2FA","service":"btg-baixa-titulos-service","timestamp":"2026-05-20T13:16:13.171Z"}
{"lancamento":1434856128,"level":"info","message":"ℹ️ Título 109417/A já estava baixado. Processo ignorado.","service":"btg-baixa-titulos-service","situacao":"BAIXADO","timestamp":"2026-05-20T13:16:13.186Z"}
{"level":"info","message":"🔎 Processando título 111256/C","service":"btg-baixa-titulos-service","timestamp":"2026-05-20T13:16:13.190Z"}
{"level":"info","message":"🌐 Millennium request: GET /MILLENIUM!JOIN_ONEUP.LANCAMENTOS.CONSULTALANCAMENTOS?cnpj=47.485.403%2F0001-31&n_documento=111256%2FC","service":"btg-baixa-titulos-service","timestamp":"2026-05-20T13:16:13.190Z"}
{"lancamento":1434870087,"level":"info","message":"ℹ️ Título 111256/C já estava baixado. Processo ignorado.","service":"btg-baixa-titulos-service","situacao":"BAIXADO","timestamp":"2026-05-20T13:16:13.295Z"}
{"level":"info","message":"🔎 Processando título 111256/B","service":"btg-baixa-titulos-service","timestamp":"2026-05-20T13:16:13.303Z"}
{"level":"info","message":"🌐 Millennium request: GET /MILLENIUM!JOIN_ONEUP.LANCAMENTOS.CONSULTALANCAMENTOS?cnpj=47.485.403%2F0001-31&n_documento=111256%2FB","service":"btg-baixa-titulos-service","timestamp":"2026-05-20T13:16:13.303Z"}
{"lancamento":1434870086,"level":"info","message":"ℹ️ Título 111256/B já estava baixado. Processo ignorado.","service":"btg-baixa-titulos-service","situacao":"BAIXADO","timestamp":"2026-05-20T13:16:13.321Z"}
{"level":"info","message":"🔎 Processando título 109244/E","service":"btg-baixa-titulos-service","timestamp":"2026-05-20T13:16:13.326Z"}
{"level":"info","message":"🌐 Millennium request: GET /MILLENIUM!JOIN_ONEUP.LANCAMENTOS.CONSULTALANCAMENTOS?cnpj=03.247.651%2F0001-79&n_documento=109244%2FE","service":"btg-baixa-titulos-service","timestamp":"2026-05-20T13:16:13.326Z"}
{"lancamento":1434855325,"level":"info","message":"ℹ️ Título 109244/E já estava baixado. Processo ignorado.","service":"btg-baixa-titulos-service","situacao":"BAIXADO","timestamp":"2026-05-20T13:16:13.350Z"}
{"level":"info","message":"🔎 Processando título 109244/D","service":"btg-baixa-titulos-service","timestamp":"2026-05-20T13:16:13.356Z"}
{"level":"info","message":"🌐 Millennium request: GET /MILLENIUM!JOIN_ONEUP.LANCAMENTOS.CONSULTALANCAMENTOS?cnpj=03.247.651%2F0001-79&n_documento=109244%2FD","service":"btg-baixa-titulos-service","timestamp":"2026-05-20T13:16:13.356Z"}
{"lancamento":1434855324,"level":"info","message":"ℹ️ Título 109244/D já estava baixado. Processo ignorado.","service":"btg-baixa-titulos-service","situacao":"BAIXADO","timestamp":"2026-05-20T13:16:13.372Z"}
{"level":"info","message":"🔎 Processando título 111254/C","service":"btg-baixa-titulos-service","timestamp":"2026-05-20T13:16:13.377Z"}
{"level":"info","message":"🌐 Millennium request: GET /MILLENIUM!JOIN_ONEUP.LANCAMENTOS.CONSULTALANCAMENTOS?cnpj=47.485.403%2F0001-31&n_documento=111254%2FC","service":"btg-baixa-titulos-service","timestamp":"2026-05-20T13:16:13.377Z"}
{"lancamento":1434870073,"level":"info","message":"ℹ️ Título 111254/C já estava baixado. Processo ignorado.","service":"btg-baixa-titulos-service","situacao":"BAIXADO","timestamp":"2026-05-20T13:16:13.396Z"}
{"level":"info","message":"🔎 Processando título 111254/B","service":"btg-baixa-titulos-service","timestamp":"2026-05-20T13:16:13.401Z"}
{"level":"info","message":"🌐 Millennium request: GET /MILLENIUM!JOIN_ONEUP.LANCAMENTOS.CONSULTALANCAMENTOS?cnpj=47.485.403%2F0001-31&n_documento=111254%2FB","service":"btg-baixa-titulos-service","timestamp":"2026-05-20T13:16:13.401Z"}
{"lancamento":1434870072,"level":"info","message":"ℹ️ Título 111254/B já estava baixado. Processo ignorado.","service":"btg-baixa-titulos-service","situacao":"BAIXADO","timestamp":"2026-05-20T13:16:13.417Z"}
{"level":"info","message":"🔎 Processando título 109244/C","service":"btg-baixa-titulos-service","timestamp":"2026-05-20T13:16:13.423Z"}
{"level":"info","message":"🌐 Millennium request: GET /MILLENIUM!JOIN_ONEUP.LANCAMENTOS.CONSULTALANCAMENTOS?cnpj=03.247.651%2F0001-79&n_documento=109244%2FC","service":"btg-baixa-titulos-service","timestamp":"2026-05-20T13:16:13.423Z"}
{"lancamento":1434855323,"level":"info","message":"ℹ️ Título 109244/C já estava baixado. Processo ignorado.","service":"btg-baixa-titulos-service","situacao":"BAIXADO","timestamp":"2026-05-20T13:16:13.441Z"}
{"level":"info","message":"🔎 Processando título 109244/B","service":"btg-baixa-titulos-service","timestamp":"2026-05-20T13:16:13.445Z"}
{"level":"info","message":"🌐 Millennium request: GET /MILLENIUM!JOIN_ONEUP.LANCAMENTOS.CONSULTALANCAMENTOS?cnpj=03.247.651%2F0001-79&n_documento=109244%2FB","service":"btg-baixa-titulos-service","timestamp":"2026-05-20T13:16:13.445Z"}
{"lancamento":1434855322,"level":"info","message":"ℹ️ Título 109244/B já estava baixado. Processo ignorado.","service":"btg-baixa-titulos-service","situacao":"BAIXADO","timestamp":"2026-05-20T13:16:13.460Z"}
{"level":"info","message":"🔎 Processando título 111254/A","service":"btg-baixa-titulos-service","timestamp":"2026-05-20T13:16:13.464Z"}
{"level":"info","message":"🌐 Millennium request: GET /MILLENIUM!JOIN_ONEUP.LANCAMENTOS.CONSULTALANCAMENTOS?cnpj=47.485.403%2F0001-31&n_documento=111254%2FA","service":"btg-baixa-titulos-service","timestamp":"2026-05-20T13:16:13.464Z"}
{"lancamento":1434870071,"level":"info","message":"ℹ️ Título 111254/A já estava baixado. Processo ignorado.","service":"btg-baixa-titulos-service","situacao":"BAIXADO","timestamp":"2026-05-20T13:16:13.479Z"}
{"level":"info","message":"🔎 Processando título 109244/A","service":"btg-baixa-titulos-service","timestamp":"2026-05-20T13:16:13.483Z"}
{"level":"info","message":"🌐 Millennium request: GET /MILLENIUM!JOIN_ONEUP.LANCAMENTOS.CONSULTALANCAMENTOS?cnpj=03.247.651%2F0001-79&n_documento=109244%2FA","service":"btg-baixa-titulos-service","timestamp":"2026-05-20T13:16:13.483Z"}
{"lancamento":1434855321,"level":"info","message":"ℹ️ Título 109244/A já estava baixado. Processo ignorado.","service":"btg-baixa-titulos-service","situacao":"BAIXADO","timestamp":"2026-05-20T13:16:13.506Z"}
{"level":"info","message":"🔎 Processando título 111043/D","service":"btg-baixa-titulos-service","timestamp":"2026-05-20T13:16:13.510Z"}
{"level":"info","message":"🌐 Millennium request: GET /MILLENIUM!JOIN_ONEUP.LANCAMENTOS.CONSULTALANCAMENTOS?cnpj=57.408.548%2F0001-92&n_documento=111043%2FD","service":"btg-baixa-titulos-service","timestamp":"2026-05-20T13:16:13.510Z"}
{"lancamento":1434868706,"level":"info","message":"ℹ️ Título 111043/D já estava baixado. Processo ignorado.","service":"btg-baixa-titulos-service","situacao":"BAIXADO","timestamp":"2026-05-20T13:16:13.528Z"}
{"level":"info","message":"🔎 Processando título 111043/C","service":"btg-baixa-titulos-service","timestamp":"2026-05-20T13:16:13.533Z"}
{"level":"info","message":"🌐 Millennium request: GET /MILLENIUM!JOIN_ONEUP.LANCAMENTOS.CONSULTALANCAMENTOS?cnpj=57.408.548%2F0001-92&n_documento=111043%2FC","service":"btg-baixa-titulos-service","timestamp":"2026-05-20T13:16:13.533Z"}
{"lancamento":1434868705,"level":"info","message":"ℹ️ Título 111043/C já estava baixado. Processo ignorado.","service":"btg-baixa-titulos-service","situacao":"BAIXADO","timestamp":"2026-05-20T13:16:13.551Z"}
{"level":"info","message":"🔎 Processando título 111043/B","service":"btg-baixa-titulos-service","timestamp":"2026-05-20T13:16:13.555Z"}
{"level":"info","message":"🌐 Millennium request: GET /MILLENIUM!JOIN_ONEUP.LANCAMENTOS.CONSULTALANCAMENTOS?cnpj=57.408.548%2F0001-92&n_documento=111043%2FB","service":"btg-baixa-titulos-service","timestamp":"2026-05-20T13:16:13.555Z"}
{"lancamento":1434868704,"level":"info","message":"ℹ️ Título 111043/B já estava baixado. Processo ignorado.","service":"btg-baixa-titulos-service","situacao":"BAIXADO","timestamp":"2026-05-20T13:16:13.585Z"}
{"level":"info","message":"🔎 Processando título 111043/A","service":"btg-baixa-titulos-service","timestamp":"2026-05-20T13:16:13.590Z"}
{"level":"info","message":"🌐 Millennium request: GET /MILLENIUM!JOIN_ONEUP.LANCAMENTOS.CONSULTALANCAMENTOS?cnpj=57.408.548%2F0001-92&n_documento=111043%2FA","service":"btg-baixa-titulos-service","timestamp":"2026-05-20T13:16:13.590Z"}
{"lancamento":1434868703,"level":"info","message":"ℹ️ Título 111043/A já estava baixado. Processo ignorado.","service":"btg-baixa-titulos-service","situacao":"BAIXADO","timestamp":"2026-05-20T13:16:13.607Z"}
{"level":"info","message":"🔎 Processando título 110977/D","service":"btg-baixa-titulos-service","timestamp":"2026-05-20T13:16:13.614Z"}
{"level":"info","message":"🌐 Millennium request: GET /MILLENIUM!JOIN_ONEUP.LANCAMENTOS.CONSULTALANCAMENTOS?cnpj=57.408.548%2F0001-92&n_documento=110977%2FD","service":"btg-baixa-titulos-service","timestamp":"2026-05-20T13:16:13.614Z"}
{"lancamento":1434868583,"level":"info","message":"ℹ️ Título 110977/D já estava baixado. Processo ignorado.","service":"btg-baixa-titulos-service","situacao":"BAIXADO","timestamp":"2026-05-20T13:16:13.629Z"}
{"level":"info","message":"🔎 Processando título 110977/C","service":"btg-baixa-titulos-service","timestamp":"2026-05-20T13:16:13.634Z"}
{"level":"info","message":"🌐 Millennium request: GET /MILLENIUM!JOIN_ONEUP.LANCAMENTOS.CONSULTALANCAMENTOS?cnpj=57.408.548%2F0001-92&n_documento=110977%2FC","service":"btg-baixa-titulos-service","timestamp":"2026-05-20T13:16:13.634Z"}
{"lancamento":1434868582,"level":"info","message":"ℹ️ Título 110977/C já estava baixado. Processo ignorado.","service":"btg-baixa-titulos-service","situacao":"BAIXADO","timestamp":"2026-05-20T13:16:13.650Z"}
{"level":"info","message":"🔎 Processando título 110977/B","service":"btg-baixa-titulos-service","timestamp":"2026-05-20T13:16:13.655Z"}
{"level":"info","message":"🌐 Millennium request: GET /MILLENIUM!JOIN_ONEUP.LANCAMENTOS.CONSULTALANCAMENTOS?cnpj=57.408.548%2F0001-92&n_documento=110977%2FB","service":"btg-baixa-titulos-service","timestamp":"2026-05-20T13:16:13.655Z"}
{"lancamento":1434868581,"level":"info","message":"ℹ️ Título 110977/B já estava baixado. Processo ignorado.","service":"btg-baixa-titulos-service","situacao":"BAIXADO","timestamp":"2026-05-20T13:16:13.669Z"}
{"level":"info","message":"🔎 Processando título 111253/B","service":"btg-baixa-titulos-service","timestamp":"2026-05-20T13:16:13.674Z"}
{"level":"info","message":"🌐 Millennium request: GET /MILLENIUM!JOIN_ONEUP.LANCAMENTOS.CONSULTALANCAMENTOS?cnpj=47.485.403%2F0001-31&n_documento=111253%2FB","service":"btg-baixa-titulos-service","timestamp":"2026-05-20T13:16:13.675Z"}
{"lancamento":1434870067,"level":"info","message":"ℹ️ Título 111253/B já estava baixado. Processo ignorado.","service":"btg-baixa-titulos-service","situacao":"BAIXADO","timestamp":"2026-05-20T13:16:13.688Z"}
{"level":"info","message":"🔎 Processando título 111253/A","service":"btg-baixa-titulos-service","timestamp":"2026-05-20T13:16:13.693Z"}
{"level":"info","message":"🌐 Millennium request: GET /MILLENIUM!JOIN_ONEUP.LANCAMENTOS.CONSULTALANCAMENTOS?cnpj=47.485.403%2F0001-31&n_documento=111253%2FA","service":"btg-baixa-titulos-service","timestamp":"2026-05-20T13:16:13.693Z"}
{"lancamento":1434870066,"level":"info","message":"ℹ️ Título 111253/A já estava baixado. Processo ignorado.","service":"btg-baixa-titulos-service","situacao":"BAIXADO","timestamp":"2026-05-20T13:16:13.708Z"}
{"level":"info","message":"🔎 Processando título 111252/C","service":"btg-baixa-titulos-service","timestamp":"2026-05-20T13:16:13.713Z"}
{"level":"info","message":"🌐 Millennium request: GET /MILLENIUM!JOIN_ONEUP.LANCAMENTOS.CONSULTALANCAMENTOS?cnpj=47.485.403%2F0001-31&n_documento=111252%2FC","service":"btg-baixa-titulos-service","timestamp":"2026-05-20T13:16:13.713Z"}
{"lancamento":1434870065,"level":"info","message":"ℹ️ Título 111252/C já estava baixado. Processo ignorado.","service":"btg-baixa-titulos-service","situacao":"BAIXADO","timestamp":"2026-05-20T13:16:13.817Z"}
{"level":"info","message":"🔎 Processando título 110977/A","service":"btg-baixa-titulos-service","timestamp":"2026-05-20T13:16:13.824Z"}
{"level":"info","message":"🌐 Millennium request: GET /MILLENIUM!JOIN_ONEUP.LANCAMENTOS.CONSULTALANCAMENTOS?cnpj=57.408.548%2F0001-92&n_documento=110977%2FA","service":"btg-baixa-titulos-service","timestamp":"2026-05-20T13:16:13.824Z"}
{"lancamento":1434868580,"level":"info","message":"ℹ️ Título 110977/A já estava baixado. Processo ignorado.","service":"btg-baixa-titulos-service","situacao":"BAIXADO","timestamp":"2026-05-20T13:16:13.840Z"}
{"level":"info","message":"🔎 Processando título 111251/C","service":"btg-baixa-titulos-service","timestamp":"2026-05-20T13:16:13.848Z"}
{"level":"info","message":"🌐 Millennium request: GET /MILLENIUM!JOIN_ONEUP.LANCAMENTOS.CONSULTALANCAMENTOS?cnpj=47.485.403%2F0001-31&n_documento=111251%2FC","service":"btg-baixa-titulos-service","timestamp":"2026-05-20T13:16:13.848Z"}
{"lancamento":1434870059,"level":"info","message":"ℹ️ Título 111251/C já estava baixado. Processo ignorado.","service":"btg-baixa-titulos-service","situacao":"BAIXADO","timestamp":"2026-05-20T13:16:13.866Z"}
{"level":"info","message":"🔎 Processando título 111251/B","service":"btg-baixa-titulos-service","timestamp":"2026-05-20T13:16:13.871Z"}
{"level":"info","message":"🌐 Millennium request: GET /MILLENIUM!JOIN_ONEUP.LANCAMENTOS.CONSULTALANCAMENTOS?cnpj=47.485.403%2F0001-31&n_documento=111251%2FB","service":"btg-baixa-titulos-service","timestamp":"2026-05-20T13:16:13.871Z"}
{"lancamento":1434870058,"level":"info","message":"ℹ️ Título 111251/B já estava baixado. Processo ignorado.","service":"btg-baixa-titulos-service","situacao":"BAIXADO","timestamp":"2026-05-20T13:16:13.894Z"}
{"level":"info","message":"🔎 Processando título 109093/D","service":"btg-baixa-titulos-service","timestamp":"2026-05-20T13:16:13.896Z"}
{"level":"info","message":"🌐 Millennium request: GET /MILLENIUM!JOIN_ONEUP.LANCAMENTOS.CONSULTALANCAMENTOS?cnpj=57.408.548%2F0001-92&n_documento=109093%2FD","service":"btg-baixa-titulos-service","timestamp":"2026-05-20T13:16:13.896Z"}
{"lancamento":1434854194,"level":"info","message":"ℹ️ Título 109093/D já estava baixado. Processo ignorado.","service":"btg-baixa-titulos-service","situacao":"BAIXADO","timestamp":"2026-05-20T13:16:13.911Z"}
{"level":"info","message":"🔎 Processando título 111251/A","service":"btg-baixa-titulos-service","timestamp":"2026-05-20T13:16:13.912Z"}
{"level":"info","message":"🌐 Millennium request: GET /MILLENIUM!JOIN_ONEUP.LANCAMENTOS.CONSULTALANCAMENTOS?cnpj=47.485.403%2F0001-31&n_documento=111251%2FA","service":"btg-baixa-titulos-service","timestamp":"2026-05-20T13:16:13.912Z"}
{"lancamento":1434870057,"level":"info","message":"ℹ️ Título 111251/A já estava baixado. Processo ignorado.","service":"btg-baixa-titulos-service","situacao":"BAIXADO","timestamp":"2026-05-20T13:16:13.932Z"}
{"level":"info","message":"🔎 Processando título 109093/C","service":"btg-baixa-titulos-service","timestamp":"2026-05-20T13:16:13.936Z"}
{"level":"info","message":"🌐 Millennium request: GET /MILLENIUM!JOIN_ONEUP.LANCAMENTOS.CONSULTALANCAMENTOS?cnpj=57.408.548%2F0001-92&n_documento=109093%2FC","service":"btg-baixa-titulos-service","timestamp":"2026-05-20T13:16:13.936Z"}
{"lancamento":1434854193,"level":"info","message":"ℹ️ Título 109093/C já estava baixado. Processo ignorado.","service":"btg-baixa-titulos-service","situacao":"BAIXADO","timestamp":"2026-05-20T13:16:13.951Z"}
{"level":"info","message":"🔎 Processando título 111250/C","service":"btg-baixa-titulos-service","timestamp":"2026-05-20T13:16:13.953Z"}
{"level":"info","message":"🌐 Millennium request: GET /MILLENIUM!JOIN_ONEUP.LANCAMENTOS.CONSULTALANCAMENTOS?cnpj=47.485.403%2F0001-31&n_documento=111250%2FC","service":"btg-baixa-titulos-service","timestamp":"2026-05-20T13:16:13.953Z"}
{"lancamento":1434870045,"level":"info","message":"ℹ️ Título 111250/C já estava baixado. Processo ignorado.","service":"btg-baixa-titulos-service","situacao":"BAIXADO","timestamp":"2026-05-20T13:16:13.971Z"}
{"level":"info","message":"🔎 Processando título 109093/B","service":"btg-baixa-titulos-service","timestamp":"2026-05-20T13:16:13.973Z"}
{"level":"info","message":"🌐 Millennium request: GET /MILLENIUM!JOIN_ONEUP.LANCAMENTOS.CONSULTALANCAMENTOS?cnpj=57.408.548%2F0001-92&n_documento=109093%2FB","service":"btg-baixa-titulos-service","timestamp":"2026-05-20T13:16:13.973Z"}
{"lancamento":1434854192,"level":"info","message":"ℹ️ Título 109093/B já estava baixado. Processo ignorado.","service":"btg-baixa-titulos-service","situacao":"BAIXADO","timestamp":"2026-05-20T13:16:13.991Z"}
{"level":"info","message":"🔎 Processando título 109093/A","service":"btg-baixa-titulos-service","timestamp":"2026-05-20T13:16:13.993Z"}
{"level":"info","message":"🌐 Millennium request: GET /MILLENIUM!JOIN_ONEUP.LANCAMENTOS.CONSULTALANCAMENTOS?cnpj=57.408.548%2F0001-92&n_documento=109093%2FA","service":"btg-baixa-titulos-service","timestamp":"2026-05-20T13:16:13.993Z"}
{"lancamento":1434854191,"level":"info","message":"ℹ️ Título 109093/A já estava baixado. Processo ignorado.","service":"btg-baixa-titulos-service","situacao":"BAIXADO","timestamp":"2026-05-20T13:16:14.010Z"}
{"level":"info","message":"🔎 Processando título 111250/B","service":"btg-baixa-titulos-service","timestamp":"2026-05-20T13:16:14.013Z"}
{"level":"info","message":"🌐 Millennium request: GET /MILLENIUM!JOIN_ONEUP.LANCAMENTOS.CONSULTALANCAMENTOS?cnpj=47.485.403%2F0001-31&n_documento=111250%2FB","service":"btg-baixa-titulos-service","timestamp":"2026-05-20T13:16:14.013Z"}
{"lancamento":1434870044,"level":"info","message":"ℹ️ Título 111250/B já estava baixado. Processo ignorado.","service":"btg-baixa-titulos-service","situacao":"BAIXADO","timestamp":"2026-05-20T13:16:14.030Z"}
{"level":"info","message":"🔎 Processando título 110976","service":"btg-baixa-titulos-service","timestamp":"2026-05-20T13:16:14.032Z"}
{"level":"info","message":"🌐 Millennium request: GET /MILLENIUM!JOIN_ONEUP.LANCAMENTOS.CONSULTALANCAMENTOS?cnpj=77.857.555%2F0009-36&n_documento=110976","service":"btg-baixa-titulos-service","timestamp":"2026-05-20T13:16:14.032Z"}
{"lancamento":1434868578,"level":"info","message":"ℹ️ Título 110976 já estava baixado. Processo ignorado.","service":"btg-baixa-titulos-service","situacao":"BAIXADO","timestamp":"2026-05-20T13:16:14.047Z"}
{"level":"info","message":"🔎 Processando título 110946","service":"btg-baixa-titulos-service","timestamp":"2026-05-20T13:16:14.048Z"}
{"level":"info","message":"🌐 Millennium request: GET /MILLENIUM!JOIN_ONEUP.LANCAMENTOS.CONSULTALANCAMENTOS?cnpj=01.329.811%2F0001-01&n_documento=110946","service":"btg-baixa-titulos-service","timestamp":"2026-05-20T13:16:14.048Z"}
{"lancamento":1434868117,"level":"info","message":"ℹ️ Título 110946 já estava baixado. Processo ignorado.","service":"btg-baixa-titulos-service","situacao":"BAIXADO","timestamp":"2026-05-20T13:16:14.062Z"}
{"level":"info","message":"🔎 Processando título 110759/C","service":"btg-baixa-titulos-service","timestamp":"2026-05-20T13:16:14.066Z"}
{"level":"info","message":"🌐 Millennium request: GET /MILLENIUM!JOIN_ONEUP.LANCAMENTOS.CONSULTALANCAMENTOS?cnpj=73.652.158%2F0001-10&n_documento=110759%2FC","service":"btg-baixa-titulos-service","timestamp":"2026-05-20T13:16:14.066Z"}
{"lancamento":1434866525,"level":"info","message":"ℹ️ Título 110759/C já estava baixado. Processo ignorado.","service":"btg-baixa-titulos-service","situacao":"BAIXADO","timestamp":"2026-05-20T13:16:14.082Z"}
{"level":"info","message":"🔎 Processando título 110759/B","service":"btg-baixa-titulos-service","timestamp":"2026-05-20T13:16:14.086Z"}
{"level":"info","message":"🌐 Millennium request: GET /MILLENIUM!JOIN_ONEUP.LANCAMENTOS.CONSULTALANCAMENTOS?cnpj=73.652.158%2F0001-10&n_documento=110759%2FB","service":"btg-baixa-titulos-service","timestamp":"2026-05-20T13:16:14.086Z"}
{"lancamento":1434866524,"level":"info","message":"ℹ️ Título 110759/B já estava baixado. Processo ignorado.","service":"btg-baixa-titulos-service","situacao":"BAIXADO","timestamp":"2026-05-20T13:16:14.104Z"}
{"level":"info","message":"🔎 Processando título 110759/A","service":"btg-baixa-titulos-service","timestamp":"2026-05-20T13:16:14.108Z"}
{"level":"info","message":"🌐 Millennium request: GET /MILLENIUM!JOIN_ONEUP.LANCAMENTOS.CONSULTALANCAMENTOS?cnpj=73.652.158%2F0001-10&n_documento=110759%2FA","service":"btg-baixa-titulos-service","timestamp":"2026-05-20T13:16:14.108Z"}
{"lancamento":1434866523,"level":"info","message":"ℹ️ Título 110759/A já estava baixado. Processo ignorado.","service":"btg-baixa-titulos-service","situacao":"BAIXADO","timestamp":"2026-05-20T13:16:14.123Z"}
{"level":"info","message":"🔎 Processando título 110757/C","service":"btg-baixa-titulos-service","timestamp":"2026-05-20T13:16:14.127Z"}
{"level":"info","message":"🌐 Millennium request: GET /MILLENIUM!JOIN_ONEUP.LANCAMENTOS.CONSULTALANCAMENTOS?cnpj=59.205.187%2F0001-02&n_documento=110757%2FC","service":"btg-baixa-titulos-service","timestamp":"2026-05-20T13:16:14.127Z"}
{"lancamento":1434866522,"level":"info","message":"ℹ️ Título 110757/C já estava baixado. Processo ignorado.","service":"btg-baixa-titulos-service","situacao":"BAIXADO","timestamp":"2026-05-20T13:16:14.141Z"}
{"level":"info","message":"🔎 Processando título 110757/B","service":"btg-baixa-titulos-service","timestamp":"2026-05-20T13:16:14.142Z"}
{"level":"info","message":"🌐 Millennium request: GET /MILLENIUM!JOIN_ONEUP.LANCAMENTOS.CONSULTALANCAMENTOS?cnpj=59.205.187%2F0001-02&n_documento=110757%2FB","service":"btg-baixa-titulos-service","timestamp":"2026-05-20T13:16:14.142Z"}
{"lancamento":1434866521,"level":"info","message":"ℹ️ Título 110757/B já estava baixado. Processo ignorado.","service":"btg-baixa-titulos-service","situacao":"BAIXADO","timestamp":"2026-05-20T13:16:14.157Z"}
{"level":"info","message":"🔎 Processando título 110757/A","service":"btg-baixa-titulos-service","timestamp":"2026-05-20T13:16:14.161Z"}
{"level":"info","message":"🌐 Millennium request: GET /MILLENIUM!JOIN_ONEUP.LANCAMENTOS.CONSULTALANCAMENTOS?cnpj=59.205.187%2F0001-02&n_documento=110757%2FA","service":"btg-baixa-titulos-service","timestamp":"2026-05-20T13:16:14.161Z"}
{"lancamento":1434866520,"level":"info","message":"ℹ️ Título 110757/A já estava baixado. Processo ignorado.","service":"btg-baixa-titulos-service","situacao":"BAIXADO","timestamp":"2026-05-20T13:16:14.187Z"}
{"level":"info","message":"🔎 Processando título 110754/G","service":"btg-baixa-titulos-service","timestamp":"2026-05-20T13:16:14.192Z"}
{"level":"info","message":"🌐 Millennium request: GET /MILLENIUM!JOIN_ONEUP.LANCAMENTOS.CONSULTALANCAMENTOS?cnpj=03.294.992%2F0001-03&n_documento=110754%2FG","service":"btg-baixa-titulos-service","timestamp":"2026-05-20T13:16:14.192Z"}
{"lancamento":1434866517,"level":"info","message":"ℹ️ Título 110754/G já estava baixado. Processo ignorado.","service":"btg-baixa-titulos-service","situacao":"BAIXADO","timestamp":"2026-05-20T13:16:14.208Z"}
{"level":"info","message":"🔎 Processando título 110754/F","service":"btg-baixa-titulos-service","timestamp":"2026-05-20T13:16:14.213Z"}
{"level":"info","message":"🌐 Millennium request: GET /MILLENIUM!JOIN_ONEUP.LANCAMENTOS.CONSULTALANCAMENTOS?cnpj=03.294.992%2F0001-03&n_documento=110754%2FF","service":"btg-baixa-titulos-service","timestamp":"2026-05-20T13:16:14.213Z"}
{"lancamento":1434866516,"level":"info","message":"ℹ️ Título 110754/F já estava baixado. Processo ignorado.","service":"btg-baixa-titulos-service","situacao":"BAIXADO","timestamp":"2026-05-20T13:16:14.229Z"}
{"level":"info","message":"🔎 Processando título 110754/E","service":"btg-baixa-titulos-service","timestamp":"2026-05-20T13:16:14.232Z"}
{"level":"info","message":"🌐 Millennium request: GET /MILLENIUM!JOIN_ONEUP.LANCAMENTOS.CONSULTALANCAMENTOS?cnpj=03.294.992%2F0001-03&n_documento=110754%2FE","service":"btg-baixa-titulos-service","timestamp":"2026-05-20T13:16:14.232Z"}
{"lancamento":1434866515,"level":"info","message":"ℹ️ Título 110754/E já estava baixado. Processo ignorado.","service":"btg-baixa-titulos-service","situacao":"BAIXADO","timestamp":"2026-05-20T13:16:14.329Z"}
{"level":"info","message":"🔎 Processando título 110754/D","service":"btg-baixa-titulos-service","timestamp":"2026-05-20T13:16:14.335Z"}
{"level":"info","message":"🌐 Millennium request: GET /MILLENIUM!JOIN_ONEUP.LANCAMENTOS.CONSULTALANCAMENTOS?cnpj=03.294.992%2F0001-03&n_documento=110754%2FD","service":"btg-baixa-titulos-service","timestamp":"2026-05-20T13:16:14.335Z"}
{"lancamento":1434866514,"level":"info","message":"ℹ️ Título 110754/D já estava baixado. Processo ignorado.","service":"btg-baixa-titulos-service","situacao":"BAIXADO","timestamp":"2026-05-20T13:16:14.350Z"}
{"level":"info","message":"🔎 Processando título 110754/C","service":"btg-baixa-titulos-service","timestamp":"2026-05-20T13:16:14.356Z"}
{"level":"info","message":"🌐 Millennium request: GET /MILLENIUM!JOIN_ONEUP.LANCAMENTOS.CONSULTALANCAMENTOS?cnpj=03.294.992%2F0001-03&n_documento=110754%2FC","service":"btg-baixa-titulos-service","timestamp":"2026-05-20T13:16:14.356Z"}
{"lancamento":1434866513,"level":"info","message":"ℹ️ Título 110754/C já estava baixado. Processo ignorado.","service":"btg-baixa-titulos-service","situacao":"BAIXADO","timestamp":"2026-05-20T13:16:14.371Z"}
{"level":"info","message":"🔎 Processando título 110754/B","service":"btg-baixa-titulos-service","timestamp":"2026-05-20T13:16:14.376Z"}
{"level":"info","message":"🌐 Millennium request: GET /MILLENIUM!JOIN_ONEUP.LANCAMENTOS.CONSULTALANCAMENTOS?cnpj=03.294.992%2F0001-03&n_documento=110754%2FB","service":"btg-baixa-titulos-service","timestamp":"2026-05-20T13:16:14.376Z"}
{"lancamento":1434866512,"level":"info","message":"ℹ️ Título 110754/B já estava baixado. Processo ignorado.","service":"btg-baixa-titulos-service","situacao":"BAIXADO","timestamp":"2026-05-20T13:16:14.392Z"}
{"level":"info","message":"🔎 Processando título 110597/D","service":"btg-baixa-titulos-service","timestamp":"2026-05-20T13:16:14.397Z"}
{"level":"info","message":"🌐 Millennium request: GET /MILLENIUM!JOIN_ONEUP.LANCAMENTOS.CONSULTALANCAMENTOS?cnpj=03.247.651%2F0001-79&n_documento=110597%2FD","service":"btg-baixa-titulos-service","timestamp":"2026-05-20T13:16:14.397Z"}
{"lancamento":1434863696,"level":"info","message":"ℹ️ Título 110597/D já estava baixado. Processo ignorado.","service":"btg-baixa-titulos-service","situacao":"BAIXADO","timestamp":"2026-05-20T13:16:14.415Z"}
{"level":"info","message":"🔎 Processando título 110597/C","service":"btg-baixa-titulos-service","timestamp":"2026-05-20T13:16:14.419Z"}
{"level":"info","message":"🌐 Millennium request: GET /MILLENIUM!JOIN_ONEUP.LANCAMENTOS.CONSULTALANCAMENTOS?cnpj=03.247.651%2F0001-79&n_documento=110597%2FC","service":"btg-baixa-titulos-service","timestamp":"2026-05-20T13:16:14.419Z"}
{"lancamento":1434863695,"level":"info","message":"ℹ️ Título 110597/C já estava baixado. Processo ignorado.","service":"btg-baixa-titulos-service","situacao":"BAIXADO","timestamp":"2026-05-20T13:16:14.432Z"}
{"level":"info","message":"🔎 Processando título 110597/B","service":"btg-baixa-titulos-service","timestamp":"2026-05-20T13:16:14.435Z"}
{"level":"info","message":"🌐 Millennium request: GET /MILLENIUM!JOIN_ONEUP.LANCAMENTOS.CONSULTALANCAMENTOS?cnpj=03.247.651%2F0001-79&n_documento=110597%2FB","service":"btg-baixa-titulos-service","timestamp":"2026-05-20T13:16:14.435Z"}
{"lancamento":1434863694,"level":"info","message":"ℹ️ Título 110597/B já estava baixado. Processo ignorado.","service":"btg-baixa-titulos-service","situacao":"BAIXADO","timestamp":"2026-05-20T13:16:14.451Z"}
{"level":"info","message":"🔎 Processando título 110597/A","service":"btg-baixa-titulos-service","timestamp":"2026-05-20T13:16:14.452Z"}
{"level":"info","message":"🌐 Millennium request: GET /MILLENIUM!JOIN_ONEUP.LANCAMENTOS.CONSULTALANCAMENTOS?cnpj=03.247.651%2F0001-79&n_documento=110597%2FA","service":"btg-baixa-titulos-service","timestamp":"2026-05-20T13:16:14.452Z"}
{"lancamento":1434863693,"level":"info","message":"ℹ️ Título 110597/A já estava baixado. Processo ignorado.","service":"btg-baixa-titulos-service","situacao":"BAIXADO","timestamp":"2026-05-20T13:16:14.469Z"}
{"level":"info","message":"🔎 Processando título 110754/A","service":"btg-baixa-titulos-service","timestamp":"2026-05-20T13:16:14.471Z"}
{"level":"info","message":"🌐 Millennium request: GET /MILLENIUM!JOIN_ONEUP.LANCAMENTOS.CONSULTALANCAMENTOS?cnpj=03.294.992%2F0001-03&n_documento=110754%2FA","service":"btg-baixa-titulos-service","timestamp":"2026-05-20T13:16:14.471Z"}
{"lancamento":1434866511,"level":"info","message":"ℹ️ Título 110754/A já estava baixado. Processo ignorado.","service":"btg-baixa-titulos-service","situacao":"BAIXADO","timestamp":"2026-05-20T13:16:14.486Z"}
{"level":"info","message":"🔎 Processando título 110596/D","service":"btg-baixa-titulos-service","timestamp":"2026-05-20T13:16:14.488Z"}
{"level":"info","message":"🌐 Millennium request: GET /MILLENIUM!JOIN_ONEUP.LANCAMENTOS.CONSULTALANCAMENTOS?cnpj=44.999.259%2F0001-63&n_documento=110596%2FD","service":"btg-baixa-titulos-service","timestamp":"2026-05-20T13:16:14.488Z"}
{"lancamento":1434863675,"level":"info","message":"ℹ️ Título 110596/D já estava baixado. Processo ignorado.","service":"btg-baixa-titulos-service","situacao":"BAIXADO","timestamp":"2026-05-20T13:16:14.504Z"}
{"level":"info","message":"🔎 Processando título 110596/C","service":"btg-baixa-titulos-service","timestamp":"2026-05-20T13:16:14.506Z"}
{"level":"info","message":"🌐 Millennium request: GET /MILLENIUM!JOIN_ONEUP.LANCAMENTOS.CONSULTALANCAMENTOS?cnpj=44.999.259%2F0001-63&n_documento=110596%2FC","service":"btg-baixa-titulos-service","timestamp":"2026-05-20T13:16:14.507Z"}
{"lancamento":1434863674,"level":"info","message":"ℹ️ Título 110596/C já estava baixado. Processo ignorado.","service":"btg-baixa-titulos-service","situacao":"BAIXADO","timestamp":"2026-05-20T13:16:14.522Z"}
{"level":"info","message":"🔎 Processando título 110596/B","service":"btg-baixa-titulos-service","timestamp":"2026-05-20T13:16:14.524Z"}
{"level":"info","message":"🌐 Millennium request: GET /MILLENIUM!JOIN_ONEUP.LANCAMENTOS.CONSULTALANCAMENTOS?cnpj=44.999.259%2F0001-63&n_documento=110596%2FB","service":"btg-baixa-titulos-service","timestamp":"2026-05-20T13:16:14.524Z"}
{"lancamento":1434863673,"level":"info","message":"ℹ️ Título 110596/B já estava baixado. Processo ignorado.","service":"btg-baixa-titulos-service","situacao":"BAIXADO","timestamp":"2026-05-20T13:16:14.544Z"}
{"level":"info","message":"🔎 Processando título 110596/A","service":"btg-baixa-titulos-service","timestamp":"2026-05-20T13:16:14.545Z"}
{"level":"info","message":"🌐 Millennium request: GET /MILLENIUM!JOIN_ONEUP.LANCAMENTOS.CONSULTALANCAMENTOS?cnpj=44.999.259%2F0001-63&n_documento=110596%2FA","service":"btg-baixa-titulos-service","timestamp":"2026-05-20T13:16:14.545Z"}
{"lancamento":1434863672,"level":"info","message":"ℹ️ Título 110596/A já estava baixado. Processo ignorado.","service":"btg-baixa-titulos-service","situacao":"BAIXADO","timestamp":"2026-05-20T13:16:14.560Z"}
{"level":"info","message":"🔎 Processando título 37614/F","service":"btg-baixa-titulos-service","timestamp":"2026-05-20T13:16:14.563Z"}
{"level":"info","message":"🌐 Millennium request: GET /MILLENIUM!JOIN_ONEUP.LANCAMENTOS.CONSULTALANCAMENTOS?n_documento=37614%2FF&cpf=906.260.791-87","service":"btg-baixa-titulos-service","timestamp":"2026-05-20T13:16:14.563Z"}
{"lancamento":1434861828,"level":"info","message":"ℹ️ Título 37614/F já estava baixado. Processo ignorado.","service":"btg-baixa-titulos-service","situacao":"BAIXADO","timestamp":"2026-05-20T13:16:14.577Z"}
{"level":"info","message":"🔎 Processando título 37614/E","service":"btg-baixa-titulos-service","timestamp":"2026-05-20T13:16:14.580Z"}
{"level":"info","message":"🌐 Millennium request: GET /MILLENIUM!JOIN_ONEUP.LANCAMENTOS.CONSULTALANCAMENTOS?n_documento=37614%2FE&cpf=906.260.791-87","service":"btg-baixa-titulos-service","timestamp":"2026-05-20T13:16:14.580Z"}
{"lancamento":1434861827,"level":"info","message":"ℹ️ Título 37614/E já estava baixado. Processo ignorado.","service":"btg-baixa-titulos-service","situacao":"BAIXADO","timestamp":"2026-05-20T13:16:14.597Z"}
{"level":"info","message":"🔎 Processando título 110233/A","service":"btg-baixa-titulos-service","timestamp":"2026-05-20T13:16:14.601Z"}
{"level":"info","message":"🌐 Millennium request: GET /MILLENIUM!JOIN_ONEUP.LANCAMENTOS.CONSULTALANCAMENTOS?cnpj=07.030.508%2F0001-81&n_documento=110233%2FA","service":"btg-baixa-titulos-service","timestamp":"2026-05-20T13:16:14.601Z"}
{"lancamento":1434861382,"level":"info","message":"ℹ️ Título 110233/A já estava baixado. Processo ignorado.","service":"btg-baixa-titulos-service","situacao":"BAIXADO","timestamp":"2026-05-20T13:16:14.617Z"}
{"level":"info","message":"🔎 Processando título 37614/D","service":"btg-baixa-titulos-service","timestamp":"2026-05-20T13:16:14.621Z"}
{"level":"info","message":"🌐 Millennium request: GET /MILLENIUM!JOIN_ONEUP.LANCAMENTOS.CONSULTALANCAMENTOS?n_documento=37614%2FD&cpf=906.260.791-87","service":"btg-baixa-titulos-service","timestamp":"2026-05-20T13:16:14.621Z"}
{"lancamento":1434861826,"level":"info","message":"ℹ️ Título 37614/D já estava baixado. Processo ignorado.","service":"btg-baixa-titulos-service","situacao":"BAIXADO","timestamp":"2026-05-20T13:16:14.637Z"}
{"level":"info","message":"🔎 Processando título 37614/C","service":"btg-baixa-titulos-service","timestamp":"2026-05-20T13:16:14.641Z"}
{"level":"info","message":"🌐 Millennium request: GET /MILLENIUM!JOIN_ONEUP.LANCAMENTOS.CONSULTALANCAMENTOS?n_documento=37614%2FC&cpf=906.260.791-87","service":"btg-baixa-titulos-service","timestamp":"2026-05-20T13:16:14.641Z"}
{"lancamento":1434861825,"level":"info","message":"ℹ️ Título 37614/C já estava baixado. Processo ignorado.","service":"btg-baixa-titulos-service","situacao":"BAIXADO","timestamp":"2026-05-20T13:16:14.658Z"}
{"level":"info","message":"🔎 Processando título 37614/B","service":"btg-baixa-titulos-service","timestamp":"2026-05-20T13:16:14.662Z"}
{"level":"info","message":"🌐 Millennium request: GET /MILLENIUM!JOIN_ONEUP.LANCAMENTOS.CONSULTALANCAMENTOS?n_documento=37614%2FB&cpf=906.260.791-87","service":"btg-baixa-titulos-service","timestamp":"2026-05-20T13:16:14.662Z"}
{"lancamento":1434861824,"level":"info","message":"ℹ️ Título 37614/B já estava baixado. Processo ignorado.","service":"btg-baixa-titulos-service","situacao":"BAIXADO","timestamp":"2026-05-20T13:16:14.678Z"}
{"level":"info","message":"🔎 Processando título 110594/D","service":"btg-baixa-titulos-service","timestamp":"2026-05-20T13:16:14.683Z"}
{"level":"info","message":"🌐 Millennium request: GET /MILLENIUM!JOIN_ONEUP.LANCAMENTOS.CONSULTALANCAMENTOS?cnpj=00.768.271%2F0001-91&n_documento=110594%2FD","service":"btg-baixa-titulos-service","timestamp":"2026-05-20T13:16:14.683Z"}
{"lancamento":1434863644,"level":"info","message":"ℹ️ Título 110594/D já estava baixado. Processo ignorado.","service":"btg-baixa-titulos-service","situacao":"BAIXADO","timestamp":"2026-05-20T13:16:14.706Z"}
{"level":"info","message":"🔎 Processando título 37614/A","service":"btg-baixa-titulos-service","timestamp":"2026-05-20T13:16:14.710Z"}
{"level":"info","message":"🌐 Millennium request: GET /MILLENIUM!JOIN_ONEUP.LANCAMENTOS.CONSULTALANCAMENTOS?n_documento=37614%2FA&cpf=906.260.791-87","service":"btg-baixa-titulos-service","timestamp":"2026-05-20T13:16:14.710Z"}
{"lancamento":1434861823,"level":"info","message":"ℹ️ Título 37614/A já estava baixado. Processo ignorado.","service":"btg-baixa-titulos-service","situacao":"BAIXADO","timestamp":"2026-05-20T13:16:14.727Z"}
{"level":"info","message":"🔎 Processando título 110594/C","service":"btg-baixa-titulos-service","timestamp":"2026-05-20T13:16:14.731Z"}
{"level":"info","message":"🌐 Millennium request: GET /MILLENIUM!JOIN_ONEUP.LANCAMENTOS.CONSULTALANCAMENTOS?cnpj=00.768.271%2F0001-91&n_documento=110594%2FC","service":"btg-baixa-titulos-service","timestamp":"2026-05-20T13:16:14.731Z"}
{"lancamento":1434863643,"level":"info","message":"ℹ️ Título 110594/C já estava baixado. Processo ignorado.","service":"btg-baixa-titulos-service","situacao":"BAIXADO","timestamp":"2026-05-20T13:16:14.746Z"}
{"level":"info","message":"🔎 Processando título 110942/C","service":"btg-baixa-titulos-service","timestamp":"2026-05-20T13:16:14.750Z"}
{"level":"info","message":"🌐 Millennium request: GET /MILLENIUM!JOIN_ONEUP.LANCAMENTOS.CONSULTALANCAMENTOS?cnpj=50.649.490%2F0001-20&n_documento=110942%2FC","service":"btg-baixa-titulos-service","timestamp":"2026-05-20T13:16:14.750Z"}
{"lancamento":1434868107,"level":"info","message":"ℹ️ Título 110942/C já estava baixado. Processo ignorado.","service":"btg-baixa-titulos-service","situacao":"BAIXADO","timestamp":"2026-05-20T13:16:14.854Z"}
{"level":"info","message":"🔎 Processando título 110594/B","service":"btg-baixa-titulos-service","timestamp":"2026-05-20T13:16:14.861Z"}
{"level":"info","message":"🌐 Millennium request: GET /MILLENIUM!JOIN_ONEUP.LANCAMENTOS.CONSULTALANCAMENTOS?cnpj=00.768.271%2F0001-91&n_documento=110594%2FB","service":"btg-baixa-titulos-service","timestamp":"2026-05-20T13:16:14.861Z"}
{"lancamento":1434863642,"level":"info","message":"ℹ️ Título 110594/B já estava baixado. Processo ignorado.","service":"btg-baixa-titulos-service","situacao":"BAIXADO","timestamp":"2026-05-20T13:16:14.876Z"}
{"level":"info","message":"🔎 Processando título 110942/B","service":"btg-baixa-titulos-service","timestamp":"2026-05-20T13:16:14.882Z"}
{"level":"info","message":"🌐 Millennium request: GET /MILLENIUM!JOIN_ONEUP.LANCAMENTOS.CONSULTALANCAMENTOS?cnpj=50.649.490%2F0001-20&n_documento=110942%2FB","service":"btg-baixa-titulos-service","timestamp":"2026-05-20T13:16:14.882Z"}
{"lancamento":1434868106,"level":"info","message":"ℹ️ Título 110942/B já estava baixado. Processo ignorado.","service":"btg-baixa-titulos-service","situacao":"BAIXADO","timestamp":"2026-05-20T13:16:14.902Z"}
{"level":"info","message":"🔎 Processando título 110942/A","service":"btg-baixa-titulos-service","timestamp":"2026-05-20T13:16:14.908Z"}
{"level":"info","message":"🌐 Millennium request: GET /MILLENIUM!JOIN_ONEUP.LANCAMENTOS.CONSULTALANCAMENTOS?cnpj=50.649.490%2F0001-20&n_documento=110942%2FA","service":"btg-baixa-titulos-service","timestamp":"2026-05-20T13:16:14.908Z"}
{"lancamento":1434868105,"level":"info","message":"ℹ️ Título 110942/A já estava baixado. Processo ignorado.","service":"btg-baixa-titulos-service","situacao":"BAIXADO","timestamp":"2026-05-20T13:16:14.939Z"}
{"level":"info","message":"🔎 Processando título 110594/A","service":"btg-baixa-titulos-service","timestamp":"2026-05-20T13:16:14.946Z"}
{"level":"info","message":"🌐 Millennium request: GET /MILLENIUM!JOIN_ONEUP.LANCAMENTOS.CONSULTALANCAMENTOS?cnpj=00.768.271%2F0001-91&n_documento=110594%2FA","service":"btg-baixa-titulos-service","timestamp":"2026-05-20T13:16:14.946Z"}
{"lancamento":1434863641,"level":"info","message":"ℹ️ Título 110594/A já estava baixado. Processo ignorado.","service":"btg-baixa-titulos-service","situacao":"BAIXADO","timestamp":"2026-05-20T13:16:14.962Z"}
{"level":"info","message":"🔎 Processando título 110941/C","service":"btg-baixa-titulos-service","timestamp":"2026-05-20T13:16:14.969Z"}
{"level":"info","message":"🌐 Millennium request: GET /MILLENIUM!JOIN_ONEUP.LANCAMENTOS.CONSULTALANCAMENTOS?cnpj=50.649.490%2F0001-20&n_documento=110941%2FC","service":"btg-baixa-titulos-service","timestamp":"2026-05-20T13:16:14.969Z"}
{"lancamento":1434868102,"level":"info","message":"ℹ️ Título 110941/C já estava baixado. Processo ignorado.","service":"btg-baixa-titulos-service","situacao":"BAIXADO","timestamp":"2026-05-20T13:16:14.984Z"}
{"level":"info","message":"🔎 Processando título 110168/C","service":"btg-baixa-titulos-service","timestamp":"2026-05-20T13:16:14.993Z"}
{"level":"info","message":"🌐 Millennium request: GET /MILLENIUM!JOIN_ONEUP.LANCAMENTOS.CONSULTALANCAMENTOS?cnpj=59.205.187%2F0001-02&n_documento=110168%2FC","service":"btg-baixa-titulos-service","timestamp":"2026-05-20T13:16:14.993Z"}
{"lancamento":1434860998,"level":"info","message":"ℹ️ Título 110168/C já estava baixado. Processo ignorado.","service":"btg-baixa-titulos-service","situacao":"BAIXADO","timestamp":"2026-05-20T13:16:15.013Z"}
{"level":"info","message":"🔎 Processando título 110941/B","service":"btg-baixa-titulos-service","timestamp":"2026-05-20T13:16:15.017Z"}
{"level":"info","message":"🌐 Millennium request: GET /MILLENIUM!JOIN_ONEUP.LANCAMENTOS.CONSULTALANCAMENTOS?cnpj=50.649.490%2F0001-20&n_documento=110941%2FB","service":"btg-baixa-titulos-service","timestamp":"2026-05-20T13:16:15.017Z"}
{"lancamento":1434868101,"level":"info","message":"ℹ️ Título 110941/B já estava baixado. Processo ignorado.","service":"btg-baixa-titulos-service","situacao":"BAIXADO","timestamp":"2026-05-20T13:16:15.032Z"}
{"level":"info","message":"🔎 Processando título 110168/B","service":"btg-baixa-titulos-service","timestamp":"2026-05-20T13:16:15.037Z"}
{"level":"info","message":"🌐 Millennium request: GET /MILLENIUM!JOIN_ONEUP.LANCAMENTOS.CONSULTALANCAMENTOS?cnpj=59.205.187%2F0001-02&n_documento=110168%2FB","service":"btg-baixa-titulos-service","timestamp":"2026-05-20T13:16:15.037Z"}
{"lancamento":1434860997,"level":"info","message":"ℹ️ Título 110168/B já estava baixado. Processo ignorado.","service":"btg-baixa-titulos-service","situacao":"BAIXADO","timestamp":"2026-05-20T13:16:15.051Z"}
{"level":"info","message":"🔎 Processando título 110941/A","service":"btg-baixa-titulos-service","timestamp":"2026-05-20T13:16:15.055Z"}
{"level":"info","message":"🌐 Millennium request: GET /MILLENIUM!JOIN_ONEUP.LANCAMENTOS.CONSULTALANCAMENTOS?cnpj=50.649.490%2F0001-20&n_documento=110941%2FA","service":"btg-baixa-titulos-service","timestamp":"2026-05-20T13:16:15.055Z"}
{"lancamento":1434868100,"level":"info","message":"ℹ️ Título 110941/A já estava baixado. Processo ignorado.","service":"btg-baixa-titulos-service","situacao":"BAIXADO","timestamp":"2026-05-20T13:16:15.071Z"}
{"level":"info","message":"🔎 Processando título 110168/A","service":"btg-baixa-titulos-service","timestamp":"2026-05-20T13:16:15.076Z"}
{"level":"info","message":"🌐 Millennium request: GET /MILLENIUM!JOIN_ONEUP.LANCAMENTOS.CONSULTALANCAMENTOS?cnpj=59.205.187%2F0001-02&n_documento=110168%2FA","service":"btg-baixa-titulos-service","timestamp":"2026-05-20T13:16:15.076Z"}
{"lancamento":1434860996,"level":"info","message":"ℹ️ Título 110168/A já estava baixado. Processo ignorado.","service":"btg-baixa-titulos-service","situacao":"BAIXADO","timestamp":"2026-05-20T13:16:15.092Z"}
{"level":"info","message":"🔎 Processando título 110939/C","service":"btg-baixa-titulos-service","timestamp":"2026-05-20T13:16:15.096Z"}
{"level":"info","message":"🌐 Millennium request: GET /MILLENIUM!JOIN_ONEUP.LANCAMENTOS.CONSULTALANCAMENTOS?cnpj=50.649.490%2F0001-20&n_documento=110939%2FC","service":"btg-baixa-titulos-service","timestamp":"2026-05-20T13:16:15.096Z"}
{"lancamento":1434868098,"level":"info","message":"ℹ️ Título 110939/C já estava baixado. Processo ignorado.","service":"btg-baixa-titulos-service","situacao":"BAIXADO","timestamp":"2026-05-20T13:16:15.111Z"}
{"level":"info","message":"🔎 Processando título 110591","service":"btg-baixa-titulos-service","timestamp":"2026-05-20T13:16:15.113Z"}
{"level":"info","message":"🌐 Millennium request: GET /MILLENIUM!JOIN_ONEUP.LANCAMENTOS.CONSULTALANCAMENTOS?cnpj=01.329.811%2F0001-01&n_documento=110591","service":"btg-baixa-titulos-service","timestamp":"2026-05-20T13:16:15.113Z"}
{"lancamento":1434863544,"level":"info","message":"ℹ️ Título 110591 já estava baixado. Processo ignorado.","service":"btg-baixa-titulos-service","situacao":"BAIXADO","timestamp":"2026-05-20T13:16:15.127Z"}
{"level":"info","message":"🔎 Processando título 110939/B","service":"btg-baixa-titulos-service","timestamp":"2026-05-20T13:16:15.129Z"}
{"level":"info","message":"🌐 Millennium request: GET /MILLENIUM!JOIN_ONEUP.LANCAMENTOS.CONSULTALANCAMENTOS?cnpj=50.649.490%2F0001-20&n_documento=110939%2FB","service":"btg-baixa-titulos-service","timestamp":"2026-05-20T13:16:15.129Z"}
{"lancamento":1434868097,"level":"info","message":"ℹ️ Título 110939/B já estava baixado. Processo ignorado.","service":"btg-baixa-titulos-service","situacao":"BAIXADO","timestamp":"2026-05-20T13:16:15.143Z"}
{"level":"info","message":"🔎 Processando título 110939/A","service":"btg-baixa-titulos-service","timestamp":"2026-05-20T13:16:15.147Z"}
{"level":"info","message":"🌐 Millennium request: GET /MILLENIUM!JOIN_ONEUP.LANCAMENTOS.CONSULTALANCAMENTOS?cnpj=50.649.490%2F0001-20&n_documento=110939%2FA","service":"btg-baixa-titulos-service","timestamp":"2026-05-20T13:16:15.147Z"}
{"lancamento":1434868096,"level":"info","message":"ℹ️ Título 110939/A já estava baixado. Processo ignorado.","service":"btg-baixa-titulos-service","situacao":"BAIXADO","timestamp":"2026-05-20T13:16:15.161Z"}
{"level":"info","message":"🔎 Processando título 110595/C","service":"btg-baixa-titulos-service","timestamp":"2026-05-20T13:16:15.166Z"}
{"level":"info","message":"🌐 Millennium request: GET /MILLENIUM!JOIN_ONEUP.LANCAMENTOS.CONSULTALANCAMENTOS?cnpj=57.408.548%2F0001-92&n_documento=110595%2FC","service":"btg-baixa-titulos-service","timestamp":"2026-05-20T13:16:15.166Z"}
{"lancamento":1434863648,"level":"info","message":"ℹ️ Título 110595/C já estava baixado. Processo ignorado.","service":"btg-baixa-titulos-service","situacao":"BAIXADO","timestamp":"2026-05-20T13:16:15.182Z"}
{"level":"info","message":"🔎 Processando título 110938/C","service":"btg-baixa-titulos-service","timestamp":"2026-05-20T13:16:15.187Z"}
{"level":"info","message":"🌐 Millennium request: GET /MILLENIUM!JOIN_ONEUP.LANCAMENTOS.CONSULTALANCAMENTOS?cnpj=50.649.490%2F0001-20&n_documento=110938%2FC","service":"btg-baixa-titulos-service","timestamp":"2026-05-20T13:16:15.187Z"}
{"lancamento":1434868095,"level":"info","message":"ℹ️ Título 110938/C já estava baixado. Processo ignorado.","service":"btg-baixa-titulos-service","situacao":"BAIXADO","timestamp":"2026-05-20T13:16:15.204Z"}
{"level":"info","message":"🔎 Processando título 110595/B","service":"btg-baixa-titulos-service","timestamp":"2026-05-20T13:16:15.208Z"}
{"level":"info","message":"🌐 Millennium request: GET /MILLENIUM!JOIN_ONEUP.LANCAMENTOS.CONSULTALANCAMENTOS?cnpj=57.408.548%2F0001-92&n_documento=110595%2FB","service":"btg-baixa-titulos-service","timestamp":"2026-05-20T13:16:15.209Z"}
{"lancamento":1434863647,"level":"info","message":"ℹ️ Título 110595/B já estava baixado. Processo ignorado.","service":"btg-baixa-titulos-service","situacao":"BAIXADO","timestamp":"2026-05-20T13:16:15.223Z"}
{"level":"info","message":"🔎 Processando título 110938/B","service":"btg-baixa-titulos-service","timestamp":"2026-05-20T13:16:15.226Z"}
{"level":"info","message":"🌐 Millennium request: GET /MILLENIUM!JOIN_ONEUP.LANCAMENTOS.CONSULTALANCAMENTOS?cnpj=50.649.490%2F0001-20&n_documento=110938%2FB","service":"btg-baixa-titulos-service","timestamp":"2026-05-20T13:16:15.226Z"}
{"lancamento":1434868094,"level":"info","message":"ℹ️ Título 110938/B já estava baixado. Processo ignorado.","service":"btg-baixa-titulos-service","situacao":"BAIXADO","timestamp":"2026-05-20T13:16:15.242Z"}
{"level":"info","message":"🔎 Processando título 110595/A","service":"btg-baixa-titulos-service","timestamp":"2026-05-20T13:16:15.246Z"}
{"level":"info","message":"🌐 Millennium request: GET /MILLENIUM!JOIN_ONEUP.LANCAMENTOS.CONSULTALANCAMENTOS?cnpj=57.408.548%2F0001-92&n_documento=110595%2FA","service":"btg-baixa-titulos-service","timestamp":"2026-05-20T13:16:15.246Z"}
{"lancamento":1434863646,"level":"info","message":"ℹ️ Título 110595/A já estava baixado. Processo ignorado.","service":"btg-baixa-titulos-service","situacao":"BAIXADO","timestamp":"2026-05-20T13:16:15.258Z"}
{"level":"info","message":"🔎 Processando título 110938/A","service":"btg-baixa-titulos-service","timestamp":"2026-05-20T13:16:15.262Z"}
{"level":"info","message":"🌐 Millennium request: GET /MILLENIUM!JOIN_ONEUP.LANCAMENTOS.CONSULTALANCAMENTOS?cnpj=50.649.490%2F0001-20&n_documento=110938%2FA","service":"btg-baixa-titulos-service","timestamp":"2026-05-20T13:16:15.262Z"}
{"lancamento":1434868093,"level":"info","message":"ℹ️ Título 110938/A já estava baixado. Processo ignorado.","service":"btg-baixa-titulos-service","situacao":"BAIXADO","timestamp":"2026-05-20T13:16:15.277Z"}
{"level":"info","message":"🔎 Processando título 110166/D","service":"btg-baixa-titulos-service","timestamp":"2026-05-20T13:16:15.283Z"}
{"level":"info","message":"🌐 Millennium request: GET /MILLENIUM!JOIN_ONEUP.LANCAMENTOS.CONSULTALANCAMENTOS?cnpj=57.408.548%2F0001-92&n_documento=110166%2FD","service":"btg-baixa-titulos-service","timestamp":"2026-05-20T13:16:15.283Z"}
{"lancamento":1434860994,"level":"info","message":"ℹ️ Título 110166/D já estava baixado. Processo ignorado.","service":"btg-baixa-titulos-service","situacao":"BAIXADO","timestamp":"2026-05-20T13:16:15.376Z"}
{"level":"info","message":"🔎 Processando título 110937/C","service":"btg-baixa-titulos-service","timestamp":"2026-05-20T13:16:15.384Z"}
{"level":"info","message":"🌐 Millennium request: GET /MILLENIUM!JOIN_ONEUP.LANCAMENTOS.CONSULTALANCAMENTOS?cnpj=50.649.490%2F0001-20&n_documento=110937%2FC","service":"btg-baixa-titulos-service","timestamp":"2026-05-20T13:16:15.384Z"}
{"lancamento":1434868091,"level":"info","message":"ℹ️ Título 110937/C já estava baixado. Processo ignorado.","service":"btg-baixa-titulos-service","situacao":"BAIXADO","timestamp":"2026-05-20T13:16:15.400Z"}
{"level":"info","message":"🔎 Processando título 110166/C","service":"btg-baixa-titulos-service","timestamp":"2026-05-20T13:16:15.407Z"}
{"level":"info","message":"🌐 Millennium request: GET /MILLENIUM!JOIN_ONEUP.LANCAMENTOS.CONSULTALANCAMENTOS?cnpj=57.408.548%2F0001-92&n_documento=110166%2FC","service":"btg-baixa-titulos-service","timestamp":"2026-05-20T13:16:15.407Z"}
{"lancamento":1434860993,"level":"info","message":"ℹ️ Título 110166/C já estava baixado. Processo ignorado.","service":"btg-baixa-titulos-service","situacao":"BAIXADO","timestamp":"2026-05-20T13:16:15.422Z"}
{"level":"info","message":"🔎 Processando título 110937/B","service":"btg-baixa-titulos-service","timestamp":"2026-05-20T13:16:15.428Z"}
{"level":"info","message":"🌐 Millennium request: GET /MILLENIUM!JOIN_ONEUP.LANCAMENTOS.CONSULTALANCAMENTOS?cnpj=50.649.490%2F0001-20&n_documento=110937%2FB","service":"btg-baixa-titulos-service","timestamp":"2026-05-20T13:16:15.428Z"}
{"lancamento":1434868090,"level":"info","message":"ℹ️ Título 110937/B já estava baixado. Processo ignorado.","service":"btg-baixa-titulos-service","situacao":"BAIXADO","timestamp":"2026-05-20T13:16:15.444Z"}
{"level":"info","message":"🔎 Processando título 110166/B","service":"btg-baixa-titulos-service","timestamp":"2026-05-20T13:16:15.450Z"}
{"level":"info","message":"🌐 Millennium request: GET /MILLENIUM!JOIN_ONEUP.LANCAMENTOS.CONSULTALANCAMENTOS?cnpj=57.408.548%2F0001-92&n_documento=110166%2FB","service":"btg-baixa-titulos-service","timestamp":"2026-05-20T13:16:15.450Z"}
{"lancamento":1434860992,"level":"info","message":"ℹ️ Título 110166/B já estava baixado. Processo ignorado.","service":"btg-baixa-titulos-service","situacao":"BAIXADO","timestamp":"2026-05-20T13:16:15.466Z"}
{"level":"info","message":"🔎 Processando título 110937/A","service":"btg-baixa-titulos-service","timestamp":"2026-05-20T13:16:15.470Z"}
{"level":"info","message":"🌐 Millennium request: GET /MILLENIUM!JOIN_ONEUP.LANCAMENTOS.CONSULTALANCAMENTOS?cnpj=50.649.490%2F0001-20&n_documento=110937%2FA","service":"btg-baixa-titulos-service","timestamp":"2026-05-20T13:16:15.470Z"}
{"lancamento":1434868089,"level":"info","message":"ℹ️ Título 110937/A já estava baixado. Processo ignorado.","service":"btg-baixa-titulos-service","situacao":"BAIXADO","timestamp":"2026-05-20T13:16:15.485Z"}
{"level":"info","message":"🔎 Processando título 110166/A","service":"btg-baixa-titulos-service","timestamp":"2026-05-20T13:16:15.490Z"}
{"level":"info","message":"🌐 Millennium request: GET /MILLENIUM!JOIN_ONEUP.LANCAMENTOS.CONSULTALANCAMENTOS?cnpj=57.408.548%2F0001-92&n_documento=110166%2FA","service":"btg-baixa-titulos-service","timestamp":"2026-05-20T13:16:15.490Z"}
{"lancamento":1434860991,"level":"info","message":"ℹ️ Título 110166/A já estava baixado. Processo ignorado.","service":"btg-baixa-titulos-service","situacao":"BAIXADO","timestamp":"2026-05-20T13:16:15.504Z"}
{"level":"info","message":"🔎 Processando título 110936/C","service":"btg-baixa-titulos-service","timestamp":"2026-05-20T13:16:15.509Z"}
{"level":"info","message":"🌐 Millennium request: GET /MILLENIUM!JOIN_ONEUP.LANCAMENTOS.CONSULTALANCAMENTOS?cnpj=50.649.490%2F0001-20&n_documento=110936%2FC","service":"btg-baixa-titulos-service","timestamp":"2026-05-20T13:16:15.509Z"}
{"lancamento":1434868084,"level":"info","message":"ℹ️ Título 110936/C já estava baixado. Processo ignorado.","service":"btg-baixa-titulos-service","situacao":"BAIXADO","timestamp":"2026-05-20T13:16:15.524Z"}
{"level":"info","message":"🔎 Processando título 109911/D","service":"btg-baixa-titulos-service","timestamp":"2026-05-20T13:16:15.527Z"}
{"level":"info","message":"🌐 Millennium request: GET /MILLENIUM!JOIN_ONEUP.LANCAMENTOS.CONSULTALANCAMENTOS?cnpj=56.961.472%2F0001-65&n_documento=109911%2FD","service":"btg-baixa-titulos-service","timestamp":"2026-05-20T13:16:15.527Z"}
{"lancamento":1434858494,"level":"info","message":"ℹ️ Título 109911/D já estava baixado. Processo ignorado.","service":"btg-baixa-titulos-service","situacao":"BAIXADO","timestamp":"2026-05-20T13:16:15.544Z"}
{"level":"info","message":"🔎 Processando título 110936/B","service":"btg-baixa-titulos-service","timestamp":"2026-05-20T13:16:15.547Z"}
{"level":"info","message":"🌐 Millennium request: GET /MILLENIUM!JOIN_ONEUP.LANCAMENTOS.CONSULTALANCAMENTOS?cnpj=50.649.490%2F0001-20&n_documento=110936%2FB","service":"btg-baixa-titulos-service","timestamp":"2026-05-20T13:16:15.547Z"}
{"lancamento":1434868083,"level":"info","message":"ℹ️ Título 110936/B já estava baixado. Processo ignorado.","service":"btg-baixa-titulos-service","situacao":"BAIXADO","timestamp":"2026-05-20T13:16:15.562Z"}
{"level":"info","message":"🔎 Processando título 109911/C","service":"btg-baixa-titulos-service","timestamp":"2026-05-20T13:16:15.567Z"}
{"level":"info","message":"🌐 Millennium request: GET /MILLENIUM!JOIN_ONEUP.LANCAMENTOS.CONSULTALANCAMENTOS?cnpj=56.961.472%2F0001-65&n_documento=109911%2FC","service":"btg-baixa-titulos-service","timestamp":"2026-05-20T13:16:15.567Z"}
{"lancamento":1434858493,"level":"info","message":"ℹ️ Título 109911/C já estava baixado. Processo ignorado.","service":"btg-baixa-titulos-service","situacao":"BAIXADO","timestamp":"2026-05-20T13:16:15.584Z"}
{"level":"info","message":"🔎 Processando título 110936/A","service":"btg-baixa-titulos-service","timestamp":"2026-05-20T13:16:15.589Z"}
{"level":"info","message":"🌐 Millennium request: GET /MILLENIUM!JOIN_ONEUP.LANCAMENTOS.CONSULTALANCAMENTOS?cnpj=50.649.490%2F0001-20&n_documento=110936%2FA","service":"btg-baixa-titulos-service","timestamp":"2026-05-20T13:16:15.589Z"}
{"lancamento":1434868082,"level":"info","message":"ℹ️ Título 110936/A já estava baixado. Processo ignorado.","service":"btg-baixa-titulos-service","situacao":"BAIXADO","timestamp":"2026-05-20T13:16:15.607Z"}
{"level":"info","message":"🔎 Processando título 109911/B","service":"btg-baixa-titulos-service","timestamp":"2026-05-20T13:16:15.612Z"}
{"level":"info","message":"🌐 Millennium request: GET /MILLENIUM!JOIN_ONEUP.LANCAMENTOS.CONSULTALANCAMENTOS?cnpj=56.961.472%2F0001-65&n_documento=109911%2FB","service":"btg-baixa-titulos-service","timestamp":"2026-05-20T13:16:15.612Z"}
{"lancamento":1434858492,"level":"info","message":"ℹ️ Título 109911/B já estava baixado. Processo ignorado.","service":"btg-baixa-titulos-service","situacao":"BAIXADO","timestamp":"2026-05-20T13:16:15.627Z"}
{"level":"info","message":"🔎 Processando título 110935/C","service":"btg-baixa-titulos-service","timestamp":"2026-05-20T13:16:15.631Z"}
{"level":"info","message":"🌐 Millennium request: GET /MILLENIUM!JOIN_ONEUP.LANCAMENTOS.CONSULTALANCAMENTOS?cnpj=50.649.490%2F0001-20&n_documento=110935%2FC","service":"btg-baixa-titulos-service","timestamp":"2026-05-20T13:16:15.631Z"}
{"lancamento":1434868081,"level":"info","message":"ℹ️ Título 110935/C já estava baixado. Processo ignorado.","service":"btg-baixa-titulos-service","situacao":"BAIXADO","timestamp":"2026-05-20T13:16:15.650Z"}
{"level":"info","message":"🔎 Processando título 110935/B","service":"btg-baixa-titulos-service","timestamp":"2026-05-20T13:16:15.654Z"}
{"level":"info","message":"🌐 Millennium request: GET /MILLENIUM!JOIN_ONEUP.LANCAMENTOS.CONSULTALANCAMENTOS?cnpj=50.649.490%2F0001-20&n_documento=110935%2FB","service":"btg-baixa-titulos-service","timestamp":"2026-05-20T13:16:15.654Z"}
{"lancamento":1434868080,"level":"info","message":"ℹ️ Título 110935/B já estava baixado. Processo ignorado.","service":"btg-baixa-titulos-service","situacao":"BAIXADO","timestamp":"2026-05-20T13:16:15.669Z"}
{"level":"info","message":"🔎 Processando título 109911/A","service":"btg-baixa-titulos-service","timestamp":"2026-05-20T13:16:15.673Z"}
{"level":"info","message":"🌐 Millennium request: GET /MILLENIUM!JOIN_ONEUP.LANCAMENTOS.CONSULTALANCAMENTOS?cnpj=56.961.472%2F0001-65&n_documento=109911%2FA","service":"btg-baixa-titulos-service","timestamp":"2026-05-20T13:16:15.673Z"}
{"lancamento":1434858491,"level":"info","message":"ℹ️ Título 109911/A já estava baixado. Processo ignorado.","service":"btg-baixa-titulos-service","situacao":"BAIXADO","timestamp":"2026-05-20T13:16:15.689Z"}
{"level":"info","message":"🔎 Processando título 110935/A","service":"btg-baixa-titulos-service","timestamp":"2026-05-20T13:16:15.693Z"}
{"level":"info","message":"🌐 Millennium request: GET /MILLENIUM!JOIN_ONEUP.LANCAMENTOS.CONSULTALANCAMENTOS?cnpj=50.649.490%2F0001-20&n_documento=110935%2FA","service":"btg-baixa-titulos-service","timestamp":"2026-05-20T13:16:15.693Z"}
{"lancamento":1434868079,"level":"info","message":"ℹ️ Título 110935/A já estava baixado. Processo ignorado.","service":"btg-baixa-titulos-service","situacao":"BAIXADO","timestamp":"2026-05-20T13:16:15.710Z"}
{"level":"info","message":"🔎 Processando título 110934/C","service":"btg-baixa-titulos-service","timestamp":"2026-05-20T13:16:15.713Z"}
{"level":"info","message":"🌐 Millennium request: GET /MILLENIUM!JOIN_ONEUP.LANCAMENTOS.CONSULTALANCAMENTOS?cnpj=50.649.490%2F0001-20&n_documento=110934%2FC","service":"btg-baixa-titulos-service","timestamp":"2026-05-20T13:16:15.713Z"}
{"lancamento":1434868074,"level":"info","message":"ℹ️ Título 110934/C já estava baixado. Processo ignorado.","service":"btg-baixa-titulos-service","situacao":"BAIXADO","timestamp":"2026-05-20T13:16:15.727Z"}
{"level":"info","message":"🔎 Processando título 110934/B","service":"btg-baixa-titulos-service","timestamp":"2026-05-20T13:16:15.731Z"}
{"level":"info","message":"🌐 Millennium request: GET /MILLENIUM!JOIN_ONEUP.LANCAMENTOS.CONSULTALANCAMENTOS?cnpj=50.649.490%2F0001-20&n_documento=110934%2FB","service":"btg-baixa-titulos-service","timestamp":"2026-05-20T13:16:15.731Z"}
{"lancamento":1434868073,"level":"info","message":"ℹ️ Título 110934/B já estava baixado. Processo ignorado.","service":"btg-baixa-titulos-service","situacao":"BAIXADO","timestamp":"2026-05-20T13:16:15.744Z"}
{"level":"info","message":"🔎 Processando título 110934/A","service":"btg-baixa-titulos-service","timestamp":"2026-05-20T13:16:15.748Z"}
{"level":"info","message":"🌐 Millennium request: GET /MILLENIUM!JOIN_ONEUP.LANCAMENTOS.CONSULTALANCAMENTOS?cnpj=50.649.490%2F0001-20&n_documento=110934%2FA","service":"btg-baixa-titulos-service","timestamp":"2026-05-20T13:16:15.748Z"}
{"lancamento":1434868072,"level":"info","message":"ℹ️ Título 110934/A já estava baixado. Processo ignorado.","service":"btg-baixa-titulos-service","situacao":"BAIXADO","timestamp":"2026-05-20T13:16:15.773Z"}
{"level":"info","message":"🔎 Processando título 110761","service":"btg-baixa-titulos-service","timestamp":"2026-05-20T13:16:15.778Z"}
{"level":"info","message":"🌐 Millennium request: GET /MILLENIUM!JOIN_ONEUP.LANCAMENTOS.CONSULTALANCAMENTOS?cnpj=01.009.793%2F0001-72&n_documento=110761","service":"btg-baixa-titulos-service","timestamp":"2026-05-20T13:16:15.778Z"}
{"lancamento":1434866540,"level":"info","message":"ℹ️ Título 110761 já estava baixado. Processo ignorado.","service":"btg-baixa-titulos-service","situacao":"BAIXADO","timestamp":"2026-05-20T13:16:15.793Z"}
{"level":"info","message":"🔎 Processando título 110759/D","service":"btg-baixa-titulos-service","timestamp":"2026-05-20T13:16:15.797Z"}
{"level":"info","message":"🌐 Millennium request: GET /MILLENIUM!JOIN_ONEUP.LANCAMENTOS.CONSULTALANCAMENTOS?cnpj=73.652.158%2F0001-10&n_documento=110759%2FD","service":"btg-baixa-titulos-service","timestamp":"2026-05-20T13:16:15.797Z"}
{"lancamento":1434866526,"level":"info","message":"ℹ️ Título 110759/D já estava baixado. Processo ignorado.","service":"btg-baixa-titulos-service","situacao":"BAIXADO","timestamp":"2026-05-20T13:16:15.902Z"}
{"level":"info","message":"🔎 Processando título CORRE 108314","service":"btg-baixa-titulos-service","timestamp":"2026-05-20T13:16:15.908Z"}
{"level":"info","message":"🌐 Millennium request: GET /MILLENIUM!JOIN_ONEUP.LANCAMENTOS.CONSULTALANCAMENTOS?cnpj=02.355.679%2F0001-67&n_documento=CORRE%20108314","service":"btg-baixa-titulos-service","timestamp":"2026-05-20T13:16:15.908Z"}
{"lancamento":1434857620,"level":"info","message":"ℹ️ Título CORRE 108314 já estava baixado. Processo ignorado.","service":"btg-baixa-titulos-service","situacao":"BAIXADO","timestamp":"2026-05-20T13:16:15.925Z"}
{"level":"info","message":"🔎 Processando título CORRE 108313","service":"btg-baixa-titulos-service","timestamp":"2026-05-20T13:16:15.928Z"}
{"level":"info","message":"🌐 Millennium request: GET /MILLENIUM!JOIN_ONEUP.LANCAMENTOS.CONSULTALANCAMENTOS?cnpj=22.031.998%2F0001-24&n_documento=CORRE%20108313","service":"btg-baixa-titulos-service","timestamp":"2026-05-20T13:16:15.928Z"}
{"lancamento":1434857617,"level":"info","message":"ℹ️ Título CORRE 108313 já estava baixado. Processo ignorado.","service":"btg-baixa-titulos-service","situacao":"BAIXADO","timestamp":"2026-05-20T13:16:15.944Z"}
{"level":"info","message":"🔎 Processando título FRE 108317","service":"btg-baixa-titulos-service","timestamp":"2026-05-20T13:16:15.947Z"}
{"level":"info","message":"🌐 Millennium request: GET /MILLENIUM!JOIN_ONEUP.LANCAMENTOS.CONSULTALANCAMENTOS?cnpj=03.294.992%2F0001-03&n_documento=FRE%20108317","service":"btg-baixa-titulos-service","timestamp":"2026-05-20T13:16:15.948Z"}
{"lancamento":1434857396,"level":"info","message":"ℹ️ Título FRE 108317 já estava baixado. Processo ignorado.","service":"btg-baixa-titulos-service","situacao":"BAIXADO","timestamp":"2026-05-20T13:16:15.960Z"}
{"level":"info","message":"🔎 Processando título FRE 108253","service":"btg-baixa-titulos-service","timestamp":"2026-05-20T13:16:15.965Z"}
{"level":"info","message":"🌐 Millennium request: GET /MILLENIUM!JOIN_ONEUP.LANCAMENTOS.CONSULTALANCAMENTOS?cnpj=57.408.548%2F0001-92&n_documento=FRE%20108253","service":"btg-baixa-titulos-service","timestamp":"2026-05-20T13:16:15.965Z"}
{"lancamento":1434857394,"level":"info","message":"ℹ️ Título FRE 108253 já estava baixado. Processo ignorado.","service":"btg-baixa-titulos-service","situacao":"BAIXADO","timestamp":"2026-05-20T13:16:15.980Z"}
{"level":"info","message":"🔎 Processando título CORRE 109093","service":"btg-baixa-titulos-service","timestamp":"2026-05-20T13:16:15.985Z"}
{"level":"info","message":"🌐 Millennium request: GET /MILLENIUM!JOIN_ONEUP.LANCAMENTOS.CONSULTALANCAMENTOS?cnpj=57.408.548%2F0001-92&n_documento=CORRE%20109093","service":"btg-baixa-titulos-service","timestamp":"2026-05-20T13:16:15.985Z"}
{"lancamento":1434857622,"level":"info","message":"ℹ️ Título CORRE 109093 já estava baixado. Processo ignorado.","service":"btg-baixa-titulos-service","situacao":"BAIXADO","timestamp":"2026-05-20T13:16:16.000Z"}
{"level":"info","message":"🔎 Processando título CORRE 108156","service":"btg-baixa-titulos-service","timestamp":"2026-05-20T13:16:16.006Z"}
{"level":"info","message":"🌐 Millennium request: GET /MILLENIUM!JOIN_ONEUP.LANCAMENTOS.CONSULTALANCAMENTOS?cnpj=57.408.548%2F0001-92&n_documento=CORRE%20108156","service":"btg-baixa-titulos-service","timestamp":"2026-05-20T13:16:16.006Z"}
{"lancamento":1434857602,"level":"info","message":"ℹ️ Título CORRE 108156 já estava baixado. Processo ignorado.","service":"btg-baixa-titulos-service","situacao":"BAIXADO","timestamp":"2026-05-20T13:16:16.022Z"}
{"level":"info","message":"🔎 Processando título CORRE 108020","service":"btg-baixa-titulos-service","timestamp":"2026-05-20T13:16:16.024Z"}
{"level":"info","message":"🌐 Millennium request: GET /MILLENIUM!JOIN_ONEUP.LANCAMENTOS.CONSULTALANCAMENTOS?cnpj=57.408.548%2F0001-92&n_documento=CORRE%20108020","service":"btg-baixa-titulos-service","timestamp":"2026-05-20T13:16:16.024Z"}
{"lancamento":1434857442,"level":"info","message":"ℹ️ Título CORRE 108020 já estava baixado. Processo ignorado.","service":"btg-baixa-titulos-service","situacao":"BAIXADO","timestamp":"2026-05-20T13:16:16.045Z"}
{"level":"info","message":"🔎 Processando título CORRE 107627","service":"btg-baixa-titulos-service","timestamp":"2026-05-20T13:16:16.047Z"}
{"level":"info","message":"🌐 Millennium request: GET /MILLENIUM!JOIN_ONEUP.LANCAMENTOS.CONSULTALANCAMENTOS?cnpj=57.408.548%2F0001-92&n_documento=CORRE%20107627","service":"btg-baixa-titulos-service","timestamp":"2026-05-20T13:16:16.047Z"}
{"lancamento":1434857433,"level":"info","message":"ℹ️ Título CORRE 107627 já estava baixado. Processo ignorado.","service":"btg-baixa-titulos-service","situacao":"BAIXADO","timestamp":"2026-05-20T13:16:16.063Z"}
{"level":"info","message":"🔎 Processando título FRE 108251","service":"btg-baixa-titulos-service","timestamp":"2026-05-20T13:16:16.067Z"}
{"level":"info","message":"🌐 Millennium request: GET /MILLENIUM!JOIN_ONEUP.LANCAMENTOS.CONSULTALANCAMENTOS?cnpj=01.009.793%2F0001-72&n_documento=FRE%20108251","service":"btg-baixa-titulos-service","timestamp":"2026-05-20T13:16:16.067Z"}
{"lancamento":1434857395,"level":"info","message":"ℹ️ Título FRE 108251 já estava baixado. Processo ignorado.","service":"btg-baixa-titulos-service","situacao":"BAIXADO","timestamp":"2026-05-20T13:16:16.085Z"}
{"level":"info","message":"🔎 Processando título 108304","service":"btg-baixa-titulos-service","timestamp":"2026-05-20T13:16:16.089Z"}
{"level":"info","message":"🌐 Millennium request: GET /MILLENIUM!JOIN_ONEUP.LANCAMENTOS.CONSULTALANCAMENTOS?cnpj=07.409.302%2F0001-67&n_documento=108304","service":"btg-baixa-titulos-service","timestamp":"2026-05-20T13:16:16.089Z"}
{"lancamento":1434857621,"level":"info","message":"ℹ️ Título 108304 já estava baixado. Processo ignorado.","service":"btg-baixa-titulos-service","situacao":"BAIXADO","timestamp":"2026-05-20T13:16:16.107Z"}
{"level":"info","message":"🔎 Processando título 106147/B","service":"btg-baixa-titulos-service","timestamp":"2026-05-20T13:16:16.111Z"}
{"level":"info","message":"🌐 Millennium request: GET /MILLENIUM!JOIN_ONEUP.LANCAMENTOS.CONSULTALANCAMENTOS?cnpj=50.649.490%2F0001-20&n_documento=106147%2FB","service":"btg-baixa-titulos-service","timestamp":"2026-05-20T13:16:16.111Z"}
{"lancamento":1434801563,"level":"info","message":"ℹ️ Título 106147/B já estava baixado. Processo ignorado.","service":"btg-baixa-titulos-service","situacao":"BAIXADO","timestamp":"2026-05-20T13:16:16.125Z"}
{"level":"info","message":"🔎 Processando título 106147/C","service":"btg-baixa-titulos-service","timestamp":"2026-05-20T13:16:16.129Z"}
{"level":"info","message":"🌐 Millennium request: GET /MILLENIUM!JOIN_ONEUP.LANCAMENTOS.CONSULTALANCAMENTOS?cnpj=50.649.490%2F0001-20&n_documento=106147%2FC","service":"btg-baixa-titulos-service","timestamp":"2026-05-20T13:16:16.129Z"}
{"lancamento":1434801564,"level":"info","message":"ℹ️ Título 106147/C já estava baixado. Processo ignorado.","service":"btg-baixa-titulos-service","situacao":"BAIXADO","timestamp":"2026-05-20T13:16:16.146Z"}
{"level":"info","message":"🔎 Processando título 106139/B","service":"btg-baixa-titulos-service","timestamp":"2026-05-20T13:16:16.150Z"}
{"level":"info","message":"🌐 Millennium request: GET /MILLENIUM!JOIN_ONEUP.LANCAMENTOS.CONSULTALANCAMENTOS?cnpj=50.649.490%2F0001-20&n_documento=106139%2FB","service":"btg-baixa-titulos-service","timestamp":"2026-05-20T13:16:16.150Z"}
{"lancamento":1434801525,"level":"info","message":"ℹ️ Título 106139/B já estava baixado. Processo ignorado.","service":"btg-baixa-titulos-service","situacao":"BAIXADO","timestamp":"2026-05-20T13:16:16.165Z"}
{"level":"info","message":"🔎 Processando título 106135/C","service":"btg-baixa-titulos-service","timestamp":"2026-05-20T13:16:16.170Z"}
{"level":"info","message":"🌐 Millennium request: GET /MILLENIUM!JOIN_ONEUP.LANCAMENTOS.CONSULTALANCAMENTOS?cnpj=50.649.490%2F0001-20&n_documento=106135%2FC","service":"btg-baixa-titulos-service","timestamp":"2026-05-20T13:16:16.170Z"}
{"lancamento":1434801481,"level":"info","message":"ℹ️ Título 106135/C já estava baixado. Processo ignorado.","service":"btg-baixa-titulos-service","situacao":"BAIXADO","timestamp":"2026-05-20T13:16:16.186Z"}
{"level":"info","message":"🔎 Processando título 106141/B","service":"btg-baixa-titulos-service","timestamp":"2026-05-20T13:16:16.190Z"}
{"level":"info","message":"🌐 Millennium request: GET /MILLENIUM!JOIN_ONEUP.LANCAMENTOS.CONSULTALANCAMENTOS?cnpj=50.649.490%2F0001-20&n_documento=106141%2FB","service":"btg-baixa-titulos-service","timestamp":"2026-05-20T13:16:16.191Z"}
{"lancamento":1434801534,"level":"info","message":"ℹ️ Título 106141/B já estava baixado. Processo ignorado.","service":"btg-baixa-titulos-service","situacao":"BAIXADO","timestamp":"2026-05-20T13:16:16.208Z"}
{"level":"info","message":"🔎 Processando título 106143/C","service":"btg-baixa-titulos-service","timestamp":"2026-05-20T13:16:16.213Z"}
{"level":"info","message":"🌐 Millennium request: GET /MILLENIUM!JOIN_ONEUP.LANCAMENTOS.CONSULTALANCAMENTOS?cnpj=50.649.490%2F0001-20&n_documento=106143%2FC","service":"btg-baixa-titulos-service","timestamp":"2026-05-20T13:16:16.213Z"}
{"lancamento":1434801552,"level":"info","message":"ℹ️ Título 106143/C já estava baixado. Processo ignorado.","service":"btg-baixa-titulos-service","situacao":"BAIXADO","timestamp":"2026-05-20T13:16:16.226Z"}
{"level":"info","message":"🔎 Processando título 106143/B","service":"btg-baixa-titulos-service","timestamp":"2026-05-20T13:16:16.229Z"}
{"level":"info","message":"🌐 Millennium request: GET /MILLENIUM!JOIN_ONEUP.LANCAMENTOS.CONSULTALANCAMENTOS?cnpj=50.649.490%2F0001-20&n_documento=106143%2FB","service":"btg-baixa-titulos-service","timestamp":"2026-05-20T13:16:16.229Z"}
{"lancamento":1434801551,"level":"info","message":"ℹ️ Título 106143/B já estava baixado. Processo ignorado.","service":"btg-baixa-titulos-service","situacao":"BAIXADO","timestamp":"2026-05-20T13:16:16.246Z"}
{"level":"info","message":"🔎 Processando título 106145/B","service":"btg-baixa-titulos-service","timestamp":"2026-05-20T13:16:16.248Z"}
{"level":"info","message":"🌐 Millennium request: GET /MILLENIUM!JOIN_ONEUP.LANCAMENTOS.CONSULTALANCAMENTOS?cnpj=50.649.490%2F0001-20&n_documento=106145%2FB","service":"btg-baixa-titulos-service","timestamp":"2026-05-20T13:16:16.248Z"}
{"lancamento":1434801556,"level":"info","message":"ℹ️ Título 106145/B já estava baixado. Processo ignorado.","service":"btg-baixa-titulos-service","situacao":"BAIXADO","timestamp":"2026-05-20T13:16:16.263Z"}
{"level":"info","message":"🔎 Processando título 106130/B","service":"btg-baixa-titulos-service","timestamp":"2026-05-20T13:16:16.265Z"}
{"level":"info","message":"🌐 Millennium request: GET /MILLENIUM!JOIN_ONEUP.LANCAMENTOS.CONSULTALANCAMENTOS?cnpj=50.649.490%2F0001-20&n_documento=106130%2FB","service":"btg-baixa-titulos-service","timestamp":"2026-05-20T13:16:16.265Z"}
{"lancamento":1434801462,"level":"info","message":"ℹ️ Título 106130/B já estava baixado. Processo ignorado.","service":"btg-baixa-titulos-service","situacao":"BAIXADO","timestamp":"2026-05-20T13:16:16.280Z"}
{"level":"info","message":"🔎 Processando título 106115/A","service":"btg-baixa-titulos-service","timestamp":"2026-05-20T13:16:16.283Z"}
{"level":"info","message":"🌐 Millennium request: GET /MILLENIUM!JOIN_ONEUP.LANCAMENTOS.CONSULTALANCAMENTOS?cnpj=47.485.403%2F0001-31&n_documento=106115%2FA","service":"btg-baixa-titulos-service","timestamp":"2026-05-20T13:16:16.283Z"}
{"lancamento":1434801385,"level":"info","message":"ℹ️ Título 106115/A já estava baixado. Processo ignorado.","service":"btg-baixa-titulos-service","situacao":"BAIXADO","timestamp":"2026-05-20T13:16:16.296Z"}
{"level":"info","message":"🔎 Processando título 106115/B","service":"btg-baixa-titulos-service","timestamp":"2026-05-20T13:16:16.300Z"}
{"level":"info","message":"🌐 Millennium request: GET /MILLENIUM!JOIN_ONEUP.LANCAMENTOS.CONSULTALANCAMENTOS?cnpj=47.485.403%2F0001-31&n_documento=106115%2FB","service":"btg-baixa-titulos-service","timestamp":"2026-05-20T13:16:16.300Z"}
{"lancamento":1434801386,"level":"info","message":"ℹ️ Título 106115/B já estava baixado. Processo ignorado.","service":"btg-baixa-titulos-service","situacao":"BAIXADO","timestamp":"2026-05-20T13:16:16.314Z"}
{"level":"info","message":"🔎 Processando título 106117/B","service":"btg-baixa-titulos-service","timestamp":"2026-05-20T13:16:16.316Z"}
{"level":"info","message":"🌐 Millennium request: GET /MILLENIUM!JOIN_ONEUP.LANCAMENTOS.CONSULTALANCAMENTOS?cnpj=47.485.403%2F0001-31&n_documento=106117%2FB","service":"btg-baixa-titulos-service","timestamp":"2026-05-20T13:16:16.316Z"}
{"lancamento":1434801392,"level":"info","message":"ℹ️ Título 106117/B já estava baixado. Processo ignorado.","service":"btg-baixa-titulos-service","situacao":"BAIXADO","timestamp":"2026-05-20T13:16:16.330Z"}
{"level":"info","message":"🔎 Processando título 106121/C","service":"btg-baixa-titulos-service","timestamp":"2026-05-20T13:16:16.332Z"}
{"level":"info","message":"🌐 Millennium request: GET /MILLENIUM!JOIN_ONEUP.LANCAMENTOS.CONSULTALANCAMENTOS?cnpj=47.485.403%2F0001-31&n_documento=106121%2FC","service":"btg-baixa-titulos-service","timestamp":"2026-05-20T13:16:16.332Z"}
{"lancamento":1434801426,"level":"info","message":"ℹ️ Título 106121/C já estava baixado. Processo ignorado.","service":"btg-baixa-titulos-service","situacao":"BAIXADO","timestamp":"2026-05-20T13:16:16.424Z"}
{"level":"info","message":"🔎 Processando título 106121/B","service":"btg-baixa-titulos-service","timestamp":"2026-05-20T13:16:16.431Z"}
{"level":"info","message":"🌐 Millennium request: GET /MILLENIUM!JOIN_ONEUP.LANCAMENTOS.CONSULTALANCAMENTOS?cnpj=47.485.403%2F0001-31&n_documento=106121%2FB","service":"btg-baixa-titulos-service","timestamp":"2026-05-20T13:16:16.431Z"}
{"lancamento":1434801425,"level":"info","message":"ℹ️ Título 106121/B já estava baixado. Processo ignorado.","service":"btg-baixa-titulos-service","situacao":"BAIXADO","timestamp":"2026-05-20T13:16:16.449Z"}
{"level":"info","message":"🔎 Processando título 106120/B","service":"btg-baixa-titulos-service","timestamp":"2026-05-20T13:16:16.455Z"}
{"level":"info","message":"🌐 Millennium request: GET /MILLENIUM!JOIN_ONEUP.LANCAMENTOS.CONSULTALANCAMENTOS?cnpj=47.485.403%2F0001-31&n_documento=106120%2FB","service":"btg-baixa-titulos-service","timestamp":"2026-05-20T13:16:16.455Z"}
{"lancamento":1434801418,"level":"info","message":"ℹ️ Título 106120/B já estava baixado. Processo ignorado.","service":"btg-baixa-titulos-service","situacao":"BAIXADO","timestamp":"2026-05-20T13:16:16.472Z"}
{"level":"info","message":"🔎 Processando título 109075/C","service":"btg-baixa-titulos-service","timestamp":"2026-05-20T13:16:16.481Z"}
{"level":"info","message":"🌐 Millennium request: GET /MILLENIUM!JOIN_ONEUP.LANCAMENTOS.CONSULTALANCAMENTOS?cnpj=01.329.811%2F0001-01&n_documento=109075%2FC","service":"btg-baixa-titulos-service","timestamp":"2026-05-20T13:16:16.482Z"}
{"erro":"Título não localizado: 109075/C","level":"error","message":"❌ Erro no título 109075/C","service":"btg-baixa-titulos-service","status":"ERRO_CONSULTA","timestamp":"2026-05-20T13:16:16.499Z"}
{"level":"info","message":"🔎 Processando título RA-06-11","service":"btg-baixa-titulos-service","timestamp":"2026-05-20T13:16:16.505Z"}
{"level":"info","message":"🌐 Millennium request: GET /MILLENIUM!JOIN_ONEUP.LANCAMENTOS.CONSULTALANCAMENTOS?cnpj=01.329.811%2F0001-01&n_documento=RA-06-11","service":"btg-baixa-titulos-service","timestamp":"2026-05-20T13:16:16.505Z"}
{"erro":"Título não localizado: RA-06-11","level":"error","message":"❌ Erro no título RA-06-11","service":"btg-baixa-titulos-service","status":"ERRO_CONSULTA","timestamp":"2026-05-20T13:16:16.520Z"}
{"level":"info","message":"🔎 Processando título 107627/D","service":"btg-baixa-titulos-service","timestamp":"2026-05-20T13:16:16.524Z"}
{"level":"info","message":"🌐 Millennium request: GET /MILLENIUM!JOIN_ONEUP.LANCAMENTOS.CONSULTALANCAMENTOS?cnpj=57.408.548%2F0001-92&n_documento=107627%2FD","service":"btg-baixa-titulos-service","timestamp":"2026-05-20T13:16:16.524Z"}
{"lancamento":1434808247,"level":"info","message":"ℹ️ Título 107627/D já estava baixado. Processo ignorado.","service":"btg-baixa-titulos-service","situacao":"BAIXADO","timestamp":"2026-05-20T13:16:16.544Z"}
{"level":"info","message":"🔎 Processando título 108317/F","service":"btg-baixa-titulos-service","timestamp":"2026-05-20T13:16:16.547Z"}
{"level":"info","message":"🌐 Millennium request: GET /MILLENIUM!JOIN_ONEUP.LANCAMENTOS.CONSULTALANCAMENTOS?cnpj=03.294.992%2F0001-03&n_documento=108317%2FF","service":"btg-baixa-titulos-service","timestamp":"2026-05-20T13:16:16.547Z"}
{"lancamento":1434850308,"level":"info","message":"ℹ️ Título 108317/F já estava baixado. Processo ignorado.","service":"btg-baixa-titulos-service","situacao":"BAIXADO","timestamp":"2026-05-20T13:16:16.565Z"}
{"level":"info","message":"🔎 Processando título 108331/C","service":"btg-baixa-titulos-service","timestamp":"2026-05-20T13:16:16.570Z"}
{"level":"info","message":"🌐 Millennium request: GET /MILLENIUM!JOIN_ONEUP.LANCAMENTOS.CONSULTALANCAMENTOS?cnpj=47.485.403%2F0001-31&n_documento=108331%2FC","service":"btg-baixa-titulos-service","timestamp":"2026-05-20T13:16:16.570Z"}
{"lancamento":1434850370,"level":"info","message":"ℹ️ Título 108331/C já estava baixado. Processo ignorado.","service":"btg-baixa-titulos-service","situacao":"BAIXADO","timestamp":"2026-05-20T13:16:16.585Z"}
{"level":"info","message":"🔎 Processando título 108326/C","service":"btg-baixa-titulos-service","timestamp":"2026-05-20T13:16:16.590Z"}
{"level":"info","message":"🌐 Millennium request: GET /MILLENIUM!JOIN_ONEUP.LANCAMENTOS.CONSULTALANCAMENTOS?cnpj=96.609.490%2F0001-05&n_documento=108326%2FC","service":"btg-baixa-titulos-service","timestamp":"2026-05-20T13:16:16.590Z"}
{"lancamento":1434850354,"level":"info","message":"ℹ️ Título 108326/C já estava baixado. Processo ignorado.","service":"btg-baixa-titulos-service","situacao":"BAIXADO","timestamp":"2026-05-20T13:16:16.607Z"}
{"level":"info","message":"🔎 Processando título 108328/C","service":"btg-baixa-titulos-service","timestamp":"2026-05-20T13:16:16.613Z"}
{"level":"info","message":"🌐 Millennium request: GET /MILLENIUM!JOIN_ONEUP.LANCAMENTOS.CONSULTALANCAMENTOS?cnpj=59.205.187%2F0001-02&n_documento=108328%2FC","service":"btg-baixa-titulos-service","timestamp":"2026-05-20T13:16:16.613Z"}
{"lancamento":1434850363,"level":"info","message":"ℹ️ Título 108328/C já estava baixado. Processo ignorado.","service":"btg-baixa-titulos-service","situacao":"BAIXADO","timestamp":"2026-05-20T13:16:16.643Z"}
{"level":"info","message":"🔎 Processando título 108327/C","service":"btg-baixa-titulos-service","timestamp":"2026-05-20T13:16:16.649Z"}
{"level":"info","message":"🌐 Millennium request: GET /MILLENIUM!JOIN_ONEUP.LANCAMENTOS.CONSULTALANCAMENTOS?cnpj=73.652.158%2F0001-10&n_documento=108327%2FC","service":"btg-baixa-titulos-service","timestamp":"2026-05-20T13:16:16.649Z"}
{"lancamento":1434850357,"level":"info","message":"ℹ️ Título 108327/C já estava baixado. Processo ignorado.","service":"btg-baixa-titulos-service","situacao":"BAIXADO","timestamp":"2026-05-20T13:16:16.667Z"}
{"level":"info","message":"🔎 Processando título 108324/C","service":"btg-baixa-titulos-service","timestamp":"2026-05-20T13:16:16.674Z"}
{"level":"info","message":"🌐 Millennium request: GET /MILLENIUM!JOIN_ONEUP.LANCAMENTOS.CONSULTALANCAMENTOS?cnpj=47.485.403%2F0001-31&n_documento=108324%2FC","service":"btg-baixa-titulos-service","timestamp":"2026-05-20T13:16:16.674Z"}
{"lancamento":1434850351,"level":"info","message":"ℹ️ Título 108324/C já estava baixado. Processo ignorado.","service":"btg-baixa-titulos-service","situacao":"BAIXADO","timestamp":"2026-05-20T13:16:16.695Z"}
{"level":"info","message":"🔎 Processando título 108323/C","service":"btg-baixa-titulos-service","timestamp":"2026-05-20T13:16:16.702Z"}
{"level":"info","message":"🌐 Millennium request: GET /MILLENIUM!JOIN_ONEUP.LANCAMENTOS.CONSULTALANCAMENTOS?cnpj=47.485.403%2F0001-31&n_documento=108323%2FC","service":"btg-baixa-titulos-service","timestamp":"2026-05-20T13:16:16.702Z"}
{"lancamento":1434850342,"level":"info","message":"ℹ️ Título 108323/C já estava baixado. Processo ignorado.","service":"btg-baixa-titulos-service","situacao":"BAIXADO","timestamp":"2026-05-20T13:16:16.720Z"}
{"level":"info","message":"🔎 Processando título 108321/C","service":"btg-baixa-titulos-service","timestamp":"2026-05-20T13:16:16.726Z"}
{"level":"info","message":"🌐 Millennium request: GET /MILLENIUM!JOIN_ONEUP.LANCAMENTOS.CONSULTALANCAMENTOS?cnpj=47.485.403%2F0001-31&n_documento=108321%2FC","service":"btg-baixa-titulos-service","timestamp":"2026-05-20T13:16:16.726Z"}
{"lancamento":1434850333,"level":"info","message":"ℹ️ Título 108321/C já estava baixado. Processo ignorado.","service":"btg-baixa-titulos-service","situacao":"BAIXADO","timestamp":"2026-05-20T13:16:16.742Z"}
{"level":"info","message":"🔎 Processando título 108322/C","service":"btg-baixa-titulos-service","timestamp":"2026-05-20T13:16:16.747Z"}
{"level":"info","message":"🌐 Millennium request: GET /MILLENIUM!JOIN_ONEUP.LANCAMENTOS.CONSULTALANCAMENTOS?cnpj=47.485.403%2F0001-31&n_documento=108322%2FC","service":"btg-baixa-titulos-service","timestamp":"2026-05-20T13:16:16.747Z"}
{"lancamento":1434850337,"level":"info","message":"ℹ️ Título 108322/C já estava baixado. Processo ignorado.","service":"btg-baixa-titulos-service","situacao":"BAIXADO","timestamp":"2026-05-20T13:16:16.765Z"}
{"level":"info","message":"🔎 Processando título 108320/C","service":"btg-baixa-titulos-service","timestamp":"2026-05-20T13:16:16.770Z"}
{"level":"info","message":"🌐 Millennium request: GET /MILLENIUM!JOIN_ONEUP.LANCAMENTOS.CONSULTALANCAMENTOS?cnpj=47.485.403%2F0001-31&n_documento=108320%2FC","service":"btg-baixa-titulos-service","timestamp":"2026-05-20T13:16:16.770Z"}
{"lancamento":1434850328,"level":"info","message":"ℹ️ Título 108320/C já estava baixado. Processo ignorado.","service":"btg-baixa-titulos-service","situacao":"BAIXADO","timestamp":"2026-05-20T13:16:16.786Z"}
{"level":"info","message":"🔎 Processando título 108318/C","service":"btg-baixa-titulos-service","timestamp":"2026-05-20T13:16:16.792Z"}
{"level":"info","message":"🌐 Millennium request: GET /MILLENIUM!JOIN_ONEUP.LANCAMENTOS.CONSULTALANCAMENTOS?cnpj=50.649.490%2F0001-20&n_documento=108318%2FC","service":"btg-baixa-titulos-service","timestamp":"2026-05-20T13:16:16.792Z"}
{"lancamento":1434850324,"level":"info","message":"ℹ️ Título 108318/C já estava baixado. Processo ignorado.","service":"btg-baixa-titulos-service","situacao":"BAIXADO","timestamp":"2026-05-20T13:16:16.814Z"}
{"level":"info","message":"🔎 Processando título 108317/E","service":"btg-baixa-titulos-service","timestamp":"2026-05-20T13:16:16.819Z"}
{"level":"info","message":"🌐 Millennium request: GET /MILLENIUM!JOIN_ONEUP.LANCAMENTOS.CONSULTALANCAMENTOS?cnpj=03.294.992%2F0001-03&n_documento=108317%2FE","service":"btg-baixa-titulos-service","timestamp":"2026-05-20T13:16:16.819Z"}
{"lancamento":1434850307,"level":"info","message":"ℹ️ Título 108317/E já estava baixado. Processo ignorado.","service":"btg-baixa-titulos-service","situacao":"BAIXADO","timestamp":"2026-05-20T13:16:16.835Z"}
{"level":"info","message":"🔎 Processando título 108315/C","service":"btg-baixa-titulos-service","timestamp":"2026-05-20T13:16:16.839Z"}
{"level":"info","message":"🌐 Millennium request: GET /MILLENIUM!JOIN_ONEUP.LANCAMENTOS.CONSULTALANCAMENTOS?cnpj=06.181.589%2F0001-58&n_documento=108315%2FC","service":"btg-baixa-titulos-service","timestamp":"2026-05-20T13:16:16.839Z"}
{"lancamento":1434850298,"level":"info","message":"ℹ️ Título 108315/C já estava baixado. Processo ignorado.","service":"btg-baixa-titulos-service","situacao":"BAIXADO","timestamp":"2026-05-20T13:16:16.854Z"}
{"level":"info","message":"🔎 Processando título 108313/C","service":"btg-baixa-titulos-service","timestamp":"2026-05-20T13:16:16.858Z"}
{"level":"info","message":"🌐 Millennium request: GET /MILLENIUM!JOIN_ONEUP.LANCAMENTOS.CONSULTALANCAMENTOS?cnpj=22.031.998%2F0001-24&n_documento=108313%2FC","service":"btg-baixa-titulos-service","timestamp":"2026-05-20T13:16:16.858Z"}
{"lancamento":1434850291,"level":"info","message":"ℹ️ Título 108313/C já estava baixado. Processo ignorado.","service":"btg-baixa-titulos-service","situacao":"BAIXADO","timestamp":"2026-05-20T13:16:16.961Z"}
{"level":"info","message":"🔎 Processando título 108306/C","service":"btg-baixa-titulos-service","timestamp":"2026-05-20T13:16:16.969Z"}
{"level":"info","message":"🌐 Millennium request: GET /MILLENIUM!JOIN_ONEUP.LANCAMENTOS.CONSULTALANCAMENTOS?cnpj=00.768.271%2F0001-91&n_documento=108306%2FC","service":"btg-baixa-titulos-service","timestamp":"2026-05-20T13:16:16.970Z"}
{"lancamento":1434850219,"level":"info","message":"ℹ️ Título 108306/C já estava baixado. Processo ignorado.","service":"btg-baixa-titulos-service","situacao":"BAIXADO","timestamp":"2026-05-20T13:16:16.985Z"}
{"level":"info","message":"🔎 Processando título 108310/C","service":"btg-baixa-titulos-service","timestamp":"2026-05-20T13:16:16.993Z"}
{"level":"info","message":"🌐 Millennium request: GET /MILLENIUM!JOIN_ONEUP.LANCAMENTOS.CONSULTALANCAMENTOS?cnpj=03.247.651%2F0001-79&n_documento=108310%2FC","service":"btg-baixa-titulos-service","timestamp":"2026-05-20T13:16:16.993Z"}
{"lancamento":1434850286,"level":"info","message":"ℹ️ Título 108310/C já estava baixado. Processo ignorado.","service":"btg-baixa-titulos-service","situacao":"BAIXADO","timestamp":"2026-05-20T13:16:17.013Z"}
{"level":"info","message":"🔎 Processando título 108304/C","service":"btg-baixa-titulos-service","timestamp":"2026-05-20T13:16:17.021Z"}
{"level":"info","message":"🌐 Millennium request: GET /MILLENIUM!JOIN_ONEUP.LANCAMENTOS.CONSULTALANCAMENTOS?cnpj=07.409.302%2F0001-67&n_documento=108304%2FC","service":"btg-baixa-titulos-service","timestamp":"2026-05-20T13:16:17.022Z"}
{"lancamento":1434850214,"level":"info","message":"ℹ️ Título 108304/C já estava baixado. Processo ignorado.","service":"btg-baixa-titulos-service","situacao":"BAIXADO","timestamp":"2026-05-20T13:16:17.041Z"}
{"level":"info","message":"🔎 Processando título 108253/C","service":"btg-baixa-titulos-service","timestamp":"2026-05-20T13:16:17.046Z"}
{"level":"info","message":"🌐 Millennium request: GET /MILLENIUM!JOIN_ONEUP.LANCAMENTOS.CONSULTALANCAMENTOS?cnpj=57.408.548%2F0001-92&n_documento=108253%2FC","service":"btg-baixa-titulos-service","timestamp":"2026-05-20T13:16:17.046Z"}
{"lancamento":1434850049,"level":"info","message":"ℹ️ Título 108253/C já estava baixado. Processo ignorado.","service":"btg-baixa-titulos-service","situacao":"BAIXADO","timestamp":"2026-05-20T13:16:17.068Z"}
{"level":"info","message":"🔎 Processando título 108226/C","service":"btg-baixa-titulos-service","timestamp":"2026-05-20T13:16:17.074Z"}
{"level":"info","message":"🌐 Millennium request: GET /MILLENIUM!JOIN_ONEUP.LANCAMENTOS.CONSULTALANCAMENTOS?cnpj=50.649.490%2F0001-20&n_documento=108226%2FC","service":"btg-baixa-titulos-service","timestamp":"2026-05-20T13:16:17.074Z"}
{"lancamento":1434849909,"level":"info","message":"ℹ️ Título 108226/C já estava baixado. Processo ignorado.","service":"btg-baixa-titulos-service","situacao":"BAIXADO","timestamp":"2026-05-20T13:16:17.103Z"}
{"level":"info","message":"🔎 Processando título 108252/C","service":"btg-baixa-titulos-service","timestamp":"2026-05-20T13:16:17.109Z"}
{"level":"info","message":"🌐 Millennium request: GET /MILLENIUM!JOIN_ONEUP.LANCAMENTOS.CONSULTALANCAMENTOS?cnpj=44.999.259%2F0001-63&n_documento=108252%2FC","service":"btg-baixa-titulos-service","timestamp":"2026-05-20T13:16:17.109Z"}
{"lancamento":1434850044,"level":"info","message":"ℹ️ Título 108252/C já estava baixado. Processo ignorado.","service":"btg-baixa-titulos-service","situacao":"BAIXADO","timestamp":"2026-05-20T13:16:17.133Z"}
{"level":"info","message":"🔎 Processando título 108222/C","service":"btg-baixa-titulos-service","timestamp":"2026-05-20T13:16:17.139Z"}
{"level":"info","message":"🌐 Millennium request: GET /MILLENIUM!JOIN_ONEUP.LANCAMENTOS.CONSULTALANCAMENTOS?cnpj=50.649.490%2F0001-20&n_documento=108222%2FC","service":"btg-baixa-titulos-service","timestamp":"2026-05-20T13:16:17.139Z"}
{"lancamento":1434849890,"level":"info","message":"ℹ️ Título 108222/C já estava baixado. Processo ignorado.","service":"btg-baixa-titulos-service","situacao":"BAIXADO","timestamp":"2026-05-20T13:16:17.154Z"}
{"level":"info","message":"🔎 Processando título 108224/C","service":"btg-baixa-titulos-service","timestamp":"2026-05-20T13:16:17.160Z"}
{"level":"info","message":"🌐 Millennium request: GET /MILLENIUM!JOIN_ONEUP.LANCAMENTOS.CONSULTALANCAMENTOS?cnpj=50.649.490%2F0001-20&n_documento=108224%2FC","service":"btg-baixa-titulos-service","timestamp":"2026-05-20T13:16:17.160Z"}
{"lancamento":1434849893,"level":"info","message":"ℹ️ Título 108224/C já estava baixado. Processo ignorado.","service":"btg-baixa-titulos-service","situacao":"BAIXADO","timestamp":"2026-05-20T13:16:17.178Z"}
{"level":"info","message":"🔎 Processando título 108225/C","service":"btg-baixa-titulos-service","timestamp":"2026-05-20T13:16:17.183Z"}
{"level":"info","message":"🌐 Millennium request: GET /MILLENIUM!JOIN_ONEUP.LANCAMENTOS.CONSULTALANCAMENTOS?cnpj=50.649.490%2F0001-20&n_documento=108225%2FC","service":"btg-baixa-titulos-service","timestamp":"2026-05-20T13:16:17.183Z"}
{"lancamento":1434849896,"level":"info","message":"ℹ️ Título 108225/C já estava baixado. Processo ignorado.","service":"btg-baixa-titulos-service","situacao":"BAIXADO","timestamp":"2026-05-20T13:16:17.274Z"}
{"level":"info","message":"🔎 Processando título 108327/E","service":"btg-baixa-titulos-service","timestamp":"2026-05-20T13:16:17.282Z"}
{"level":"info","message":"🌐 Millennium request: GET /MILLENIUM!JOIN_ONEUP.LANCAMENTOS.CONSULTALANCAMENTOS?cnpj=73.652.158%2F0001-10&n_documento=108327%2FE","service":"btg-baixa-titulos-service","timestamp":"2026-05-20T13:16:17.282Z"}
{"lancamento":1434850359,"level":"info","message":"ℹ️ Título 108327/E já estava baixado. Processo ignorado.","service":"btg-baixa-titulos-service","situacao":"BAIXADO","timestamp":"2026-05-20T13:16:17.318Z"}
{"level":"info","message":"🔎 Processando título 108219/C","service":"btg-baixa-titulos-service","timestamp":"2026-05-20T13:16:17.326Z"}
{"level":"info","message":"🌐 Millennium request: GET /MILLENIUM!JOIN_ONEUP.LANCAMENTOS.CONSULTALANCAMENTOS?cnpj=50.649.490%2F0001-20&n_documento=108219%2FC","service":"btg-baixa-titulos-service","timestamp":"2026-05-20T13:16:17.326Z"}
{"lancamento":1434849879,"level":"info","message":"ℹ️ Título 108219/C já estava baixado. Processo ignorado.","service":"btg-baixa-titulos-service","situacao":"BAIXADO","timestamp":"2026-05-20T13:16:17.379Z"}
{"level":"info","message":"🔎 Processando título 108221/C","service":"btg-baixa-titulos-service","timestamp":"2026-05-20T13:16:17.387Z"}
{"level":"info","message":"🌐 Millennium request: GET /MILLENIUM!JOIN_ONEUP.LANCAMENTOS.CONSULTALANCAMENTOS?cnpj=50.649.490%2F0001-20&n_documento=108221%2FC","service":"btg-baixa-titulos-service","timestamp":"2026-05-20T13:16:17.387Z"}
{"lancamento":1434849887,"level":"info","message":"ℹ️ Título 108221/C já estava baixado. Processo ignorado.","service":"btg-baixa-titulos-service","situacao":"BAIXADO","timestamp":"2026-05-20T13:16:17.489Z"}
{"level":"info","message":"🔎 Processando título 108317/I","service":"btg-baixa-titulos-service","timestamp":"2026-05-20T13:16:17.497Z"}
{"level":"info","message":"🌐 Millennium request: GET /MILLENIUM!JOIN_ONEUP.LANCAMENTOS.CONSULTALANCAMENTOS?cnpj=03.294.992%2F0001-03&n_documento=108317%2FI","service":"btg-baixa-titulos-service","timestamp":"2026-05-20T13:16:17.497Z"}
{"lancamento":1434850311,"level":"info","message":"ℹ️ Título 108317/I já estava baixado. Processo ignorado.","service":"btg-baixa-titulos-service","situacao":"BAIXADO","timestamp":"2026-05-20T13:16:17.520Z"}
{"level":"info","message":"🔎 Processando título 108156/C","service":"btg-baixa-titulos-service","timestamp":"2026-05-20T13:16:17.527Z"}
{"level":"info","message":"🌐 Millennium request: GET /MILLENIUM!JOIN_ONEUP.LANCAMENTOS.CONSULTALANCAMENTOS?cnpj=57.408.548%2F0001-92&n_documento=108156%2FC","service":"btg-baixa-titulos-service","timestamp":"2026-05-20T13:16:17.528Z"}
{"lancamento":1434849579,"level":"info","message":"ℹ️ Título 108156/C já estava baixado. Processo ignorado.","service":"btg-baixa-titulos-service","situacao":"BAIXADO","timestamp":"2026-05-20T13:16:17.545Z"}
{"level":"info","message":"🔎 Processando título 108157/C","service":"btg-baixa-titulos-service","timestamp":"2026-05-20T13:16:17.552Z"}
{"level":"info","message":"🌐 Millennium request: GET /MILLENIUM!JOIN_ONEUP.LANCAMENTOS.CONSULTALANCAMENTOS?cnpj=03.294.992%2F0001-03&n_documento=108157%2FC","service":"btg-baixa-titulos-service","timestamp":"2026-05-20T13:16:17.552Z"}
{"lancamento":1434849583,"level":"info","message":"ℹ️ Título 108157/C já estava baixado. Processo ignorado.","service":"btg-baixa-titulos-service","situacao":"BAIXADO","timestamp":"2026-05-20T13:16:17.567Z"}
{"level":"info","message":"🔎 Processando título 108315/E","service":"btg-baixa-titulos-service","timestamp":"2026-05-20T13:16:17.573Z"}
{"level":"info","message":"🌐 Millennium request: GET /MILLENIUM!JOIN_ONEUP.LANCAMENTOS.CONSULTALANCAMENTOS?cnpj=06.181.589%2F0001-58&n_documento=108315%2FE","service":"btg-baixa-titulos-service","timestamp":"2026-05-20T13:16:17.573Z"}
{"lancamento":1434850300,"level":"info","message":"ℹ️ Título 108315/E já estava baixado. Processo ignorado.","service":"btg-baixa-titulos-service","situacao":"BAIXADO","timestamp":"2026-05-20T13:16:17.592Z"}
{"level":"info","message":"🔎 Processando título 108157/E","service":"btg-baixa-titulos-service","timestamp":"2026-05-20T13:16:17.597Z"}
{"level":"info","message":"🌐 Millennium request: GET /MILLENIUM!JOIN_ONEUP.LANCAMENTOS.CONSULTALANCAMENTOS?cnpj=03.294.992%2F0001-03&n_documento=108157%2FE","service":"btg-baixa-titulos-service","timestamp":"2026-05-20T13:16:17.597Z"}
{"lancamento":1434849585,"level":"info","message":"ℹ️ Título 108157/E já estava baixado. Processo ignorado.","service":"btg-baixa-titulos-service","situacao":"BAIXADO","timestamp":"2026-05-20T13:16:17.612Z"}
{"level":"info","message":"🔎 Processando título 107660/C","service":"btg-baixa-titulos-service","timestamp":"2026-05-20T13:16:17.616Z"}
{"level":"info","message":"🌐 Millennium request: GET /MILLENIUM!JOIN_ONEUP.LANCAMENTOS.CONSULTALANCAMENTOS?cnpj=57.408.548%2F0001-92&n_documento=107660%2FC","service":"btg-baixa-titulos-service","timestamp":"2026-05-20T13:16:17.616Z"}
{"lancamento":1434808277,"level":"info","message":"ℹ️ Título 107660/C já estava baixado. Processo ignorado.","service":"btg-baixa-titulos-service","situacao":"BAIXADO","timestamp":"2026-05-20T13:16:17.632Z"}
{"level":"info","message":"🔎 Processando título 108252/E","service":"btg-baixa-titulos-service","timestamp":"2026-05-20T13:16:17.635Z"}
{"level":"info","message":"🌐 Millennium request: GET /MILLENIUM!JOIN_ONEUP.LANCAMENTOS.CONSULTALANCAMENTOS?cnpj=44.999.259%2F0001-63&n_documento=108252%2FE","service":"btg-baixa-titulos-service","timestamp":"2026-05-20T13:16:17.635Z"}
{"lancamento":1434850046,"level":"info","message":"ℹ️ Título 108252/E já estava baixado. Processo ignorado.","service":"btg-baixa-titulos-service","situacao":"BAIXADO","timestamp":"2026-05-20T13:16:17.650Z"}
{"level":"info","message":"🔎 Processando título 108310/E","service":"btg-baixa-titulos-service","timestamp":"2026-05-20T13:16:17.652Z"}
{"level":"info","message":"🌐 Millennium request: GET /MILLENIUM!JOIN_ONEUP.LANCAMENTOS.CONSULTALANCAMENTOS?cnpj=03.247.651%2F0001-79&n_documento=108310%2FE","service":"btg-baixa-titulos-service","timestamp":"2026-05-20T13:16:17.653Z"}
{"lancamento":1434850288,"level":"info","message":"ℹ️ Título 108310/E já estava baixado. Processo ignorado.","service":"btg-baixa-titulos-service","situacao":"BAIXADO","timestamp":"2026-05-20T13:16:17.669Z"}
{"level":"info","message":"🔎 Processando título 108020/C","service":"btg-baixa-titulos-service","timestamp":"2026-05-20T13:16:17.674Z"}
{"level":"info","message":"🌐 Millennium request: GET /MILLENIUM!JOIN_ONEUP.LANCAMENTOS.CONSULTALANCAMENTOS?cnpj=57.408.548%2F0001-92&n_documento=108020%2FC","service":"btg-baixa-titulos-service","timestamp":"2026-05-20T13:16:17.674Z"}
{"lancamento":1434848920,"level":"info","message":"ℹ️ Título 108020/C já estava baixado. Processo ignorado.","service":"btg-baixa-titulos-service","situacao":"BAIXADO","timestamp":"2026-05-20T13:16:17.700Z"}
{"level":"info","message":"🔎 Processando título 108317/D","service":"btg-baixa-titulos-service","timestamp":"2026-05-20T13:16:17.706Z"}
{"level":"info","message":"🌐 Millennium request: GET /MILLENIUM!JOIN_ONEUP.LANCAMENTOS.CONSULTALANCAMENTOS?cnpj=03.294.992%2F0001-03&n_documento=108317%2FD","service":"btg-baixa-titulos-service","timestamp":"2026-05-20T13:16:17.706Z"}
{"lancamento":1434850306,"level":"info","message":"ℹ️ Título 108317/D já estava baixado. Processo ignorado.","service":"btg-baixa-titulos-service","situacao":"BAIXADO","timestamp":"2026-05-20T13:16:17.720Z"}
{"level":"info","message":"🔎 Processando título 108327/D","service":"btg-baixa-titulos-service","timestamp":"2026-05-20T13:16:17.724Z"}
{"level":"info","message":"🌐 Millennium request: GET /MILLENIUM!JOIN_ONEUP.LANCAMENTOS.CONSULTALANCAMENTOS?cnpj=73.652.158%2F0001-10&n_documento=108327%2FD","service":"btg-baixa-titulos-service","timestamp":"2026-05-20T13:16:17.724Z"}
{"lancamento":1434850358,"level":"info","message":"ℹ️ Título 108327/D já estava baixado. Processo ignorado.","service":"btg-baixa-titulos-service","situacao":"BAIXADO","timestamp":"2026-05-20T13:16:17.745Z"}
{"level":"info","message":"🔎 Processando título 108317/H","service":"btg-baixa-titulos-service","timestamp":"2026-05-20T13:16:17.750Z"}
{"level":"info","message":"🌐 Millennium request: GET /MILLENIUM!JOIN_ONEUP.LANCAMENTOS.CONSULTALANCAMENTOS?cnpj=03.294.992%2F0001-03&n_documento=108317%2FH","service":"btg-baixa-titulos-service","timestamp":"2026-05-20T13:16:17.750Z"}
{"lancamento":1434850310,"level":"info","message":"ℹ️ Título 108317/H já estava baixado. Processo ignorado.","service":"btg-baixa-titulos-service","situacao":"BAIXADO","timestamp":"2026-05-20T13:16:17.772Z"}
{"level":"info","message":"🔎 Processando título 107627/C","service":"btg-baixa-titulos-service","timestamp":"2026-05-20T13:16:17.777Z"}
{"level":"info","message":"🌐 Millennium request: GET /MILLENIUM!JOIN_ONEUP.LANCAMENTOS.CONSULTALANCAMENTOS?cnpj=57.408.548%2F0001-92&n_documento=107627%2FC","service":"btg-baixa-titulos-service","timestamp":"2026-05-20T13:16:17.777Z"}
{"lancamento":1434808246,"level":"info","message":"ℹ️ Título 107627/C já estava baixado. Processo ignorado.","service":"btg-baixa-titulos-service","situacao":"BAIXADO","timestamp":"2026-05-20T13:16:17.798Z"}
{"level":"info","message":"🔎 Processando título 108317/G","service":"btg-baixa-titulos-service","timestamp":"2026-05-20T13:16:17.804Z"}
{"level":"info","message":"🌐 Millennium request: GET /MILLENIUM!JOIN_ONEUP.LANCAMENTOS.CONSULTALANCAMENTOS?cnpj=03.294.992%2F0001-03&n_documento=108317%2FG","service":"btg-baixa-titulos-service","timestamp":"2026-05-20T13:16:17.804Z"}
{"lancamento":1434850309,"level":"info","message":"ℹ️ Título 108317/G já estava baixado. Processo ignorado.","service":"btg-baixa-titulos-service","situacao":"BAIXADO","timestamp":"2026-05-20T13:16:17.823Z"}
{"level":"info","message":"🔎 Processando título 108315/B","service":"btg-baixa-titulos-service","timestamp":"2026-05-20T13:16:17.828Z"}
{"level":"info","message":"🌐 Millennium request: GET /MILLENIUM!JOIN_ONEUP.LANCAMENTOS.CONSULTALANCAMENTOS?cnpj=06.181.589%2F0001-58&n_documento=108315%2FB","service":"btg-baixa-titulos-service","timestamp":"2026-05-20T13:16:17.829Z"}
{"lancamento":1434850297,"level":"info","message":"ℹ️ Título 108315/B já estava baixado. Processo ignorado.","service":"btg-baixa-titulos-service","situacao":"BAIXADO","timestamp":"2026-05-20T13:16:17.856Z"}
{"level":"info","message":"🔎 Processando título 108317/C","service":"btg-baixa-titulos-service","timestamp":"2026-05-20T13:16:17.862Z"}
{"level":"info","message":"🌐 Millennium request: GET /MILLENIUM!JOIN_ONEUP.LANCAMENTOS.CONSULTALANCAMENTOS?cnpj=03.294.992%2F0001-03&n_documento=108317%2FC","service":"btg-baixa-titulos-service","timestamp":"2026-05-20T13:16:17.862Z"}
{"lancamento":1434850305,"level":"info","message":"ℹ️ Título 108317/C já estava baixado. Processo ignorado.","service":"btg-baixa-titulos-service","situacao":"BAIXADO","timestamp":"2026-05-20T13:16:17.885Z"}
{"level":"info","message":"🔎 Processando título 108315/D","service":"btg-baixa-titulos-service","timestamp":"2026-05-20T13:16:17.891Z"}
{"level":"info","message":"🌐 Millennium request: GET /MILLENIUM!JOIN_ONEUP.LANCAMENTOS.CONSULTALANCAMENTOS?cnpj=06.181.589%2F0001-58&n_documento=108315%2FD","service":"btg-baixa-titulos-service","timestamp":"2026-05-20T13:16:17.891Z"}
{"lancamento":1434850299,"level":"info","message":"ℹ️ Título 108315/D já estava baixado. Processo ignorado.","service":"btg-baixa-titulos-service","situacao":"BAIXADO","timestamp":"2026-05-20T13:16:17.997Z"}
{"level":"info","message":"🔎 Processando título 108327/B","service":"btg-baixa-titulos-service","timestamp":"2026-05-20T13:16:18.005Z"}
{"level":"info","message":"🌐 Millennium request: GET /MILLENIUM!JOIN_ONEUP.LANCAMENTOS.CONSULTALANCAMENTOS?cnpj=73.652.158%2F0001-10&n_documento=108327%2FB","service":"btg-baixa-titulos-service","timestamp":"2026-05-20T13:16:18.005Z"}
{"lancamento":1434850356,"level":"info","message":"ℹ️ Título 108327/B já estava baixado. Processo ignorado.","service":"btg-baixa-titulos-service","situacao":"BAIXADO","timestamp":"2026-05-20T13:16:18.025Z"}
{"level":"info","message":"🔎 Processando título 108306/B","service":"btg-baixa-titulos-service","timestamp":"2026-05-20T13:16:18.031Z"}
{"level":"info","message":"🌐 Millennium request: GET /MILLENIUM!JOIN_ONEUP.LANCAMENTOS.CONSULTALANCAMENTOS?cnpj=00.768.271%2F0001-91&n_documento=108306%2FB","service":"btg-baixa-titulos-service","timestamp":"2026-05-20T13:16:18.031Z"}
{"lancamento":1434850218,"level":"info","message":"ℹ️ Título 108306/B já estava baixado. Processo ignorado.","service":"btg-baixa-titulos-service","situacao":"BAIXADO","timestamp":"2026-05-20T13:16:18.048Z"}
{"level":"info","message":"🔎 Processando título 108253/D","service":"btg-baixa-titulos-service","timestamp":"2026-05-20T13:16:18.053Z"}
{"level":"info","message":"🌐 Millennium request: GET /MILLENIUM!JOIN_ONEUP.LANCAMENTOS.CONSULTALANCAMENTOS?cnpj=57.408.548%2F0001-92&n_documento=108253%2FD","service":"btg-baixa-titulos-service","timestamp":"2026-05-20T13:16:18.053Z"}
{"lancamento":1434850050,"level":"info","message":"ℹ️ Título 108253/D já estava baixado. Processo ignorado.","service":"btg-baixa-titulos-service","situacao":"BAIXADO","timestamp":"2026-05-20T13:16:18.071Z"}
{"level":"info","message":"🔎 Processando título 108310/B","service":"btg-baixa-titulos-service","timestamp":"2026-05-20T13:16:18.077Z"}
{"level":"info","message":"🌐 Millennium request: GET /MILLENIUM!JOIN_ONEUP.LANCAMENTOS.CONSULTALANCAMENTOS?cnpj=03.247.651%2F0001-79&n_documento=108310%2FB","service":"btg-baixa-titulos-service","timestamp":"2026-05-20T13:16:18.077Z"}
{"lancamento":1434850285,"level":"info","message":"ℹ️ Título 108310/B já estava baixado. Processo ignorado.","service":"btg-baixa-titulos-service","situacao":"BAIXADO","timestamp":"2026-05-20T13:16:18.093Z"}
{"level":"info","message":"🔎 Processando título 108306/D","service":"btg-baixa-titulos-service","timestamp":"2026-05-20T13:16:18.099Z"}
{"level":"info","message":"🌐 Millennium request: GET /MILLENIUM!JOIN_ONEUP.LANCAMENTOS.CONSULTALANCAMENTOS?cnpj=00.768.271%2F0001-91&n_documento=108306%2FD","service":"btg-baixa-titulos-service","timestamp":"2026-05-20T13:16:18.099Z"}
{"lancamento":1434850220,"level":"info","message":"ℹ️ Título 108306/D já estava baixado. Processo ignorado.","service":"btg-baixa-titulos-service","situacao":"BAIXADO","timestamp":"2026-05-20T13:16:18.118Z"}
{"level":"info","message":"🔎 Processando título 108310/D","service":"btg-baixa-titulos-service","timestamp":"2026-05-20T13:16:18.122Z"}
{"level":"info","message":"🌐 Millennium request: GET /MILLENIUM!JOIN_ONEUP.LANCAMENTOS.CONSULTALANCAMENTOS?cnpj=03.247.651%2F0001-79&n_documento=108310%2FD","service":"btg-baixa-titulos-service","timestamp":"2026-05-20T13:16:18.122Z"}
{"lancamento":1434850287,"level":"info","message":"ℹ️ Título 108310/D já estava baixado. Processo ignorado.","service":"btg-baixa-titulos-service","situacao":"BAIXADO","timestamp":"2026-05-20T13:16:18.138Z"}
{"level":"info","message":"🔎 Processando título 108253/B","service":"btg-baixa-titulos-service","timestamp":"2026-05-20T13:16:18.141Z"}
{"level":"info","message":"🌐 Millennium request: GET /MILLENIUM!JOIN_ONEUP.LANCAMENTOS.CONSULTALANCAMENTOS?cnpj=57.408.548%2F0001-92&n_documento=108253%2FB","service":"btg-baixa-titulos-service","timestamp":"2026-05-20T13:16:18.141Z"}
{"lancamento":1434850048,"level":"info","message":"ℹ️ Título 108253/B já estava baixado. Processo ignorado.","service":"btg-baixa-titulos-service","situacao":"BAIXADO","timestamp":"2026-05-20T13:16:18.165Z"}
{"level":"info","message":"🔎 Processando título 108252/B","service":"btg-baixa-titulos-service","timestamp":"2026-05-20T13:16:18.168Z"}
{"level":"info","message":"🌐 Millennium request: GET /MILLENIUM!JOIN_ONEUP.LANCAMENTOS.CONSULTALANCAMENTOS?cnpj=44.999.259%2F0001-63&n_documento=108252%2FB","service":"btg-baixa-titulos-service","timestamp":"2026-05-20T13:16:18.169Z"}
{"lancamento":1434850043,"level":"info","message":"ℹ️ Título 108252/B já estava baixado. Processo ignorado.","service":"btg-baixa-titulos-service","situacao":"BAIXADO","timestamp":"2026-05-20T13:16:18.183Z"}
{"level":"info","message":"🔎 Processando título 108252/D","service":"btg-baixa-titulos-service","timestamp":"2026-05-20T13:16:18.187Z"}
{"level":"info","message":"🌐 Millennium request: GET /MILLENIUM!JOIN_ONEUP.LANCAMENTOS.CONSULTALANCAMENTOS?cnpj=44.999.259%2F0001-63&n_documento=108252%2FD","service":"btg-baixa-titulos-service","timestamp":"2026-05-20T13:16:18.187Z"}
{"lancamento":1434850045,"level":"info","message":"ℹ️ Título 108252/D já estava baixado. Processo ignorado.","service":"btg-baixa-titulos-service","situacao":"BAIXADO","timestamp":"2026-05-20T13:16:18.206Z"}
{"level":"info","message":"🔎 Processando título 108157/D","service":"btg-baixa-titulos-service","timestamp":"2026-05-20T13:16:18.211Z"}
{"level":"info","message":"🌐 Millennium request: GET /MILLENIUM!JOIN_ONEUP.LANCAMENTOS.CONSULTALANCAMENTOS?cnpj=03.294.992%2F0001-03&n_documento=108157%2FD","service":"btg-baixa-titulos-service","timestamp":"2026-05-20T13:16:18.211Z"}
{"lancamento":1434849584,"level":"info","message":"ℹ️ Título 108157/D já estava baixado. Processo ignorado.","service":"btg-baixa-titulos-service","situacao":"BAIXADO","timestamp":"2026-05-20T13:16:18.226Z"}
{"level":"info","message":"🔎 Processando título 108156/D","service":"btg-baixa-titulos-service","timestamp":"2026-05-20T13:16:18.228Z"}
{"level":"info","message":"🌐 Millennium request: GET /MILLENIUM!JOIN_ONEUP.LANCAMENTOS.CONSULTALANCAMENTOS?cnpj=57.408.548%2F0001-92&n_documento=108156%2FD","service":"btg-baixa-titulos-service","timestamp":"2026-05-20T13:16:18.228Z"}
{"lancamento":1434849580,"level":"info","message":"ℹ️ Título 108156/D já estava baixado. Processo ignorado.","service":"btg-baixa-titulos-service","situacao":"BAIXADO","timestamp":"2026-05-20T13:16:18.242Z"}
{"level":"info","message":"🔎 Processando título 108328/B","service":"btg-baixa-titulos-service","timestamp":"2026-05-20T13:16:18.244Z"}
{"level":"info","message":"🌐 Millennium request: GET /MILLENIUM!JOIN_ONEUP.LANCAMENTOS.CONSULTALANCAMENTOS?cnpj=59.205.187%2F0001-02&n_documento=108328%2FB","service":"btg-baixa-titulos-service","timestamp":"2026-05-20T13:16:18.244Z"}
{"lancamento":1434850362,"level":"info","message":"ℹ️ Título 108328/B já estava baixado. Processo ignorado.","service":"btg-baixa-titulos-service","situacao":"BAIXADO","timestamp":"2026-05-20T13:16:18.261Z"}
{"level":"info","message":"🔎 Processando título 108020/D","service":"btg-baixa-titulos-service","timestamp":"2026-05-20T13:16:18.264Z"}
{"level":"info","message":"🌐 Millennium request: GET /MILLENIUM!JOIN_ONEUP.LANCAMENTOS.CONSULTALANCAMENTOS?cnpj=57.408.548%2F0001-92&n_documento=108020%2FD","service":"btg-baixa-titulos-service","timestamp":"2026-05-20T13:16:18.264Z"}
{"lancamento":1434848921,"level":"info","message":"ℹ️ Título 108020/D já estava baixado. Processo ignorado.","service":"btg-baixa-titulos-service","situacao":"BAIXADO","timestamp":"2026-05-20T13:16:18.280Z"}
{"level":"info","message":"🔎 Processando título 108326/B","service":"btg-baixa-titulos-service","timestamp":"2026-05-20T13:16:18.285Z"}
{"level":"info","message":"🌐 Millennium request: GET /MILLENIUM!JOIN_ONEUP.LANCAMENTOS.CONSULTALANCAMENTOS?cnpj=96.609.490%2F0001-05&n_documento=108326%2FB","service":"btg-baixa-titulos-service","timestamp":"2026-05-20T13:16:18.285Z"}
{"lancamento":1434850353,"level":"info","message":"ℹ️ Título 108326/B já estava baixado. Processo ignorado.","service":"btg-baixa-titulos-service","situacao":"BAIXADO","timestamp":"2026-05-20T13:16:18.308Z"}
{"level":"info","message":"🔎 Processando título 108331/B","service":"btg-baixa-titulos-service","timestamp":"2026-05-20T13:16:18.312Z"}
{"level":"info","message":"🌐 Millennium request: GET /MILLENIUM!JOIN_ONEUP.LANCAMENTOS.CONSULTALANCAMENTOS?cnpj=47.485.403%2F0001-31&n_documento=108331%2FB","service":"btg-baixa-titulos-service","timestamp":"2026-05-20T13:16:18.312Z"}
{"lancamento":1434850369,"level":"info","message":"ℹ️ Título 108331/B já estava baixado. Processo ignorado.","service":"btg-baixa-titulos-service","situacao":"BAIXADO","timestamp":"2026-05-20T13:16:18.327Z"}
{"level":"info","message":"🔎 Processando título 108323/B","service":"btg-baixa-titulos-service","timestamp":"2026-05-20T13:16:18.331Z"}
{"level":"info","message":"🌐 Millennium request: GET /MILLENIUM!JOIN_ONEUP.LANCAMENTOS.CONSULTALANCAMENTOS?cnpj=47.485.403%2F0001-31&n_documento=108323%2FB","service":"btg-baixa-titulos-service","timestamp":"2026-05-20T13:16:18.331Z"}
{"lancamento":1434850341,"level":"info","message":"ℹ️ Título 108323/B já estava baixado. Processo ignorado.","service":"btg-baixa-titulos-service","situacao":"BAIXADO","timestamp":"2026-05-20T13:16:18.345Z"}
{"level":"info","message":"🔎 Processando título 108324/B","service":"btg-baixa-titulos-service","timestamp":"2026-05-20T13:16:18.350Z"}
{"level":"info","message":"🌐 Millennium request: GET /MILLENIUM!JOIN_ONEUP.LANCAMENTOS.CONSULTALANCAMENTOS?cnpj=47.485.403%2F0001-31&n_documento=108324%2FB","service":"btg-baixa-titulos-service","timestamp":"2026-05-20T13:16:18.350Z"}
{"lancamento":1434850350,"level":"info","message":"ℹ️ Título 108324/B já estava baixado. Processo ignorado.","service":"btg-baixa-titulos-service","situacao":"BAIXADO","timestamp":"2026-05-20T13:16:18.366Z"}
{"level":"info","message":"🔎 Processando título 107660/D","service":"btg-baixa-titulos-service","timestamp":"2026-05-20T13:16:18.372Z"}
{"level":"info","message":"🌐 Millennium request: GET /MILLENIUM!JOIN_ONEUP.LANCAMENTOS.CONSULTALANCAMENTOS?cnpj=57.408.548%2F0001-92&n_documento=107660%2FD","service":"btg-baixa-titulos-service","timestamp":"2026-05-20T13:16:18.372Z"}
{"lancamento":1434808278,"level":"info","message":"ℹ️ Título 107660/D já estava baixado. Processo ignorado.","service":"btg-baixa-titulos-service","situacao":"BAIXADO","timestamp":"2026-05-20T13:16:18.389Z"}
{"level":"info","message":"🔎 Processando título 108320/B","service":"btg-baixa-titulos-service","timestamp":"2026-05-20T13:16:18.395Z"}
{"level":"info","message":"🌐 Millennium request: GET /MILLENIUM!JOIN_ONEUP.LANCAMENTOS.CONSULTALANCAMENTOS?cnpj=47.485.403%2F0001-31&n_documento=108320%2FB","service":"btg-baixa-titulos-service","timestamp":"2026-05-20T13:16:18.395Z"}
{"lancamento":1434850327,"level":"info","message":"ℹ️ Título 108320/B já estava baixado. Processo ignorado.","service":"btg-baixa-titulos-service","situacao":"BAIXADO","timestamp":"2026-05-20T13:16:18.410Z"}
{"level":"info","message":"🔎 Processando título 108318/B","service":"btg-baixa-titulos-service","timestamp":"2026-05-20T13:16:18.415Z"}
{"level":"info","message":"🌐 Millennium request: GET /MILLENIUM!JOIN_ONEUP.LANCAMENTOS.CONSULTALANCAMENTOS?cnpj=50.649.490%2F0001-20&n_documento=108318%2FB","service":"btg-baixa-titulos-service","timestamp":"2026-05-20T13:16:18.415Z"}
{"lancamento":1434850323,"level":"info","message":"ℹ️ Título 108318/B já estava baixado. Processo ignorado.","service":"btg-baixa-titulos-service","situacao":"BAIXADO","timestamp":"2026-05-20T13:16:18.430Z"}
{"level":"info","message":"🔎 Processando título 108313/B","service":"btg-baixa-titulos-service","timestamp":"2026-05-20T13:16:18.433Z"}
{"level":"info","message":"🌐 Millennium request: GET /MILLENIUM!JOIN_ONEUP.LANCAMENTOS.CONSULTALANCAMENTOS?cnpj=22.031.998%2F0001-24&n_documento=108313%2FB","service":"btg-baixa-titulos-service","timestamp":"2026-05-20T13:16:18.433Z"}
{"lancamento":1434850290,"level":"info","message":"ℹ️ Título 108313/B já estava baixado. Processo ignorado.","service":"btg-baixa-titulos-service","situacao":"BAIXADO","timestamp":"2026-05-20T13:16:18.534Z"}
{"level":"info","message":"🔎 Processando título 106806/D","service":"btg-baixa-titulos-service","timestamp":"2026-05-20T13:16:18.540Z"}
{"level":"info","message":"🌐 Millennium request: GET /MILLENIUM!JOIN_ONEUP.LANCAMENTOS.CONSULTALANCAMENTOS?cnpj=44.999.259%2F0001-63&n_documento=106806%2FD","service":"btg-baixa-titulos-service","timestamp":"2026-05-20T13:16:18.541Z"}
{"lancamento":1434804044,"level":"info","message":"ℹ️ Título 106806/D já estava baixado. Processo ignorado.","service":"btg-baixa-titulos-service","situacao":"BAIXADO","timestamp":"2026-05-20T13:16:18.557Z"}
{"level":"info","message":"🔎 Processando título 106806/E","service":"btg-baixa-titulos-service","timestamp":"2026-05-20T13:16:18.563Z"}
{"level":"info","message":"🌐 Millennium request: GET /MILLENIUM!JOIN_ONEUP.LANCAMENTOS.CONSULTALANCAMENTOS?cnpj=44.999.259%2F0001-63&n_documento=106806%2FE","service":"btg-baixa-titulos-service","timestamp":"2026-05-20T13:16:18.563Z"}
{"lancamento":1434804045,"level":"info","message":"ℹ️ Título 106806/E já estava baixado. Processo ignorado.","service":"btg-baixa-titulos-service","situacao":"BAIXADO","timestamp":"2026-05-20T13:16:18.579Z"}
{"level":"info","message":"🔎 Processando título 106806/A","service":"btg-baixa-titulos-service","timestamp":"2026-05-20T13:16:18.584Z"}
{"level":"info","message":"🌐 Millennium request: GET /MILLENIUM!JOIN_ONEUP.LANCAMENTOS.CONSULTALANCAMENTOS?cnpj=44.999.259%2F0001-63&n_documento=106806%2FA","service":"btg-baixa-titulos-service","timestamp":"2026-05-20T13:16:18.584Z"}
{"lancamento":1434804041,"level":"info","message":"ℹ️ Título 106806/A já estava baixado. Processo ignorado.","service":"btg-baixa-titulos-service","situacao":"BAIXADO","timestamp":"2026-05-20T13:16:18.602Z"}
{"level":"info","message":"🔎 Processando título 106806/B","service":"btg-baixa-titulos-service","timestamp":"2026-05-20T13:16:18.607Z"}
{"level":"info","message":"🌐 Millennium request: GET /MILLENIUM!JOIN_ONEUP.LANCAMENTOS.CONSULTALANCAMENTOS?cnpj=44.999.259%2F0001-63&n_documento=106806%2FB","service":"btg-baixa-titulos-service","timestamp":"2026-05-20T13:16:18.607Z"}
{"lancamento":1434804042,"level":"info","message":"ℹ️ Título 106806/B já estava baixado. Processo ignorado.","service":"btg-baixa-titulos-service","situacao":"BAIXADO","timestamp":"2026-05-20T13:16:18.622Z"}
{"level":"info","message":"🔎 Processando título 106806/C","service":"btg-baixa-titulos-service","timestamp":"2026-05-20T13:16:18.626Z"}
{"level":"info","message":"🌐 Millennium request: GET /MILLENIUM!JOIN_ONEUP.LANCAMENTOS.CONSULTALANCAMENTOS?cnpj=44.999.259%2F0001-63&n_documento=106806%2FC","service":"btg-baixa-titulos-service","timestamp":"2026-05-20T13:16:18.626Z"}
{"lancamento":1434804043,"level":"info","message":"ℹ️ Título 106806/C já estava baixado. Processo ignorado.","service":"btg-baixa-titulos-service","situacao":"BAIXADO","timestamp":"2026-05-20T13:16:18.641Z"}
{"level":"info","message":"🔎 Processando título 106709/C","service":"btg-baixa-titulos-service","timestamp":"2026-05-20T13:16:18.646Z"}
{"level":"info","message":"🌐 Millennium request: GET /MILLENIUM!JOIN_ONEUP.LANCAMENTOS.CONSULTALANCAMENTOS?cnpj=00.768.271%2F0001-91&n_documento=106709%2FC","service":"btg-baixa-titulos-service","timestamp":"2026-05-20T13:16:18.646Z"}
{"lancamento":1434803745,"level":"info","message":"ℹ️ Título 106709/C já estava baixado. Processo ignorado.","service":"btg-baixa-titulos-service","situacao":"BAIXADO","timestamp":"2026-05-20T13:16:18.662Z"}
{"level":"info","message":"🔎 Processando título 106709/D","service":"btg-baixa-titulos-service","timestamp":"2026-05-20T13:16:18.667Z"}
{"level":"info","message":"🌐 Millennium request: GET /MILLENIUM!JOIN_ONEUP.LANCAMENTOS.CONSULTALANCAMENTOS?cnpj=00.768.271%2F0001-91&n_documento=106709%2FD","service":"btg-baixa-titulos-service","timestamp":"2026-05-20T13:16:18.667Z"}
{"lancamento":1434803746,"level":"info","message":"ℹ️ Título 106709/D já estava baixado. Processo ignorado.","service":"btg-baixa-titulos-service","situacao":"BAIXADO","timestamp":"2026-05-20T13:16:18.684Z"}
{"level":"info","message":"🔎 Processando título 106709/B","service":"btg-baixa-titulos-service","timestamp":"2026-05-20T13:16:18.689Z"}
{"level":"info","message":"🌐 Millennium request: GET /MILLENIUM!JOIN_ONEUP.LANCAMENTOS.CONSULTALANCAMENTOS?cnpj=00.768.271%2F0001-91&n_documento=106709%2FB","service":"btg-baixa-titulos-service","timestamp":"2026-05-20T13:16:18.689Z"}
{"lancamento":1434803744,"level":"info","message":"ℹ️ Título 106709/B já estava baixado. Processo ignorado.","service":"btg-baixa-titulos-service","situacao":"BAIXADO","timestamp":"2026-05-20T13:16:18.708Z"}
{"level":"info","message":"🔎 Processando título 106655/E","service":"btg-baixa-titulos-service","timestamp":"2026-05-20T13:16:18.711Z"}
{"level":"info","message":"🌐 Millennium request: GET /MILLENIUM!JOIN_ONEUP.LANCAMENTOS.CONSULTALANCAMENTOS?cnpj=73.652.158%2F0001-10&n_documento=106655%2FE","service":"btg-baixa-titulos-service","timestamp":"2026-05-20T13:16:18.711Z"}
{"lancamento":1434803559,"level":"info","message":"ℹ️ Título 106655/E já estava baixado. Processo ignorado.","service":"btg-baixa-titulos-service","situacao":"BAIXADO","timestamp":"2026-05-20T13:16:18.726Z"}
{"level":"info","message":"🔎 Processando título 106709/A","service":"btg-baixa-titulos-service","timestamp":"2026-05-20T13:16:18.728Z"}
{"level":"info","message":"🌐 Millennium request: GET /MILLENIUM!JOIN_ONEUP.LANCAMENTOS.CONSULTALANCAMENTOS?cnpj=00.768.271%2F0001-91&n_documento=106709%2FA","service":"btg-baixa-titulos-service","timestamp":"2026-05-20T13:16:18.728Z"}
{"lancamento":1434803743,"level":"info","message":"ℹ️ Título 106709/A já estava baixado. Processo ignorado.","service":"btg-baixa-titulos-service","situacao":"BAIXADO","timestamp":"2026-05-20T13:16:18.743Z"}
{"level":"info","message":"🔎 Processando título 106655/C","service":"btg-baixa-titulos-service","timestamp":"2026-05-20T13:16:18.747Z"}
{"level":"info","message":"🌐 Millennium request: GET /MILLENIUM!JOIN_ONEUP.LANCAMENTOS.CONSULTALANCAMENTOS?cnpj=73.652.158%2F0001-10&n_documento=106655%2FC","service":"btg-baixa-titulos-service","timestamp":"2026-05-20T13:16:18.747Z"}
{"lancamento":1434803557,"level":"info","message":"ℹ️ Título 106655/C já estava baixado. Processo ignorado.","service":"btg-baixa-titulos-service","situacao":"BAIXADO","timestamp":"2026-05-20T13:16:18.763Z"}
{"level":"info","message":"🔎 Processando título 106655/D","service":"btg-baixa-titulos-service","timestamp":"2026-05-20T13:16:18.768Z"}
{"level":"info","message":"🌐 Millennium request: GET /MILLENIUM!JOIN_ONEUP.LANCAMENTOS.CONSULTALANCAMENTOS?cnpj=73.652.158%2F0001-10&n_documento=106655%2FD","service":"btg-baixa-titulos-service","timestamp":"2026-05-20T13:16:18.768Z"}
{"lancamento":1434803558,"level":"info","message":"ℹ️ Título 106655/D já estava baixado. Processo ignorado.","service":"btg-baixa-titulos-service","situacao":"BAIXADO","timestamp":"2026-05-20T13:16:18.784Z"}
{"level":"info","message":"🔎 Processando título 106655/B","service":"btg-baixa-titulos-service","timestamp":"2026-05-20T13:16:18.788Z"}
{"level":"info","message":"🌐 Millennium request: GET /MILLENIUM!JOIN_ONEUP.LANCAMENTOS.CONSULTALANCAMENTOS?cnpj=73.652.158%2F0001-10&n_documento=106655%2FB","service":"btg-baixa-titulos-service","timestamp":"2026-05-20T13:16:18.788Z"}
{"lancamento":1434803556,"level":"info","message":"ℹ️ Título 106655/B já estava baixado. Processo ignorado.","service":"btg-baixa-titulos-service","situacao":"BAIXADO","timestamp":"2026-05-20T13:16:18.804Z"}
{"level":"info","message":"🔎 Processando título 106655/A","service":"btg-baixa-titulos-service","timestamp":"2026-05-20T13:16:18.809Z"}
{"level":"info","message":"🌐 Millennium request: GET /MILLENIUM!JOIN_ONEUP.LANCAMENTOS.CONSULTALANCAMENTOS?cnpj=73.652.158%2F0001-10&n_documento=106655%2FA","service":"btg-baixa-titulos-service","timestamp":"2026-05-20T13:16:18.809Z"}
{"lancamento":1434803555,"level":"info","message":"ℹ️ Título 106655/A já estava baixado. Processo ignorado.","service":"btg-baixa-titulos-service","situacao":"BAIXADO","timestamp":"2026-05-20T13:16:18.824Z"}
{"level":"info","message":"🔎 Processando título 106702/D","service":"btg-baixa-titulos-service","timestamp":"2026-05-20T13:16:18.828Z"}
{"level":"info","message":"🌐 Millennium request: GET /MILLENIUM!JOIN_ONEUP.LANCAMENTOS.CONSULTALANCAMENTOS?cnpj=57.408.548%2F0001-92&n_documento=106702%2FD","service":"btg-baixa-titulos-service","timestamp":"2026-05-20T13:16:18.828Z"}
{"lancamento":1434803693,"level":"info","message":"ℹ️ Título 106702/D já estava baixado. Processo ignorado.","service":"btg-baixa-titulos-service","situacao":"BAIXADO","timestamp":"2026-05-20T13:16:18.849Z"}
{"level":"info","message":"🔎 Processando título 106702/B","service":"btg-baixa-titulos-service","timestamp":"2026-05-20T13:16:18.853Z"}
{"level":"info","message":"🌐 Millennium request: GET /MILLENIUM!JOIN_ONEUP.LANCAMENTOS.CONSULTALANCAMENTOS?cnpj=57.408.548%2F0001-92&n_documento=106702%2FB","service":"btg-baixa-titulos-service","timestamp":"2026-05-20T13:16:18.853Z"}
{"lancamento":1434803691,"level":"info","message":"ℹ️ Título 106702/B já estava baixado. Processo ignorado.","service":"btg-baixa-titulos-service","situacao":"BAIXADO","timestamp":"2026-05-20T13:16:18.869Z"}
{"level":"info","message":"🔎 Processando título 106702/C","service":"btg-baixa-titulos-service","timestamp":"2026-05-20T13:16:18.879Z"}
{"level":"info","message":"🌐 Millennium request: GET /MILLENIUM!JOIN_ONEUP.LANCAMENTOS.CONSULTALANCAMENTOS?cnpj=57.408.548%2F0001-92&n_documento=106702%2FC","service":"btg-baixa-titulos-service","timestamp":"2026-05-20T13:16:18.879Z"}
{"lancamento":1434803692,"level":"info","message":"ℹ️ Título 106702/C já estava baixado. Processo ignorado.","service":"btg-baixa-titulos-service","situacao":"BAIXADO","timestamp":"2026-05-20T13:16:18.896Z"}
{"level":"info","message":"🔎 Processando título 106702/A","service":"btg-baixa-titulos-service","timestamp":"2026-05-20T13:16:18.911Z"}
{"level":"info","message":"🌐 Millennium request: GET /MILLENIUM!JOIN_ONEUP.LANCAMENTOS.CONSULTALANCAMENTOS?cnpj=57.408.548%2F0001-92&n_documento=106702%2FA","service":"btg-baixa-titulos-service","timestamp":"2026-05-20T13:16:18.911Z"}
{"lancamento":1434803690,"level":"info","message":"ℹ️ Título 106702/A já estava baixado. Processo ignorado.","service":"btg-baixa-titulos-service","situacao":"BAIXADO","timestamp":"2026-05-20T13:16:18.929Z"}
{"level":"info","message":"🔎 Processando título 106654/C","service":"btg-baixa-titulos-service","timestamp":"2026-05-20T13:16:18.935Z"}
{"level":"info","message":"🌐 Millennium request: GET /MILLENIUM!JOIN_ONEUP.LANCAMENTOS.CONSULTALANCAMENTOS?cnpj=57.408.548%2F0001-92&n_documento=106654%2FC","service":"btg-baixa-titulos-service","timestamp":"2026-05-20T13:16:18.935Z"}
{"lancamento":1434803553,"level":"info","message":"ℹ️ Título 106654/C já estava baixado. Processo ignorado.","service":"btg-baixa-titulos-service","situacao":"BAIXADO","timestamp":"2026-05-20T13:16:18.955Z"}
{"level":"info","message":"🔎 Processando título 106654/D","service":"btg-baixa-titulos-service","timestamp":"2026-05-20T13:16:18.961Z"}
{"level":"info","message":"🌐 Millennium request: GET /MILLENIUM!JOIN_ONEUP.LANCAMENTOS.CONSULTALANCAMENTOS?cnpj=57.408.548%2F0001-92&n_documento=106654%2FD","service":"btg-baixa-titulos-service","timestamp":"2026-05-20T13:16:18.961Z"}
{"lancamento":1434803554,"level":"info","message":"ℹ️ Título 106654/D já estava baixado. Processo ignorado.","service":"btg-baixa-titulos-service","situacao":"BAIXADO","timestamp":"2026-05-20T13:16:19.059Z"}
{"level":"info","message":"🔎 Processando título 106654/B","service":"btg-baixa-titulos-service","timestamp":"2026-05-20T13:16:19.067Z"}
{"level":"info","message":"🌐 Millennium request: GET /MILLENIUM!JOIN_ONEUP.LANCAMENTOS.CONSULTALANCAMENTOS?cnpj=57.408.548%2F0001-92&n_documento=106654%2FB","service":"btg-baixa-titulos-service","timestamp":"2026-05-20T13:16:19.068Z"}
{"lancamento":1434803552,"level":"info","message":"ℹ️ Título 106654/B já estava baixado. Processo ignorado.","service":"btg-baixa-titulos-service","situacao":"BAIXADO","timestamp":"2026-05-20T13:16:19.086Z"}
{"level":"info","message":"🔎 Processando título 106654/A","service":"btg-baixa-titulos-service","timestamp":"2026-05-20T13:16:19.096Z"}
{"level":"info","message":"🌐 Millennium request: GET /MILLENIUM!JOIN_ONEUP.LANCAMENTOS.CONSULTALANCAMENTOS?cnpj=57.408.548%2F0001-92&n_documento=106654%2FA","service":"btg-baixa-titulos-service","timestamp":"2026-05-20T13:16:19.096Z"}
{"lancamento":1434803551,"level":"info","message":"ℹ️ Título 106654/A já estava baixado. Processo ignorado.","service":"btg-baixa-titulos-service","situacao":"BAIXADO","timestamp":"2026-05-20T13:16:19.112Z"}
{"level":"info","message":"🔎 Processando título 108304/B","service":"btg-baixa-titulos-service","timestamp":"2026-05-20T13:16:19.119Z"}
{"level":"info","message":"🌐 Millennium request: GET /MILLENIUM!JOIN_ONEUP.LANCAMENTOS.CONSULTALANCAMENTOS?cnpj=07.409.302%2F0001-67&n_documento=108304%2FB","service":"btg-baixa-titulos-service","timestamp":"2026-05-20T13:16:19.119Z"}
{"lancamento":1434850213,"level":"info","message":"ℹ️ Título 108304/B já estava baixado. Processo ignorado.","service":"btg-baixa-titulos-service","situacao":"BAIXADO","timestamp":"2026-05-20T13:16:19.135Z"}
{"level":"info","message":"🔎 Processando título 108225/B","service":"btg-baixa-titulos-service","timestamp":"2026-05-20T13:16:19.141Z"}
{"level":"info","message":"🌐 Millennium request: GET /MILLENIUM!JOIN_ONEUP.LANCAMENTOS.CONSULTALANCAMENTOS?cnpj=50.649.490%2F0001-20&n_documento=108225%2FB","service":"btg-baixa-titulos-service","timestamp":"2026-05-20T13:16:19.141Z"}
{"lancamento":1434849895,"level":"info","message":"ℹ️ Título 108225/B já estava baixado. Processo ignorado.","service":"btg-baixa-titulos-service","situacao":"BAIXADO","timestamp":"2026-05-20T13:16:19.159Z"}
{"level":"info","message":"🔎 Processando título 108224/B","service":"btg-baixa-titulos-service","timestamp":"2026-05-20T13:16:19.164Z"}
{"level":"info","message":"🌐 Millennium request: GET /MILLENIUM!JOIN_ONEUP.LANCAMENTOS.CONSULTALANCAMENTOS?cnpj=50.649.490%2F0001-20&n_documento=108224%2FB","service":"btg-baixa-titulos-service","timestamp":"2026-05-20T13:16:19.164Z"}
{"lancamento":1434849892,"level":"info","message":"ℹ️ Título 108224/B já estava baixado. Processo ignorado.","service":"btg-baixa-titulos-service","situacao":"BAIXADO","timestamp":"2026-05-20T13:16:19.185Z"}
{"level":"info","message":"🔎 Processando título 108226/B","service":"btg-baixa-titulos-service","timestamp":"2026-05-20T13:16:19.191Z"}
{"level":"info","message":"🌐 Millennium request: GET /MILLENIUM!JOIN_ONEUP.LANCAMENTOS.CONSULTALANCAMENTOS?cnpj=50.649.490%2F0001-20&n_documento=108226%2FB","service":"btg-baixa-titulos-service","timestamp":"2026-05-20T13:16:19.191Z"}
{"lancamento":1434849908,"level":"info","message":"ℹ️ Título 108226/B já estava baixado. Processo ignorado.","service":"btg-baixa-titulos-service","situacao":"BAIXADO","timestamp":"2026-05-20T13:16:19.206Z"}
{"level":"info","message":"🔎 Processando título 108222/B","service":"btg-baixa-titulos-service","timestamp":"2026-05-20T13:16:19.211Z"}
{"level":"info","message":"🌐 Millennium request: GET /MILLENIUM!JOIN_ONEUP.LANCAMENTOS.CONSULTALANCAMENTOS?cnpj=50.649.490%2F0001-20&n_documento=108222%2FB","service":"btg-baixa-titulos-service","timestamp":"2026-05-20T13:16:19.211Z"}
{"lancamento":1434849889,"level":"info","message":"ℹ️ Título 108222/B já estava baixado. Processo ignorado.","service":"btg-baixa-titulos-service","situacao":"BAIXADO","timestamp":"2026-05-20T13:16:19.228Z"}
{"level":"info","message":"🔎 Processando título 108219/B","service":"btg-baixa-titulos-service","timestamp":"2026-05-20T13:16:19.233Z"}
{"level":"info","message":"🌐 Millennium request: GET /MILLENIUM!JOIN_ONEUP.LANCAMENTOS.CONSULTALANCAMENTOS?cnpj=50.649.490%2F0001-20&n_documento=108219%2FB","service":"btg-baixa-titulos-service","timestamp":"2026-05-20T13:16:19.233Z"}
{"lancamento":1434849878,"level":"info","message":"ℹ️ Título 108219/B já estava baixado. Processo ignorado.","service":"btg-baixa-titulos-service","situacao":"BAIXADO","timestamp":"2026-05-20T13:16:19.249Z"}
{"level":"info","message":"🔎 Processando título 108221/B","service":"btg-baixa-titulos-service","timestamp":"2026-05-20T13:16:19.254Z"}
{"level":"info","message":"🌐 Millennium request: GET /MILLENIUM!JOIN_ONEUP.LANCAMENTOS.CONSULTALANCAMENTOS?cnpj=50.649.490%2F0001-20&n_documento=108221%2FB","service":"btg-baixa-titulos-service","timestamp":"2026-05-20T13:16:19.254Z"}
{"lancamento":1434849886,"level":"info","message":"ℹ️ Título 108221/B já estava baixado. Processo ignorado.","service":"btg-baixa-titulos-service","situacao":"BAIXADO","timestamp":"2026-05-20T13:16:19.271Z"}
{"level":"info","message":"🔎 Processando título 108021/B","service":"btg-baixa-titulos-service","timestamp":"2026-05-20T13:16:19.277Z"}
{"level":"info","message":"🌐 Millennium request: GET /MILLENIUM!JOIN_ONEUP.LANCAMENTOS.CONSULTALANCAMENTOS?cnpj=07.030.508%2F0001-81&n_documento=108021%2FB","service":"btg-baixa-titulos-service","timestamp":"2026-05-20T13:16:19.277Z"}
{"lancamento":1434848940,"level":"info","message":"ℹ️ Título 108021/B já estava baixado. Processo ignorado.","service":"btg-baixa-titulos-service","situacao":"BAIXADO","timestamp":"2026-05-20T13:16:19.295Z"}
{"level":"info","message":"🔎 Processando título 108156/B","service":"btg-baixa-titulos-service","timestamp":"2026-05-20T13:16:19.299Z"}
{"level":"info","message":"🌐 Millennium request: GET /MILLENIUM!JOIN_ONEUP.LANCAMENTOS.CONSULTALANCAMENTOS?cnpj=57.408.548%2F0001-92&n_documento=108156%2FB","service":"btg-baixa-titulos-service","timestamp":"2026-05-20T13:16:19.299Z"}
{"lancamento":1434849578,"level":"info","message":"ℹ️ Título 108156/B já estava baixado. Processo ignorado.","service":"btg-baixa-titulos-service","situacao":"BAIXADO","timestamp":"2026-05-20T13:16:19.315Z"}
{"level":"info","message":"🔎 Processando título 108157/B","service":"btg-baixa-titulos-service","timestamp":"2026-05-20T13:16:19.317Z"}
{"level":"info","message":"🌐 Millennium request: GET /MILLENIUM!JOIN_ONEUP.LANCAMENTOS.CONSULTALANCAMENTOS?cnpj=03.294.992%2F0001-03&n_documento=108157%2FB","service":"btg-baixa-titulos-service","timestamp":"2026-05-20T13:16:19.317Z"}
{"lancamento":1434849582,"level":"info","message":"ℹ️ Título 108157/B já estava baixado. Processo ignorado.","service":"btg-baixa-titulos-service","situacao":"BAIXADO","timestamp":"2026-05-20T13:16:19.336Z"}
{"level":"info","message":"🔎 Processando título 108020/B","service":"btg-baixa-titulos-service","timestamp":"2026-05-20T13:16:19.341Z"}
{"level":"info","message":"🌐 Millennium request: GET /MILLENIUM!JOIN_ONEUP.LANCAMENTOS.CONSULTALANCAMENTOS?cnpj=57.408.548%2F0001-92&n_documento=108020%2FB","service":"btg-baixa-titulos-service","timestamp":"2026-05-20T13:16:19.341Z"}
{"lancamento":1434848919,"level":"info","message":"ℹ️ Título 108020/B já estava baixado. Processo ignorado.","service":"btg-baixa-titulos-service","situacao":"BAIXADO","timestamp":"2026-05-20T13:16:19.359Z"}
{"level":"info","message":"🔎 Processando título 107660/B","service":"btg-baixa-titulos-service","timestamp":"2026-05-20T13:16:19.364Z"}
{"level":"info","message":"🌐 Millennium request: GET /MILLENIUM!JOIN_ONEUP.LANCAMENTOS.CONSULTALANCAMENTOS?cnpj=57.408.548%2F0001-92&n_documento=107660%2FB","service":"btg-baixa-titulos-service","timestamp":"2026-05-20T13:16:19.364Z"}
{"lancamento":1434808276,"level":"info","message":"ℹ️ Título 107660/B já estava baixado. Processo ignorado.","service":"btg-baixa-titulos-service","situacao":"BAIXADO","timestamp":"2026-05-20T13:16:19.378Z"}
{"level":"info","message":"🔎 Processando título 107627/B","service":"btg-baixa-titulos-service","timestamp":"2026-05-20T13:16:19.383Z"}
{"level":"info","message":"🌐 Millennium request: GET /MILLENIUM!JOIN_ONEUP.LANCAMENTOS.CONSULTALANCAMENTOS?cnpj=57.408.548%2F0001-92&n_documento=107627%2FB","service":"btg-baixa-titulos-service","timestamp":"2026-05-20T13:16:19.383Z"}
{"lancamento":1434808245,"level":"info","message":"ℹ️ Título 107627/B já estava baixado. Processo ignorado.","service":"btg-baixa-titulos-service","situacao":"BAIXADO","timestamp":"2026-05-20T13:16:19.398Z"}
{"level":"info","message":"🔎 Processando título 108317/B","service":"btg-baixa-titulos-service","timestamp":"2026-05-20T13:16:19.401Z"}
{"level":"info","message":"🌐 Millennium request: GET /MILLENIUM!JOIN_ONEUP.LANCAMENTOS.CONSULTALANCAMENTOS?cnpj=03.294.992%2F0001-03&n_documento=108317%2FB","service":"btg-baixa-titulos-service","timestamp":"2026-05-20T13:16:19.401Z"}
{"lancamento":1434850304,"level":"info","message":"ℹ️ Título 108317/B já estava baixado. Processo ignorado.","service":"btg-baixa-titulos-service","situacao":"BAIXADO","timestamp":"2026-05-20T13:16:19.414Z"}
{"level":"info","message":"🔎 Processando título 108331/A","service":"btg-baixa-titulos-service","timestamp":"2026-05-20T13:16:19.416Z"}
{"level":"info","message":"🌐 Millennium request: GET /MILLENIUM!JOIN_ONEUP.LANCAMENTOS.CONSULTALANCAMENTOS?cnpj=47.485.403%2F0001-31&n_documento=108331%2FA","service":"btg-baixa-titulos-service","timestamp":"2026-05-20T13:16:19.416Z"}
{"lancamento":1434850368,"level":"info","message":"ℹ️ Título 108331/A já estava baixado. Processo ignorado.","service":"btg-baixa-titulos-service","situacao":"BAIXADO","timestamp":"2026-05-20T13:16:19.431Z"}
{"level":"info","message":"🔎 Processando título 108328/A","service":"btg-baixa-titulos-service","timestamp":"2026-05-20T13:16:19.433Z"}
{"level":"info","message":"🌐 Millennium request: GET /MILLENIUM!JOIN_ONEUP.LANCAMENTOS.CONSULTALANCAMENTOS?cnpj=59.205.187%2F0001-02&n_documento=108328%2FA","service":"btg-baixa-titulos-service","timestamp":"2026-05-20T13:16:19.433Z"}
{"lancamento":1434850361,"level":"info","message":"ℹ️ Título 108328/A já estava baixado. Processo ignorado.","service":"btg-baixa-titulos-service","situacao":"BAIXADO","timestamp":"2026-05-20T13:16:19.447Z"}
{"level":"info","message":"🔎 Processando título 108327/A","service":"btg-baixa-titulos-service","timestamp":"2026-05-20T13:16:19.449Z"}
{"level":"info","message":"🌐 Millennium request: GET /MILLENIUM!JOIN_ONEUP.LANCAMENTOS.CONSULTALANCAMENTOS?cnpj=73.652.158%2F0001-10&n_documento=108327%2FA","service":"btg-baixa-titulos-service","timestamp":"2026-05-20T13:16:19.449Z"}
{"lancamento":1434850355,"level":"info","message":"ℹ️ Título 108327/A já estava baixado. Processo ignorado.","service":"btg-baixa-titulos-service","situacao":"BAIXADO","timestamp":"2026-05-20T13:16:19.464Z"}
{"level":"info","message":"🔎 Processando título 108324/A","service":"btg-baixa-titulos-service","timestamp":"2026-05-20T13:16:19.466Z"}
{"level":"info","message":"🌐 Millennium request: GET /MILLENIUM!JOIN_ONEUP.LANCAMENTOS.CONSULTALANCAMENTOS?cnpj=47.485.403%2F0001-31&n_documento=108324%2FA","service":"btg-baixa-titulos-service","timestamp":"2026-05-20T13:16:19.466Z"}
{"lancamento":1434850349,"level":"info","message":"ℹ️ Título 108324/A já estava baixado. Processo ignorado.","service":"btg-baixa-titulos-service","situacao":"BAIXADO","timestamp":"2026-05-20T13:16:19.481Z"}
{"level":"info","message":"🔎 Processando título 108326/A","service":"btg-baixa-titulos-service","timestamp":"2026-05-20T13:16:19.484Z"}
{"level":"info","message":"🌐 Millennium request: GET /MILLENIUM!JOIN_ONEUP.LANCAMENTOS.CONSULTALANCAMENTOS?cnpj=96.609.490%2F0001-05&n_documento=108326%2FA","service":"btg-baixa-titulos-service","timestamp":"2026-05-20T13:16:19.484Z"}
{"lancamento":1434850352,"level":"info","message":"ℹ️ Título 108326/A já estava baixado. Processo ignorado.","service":"btg-baixa-titulos-service","situacao":"BAIXADO","timestamp":"2026-05-20T13:16:19.584Z"}
{"level":"info","message":"🔎 Processando título 108322/A","service":"btg-baixa-titulos-service","timestamp":"2026-05-20T13:16:19.593Z"}
{"level":"info","message":"🌐 Millennium request: GET /MILLENIUM!JOIN_ONEUP.LANCAMENTOS.CONSULTALANCAMENTOS?cnpj=47.485.403%2F0001-31&n_documento=108322%2FA","service":"btg-baixa-titulos-service","timestamp":"2026-05-20T13:16:19.593Z"}
{"lancamento":1434850335,"level":"info","message":"ℹ️ Título 108322/A já estava baixado. Processo ignorado.","service":"btg-baixa-titulos-service","situacao":"BAIXADO","timestamp":"2026-05-20T13:16:19.609Z"}
{"level":"info","message":"🔎 Processando título 108323/A","service":"btg-baixa-titulos-service","timestamp":"2026-05-20T13:16:19.617Z"}
{"level":"info","message":"🌐 Millennium request: GET /MILLENIUM!JOIN_ONEUP.LANCAMENTOS.CONSULTALANCAMENTOS?cnpj=47.485.403%2F0001-31&n_documento=108323%2FA","service":"btg-baixa-titulos-service","timestamp":"2026-05-20T13:16:19.617Z"}
{"lancamento":1434850340,"level":"info","message":"ℹ️ Título 108323/A já estava baixado. Processo ignorado.","service":"btg-baixa-titulos-service","situacao":"BAIXADO","timestamp":"2026-05-20T13:16:19.633Z"}
{"level":"info","message":"🔎 Processando título 108321/A","service":"btg-baixa-titulos-service","timestamp":"2026-05-20T13:16:19.639Z"}
{"level":"info","message":"🌐 Millennium request: GET /MILLENIUM!JOIN_ONEUP.LANCAMENTOS.CONSULTALANCAMENTOS?cnpj=47.485.403%2F0001-31&n_documento=108321%2FA","service":"btg-baixa-titulos-service","timestamp":"2026-05-20T13:16:19.639Z"}
{"lancamento":1434850331,"level":"info","message":"ℹ️ Título 108321/A já estava baixado. Processo ignorado.","service":"btg-baixa-titulos-service","situacao":"BAIXADO","timestamp":"2026-05-20T13:16:19.657Z"}
{"level":"info","message":"🔎 Processando título 108320/A","service":"btg-baixa-titulos-service","timestamp":"2026-05-20T13:16:19.663Z"}
{"level":"info","message":"🌐 Millennium request: GET /MILLENIUM!JOIN_ONEUP.LANCAMENTOS.CONSULTALANCAMENTOS?cnpj=47.485.403%2F0001-31&n_documento=108320%2FA","service":"btg-baixa-titulos-service","timestamp":"2026-05-20T13:16:19.663Z"}
{"lancamento":1434850326,"level":"info","message":"ℹ️ Título 108320/A já estava baixado. Processo ignorado.","service":"btg-baixa-titulos-service","situacao":"BAIXADO","timestamp":"2026-05-20T13:16:19.681Z"}
{"level":"info","message":"🔎 Processando título 108318/A","service":"btg-baixa-titulos-service","timestamp":"2026-05-20T13:16:19.687Z"}
{"level":"info","message":"🌐 Millennium request: GET /MILLENIUM!JOIN_ONEUP.LANCAMENTOS.CONSULTALANCAMENTOS?cnpj=50.649.490%2F0001-20&n_documento=108318%2FA","service":"btg-baixa-titulos-service","timestamp":"2026-05-20T13:16:19.687Z"}
{"lancamento":1434850322,"level":"info","message":"ℹ️ Título 108318/A já estava baixado. Processo ignorado.","service":"btg-baixa-titulos-service","situacao":"BAIXADO","timestamp":"2026-05-20T13:16:19.704Z"}
{"level":"info","message":"🔎 Processando título 108315/A","service":"btg-baixa-titulos-service","timestamp":"2026-05-20T13:16:19.709Z"}
{"level":"info","message":"🌐 Millennium request: GET /MILLENIUM!JOIN_ONEUP.LANCAMENTOS.CONSULTALANCAMENTOS?cnpj=06.181.589%2F0001-58&n_documento=108315%2FA","service":"btg-baixa-titulos-service","timestamp":"2026-05-20T13:16:19.709Z"}
{"lancamento":1434850296,"level":"info","message":"ℹ️ Título 108315/A já estava baixado. Processo ignorado.","service":"btg-baixa-titulos-service","situacao":"BAIXADO","timestamp":"2026-05-20T13:16:19.725Z"}
{"level":"info","message":"🔎 Processando título 108317/A","service":"btg-baixa-titulos-service","timestamp":"2026-05-20T13:16:19.729Z"}
{"level":"info","message":"🌐 Millennium request: GET /MILLENIUM!JOIN_ONEUP.LANCAMENTOS.CONSULTALANCAMENTOS?cnpj=03.294.992%2F0001-03&n_documento=108317%2FA","service":"btg-baixa-titulos-service","timestamp":"2026-05-20T13:16:19.729Z"}
{"lancamento":1434850303,"level":"info","message":"ℹ️ Título 108317/A já estava baixado. Processo ignorado.","service":"btg-baixa-titulos-service","situacao":"BAIXADO","timestamp":"2026-05-20T13:16:19.746Z"}
{"level":"info","message":"🔎 Processando título 108313/A","service":"btg-baixa-titulos-service","timestamp":"2026-05-20T13:16:19.751Z"}
{"level":"info","message":"🌐 Millennium request: GET /MILLENIUM!JOIN_ONEUP.LANCAMENTOS.CONSULTALANCAMENTOS?cnpj=22.031.998%2F0001-24&n_documento=108313%2FA","service":"btg-baixa-titulos-service","timestamp":"2026-05-20T13:16:19.752Z"}
{"lancamento":1434850289,"level":"info","message":"ℹ️ Título 108313/A já estava baixado. Processo ignorado.","service":"btg-baixa-titulos-service","situacao":"BAIXADO","timestamp":"2026-05-20T13:16:19.768Z"}
{"level":"info","message":"🔎 Processando título 108306/A","service":"btg-baixa-titulos-service","timestamp":"2026-05-20T13:16:19.774Z"}
{"level":"info","message":"🌐 Millennium request: GET /MILLENIUM!JOIN_ONEUP.LANCAMENTOS.CONSULTALANCAMENTOS?cnpj=00.768.271%2F0001-91&n_documento=108306%2FA","service":"btg-baixa-titulos-service","timestamp":"2026-05-20T13:16:19.774Z"}
{"lancamento":1434850217,"level":"info","message":"ℹ️ Título 108306/A já estava baixado. Processo ignorado.","service":"btg-baixa-titulos-service","situacao":"BAIXADO","timestamp":"2026-05-20T13:16:19.790Z"}
{"level":"info","message":"🔎 Processando título 108310/A","service":"btg-baixa-titulos-service","timestamp":"2026-05-20T13:16:19.796Z"}
{"level":"info","message":"🌐 Millennium request: GET /MILLENIUM!JOIN_ONEUP.LANCAMENTOS.CONSULTALANCAMENTOS?cnpj=03.247.651%2F0001-79&n_documento=108310%2FA","service":"btg-baixa-titulos-service","timestamp":"2026-05-20T13:16:19.796Z"}
{"lancamento":1434850284,"level":"info","message":"ℹ️ Título 108310/A já estava baixado. Processo ignorado.","service":"btg-baixa-titulos-service","situacao":"BAIXADO","timestamp":"2026-05-20T13:16:19.815Z"}
{"level":"info","message":"🔎 Processando título 108304/A","service":"btg-baixa-titulos-service","timestamp":"2026-05-20T13:16:19.817Z"}
{"level":"info","message":"🌐 Millennium request: GET /MILLENIUM!JOIN_ONEUP.LANCAMENTOS.CONSULTALANCAMENTOS?cnpj=07.409.302%2F0001-67&n_documento=108304%2FA","service":"btg-baixa-titulos-service","timestamp":"2026-05-20T13:16:19.817Z"}
{"lancamento":1434850212,"level":"info","message":"ℹ️ Título 108304/A já estava baixado. Processo ignorado.","service":"btg-baixa-titulos-service","situacao":"BAIXADO","timestamp":"2026-05-20T13:16:19.830Z"}
{"level":"info","message":"🔎 Processando título 108252/A","service":"btg-baixa-titulos-service","timestamp":"2026-05-20T13:16:19.834Z"}
{"level":"info","message":"🌐 Millennium request: GET /MILLENIUM!JOIN_ONEUP.LANCAMENTOS.CONSULTALANCAMENTOS?cnpj=44.999.259%2F0001-63&n_documento=108252%2FA","service":"btg-baixa-titulos-service","timestamp":"2026-05-20T13:16:19.834Z"}
{"lancamento":1434850042,"level":"info","message":"ℹ️ Título 108252/A já estava baixado. Processo ignorado.","service":"btg-baixa-titulos-service","situacao":"BAIXADO","timestamp":"2026-05-20T13:16:19.849Z"}
{"level":"info","message":"🔎 Processando título 108253/A","service":"btg-baixa-titulos-service","timestamp":"2026-05-20T13:16:19.852Z"}
{"level":"info","message":"🌐 Millennium request: GET /MILLENIUM!JOIN_ONEUP.LANCAMENTOS.CONSULTALANCAMENTOS?cnpj=57.408.548%2F0001-92&n_documento=108253%2FA","service":"btg-baixa-titulos-service","timestamp":"2026-05-20T13:16:19.852Z"}
{"lancamento":1434850047,"level":"info","message":"ℹ️ Título 108253/A já estava baixado. Processo ignorado.","service":"btg-baixa-titulos-service","situacao":"BAIXADO","timestamp":"2026-05-20T13:16:19.869Z"}
{"level":"info","message":"🔎 Processando título 108226/A","service":"btg-baixa-titulos-service","timestamp":"2026-05-20T13:16:19.876Z"}
{"level":"info","message":"🌐 Millennium request: GET /MILLENIUM!JOIN_ONEUP.LANCAMENTOS.CONSULTALANCAMENTOS?cnpj=50.649.490%2F0001-20&n_documento=108226%2FA","service":"btg-baixa-titulos-service","timestamp":"2026-05-20T13:16:19.876Z"}
{"lancamento":1434849907,"level":"info","message":"ℹ️ Título 108226/A já estava baixado. Processo ignorado.","service":"btg-baixa-titulos-service","situacao":"BAIXADO","timestamp":"2026-05-20T13:16:19.893Z"}
{"level":"info","message":"🔎 Processando título 108224/A","service":"btg-baixa-titulos-service","timestamp":"2026-05-20T13:16:19.896Z"}
{"level":"info","message":"🌐 Millennium request: GET /MILLENIUM!JOIN_ONEUP.LANCAMENTOS.CONSULTALANCAMENTOS?cnpj=50.649.490%2F0001-20&n_documento=108224%2FA","service":"btg-baixa-titulos-service","timestamp":"2026-05-20T13:16:19.896Z"}
{"lancamento":1434849891,"level":"info","message":"ℹ️ Título 108224/A já estava baixado. Processo ignorado.","service":"btg-baixa-titulos-service","situacao":"BAIXADO","timestamp":"2026-05-20T13:16:19.911Z"}
{"level":"info","message":"🔎 Processando título 108225/A","service":"btg-baixa-titulos-service","timestamp":"2026-05-20T13:16:19.913Z"}
{"level":"info","message":"🌐 Millennium request: GET /MILLENIUM!JOIN_ONEUP.LANCAMENTOS.CONSULTALANCAMENTOS?cnpj=50.649.490%2F0001-20&n_documento=108225%2FA","service":"btg-baixa-titulos-service","timestamp":"2026-05-20T13:16:19.913Z"}
{"lancamento":1434849894,"level":"info","message":"ℹ️ Título 108225/A já estava baixado. Processo ignorado.","service":"btg-baixa-titulos-service","situacao":"BAIXADO","timestamp":"2026-05-20T13:16:19.930Z"}
{"level":"info","message":"🔎 Processando título 108221/A","service":"btg-baixa-titulos-service","timestamp":"2026-05-20T13:16:19.935Z"}
{"level":"info","message":"🌐 Millennium request: GET /MILLENIUM!JOIN_ONEUP.LANCAMENTOS.CONSULTALANCAMENTOS?cnpj=50.649.490%2F0001-20&n_documento=108221%2FA","service":"btg-baixa-titulos-service","timestamp":"2026-05-20T13:16:19.935Z"}
{"lancamento":1434849885,"level":"info","message":"ℹ️ Título 108221/A já estava baixado. Processo ignorado.","service":"btg-baixa-titulos-service","situacao":"BAIXADO","timestamp":"2026-05-20T13:16:19.951Z"}
{"level":"info","message":"🔎 Processando título 108222/A","service":"btg-baixa-titulos-service","timestamp":"2026-05-20T13:16:19.956Z"}
{"level":"info","message":"🌐 Millennium request: GET /MILLENIUM!JOIN_ONEUP.LANCAMENTOS.CONSULTALANCAMENTOS?cnpj=50.649.490%2F0001-20&n_documento=108222%2FA","service":"btg-baixa-titulos-service","timestamp":"2026-05-20T13:16:19.956Z"}
{"lancamento":1434849888,"level":"info","message":"ℹ️ Título 108222/A já estava baixado. Processo ignorado.","service":"btg-baixa-titulos-service","situacao":"BAIXADO","timestamp":"2026-05-20T13:16:19.973Z"}
{"level":"info","message":"🔎 Processando título 108156/A","service":"btg-baixa-titulos-service","timestamp":"2026-05-20T13:16:19.979Z"}
{"level":"info","message":"🌐 Millennium request: GET /MILLENIUM!JOIN_ONEUP.LANCAMENTOS.CONSULTALANCAMENTOS?cnpj=57.408.548%2F0001-92&n_documento=108156%2FA","service":"btg-baixa-titulos-service","timestamp":"2026-05-20T13:16:19.979Z"}
{"lancamento":1434849577,"level":"info","message":"ℹ️ Título 108156/A já estava baixado. Processo ignorado.","service":"btg-baixa-titulos-service","situacao":"BAIXADO","timestamp":"2026-05-20T13:16:19.995Z"}
{"level":"info","message":"🔎 Processando título 108219/A","service":"btg-baixa-titulos-service","timestamp":"2026-05-20T13:16:20.001Z"}
{"level":"info","message":"🌐 Millennium request: GET /MILLENIUM!JOIN_ONEUP.LANCAMENTOS.CONSULTALANCAMENTOS?cnpj=50.649.490%2F0001-20&n_documento=108219%2FA","service":"btg-baixa-titulos-service","timestamp":"2026-05-20T13:16:20.001Z"}
{"lancamento":1434849877,"level":"info","message":"ℹ️ Título 108219/A já estava baixado. Processo ignorado.","service":"btg-baixa-titulos-service","situacao":"BAIXADO","timestamp":"2026-05-20T13:16:20.096Z"}
{"level":"info","message":"🔎 Processando título 108157/A","service":"btg-baixa-titulos-service","timestamp":"2026-05-20T13:16:20.106Z"}
{"level":"info","message":"🌐 Millennium request: GET /MILLENIUM!JOIN_ONEUP.LANCAMENTOS.CONSULTALANCAMENTOS?cnpj=03.294.992%2F0001-03&n_documento=108157%2FA","service":"btg-baixa-titulos-service","timestamp":"2026-05-20T13:16:20.106Z"}
{"lancamento":1434849581,"level":"info","message":"ℹ️ Título 108157/A já estava baixado. Processo ignorado.","service":"btg-baixa-titulos-service","situacao":"BAIXADO","timestamp":"2026-05-20T13:16:20.124Z"}
{"level":"info","message":"🔎 Processando título 108020/A","service":"btg-baixa-titulos-service","timestamp":"2026-05-20T13:16:20.132Z"}
{"level":"info","message":"🌐 Millennium request: GET /MILLENIUM!JOIN_ONEUP.LANCAMENTOS.CONSULTALANCAMENTOS?cnpj=57.408.548%2F0001-92&n_documento=108020%2FA","service":"btg-baixa-titulos-service","timestamp":"2026-05-20T13:16:20.132Z"}
{"lancamento":1434848918,"level":"info","message":"ℹ️ Título 108020/A já estava baixado. Processo ignorado.","service":"btg-baixa-titulos-service","situacao":"BAIXADO","timestamp":"2026-05-20T13:16:20.149Z"}
{"level":"info","message":"🔎 Processando título 108021/A","service":"btg-baixa-titulos-service","timestamp":"2026-05-20T13:16:20.156Z"}
{"level":"info","message":"🌐 Millennium request: GET /MILLENIUM!JOIN_ONEUP.LANCAMENTOS.CONSULTALANCAMENTOS?cnpj=07.030.508%2F0001-81&n_documento=108021%2FA","service":"btg-baixa-titulos-service","timestamp":"2026-05-20T13:16:20.156Z"}
{"lancamento":1434848939,"level":"info","message":"ℹ️ Título 108021/A já estava baixado. Processo ignorado.","service":"btg-baixa-titulos-service","situacao":"BAIXADO","timestamp":"2026-05-20T13:16:20.171Z"}
{"level":"info","message":"🔎 Processando título 107660/A","service":"btg-baixa-titulos-service","timestamp":"2026-05-20T13:16:20.177Z"}
{"level":"info","message":"🌐 Millennium request: GET /MILLENIUM!JOIN_ONEUP.LANCAMENTOS.CONSULTALANCAMENTOS?cnpj=57.408.548%2F0001-92&n_documento=107660%2FA","service":"btg-baixa-titulos-service","timestamp":"2026-05-20T13:16:20.177Z"}
{"lancamento":1434808275,"level":"info","message":"ℹ️ Título 107660/A já estava baixado. Processo ignorado.","service":"btg-baixa-titulos-service","situacao":"BAIXADO","timestamp":"2026-05-20T13:16:20.196Z"}
{"level":"info","message":"🔎 Processando título 107627/A","service":"btg-baixa-titulos-service","timestamp":"2026-05-20T13:16:20.202Z"}
{"level":"info","message":"🌐 Millennium request: GET /MILLENIUM!JOIN_ONEUP.LANCAMENTOS.CONSULTALANCAMENTOS?cnpj=57.408.548%2F0001-92&n_documento=107627%2FA","service":"btg-baixa-titulos-service","timestamp":"2026-05-20T13:16:20.202Z"}
{"lancamento":1434808244,"level":"info","message":"ℹ️ Título 107627/A já estava baixado. Processo ignorado.","service":"btg-baixa-titulos-service","situacao":"BAIXADO","timestamp":"2026-05-20T13:16:20.217Z"}
{"level":"info","message":"🔎 Processando título 108308","service":"btg-baixa-titulos-service","timestamp":"2026-05-20T13:16:20.220Z"}
{"level":"info","message":"🌐 Millennium request: GET /MILLENIUM!JOIN_ONEUP.LANCAMENTOS.CONSULTALANCAMENTOS?cnpj=77.857.555%2F0009-36&n_documento=108308","service":"btg-baixa-titulos-service","timestamp":"2026-05-20T13:16:20.220Z"}
{"lancamento":1434850230,"level":"info","message":"ℹ️ Título 108308 já estava baixado. Processo ignorado.","service":"btg-baixa-titulos-service","situacao":"BAIXADO","timestamp":"2026-05-20T13:16:20.235Z"}
{"level":"info","message":"🔎 Processando título 108314","service":"btg-baixa-titulos-service","timestamp":"2026-05-20T13:16:20.239Z"}
{"level":"info","message":"🌐 Millennium request: GET /MILLENIUM!JOIN_ONEUP.LANCAMENTOS.CONSULTALANCAMENTOS?cnpj=02.355.679%2F0001-67&n_documento=108314","service":"btg-baixa-titulos-service","timestamp":"2026-05-20T13:16:20.239Z"}
{"lancamento":1434850295,"level":"info","message":"ℹ️ Título 108314 já estava baixado. Processo ignorado.","service":"btg-baixa-titulos-service","situacao":"BAIXADO","timestamp":"2026-05-20T13:16:20.255Z"}
{"level":"info","message":"🔎 Processando título 108251","service":"btg-baixa-titulos-service","timestamp":"2026-05-20T13:16:20.261Z"}
{"level":"info","message":"🌐 Millennium request: GET /MILLENIUM!JOIN_ONEUP.LANCAMENTOS.CONSULTALANCAMENTOS?cnpj=01.009.793%2F0001-72&n_documento=108251","service":"btg-baixa-titulos-service","timestamp":"2026-05-20T13:16:20.261Z"}
{"lancamento":1434850041,"level":"info","message":"ℹ️ Título 108251 já estava baixado. Processo ignorado.","service":"btg-baixa-titulos-service","situacao":"BAIXADO","timestamp":"2026-05-20T13:16:20.278Z"}
{"level":"info","message":"🔎 Processando título 107687","service":"btg-baixa-titulos-service","timestamp":"2026-05-20T13:16:20.283Z"}
{"level":"info","message":"🌐 Millennium request: GET /MILLENIUM!JOIN_ONEUP.LANCAMENTOS.CONSULTALANCAMENTOS?cnpj=01.329.811%2F0001-01&n_documento=107687","service":"btg-baixa-titulos-service","timestamp":"2026-05-20T13:16:20.283Z"}
{"lancamento":1434808382,"level":"info","message":"ℹ️ Título 107687 já estava baixado. Processo ignorado.","service":"btg-baixa-titulos-service","situacao":"BAIXADO","timestamp":"2026-05-20T13:16:20.298Z"}
{"level":"info","message":"🔎 Processando título CORRE 107091","service":"btg-baixa-titulos-service","timestamp":"2026-05-20T13:16:20.303Z"}
{"level":"info","message":"🌐 Millennium request: GET /MILLENIUM!JOIN_ONEUP.LANCAMENTOS.CONSULTALANCAMENTOS?cnpj=21.067.137%2F0001-33&n_documento=CORRE%20107091","service":"btg-baixa-titulos-service","timestamp":"2026-05-20T13:16:20.303Z"}
{"lancamento":1434848054,"level":"info","message":"ℹ️ Título CORRE 107091 já estava baixado. Processo ignorado.","service":"btg-baixa-titulos-service","situacao":"BAIXADO","timestamp":"2026-05-20T13:16:20.318Z"}
{"level":"info","message":"🔎 Processando título CORRE 107089","service":"btg-baixa-titulos-service","timestamp":"2026-05-20T13:16:20.320Z"}
{"level":"info","message":"🌐 Millennium request: GET /MILLENIUM!JOIN_ONEUP.LANCAMENTOS.CONSULTALANCAMENTOS?cnpj=01.934.454%2F0001-00&n_documento=CORRE%20107089","service":"btg-baixa-titulos-service","timestamp":"2026-05-20T13:16:20.320Z"}
{"lancamento":1434848055,"level":"info","message":"ℹ️ Título CORRE 107089 já estava baixado. Processo ignorado.","service":"btg-baixa-titulos-service","situacao":"BAIXADO","timestamp":"2026-05-20T13:16:20.335Z"}
{"level":"info","message":"🔎 Processando título FRE 107098","service":"btg-baixa-titulos-service","timestamp":"2026-05-20T13:16:20.339Z"}
{"level":"info","message":"🌐 Millennium request: GET /MILLENIUM!JOIN_ONEUP.LANCAMENTOS.CONSULTALANCAMENTOS?cnpj=03.294.992%2F0001-03&n_documento=FRE%20107098","service":"btg-baixa-titulos-service","timestamp":"2026-05-20T13:16:20.339Z"}
{"lancamento":1434848060,"level":"info","message":"ℹ️ Título FRE 107098 já estava baixado. Processo ignorado.","service":"btg-baixa-titulos-service","situacao":"BAIXADO","timestamp":"2026-05-20T13:16:20.355Z"}
{"level":"info","message":"🔎 Processando título FRE 107179","service":"btg-baixa-titulos-service","timestamp":"2026-05-20T13:16:20.359Z"}
{"level":"info","message":"🌐 Millennium request: GET /MILLENIUM!JOIN_ONEUP.LANCAMENTOS.CONSULTALANCAMENTOS?cnpj=31.505.989%2F0001-19&n_documento=FRE%20107179","service":"btg-baixa-titulos-service","timestamp":"2026-05-20T13:16:20.359Z"}
{"lancamento":1434848061,"level":"info","message":"ℹ️ Título FRE 107179 já estava baixado. Processo ignorado.","service":"btg-baixa-titulos-service","situacao":"BAIXADO","timestamp":"2026-05-20T13:16:20.374Z"}
{"level":"info","message":"🔎 Processando título CORRE 106807","service":"btg-baixa-titulos-service","timestamp":"2026-05-20T13:16:20.380Z"}
{"level":"info","message":"🌐 Millennium request: GET /MILLENIUM!JOIN_ONEUP.LANCAMENTOS.CONSULTALANCAMENTOS?cnpj=01.009.793%2F0001-72&n_documento=CORRE%20106807","service":"btg-baixa-titulos-service","timestamp":"2026-05-20T13:16:20.380Z"}
{"lancamento":1434848053,"level":"info","message":"ℹ️ Título CORRE 106807 já estava baixado. Processo ignorado.","service":"btg-baixa-titulos-service","situacao":"BAIXADO","timestamp":"2026-05-20T13:16:20.396Z"}
{"level":"info","message":"🔎 Processando título CORRE 107178","service":"btg-baixa-titulos-service","timestamp":"2026-05-20T13:16:20.401Z"}
{"level":"info","message":"🌐 Millennium request: GET /MILLENIUM!JOIN_ONEUP.LANCAMENTOS.CONSULTALANCAMENTOS?cnpj=01.009.793%2F0001-72&n_documento=CORRE%20107178","service":"btg-baixa-titulos-service","timestamp":"2026-05-20T13:16:20.401Z"}
{"lancamento":1434848056,"level":"info","message":"ℹ️ Título CORRE 107178 já estava baixado. Processo ignorado.","service":"btg-baixa-titulos-service","situacao":"BAIXADO","timestamp":"2026-05-20T13:16:20.418Z"}
{"level":"info","message":"🔎 Processando título FRE 107100","service":"btg-baixa-titulos-service","timestamp":"2026-05-20T13:16:20.422Z"}
{"level":"info","message":"🌐 Millennium request: GET /MILLENIUM!JOIN_ONEUP.LANCAMENTOS.CONSULTALANCAMENTOS?cnpj=57.408.548%2F0001-92&n_documento=FRE%20107100","service":"btg-baixa-titulos-service","timestamp":"2026-05-20T13:16:20.422Z"}
{"lancamento":1434848059,"level":"info","message":"ℹ️ Título FRE 107100 já estava baixado. Processo ignorado.","service":"btg-baixa-titulos-service","situacao":"BAIXADO","timestamp":"2026-05-20T13:16:20.438Z"}
{"level":"info","message":"🔎 Processando título CORRE 107483","service":"btg-baixa-titulos-service","timestamp":"2026-05-20T13:16:20.443Z"}
{"level":"info","message":"🌐 Millennium request: GET /MILLENIUM!JOIN_ONEUP.LANCAMENTOS.CONSULTALANCAMENTOS?cnpj=57.408.548%2F0001-92&n_documento=CORRE%20107483","service":"btg-baixa-titulos-service","timestamp":"2026-05-20T13:16:20.443Z"}
{"lancamento":1434848058,"level":"info","message":"ℹ️ Título CORRE 107483 já estava baixado. Processo ignorado.","service":"btg-baixa-titulos-service","situacao":"BAIXADO","timestamp":"2026-05-20T13:16:20.456Z"}
{"level":"info","message":"🔎 Processando título CORRE 106702","service":"btg-baixa-titulos-service","timestamp":"2026-05-20T13:16:20.461Z"}
{"level":"info","message":"🌐 Millennium request: GET /MILLENIUM!JOIN_ONEUP.LANCAMENTOS.CONSULTALANCAMENTOS?cnpj=57.408.548%2F0001-92&n_documento=CORRE%20106702","service":"btg-baixa-titulos-service","timestamp":"2026-05-20T13:16:20.461Z"}
{"lancamento":1434848052,"level":"info","message":"ℹ️ Título CORRE 106702 já estava baixado. Processo ignorado.","service":"btg-baixa-titulos-service","situacao":"BAIXADO","timestamp":"2026-05-20T13:16:20.474Z"}
{"level":"info","message":"🔎 Processando título CORRE 107229","service":"btg-baixa-titulos-service","timestamp":"2026-05-20T13:16:20.480Z"}
{"level":"info","message":"🌐 Millennium request: GET /MILLENIUM!JOIN_ONEUP.LANCAMENTOS.CONSULTALANCAMENTOS?cnpj=57.408.548%2F0001-92&n_documento=CORRE%20107229","service":"btg-baixa-titulos-service","timestamp":"2026-05-20T13:16:20.480Z"}
{"lancamento":1434848057,"level":"info","message":"ℹ️ Título CORRE 107229 já estava baixado. Processo ignorado.","service":"btg-baixa-titulos-service","situacao":"BAIXADO","timestamp":"2026-05-20T13:16:20.494Z"}
{"level":"info","message":"🔎 Processando título 1575/2","service":"btg-baixa-titulos-service","timestamp":"2026-05-20T13:16:20.498Z"}
{"level":"info","message":"🌐 Millennium request: GET /MILLENIUM!JOIN_ONEUP.LANCAMENTOS.CONSULTALANCAMENTOS?n_documento=1575%2F2&cpf=815.438.910-04","service":"btg-baixa-titulos-service","timestamp":"2026-05-20T13:16:20.498Z"}
{"lancamento":1434807256,"level":"info","message":"ℹ️ Título 1575/2 já estava baixado. Processo ignorado.","service":"btg-baixa-titulos-service","situacao":"BAIXADO","timestamp":"2026-05-20T13:16:20.523Z"}
{"level":"info","message":"🔎 Processando título 1575/3","service":"btg-baixa-titulos-service","timestamp":"2026-05-20T13:16:20.529Z"}
{"level":"info","message":"🌐 Millennium request: GET /MILLENIUM!JOIN_ONEUP.LANCAMENTOS.CONSULTALANCAMENTOS?n_documento=1575%2F3&cpf=815.438.910-04","service":"btg-baixa-titulos-service","timestamp":"2026-05-20T13:16:20.529Z"}
{"lancamento":1434807257,"level":"info","message":"ℹ️ Título 1575/3 já estava baixado. Processo ignorado.","service":"btg-baixa-titulos-service","situacao":"BAIXADO","timestamp":"2026-05-20T13:16:20.640Z"}
{"level":"info","message":"🔎 Processando título 107483/D","service":"btg-baixa-titulos-service","timestamp":"2026-05-20T13:16:20.649Z"}
{"level":"info","message":"🌐 Millennium request: GET /MILLENIUM!JOIN_ONEUP.LANCAMENTOS.CONSULTALANCAMENTOS?cnpj=57.408.548%2F0001-92&n_documento=107483%2FD","service":"btg-baixa-titulos-service","timestamp":"2026-05-20T13:16:20.649Z"}
{"lancamento":1434807305,"level":"info","message":"ℹ️ Título 107483/D já estava baixado. Processo ignorado.","service":"btg-baixa-titulos-service","situacao":"BAIXADO","timestamp":"2026-05-20T13:16:20.667Z"}
{"level":"info","message":"🔎 Processando título 1575/1","service":"btg-baixa-titulos-service","timestamp":"2026-05-20T13:16:20.675Z"}
{"level":"info","message":"🌐 Millennium request: GET /MILLENIUM!JOIN_ONEUP.LANCAMENTOS.CONSULTALANCAMENTOS?n_documento=1575%2F1&cpf=815.438.910-04","service":"btg-baixa-titulos-service","timestamp":"2026-05-20T13:16:20.675Z"}
{"lancamento":1434807255,"level":"info","message":"ℹ️ Título 1575/1 já estava baixado. Processo ignorado.","service":"btg-baixa-titulos-service","situacao":"BAIXADO","timestamp":"2026-05-20T13:16:20.690Z"}
{"level":"info","message":"🔎 Processando título 107483/B","service":"btg-baixa-titulos-service","timestamp":"2026-05-20T13:16:20.698Z"}
{"level":"info","message":"🌐 Millennium request: GET /MILLENIUM!JOIN_ONEUP.LANCAMENTOS.CONSULTALANCAMENTOS?cnpj=57.408.548%2F0001-92&n_documento=107483%2FB","service":"btg-baixa-titulos-service","timestamp":"2026-05-20T13:16:20.698Z"}
{"lancamento":1434807303,"level":"info","message":"ℹ️ Título 107483/B já estava baixado. Processo ignorado.","service":"btg-baixa-titulos-service","situacao":"BAIXADO","timestamp":"2026-05-20T13:16:20.712Z"}
{"level":"info","message":"🔎 Processando título 107483/C","service":"btg-baixa-titulos-service","timestamp":"2026-05-20T13:16:20.718Z"}
{"level":"info","message":"🌐 Millennium request: GET /MILLENIUM!JOIN_ONEUP.LANCAMENTOS.CONSULTALANCAMENTOS?cnpj=57.408.548%2F0001-92&n_documento=107483%2FC","service":"btg-baixa-titulos-service","timestamp":"2026-05-20T13:16:20.718Z"}
{"lancamento":1434807304,"level":"info","message":"ℹ️ Título 107483/C já estava baixado. Processo ignorado.","service":"btg-baixa-titulos-service","situacao":"BAIXADO","timestamp":"2026-05-20T13:16:20.736Z"}
{"level":"info","message":"🔎 Processando título 107483/A","service":"btg-baixa-titulos-service","timestamp":"2026-05-20T13:16:20.742Z"}
{"level":"info","message":"🌐 Millennium request: GET /MILLENIUM!JOIN_ONEUP.LANCAMENTOS.CONSULTALANCAMENTOS?cnpj=57.408.548%2F0001-92&n_documento=107483%2FA","service":"btg-baixa-titulos-service","timestamp":"2026-05-20T13:16:20.742Z"}
{"lancamento":1434807302,"level":"info","message":"ℹ️ Título 107483/A já estava baixado. Processo ignorado.","service":"btg-baixa-titulos-service","situacao":"BAIXADO","timestamp":"2026-05-20T13:16:20.759Z"}
{"level":"info","message":"🔎 Processando título 01329811","service":"btg-baixa-titulos-service","timestamp":"2026-05-20T13:16:20.763Z"}
{"level":"info","message":"🌐 Millennium request: GET /MILLENIUM!JOIN_ONEUP.LANCAMENTOS.CONSULTALANCAMENTOS?cnpj=01.329.811%2F0001-01&n_documento=01329811","service":"btg-baixa-titulos-service","timestamp":"2026-05-20T13:16:20.763Z"}
{"erro":"Título não localizado: 01329811","level":"error","message":"❌ Erro no título 01329811","service":"btg-baixa-titulos-service","status":"ERRO_CONSULTA","timestamp":"2026-05-20T13:16:20.782Z"}
{"level":"info","message":"🔎 Processando título 06-VL","service":"btg-baixa-titulos-service","timestamp":"2026-05-20T13:16:20.785Z"}
{"level":"info","message":"🌐 Millennium request: GET /MILLENIUM!JOIN_ONEUP.LANCAMENTOS.CONSULTALANCAMENTOS?n_documento=06-VL&cpf=368.542.398-34","service":"btg-baixa-titulos-service","timestamp":"2026-05-20T13:16:20.785Z"}
{"erro":"Título não localizado: 06-VL","level":"error","message":"❌ Erro no título 06-VL","service":"btg-baixa-titulos-service","status":"ERRO_CONSULTA","timestamp":"2026-05-20T13:16:20.802Z"}
{"level":"info","message":"🔎 Processando título 06-VL","service":"btg-baixa-titulos-service","timestamp":"2026-05-20T13:16:20.805Z"}
{"level":"info","message":"🌐 Millennium request: GET /MILLENIUM!JOIN_ONEUP.LANCAMENTOS.CONSULTALANCAMENTOS?n_documento=06-VL&cpf=368.542.398-34","service":"btg-baixa-titulos-service","timestamp":"2026-05-20T13:16:20.805Z"}
{"erro":"Título não localizado: 06-VL","level":"error","message":"❌ Erro no título 06-VL","service":"btg-baixa-titulos-service","status":"ERRO_CONSULTA","timestamp":"2026-05-20T13:16:20.820Z"}
{"level":"info","message":"🔒 Finalizando sessão Millennium","service":"btg-baixa-titulos-service","timestamp":"2026-05-20T13:16:20.822Z"}
{"level":"info","message":"✅ Sessão Millennium finalizada com sucesso","service":"btg-baixa-titulos-service","timestamp":"2026-05-20T13:16:33.204Z"}
{"erroGeral":null,"erros":8,"finalizadoEm":"2026-05-20T13:16:33.204Z","jaBaixados":669,"level":"info","message":"🏁 Processamento finalizado","processamentoId":"BTG-20260520-1D3503","service":"btg-baixa-titulos-service","sucesso":2,"timestamp":"2026-05-20T13:16:33.213Z","total":679}
{"level":"info","message":"📲 Enviando resumo por WhatsApp","service":"btg-baixa-titulos-service","timestamp":"2026-05-20T13:16:33.253Z"}
{"level":"info","message":"✅ Resumo enviado por WhatsApp","response":{"companyId":1,"filaId":1128,"message":"Mensagem enviada a fila de transmissão com sucesso","schedule":"2026-05-20T13:17:34.134Z"},"service":"btg-baixa-titulos-service","timestamp":"2026-05-20T13:16:35.376Z"}
{"level":"info","message":"ℹ️ Envio de arquivos WhatsApp desabilitado","service":"btg-baixa-titulos-service","timestamp":"2026-05-20T13:16:35.377Z"}
