{"level":"info","message":"🔐 Iniciando login no Millennium","service":"btg-baixa-titulos-service","timestamp":"2026-05-19T11:30:40.723Z"}
{"level":"info","message":"✅ Login Millennium realizado com sucesso","service":"btg-baixa-titulos-service","timestamp":"2026-05-19T11:30:40.861Z"}
{"level":"info","message":"🚀 Iniciando processamento de 677 títulos","service":"btg-baixa-titulos-service","timestamp":"2026-05-19T11:30:40.861Z"}
{"level":"info","message":"🔎 Processando título CORRE 123826","service":"btg-baixa-titulos-service","timestamp":"2026-05-19T11:30:40.861Z"}
{"level":"info","message":"🌐 Millennium request: GET /MILLENIUM!JOIN_ONEUP.LANCAMENTOS.CONSULTALANCAMENTOS?cnpj=01.329.811%2F0001-01&n_documento=CORRE%20123826","service":"btg-baixa-titulos-service","timestamp":"2026-05-19T11:30:40.861Z"}
{"lancamento":1434934501,"level":"info","message":"📝 Atualizando título CORRE 123826","payload":{"lancamento":1434934501,"linhaDigitavel":"20890050091740401177119031005804214520000002074","nossoNumero":"88903374040117719","valorJuros":0},"service":"btg-baixa-titulos-service","timestamp":"2026-05-19T11:30:40.880Z"}
{"level":"info","message":"🌐 Millennium request: POST /MILLENIUM!JOIN_ONEUP.LANCAMENTOS.INSEREINFO","service":"btg-baixa-titulos-service","timestamp":"2026-05-19T11:30:40.880Z"}
{"lancamento":1434934501,"level":"info","message":"✅ Título atualizado com sucesso","numeroDocumento":"CORRE 123826","service":"btg-baixa-titulos-service","timestamp":"2026-05-19T11:30:40.903Z","transId":340478872}
{"lancamento":1434934501,"level":"info","message":"💰 Iniciando baixa do título CORRE 123826","payload":{"CONCILIADO":true,"CONTA":1431333549,"DATA_PAGAMENTO":"2026-05-18","EFETUADO":true,"FILIAL":5,"GERA_OUTRO":false,"LANCAMENTO":1434934501,"OBS":"2026-05-19T11:30:40.903Z - Baixa por retorno automacao importacao excel","STATUS_BAIXA":"N","VALOR":20.74,"acres_decres":0,"valor_pago":20.74},"service":"btg-baixa-titulos-service","timestamp":"2026-05-19T11:30:40.904Z"}
{"dataPagamento":"2026-05-18","level":"info","message":"📅 Payload da baixa","service":"btg-baixa-titulos-service","timestamp":"2026-05-19T11:30:40.904Z"}
{"level":"info","message":"🌐 Millennium request: POST /millenium/titulos/baixa","service":"btg-baixa-titulos-service","timestamp":"2026-05-19T11:30:40.904Z"}
{"baixa":1435953817,"level":"info","message":"✅ Título baixado com sucesso","numeroDocumento":"CORRE 123826","service":"btg-baixa-titulos-service","timestamp":"2026-05-19T11:30:41.147Z","valor":20.74}
{"level":"info","message":"✅ Fluxo concluído para CORRE 123826","service":"btg-baixa-titulos-service","timestamp":"2026-05-19T11:30:41.148Z"}
{"level":"info","message":"🔎 Processando título 123788","service":"btg-baixa-titulos-service","timestamp":"2026-05-19T11:30:41.149Z"}
{"level":"info","message":"🌐 Millennium request: GET /MILLENIUM!JOIN_ONEUP.LANCAMENTOS.CONSULTALANCAMENTOS?cnpj=01.009.793%2F0001-72&n_documento=123788","service":"btg-baixa-titulos-service","timestamp":"2026-05-19T11:30:41.150Z"}
{"lancamento":1434930779,"level":"info","message":"ℹ️ Título 123788 já estava baixado. Processo ignorado.","service":"btg-baixa-titulos-service","situacao":"BAIXADO","timestamp":"2026-05-19T11:30:41.166Z"}
{"level":"info","message":"🔎 Processando título 123827","service":"btg-baixa-titulos-service","timestamp":"2026-05-19T11:30:41.168Z"}
{"level":"info","message":"🌐 Millennium request: GET /MILLENIUM!JOIN_ONEUP.LANCAMENTOS.CONSULTALANCAMENTOS?cnpj=77.857.555%2F0009-36&n_documento=123827","service":"btg-baixa-titulos-service","timestamp":"2026-05-19T11:30:41.169Z"}
{"lancamento":1434930898,"level":"info","message":"ℹ️ Título 123827 já estava baixado. Processo ignorado.","service":"btg-baixa-titulos-service","situacao":"BAIXADO","timestamp":"2026-05-19T11:30:41.184Z"}
{"level":"info","message":"🔎 Processando título 123800","service":"btg-baixa-titulos-service","timestamp":"2026-05-19T11:30:41.185Z"}
{"level":"info","message":"🌐 Millennium request: GET /MILLENIUM!JOIN_ONEUP.LANCAMENTOS.CONSULTALANCAMENTOS?cnpj=02.355.679%2F0001-67&n_documento=123800","service":"btg-baixa-titulos-service","timestamp":"2026-05-19T11:30:41.186Z"}
{"lancamento":1434930791,"level":"info","message":"ℹ️ Título 123800 já estava baixado. Processo ignorado.","service":"btg-baixa-titulos-service","situacao":"BAIXADO","timestamp":"2026-05-19T11:30:41.203Z"}
{"level":"info","message":"🔎 Processando título FRE 122429","service":"btg-baixa-titulos-service","timestamp":"2026-05-19T11:30:41.204Z"}
{"level":"info","message":"🌐 Millennium request: GET /MILLENIUM!JOIN_ONEUP.LANCAMENTOS.CONSULTALANCAMENTOS?cnpj=57.408.548%2F0001-92&n_documento=FRE%20122429","service":"btg-baixa-titulos-service","timestamp":"2026-05-19T11:30:41.204Z"}
{"lancamento":1434927655,"level":"info","message":"ℹ️ Título FRE 122429 já estava baixado. Processo ignorado.","service":"btg-baixa-titulos-service","situacao":"BAIXADO","timestamp":"2026-05-19T11:30:41.219Z"}
{"level":"info","message":"🔎 Processando título FRE 122404","service":"btg-baixa-titulos-service","timestamp":"2026-05-19T11:30:41.220Z"}
{"level":"info","message":"🌐 Millennium request: GET /MILLENIUM!JOIN_ONEUP.LANCAMENTOS.CONSULTALANCAMENTOS?cnpj=03.294.992%2F0001-03&n_documento=FRE%20122404","service":"btg-baixa-titulos-service","timestamp":"2026-05-19T11:30:41.220Z"}
{"lancamento":1434927656,"level":"info","message":"ℹ️ Título FRE 122404 já estava baixado. Processo ignorado.","service":"btg-baixa-titulos-service","situacao":"BAIXADO","timestamp":"2026-05-19T11:30:41.236Z"}
{"level":"info","message":"🔎 Processando título FRE 122395","service":"btg-baixa-titulos-service","timestamp":"2026-05-19T11:30:41.237Z"}
{"level":"info","message":"🌐 Millennium request: GET /MILLENIUM!JOIN_ONEUP.LANCAMENTOS.CONSULTALANCAMENTOS?cnpj=02.355.679%2F0001-67&n_documento=FRE%20122395","service":"btg-baixa-titulos-service","timestamp":"2026-05-19T11:30:41.237Z"}
{"lancamento":1434927659,"level":"info","message":"ℹ️ Título FRE 122395 já estava baixado. Processo ignorado.","service":"btg-baixa-titulos-service","situacao":"BAIXADO","timestamp":"2026-05-19T11:30:41.336Z"}
{"level":"info","message":"🔎 Processando título FRE 122341","service":"btg-baixa-titulos-service","timestamp":"2026-05-19T11:30:41.337Z"}
{"level":"info","message":"🌐 Millennium request: GET /MILLENIUM!JOIN_ONEUP.LANCAMENTOS.CONSULTALANCAMENTOS?cnpj=01.009.793%2F0001-72&n_documento=FRE%20122341","service":"btg-baixa-titulos-service","timestamp":"2026-05-19T11:30:41.337Z"}
{"lancamento":1434927654,"level":"info","message":"ℹ️ Título FRE 122341 já estava baixado. Processo ignorado.","service":"btg-baixa-titulos-service","situacao":"BAIXADO","timestamp":"2026-05-19T11:30:41.354Z"}
{"level":"info","message":"🔎 Processando título CORRE 122599","service":"btg-baixa-titulos-service","timestamp":"2026-05-19T11:30:41.354Z"}
{"level":"info","message":"🌐 Millennium request: GET /MILLENIUM!JOIN_ONEUP.LANCAMENTOS.CONSULTALANCAMENTOS?cnpj=57.408.548%2F0001-92&n_documento=CORRE%20122599","service":"btg-baixa-titulos-service","timestamp":"2026-05-19T11:30:41.354Z"}
{"lancamento":1434927640,"level":"info","message":"ℹ️ Título CORRE 122599 já estava baixado. Processo ignorado.","service":"btg-baixa-titulos-service","situacao":"BAIXADO","timestamp":"2026-05-19T11:30:41.370Z"}
{"level":"info","message":"🔎 Processando título CORRE 122725","service":"btg-baixa-titulos-service","timestamp":"2026-05-19T11:30:41.371Z"}
{"level":"info","message":"🌐 Millennium request: GET /MILLENIUM!JOIN_ONEUP.LANCAMENTOS.CONSULTALANCAMENTOS?cnpj=57.408.548%2F0001-92&n_documento=CORRE%20122725","service":"btg-baixa-titulos-service","timestamp":"2026-05-19T11:30:41.371Z"}
{"lancamento":1434927642,"level":"info","message":"ℹ️ Título CORRE 122725 já estava baixado. Processo ignorado.","service":"btg-baixa-titulos-service","situacao":"BAIXADO","timestamp":"2026-05-19T11:30:41.384Z"}
{"level":"info","message":"🔎 Processando título CORRE 122724","service":"btg-baixa-titulos-service","timestamp":"2026-05-19T11:30:41.385Z"}
{"level":"info","message":"🌐 Millennium request: GET /MILLENIUM!JOIN_ONEUP.LANCAMENTOS.CONSULTALANCAMENTOS?cnpj=57.408.548%2F0001-92&n_documento=CORRE%20122724","service":"btg-baixa-titulos-service","timestamp":"2026-05-19T11:30:41.385Z"}
{"lancamento":1434927641,"level":"info","message":"ℹ️ Título CORRE 122724 já estava baixado. Processo ignorado.","service":"btg-baixa-titulos-service","situacao":"BAIXADO","timestamp":"2026-05-19T11:30:41.402Z"}
{"level":"info","message":"🔎 Processando título CORRE 121444","service":"btg-baixa-titulos-service","timestamp":"2026-05-19T11:30:41.403Z"}
{"level":"info","message":"🌐 Millennium request: GET /MILLENIUM!JOIN_ONEUP.LANCAMENTOS.CONSULTALANCAMENTOS?cnpj=57.408.548%2F0001-92&n_documento=CORRE%20121444","service":"btg-baixa-titulos-service","timestamp":"2026-05-19T11:30:41.404Z"}
{"lancamento":1434927637,"level":"info","message":"ℹ️ Título CORRE 121444 já estava baixado. Processo ignorado.","service":"btg-baixa-titulos-service","situacao":"BAIXADO","timestamp":"2026-05-19T11:30:41.420Z"}
{"level":"info","message":"🔎 Processando título CORRE 121219","service":"btg-baixa-titulos-service","timestamp":"2026-05-19T11:30:41.422Z"}
{"level":"info","message":"🌐 Millennium request: GET /MILLENIUM!JOIN_ONEUP.LANCAMENTOS.CONSULTALANCAMENTOS?cnpj=57.408.548%2F0001-92&n_documento=CORRE%20121219","service":"btg-baixa-titulos-service","timestamp":"2026-05-19T11:30:41.422Z"}
{"lancamento":1434927635,"level":"info","message":"ℹ️ Título CORRE 121219 já estava baixado. Processo ignorado.","service":"btg-baixa-titulos-service","situacao":"BAIXADO","timestamp":"2026-05-19T11:30:41.439Z"}
{"level":"info","message":"🔎 Processando título CORRE 122020","service":"btg-baixa-titulos-service","timestamp":"2026-05-19T11:30:41.441Z"}
{"level":"info","message":"🌐 Millennium request: GET /MILLENIUM!JOIN_ONEUP.LANCAMENTOS.CONSULTALANCAMENTOS?cnpj=57.408.548%2F0001-92&n_documento=CORRE%20122020","service":"btg-baixa-titulos-service","timestamp":"2026-05-19T11:30:41.441Z"}
{"lancamento":1434927639,"level":"info","message":"ℹ️ Título CORRE 122020 já estava baixado. Processo ignorado.","service":"btg-baixa-titulos-service","situacao":"BAIXADO","timestamp":"2026-05-19T11:30:41.456Z"}
{"level":"info","message":"🔎 Processando título CORRE 121872","service":"btg-baixa-titulos-service","timestamp":"2026-05-19T11:30:41.458Z"}
{"level":"info","message":"🌐 Millennium request: GET /MILLENIUM!JOIN_ONEUP.LANCAMENTOS.CONSULTALANCAMENTOS?cnpj=57.408.548%2F0001-92&n_documento=CORRE%20121872","service":"btg-baixa-titulos-service","timestamp":"2026-05-19T11:30:41.458Z"}
{"lancamento":1434927638,"level":"info","message":"ℹ️ Título CORRE 121872 já estava baixado. Processo ignorado.","service":"btg-baixa-titulos-service","situacao":"BAIXADO","timestamp":"2026-05-19T11:30:41.475Z"}
{"level":"info","message":"🔎 Processando título CORRE 122593","service":"btg-baixa-titulos-service","timestamp":"2026-05-19T11:30:41.477Z"}
{"level":"info","message":"🌐 Millennium request: GET /MILLENIUM!JOIN_ONEUP.LANCAMENTOS.CONSULTALANCAMENTOS?cnpj=21.067.137%2F0001-33&n_documento=CORRE%20122593","service":"btg-baixa-titulos-service","timestamp":"2026-05-19T11:30:41.477Z"}
{"lancamento":1434927648,"level":"info","message":"ℹ️ Título CORRE 122593 já estava baixado. Processo ignorado.","service":"btg-baixa-titulos-service","situacao":"BAIXADO","timestamp":"2026-05-19T11:30:41.495Z"}
{"level":"info","message":"🔎 Processando título CORRE 121369","service":"btg-baixa-titulos-service","timestamp":"2026-05-19T11:30:41.497Z"}
{"level":"info","message":"🌐 Millennium request: GET /MILLENIUM!JOIN_ONEUP.LANCAMENTOS.CONSULTALANCAMENTOS?cnpj=57.408.548%2F0001-92&n_documento=CORRE%20121369","service":"btg-baixa-titulos-service","timestamp":"2026-05-19T11:30:41.497Z"}
{"lancamento":1434927636,"level":"info","message":"ℹ️ Título CORRE 121369 já estava baixado. Processo ignorado.","service":"btg-baixa-titulos-service","situacao":"BAIXADO","timestamp":"2026-05-19T11:30:41.516Z"}
{"level":"info","message":"🔎 Processando título CORRE 121668","service":"btg-baixa-titulos-service","timestamp":"2026-05-19T11:30:41.518Z"}
{"level":"info","message":"🌐 Millennium request: GET /MILLENIUM!JOIN_ONEUP.LANCAMENTOS.CONSULTALANCAMENTOS?cnpj=21.067.137%2F0001-33&n_documento=CORRE%20121668","service":"btg-baixa-titulos-service","timestamp":"2026-05-19T11:30:41.518Z"}
{"lancamento":1434927646,"level":"info","message":"ℹ️ Título CORRE 121668 já estava baixado. Processo ignorado.","service":"btg-baixa-titulos-service","situacao":"BAIXADO","timestamp":"2026-05-19T11:30:41.539Z"}
{"level":"info","message":"🔎 Processando título CORRE 121367","service":"btg-baixa-titulos-service","timestamp":"2026-05-19T11:30:41.540Z"}
{"level":"info","message":"🌐 Millennium request: GET /MILLENIUM!JOIN_ONEUP.LANCAMENTOS.CONSULTALANCAMENTOS?cnpj=01.329.811%2F0001-01&n_documento=CORRE%20121367","service":"btg-baixa-titulos-service","timestamp":"2026-05-19T11:30:41.540Z"}
{"lancamento":1434927644,"level":"info","message":"ℹ️ Título CORRE 121367 já estava baixado. Processo ignorado.","service":"btg-baixa-titulos-service","situacao":"BAIXADO","timestamp":"2026-05-19T11:30:41.556Z"}
{"level":"info","message":"🔎 Processando título 122393/A","service":"btg-baixa-titulos-service","timestamp":"2026-05-19T11:30:41.558Z"}
{"level":"info","message":"🌐 Millennium request: GET /MILLENIUM!JOIN_ONEUP.LANCAMENTOS.CONSULTALANCAMENTOS?cnpj=59.205.187%2F0001-02&n_documento=122393%2FA","service":"btg-baixa-titulos-service","timestamp":"2026-05-19T11:30:41.558Z"}
{"lancamento":1434924411,"level":"info","message":"ℹ️ Título 122393/A já estava baixado. Processo ignorado.","service":"btg-baixa-titulos-service","situacao":"BAIXADO","timestamp":"2026-05-19T11:30:41.575Z"}
{"level":"info","message":"🔎 Processando título 122342/A","service":"btg-baixa-titulos-service","timestamp":"2026-05-19T11:30:41.576Z"}
{"level":"info","message":"🌐 Millennium request: GET /MILLENIUM!JOIN_ONEUP.LANCAMENTOS.CONSULTALANCAMENTOS?cnpj=00.768.271%2F0001-91&n_documento=122342%2FA","service":"btg-baixa-titulos-service","timestamp":"2026-05-19T11:30:41.576Z"}
{"lancamento":1434924368,"level":"info","message":"ℹ️ Título 122342/A já estava baixado. Processo ignorado.","service":"btg-baixa-titulos-service","situacao":"BAIXADO","timestamp":"2026-05-19T11:30:41.593Z"}
{"level":"info","message":"🔎 Processando título 122444/A","service":"btg-baixa-titulos-service","timestamp":"2026-05-19T11:30:41.594Z"}
{"level":"info","message":"🌐 Millennium request: GET /MILLENIUM!JOIN_ONEUP.LANCAMENTOS.CONSULTALANCAMENTOS?cnpj=59.205.187%2F0001-02&n_documento=122444%2FA","service":"btg-baixa-titulos-service","timestamp":"2026-05-19T11:30:41.594Z"}
{"lancamento":1434924544,"level":"info","message":"ℹ️ Título 122444/A já estava baixado. Processo ignorado.","service":"btg-baixa-titulos-service","situacao":"BAIXADO","timestamp":"2026-05-19T11:30:41.615Z"}
{"level":"info","message":"🔎 Processando título 122338/A","service":"btg-baixa-titulos-service","timestamp":"2026-05-19T11:30:41.617Z"}
{"level":"info","message":"🌐 Millennium request: GET /MILLENIUM!JOIN_ONEUP.LANCAMENTOS.CONSULTALANCAMENTOS?cnpj=73.652.158%2F0001-10&n_documento=122338%2FA","service":"btg-baixa-titulos-service","timestamp":"2026-05-19T11:30:41.617Z"}
{"lancamento":1434924358,"level":"info","message":"ℹ️ Título 122338/A já estava baixado. Processo ignorado.","service":"btg-baixa-titulos-service","situacao":"BAIXADO","timestamp":"2026-05-19T11:30:41.634Z"}
{"level":"info","message":"🔎 Processando título 122395","service":"btg-baixa-titulos-service","timestamp":"2026-05-19T11:30:41.636Z"}
{"level":"info","message":"🌐 Millennium request: GET /MILLENIUM!JOIN_ONEUP.LANCAMENTOS.CONSULTALANCAMENTOS?cnpj=02.355.679%2F0001-67&n_documento=122395","service":"btg-baixa-titulos-service","timestamp":"2026-05-19T11:30:41.636Z"}
{"lancamento":1434924415,"level":"info","message":"ℹ️ Título 122395 já estava baixado. Processo ignorado.","service":"btg-baixa-titulos-service","situacao":"BAIXADO","timestamp":"2026-05-19T11:30:41.654Z"}
{"level":"info","message":"🔎 Processando título 122341","service":"btg-baixa-titulos-service","timestamp":"2026-05-19T11:30:41.656Z"}
{"level":"info","message":"🌐 Millennium request: GET /MILLENIUM!JOIN_ONEUP.LANCAMENTOS.CONSULTALANCAMENTOS?cnpj=01.009.793%2F0001-72&n_documento=122341","service":"btg-baixa-titulos-service","timestamp":"2026-05-19T11:30:41.657Z"}
{"lancamento":1434924366,"level":"info","message":"ℹ️ Título 122341 já estava baixado. Processo ignorado.","service":"btg-baixa-titulos-service","situacao":"BAIXADO","timestamp":"2026-05-19T11:30:41.673Z"}
{"level":"info","message":"🔎 Processando título 122336/A","service":"btg-baixa-titulos-service","timestamp":"2026-05-19T11:30:41.675Z"}
{"level":"info","message":"🌐 Millennium request: GET /MILLENIUM!JOIN_ONEUP.LANCAMENTOS.CONSULTALANCAMENTOS?cnpj=50.649.490%2F0001-20&n_documento=122336%2FA","service":"btg-baixa-titulos-service","timestamp":"2026-05-19T11:30:41.675Z"}
{"lancamento":1434924349,"level":"info","message":"ℹ️ Título 122336/A já estava baixado. Processo ignorado.","service":"btg-baixa-titulos-service","situacao":"BAIXADO","timestamp":"2026-05-19T11:30:41.691Z"}
{"level":"info","message":"🔎 Processando título 122343","service":"btg-baixa-titulos-service","timestamp":"2026-05-19T11:30:41.693Z"}
{"level":"info","message":"🌐 Millennium request: GET /MILLENIUM!JOIN_ONEUP.LANCAMENTOS.CONSULTALANCAMENTOS?cnpj=77.857.555%2F0009-36&n_documento=122343","service":"btg-baixa-titulos-service","timestamp":"2026-05-19T11:30:41.693Z"}
{"lancamento":1434924374,"level":"info","message":"ℹ️ Título 122343 já estava baixado. Processo ignorado.","service":"btg-baixa-titulos-service","situacao":"BAIXADO","timestamp":"2026-05-19T11:30:41.709Z"}
{"level":"info","message":"🔎 Processando título 122396","service":"btg-baixa-titulos-service","timestamp":"2026-05-19T11:30:41.712Z"}
{"level":"info","message":"🌐 Millennium request: GET /MILLENIUM!JOIN_ONEUP.LANCAMENTOS.CONSULTALANCAMENTOS?cnpj=01.329.811%2F0001-01&n_documento=122396","service":"btg-baixa-titulos-service","timestamp":"2026-05-19T11:30:41.712Z"}
{"lancamento":1434924416,"level":"info","message":"ℹ️ Título 122396 já estava baixado. Processo ignorado.","service":"btg-baixa-titulos-service","situacao":"BAIXADO","timestamp":"2026-05-19T11:30:41.728Z"}
{"level":"info","message":"🔎 Processando título 122337/A","service":"btg-baixa-titulos-service","timestamp":"2026-05-19T11:30:41.730Z"}
{"level":"info","message":"🌐 Millennium request: GET /MILLENIUM!JOIN_ONEUP.LANCAMENTOS.CONSULTALANCAMENTOS?cnpj=44.999.259%2F0001-63&n_documento=122337%2FA","service":"btg-baixa-titulos-service","timestamp":"2026-05-19T11:30:41.730Z"}
{"lancamento":1434924353,"level":"info","message":"ℹ️ Título 122337/A já estava baixado. Processo ignorado.","service":"btg-baixa-titulos-service","situacao":"BAIXADO","timestamp":"2026-05-19T11:30:41.750Z"}
{"level":"info","message":"🔎 Processando título 121874/A","service":"btg-baixa-titulos-service","timestamp":"2026-05-19T11:30:41.753Z"}
{"level":"info","message":"🌐 Millennium request: GET /MILLENIUM!JOIN_ONEUP.LANCAMENTOS.CONSULTALANCAMENTOS?cnpj=44.999.259%2F0001-63&n_documento=121874%2FA","service":"btg-baixa-titulos-service","timestamp":"2026-05-19T11:30:41.753Z"}
{"lancamento":1434922496,"level":"info","message":"ℹ️ Título 121874/A já estava baixado. Processo ignorado.","service":"btg-baixa-titulos-service","situacao":"BAIXADO","timestamp":"2026-05-19T11:30:41.849Z"}
{"level":"info","message":"🔎 Processando título 122404/A","service":"btg-baixa-titulos-service","timestamp":"2026-05-19T11:30:41.849Z"}
{"level":"info","message":"🌐 Millennium request: GET /MILLENIUM!JOIN_ONEUP.LANCAMENTOS.CONSULTALANCAMENTOS?cnpj=03.294.992%2F0001-03&n_documento=122404%2FA","service":"btg-baixa-titulos-service","timestamp":"2026-05-19T11:30:41.849Z"}
{"lancamento":1434924436,"level":"info","message":"ℹ️ Título 122404/A já estava baixado. Processo ignorado.","service":"btg-baixa-titulos-service","situacao":"BAIXADO","timestamp":"2026-05-19T11:30:41.868Z"}
{"level":"info","message":"🔎 Processando título 122399/A","service":"btg-baixa-titulos-service","timestamp":"2026-05-19T11:30:41.869Z"}
{"level":"info","message":"🌐 Millennium request: GET /MILLENIUM!JOIN_ONEUP.LANCAMENTOS.CONSULTALANCAMENTOS?cnpj=06.181.589%2F0001-58&n_documento=122399%2FA","service":"btg-baixa-titulos-service","timestamp":"2026-05-19T11:30:41.869Z"}
{"lancamento":1434924418,"level":"info","message":"ℹ️ Título 122399/A já estava baixado. Processo ignorado.","service":"btg-baixa-titulos-service","situacao":"BAIXADO","timestamp":"2026-05-19T11:30:41.886Z"}
{"level":"info","message":"🔎 Processando título 122010/A","service":"btg-baixa-titulos-service","timestamp":"2026-05-19T11:30:41.888Z"}
{"level":"info","message":"🌐 Millennium request: GET /MILLENIUM!JOIN_ONEUP.LANCAMENTOS.CONSULTALANCAMENTOS?cnpj=50.649.490%2F0001-20&n_documento=122010%2FA","service":"btg-baixa-titulos-service","timestamp":"2026-05-19T11:30:41.888Z"}
{"lancamento":1434922953,"level":"info","message":"ℹ️ Título 122010/A já estava baixado. Processo ignorado.","service":"btg-baixa-titulos-service","situacao":"BAIXADO","timestamp":"2026-05-19T11:30:41.906Z"}
{"level":"info","message":"🔎 Processando título 122400/A","service":"btg-baixa-titulos-service","timestamp":"2026-05-19T11:30:41.907Z"}
{"level":"info","message":"🌐 Millennium request: GET /MILLENIUM!JOIN_ONEUP.LANCAMENTOS.CONSULTALANCAMENTOS?cnpj=03.247.651%2F0001-79&n_documento=122400%2FA","service":"btg-baixa-titulos-service","timestamp":"2026-05-19T11:30:41.907Z"}
{"lancamento":1434924424,"level":"info","message":"ℹ️ Título 122400/A já estava baixado. Processo ignorado.","service":"btg-baixa-titulos-service","situacao":"BAIXADO","timestamp":"2026-05-19T11:30:41.931Z"}
{"level":"info","message":"🔎 Processando título 105758/C JUROS","service":"btg-baixa-titulos-service","timestamp":"2026-05-19T11:30:41.933Z"}
{"level":"info","message":"🌐 Millennium request: GET /MILLENIUM!JOIN_ONEUP.LANCAMENTOS.CONSULTALANCAMENTOS?cnpj=01.464.095%2F0001-67&n_documento=105758%2FC%20JUROS","service":"btg-baixa-titulos-service","timestamp":"2026-05-19T11:30:41.933Z"}
{"lancamento":1434925090,"level":"info","message":"📝 Atualizando título 105758/C JUROS","payload":{"lancamento":1434925090,"linhaDigitavel":"20890050091453025175152031005805214190000049190","nossoNumero":"51417245302517552","valorJuros":0},"service":"btg-baixa-titulos-service","timestamp":"2026-05-19T11:30:41.953Z"}
{"level":"info","message":"🌐 Millennium request: POST /MILLENIUM!JOIN_ONEUP.LANCAMENTOS.INSEREINFO","service":"btg-baixa-titulos-service","timestamp":"2026-05-19T11:30:41.953Z"}
{"lancamento":1434925090,"level":"info","message":"✅ Título atualizado com sucesso","numeroDocumento":"105758/C JUROS","service":"btg-baixa-titulos-service","timestamp":"2026-05-19T11:30:41.975Z","transId":340478874}
{"lancamento":1434925090,"level":"info","message":"💰 Iniciando baixa do título 105758/C JUROS","payload":{"CONCILIADO":true,"CONTA":1431333549,"DATA_PAGAMENTO":"2026-05-18","EFETUADO":true,"FILIAL":5,"GERA_OUTRO":false,"LANCAMENTO":1434925090,"OBS":"2026-05-19T11:30:41.975Z - Baixa por retorno automacao importacao excel","STATUS_BAIXA":"N","VALOR":512.22,"acres_decres":20.32,"valor_pago":512.22},"service":"btg-baixa-titulos-service","timestamp":"2026-05-19T11:30:41.976Z"}
{"dataPagamento":"2026-05-18","level":"info","message":"📅 Payload da baixa","service":"btg-baixa-titulos-service","timestamp":"2026-05-19T11:30:41.976Z"}
{"level":"info","message":"🌐 Millennium request: POST /millenium/titulos/baixa","service":"btg-baixa-titulos-service","timestamp":"2026-05-19T11:30:41.976Z"}
{"baixa":1435953818,"level":"info","message":"✅ Título baixado com sucesso","numeroDocumento":"105758/C JUROS","service":"btg-baixa-titulos-service","timestamp":"2026-05-19T11:30:42.054Z","valor":512.22}
{"level":"info","message":"✅ Fluxo concluído para 105758/C JUROS","service":"btg-baixa-titulos-service","timestamp":"2026-05-19T11:30:42.054Z"}
{"level":"info","message":"🔎 Processando título 102319/G JUROS","service":"btg-baixa-titulos-service","timestamp":"2026-05-19T11:30:42.057Z"}
{"level":"info","message":"🌐 Millennium request: GET /MILLENIUM!JOIN_ONEUP.LANCAMENTOS.CONSULTALANCAMENTOS?cnpj=01.464.095%2F0001-67&n_documento=102319%2FG%20JUROS","service":"btg-baixa-titulos-service","timestamp":"2026-05-19T11:30:42.057Z"}
{"lancamento":1434925093,"level":"info","message":"📝 Atualizando título 102319/G JUROS","payload":{"lancamento":1434925093,"linhaDigitavel":"20890050091787025168764031005800614190000048058","nossoNumero":"73962078702516864","valorJuros":0},"service":"btg-baixa-titulos-service","timestamp":"2026-05-19T11:30:42.076Z"}
{"level":"info","message":"🌐 Millennium request: POST /MILLENIUM!JOIN_ONEUP.LANCAMENTOS.INSEREINFO","service":"btg-baixa-titulos-service","timestamp":"2026-05-19T11:30:42.076Z"}
{"lancamento":1434925093,"level":"info","message":"✅ Título atualizado com sucesso","numeroDocumento":"102319/G JUROS","service":"btg-baixa-titulos-service","timestamp":"2026-05-19T11:30:42.095Z","transId":340478876}
{"lancamento":1434925093,"level":"info","message":"💰 Iniciando baixa do título 102319/G JUROS","payload":{"CONCILIADO":true,"CONTA":1431333549,"DATA_PAGAMENTO":"2026-05-18","EFETUADO":true,"FILIAL":5,"GERA_OUTRO":false,"LANCAMENTO":1434925093,"OBS":"2026-05-19T11:30:42.095Z - Baixa por retorno automacao importacao excel","STATUS_BAIXA":"N","VALOR":500.43,"acres_decres":19.85,"valor_pago":500.43},"service":"btg-baixa-titulos-service","timestamp":"2026-05-19T11:30:42.095Z"}
{"dataPagamento":"2026-05-18","level":"info","message":"📅 Payload da baixa","service":"btg-baixa-titulos-service","timestamp":"2026-05-19T11:30:42.095Z"}
{"level":"info","message":"🌐 Millennium request: POST /millenium/titulos/baixa","service":"btg-baixa-titulos-service","timestamp":"2026-05-19T11:30:42.096Z"}
{"baixa":1435953819,"level":"info","message":"✅ Título baixado com sucesso","numeroDocumento":"102319/G JUROS","service":"btg-baixa-titulos-service","timestamp":"2026-05-19T11:30:42.166Z","valor":500.43}
{"level":"info","message":"✅ Fluxo concluído para 102319/G JUROS","service":"btg-baixa-titulos-service","timestamp":"2026-05-19T11:30:42.166Z"}
{"level":"info","message":"🔎 Processando título FRE 120666","service":"btg-baixa-titulos-service","timestamp":"2026-05-19T11:30:42.171Z"}
{"level":"info","message":"🌐 Millennium request: GET /MILLENIUM!JOIN_ONEUP.LANCAMENTOS.CONSULTALANCAMENTOS?cnpj=02.355.679%2F0001-67&n_documento=FRE%20120666","service":"btg-baixa-titulos-service","timestamp":"2026-05-19T11:30:42.171Z"}
{"lancamento":1434922478,"level":"info","message":"ℹ️ Título FRE 120666 já estava baixado. Processo ignorado.","service":"btg-baixa-titulos-service","situacao":"BAIXADO","timestamp":"2026-05-19T11:30:42.187Z"}
{"level":"info","message":"🔎 Processando título FRE 120631","service":"btg-baixa-titulos-service","timestamp":"2026-05-19T11:30:42.189Z"}
{"level":"info","message":"🌐 Millennium request: GET /MILLENIUM!JOIN_ONEUP.LANCAMENTOS.CONSULTALANCAMENTOS?cnpj=03.294.992%2F0001-03&n_documento=FRE%20120631","service":"btg-baixa-titulos-service","timestamp":"2026-05-19T11:30:42.189Z"}
{"lancamento":1434922472,"level":"info","message":"ℹ️ Título FRE 120631 já estava baixado. Processo ignorado.","service":"btg-baixa-titulos-service","situacao":"BAIXADO","timestamp":"2026-05-19T11:30:42.205Z"}
{"level":"info","message":"🔎 Processando título CORRE 120183","service":"btg-baixa-titulos-service","timestamp":"2026-05-19T11:30:42.207Z"}
{"level":"info","message":"🌐 Millennium request: GET /MILLENIUM!JOIN_ONEUP.LANCAMENTOS.CONSULTALANCAMENTOS?cnpj=03.294.992%2F0001-03&n_documento=CORRE%20120183","service":"btg-baixa-titulos-service","timestamp":"2026-05-19T11:30:42.207Z"}
{"lancamento":1434922458,"level":"info","message":"ℹ️ Título CORRE 120183 já estava baixado. Processo ignorado.","service":"btg-baixa-titulos-service","situacao":"BAIXADO","timestamp":"2026-05-19T11:30:42.222Z"}
{"level":"info","message":"🔎 Processando título FRE 120618","service":"btg-baixa-titulos-service","timestamp":"2026-05-19T11:30:42.224Z"}
{"level":"info","message":"🌐 Millennium request: GET /MILLENIUM!JOIN_ONEUP.LANCAMENTOS.CONSULTALANCAMENTOS?cnpj=01.009.793%2F0001-72&n_documento=FRE%20120618","service":"btg-baixa-titulos-service","timestamp":"2026-05-19T11:30:42.224Z"}
{"lancamento":1434922481,"level":"info","message":"ℹ️ Título FRE 120618 já estava baixado. Processo ignorado.","service":"btg-baixa-titulos-service","situacao":"BAIXADO","timestamp":"2026-05-19T11:30:42.244Z"}
{"level":"info","message":"🔎 Processando título 121368","service":"btg-baixa-titulos-service","timestamp":"2026-05-19T11:30:42.245Z"}
{"level":"info","message":"🌐 Millennium request: GET /MILLENIUM!JOIN_ONEUP.LANCAMENTOS.CONSULTALANCAMENTOS?cnpj=01.009.793%2F0001-72&n_documento=121368","service":"btg-baixa-titulos-service","timestamp":"2026-05-19T11:30:42.245Z"}
{"lancamento":1434920840,"level":"info","message":"ℹ️ Título 121368 já estava baixado. Processo ignorado.","service":"btg-baixa-titulos-service","situacao":"BAIXADO","timestamp":"2026-05-19T11:30:42.261Z"}
{"level":"info","message":"🔎 Processando título FRE 120629","service":"btg-baixa-titulos-service","timestamp":"2026-05-19T11:30:42.262Z"}
{"level":"info","message":"🌐 Millennium request: GET /MILLENIUM!JOIN_ONEUP.LANCAMENTOS.CONSULTALANCAMENTOS?cnpj=57.408.548%2F0001-92&n_documento=FRE%20120629","service":"btg-baixa-titulos-service","timestamp":"2026-05-19T11:30:42.262Z"}
{"lancamento":1434922484,"level":"info","message":"ℹ️ Título FRE 120629 já estava baixado. Processo ignorado.","service":"btg-baixa-titulos-service","situacao":"BAIXADO","timestamp":"2026-05-19T11:30:42.279Z"}
{"level":"info","message":"🔎 Processando título CORRE 120558","service":"btg-baixa-titulos-service","timestamp":"2026-05-19T11:30:42.280Z"}
{"level":"info","message":"🌐 Millennium request: GET /MILLENIUM!JOIN_ONEUP.LANCAMENTOS.CONSULTALANCAMENTOS?cnpj=57.408.548%2F0001-92&n_documento=CORRE%20120558","service":"btg-baixa-titulos-service","timestamp":"2026-05-19T11:30:42.280Z"}
{"erro":"Título não localizado: CORRE 120558","level":"error","message":"❌ Erro no título CORRE 120558","service":"btg-baixa-titulos-service","status":"ERRO_CONSULTA","timestamp":"2026-05-19T11:30:42.409Z"}
{"level":"info","message":"🔎 Processando título CORRE 120329","service":"btg-baixa-titulos-service","timestamp":"2026-05-19T11:30:42.415Z"}
{"level":"info","message":"🌐 Millennium request: GET /MILLENIUM!JOIN_ONEUP.LANCAMENTOS.CONSULTALANCAMENTOS?cnpj=57.408.548%2F0001-92&n_documento=CORRE%20120329","service":"btg-baixa-titulos-service","timestamp":"2026-05-19T11:30:42.415Z"}
{"lancamento":1434922462,"level":"info","message":"ℹ️ Título CORRE 120329 já estava baixado. Processo ignorado.","service":"btg-baixa-titulos-service","situacao":"BAIXADO","timestamp":"2026-05-19T11:30:42.433Z"}
{"level":"info","message":"🔎 Processando título CORRE 120029","service":"btg-baixa-titulos-service","timestamp":"2026-05-19T11:30:42.435Z"}
{"level":"info","message":"🌐 Millennium request: GET /MILLENIUM!JOIN_ONEUP.LANCAMENTOS.CONSULTALANCAMENTOS?cnpj=57.408.548%2F0001-92&n_documento=CORRE%20120029","service":"btg-baixa-titulos-service","timestamp":"2026-05-19T11:30:42.435Z"}
{"lancamento":1434922461,"level":"info","message":"ℹ️ Título CORRE 120029 já estava baixado. Processo ignorado.","service":"btg-baixa-titulos-service","situacao":"BAIXADO","timestamp":"2026-05-19T11:30:42.452Z"}
{"level":"info","message":"🔎 Processando título 120775","service":"btg-baixa-titulos-service","timestamp":"2026-05-19T11:30:42.454Z"}
{"level":"info","message":"🌐 Millennium request: GET /MILLENIUM!JOIN_ONEUP.LANCAMENTOS.CONSULTALANCAMENTOS?cnpj=57.408.548%2F0001-92&n_documento=120775","service":"btg-baixa-titulos-service","timestamp":"2026-05-19T11:30:42.454Z"}
{"erro":"Título não localizado: 120775","level":"error","message":"❌ Erro no título 120775","service":"btg-baixa-titulos-service","status":"ERRO_CONSULTA","timestamp":"2026-05-19T11:30:42.469Z"}
{"level":"info","message":"🔎 Processando título 120620","service":"btg-baixa-titulos-service","timestamp":"2026-05-19T11:30:42.472Z"}
{"level":"info","message":"🌐 Millennium request: GET /MILLENIUM!JOIN_ONEUP.LANCAMENTOS.CONSULTALANCAMENTOS?cnpj=01.329.811%2F0001-01&n_documento=120620","service":"btg-baixa-titulos-service","timestamp":"2026-05-19T11:30:42.472Z"}
{"lancamento":1434917864,"level":"info","message":"ℹ️ Título 120620 já estava baixado. Processo ignorado.","service":"btg-baixa-titulos-service","situacao":"BAIXADO","timestamp":"2026-05-19T11:30:42.488Z"}
{"level":"info","message":"🔎 Processando título 121137/A","service":"btg-baixa-titulos-service","timestamp":"2026-05-19T11:30:42.491Z"}
{"level":"info","message":"🌐 Millennium request: GET /MILLENIUM!JOIN_ONEUP.LANCAMENTOS.CONSULTALANCAMENTOS?cnpj=00.768.271%2F0001-91&n_documento=121137%2FA","service":"btg-baixa-titulos-service","timestamp":"2026-05-19T11:30:42.491Z"}
{"lancamento":1434919878,"level":"info","message":"ℹ️ Título 121137/A já estava baixado. Processo ignorado.","service":"btg-baixa-titulos-service","situacao":"BAIXADO","timestamp":"2026-05-19T11:30:42.509Z"}
{"level":"info","message":"🔎 Processando título 119986/A","service":"btg-baixa-titulos-service","timestamp":"2026-05-19T11:30:42.511Z"}
{"level":"info","message":"🌐 Millennium request: GET /MILLENIUM!JOIN_ONEUP.LANCAMENTOS.CONSULTALANCAMENTOS?cnpj=73.652.158%2F0001-10&n_documento=119986%2FA","service":"btg-baixa-titulos-service","timestamp":"2026-05-19T11:30:42.511Z"}
{"lancamento":1434914963,"level":"info","message":"ℹ️ Título 119986/A já estava baixado. Processo ignorado.","service":"btg-baixa-titulos-service","situacao":"BAIXADO","timestamp":"2026-05-19T11:30:42.527Z"}
{"level":"info","message":"🔎 Processando título FRE 119328","service":"btg-baixa-titulos-service","timestamp":"2026-05-19T11:30:42.529Z"}
{"level":"info","message":"🌐 Millennium request: GET /MILLENIUM!JOIN_ONEUP.LANCAMENTOS.CONSULTALANCAMENTOS?cnpj=57.408.548%2F0001-92&n_documento=FRE%20119328","service":"btg-baixa-titulos-service","timestamp":"2026-05-19T11:30:42.529Z"}
{"erro":"Título não localizado: FRE 119328","level":"error","message":"❌ Erro no título FRE 119328","service":"btg-baixa-titulos-service","status":"ERRO_CONSULTA","timestamp":"2026-05-19T11:30:42.542Z"}
{"level":"info","message":"🔎 Processando título FRE 119325","service":"btg-baixa-titulos-service","timestamp":"2026-05-19T11:30:42.544Z"}
{"level":"info","message":"🌐 Millennium request: GET /MILLENIUM!JOIN_ONEUP.LANCAMENTOS.CONSULTALANCAMENTOS?cnpj=02.355.679%2F0001-67&n_documento=FRE%20119325","service":"btg-baixa-titulos-service","timestamp":"2026-05-19T11:30:42.544Z"}
{"lancamento":1434918566,"level":"info","message":"ℹ️ Título FRE 119325 já estava baixado. Processo ignorado.","service":"btg-baixa-titulos-service","situacao":"BAIXADO","timestamp":"2026-05-19T11:30:42.560Z"}
{"level":"info","message":"🔎 Processando título FRE 119324","service":"btg-baixa-titulos-service","timestamp":"2026-05-19T11:30:42.561Z"}
{"level":"info","message":"🌐 Millennium request: GET /MILLENIUM!JOIN_ONEUP.LANCAMENTOS.CONSULTALANCAMENTOS?cnpj=03.294.992%2F0001-03&n_documento=FRE%20119324","service":"btg-baixa-titulos-service","timestamp":"2026-05-19T11:30:42.561Z"}
{"lancamento":1434918575,"level":"info","message":"ℹ️ Título FRE 119324 já estava baixado. Processo ignorado.","service":"btg-baixa-titulos-service","situacao":"BAIXADO","timestamp":"2026-05-19T11:30:42.574Z"}
{"level":"info","message":"🔎 Processando título 120623/A","service":"btg-baixa-titulos-service","timestamp":"2026-05-19T11:30:42.575Z"}
{"level":"info","message":"🌐 Millennium request: GET /MILLENIUM!JOIN_ONEUP.LANCAMENTOS.CONSULTALANCAMENTOS?cnpj=00.768.271%2F0001-91&n_documento=120623%2FA","service":"btg-baixa-titulos-service","timestamp":"2026-05-19T11:30:42.575Z"}
{"lancamento":1434917866,"level":"info","message":"ℹ️ Título 120623/A já estava baixado. Processo ignorado.","service":"btg-baixa-titulos-service","situacao":"BAIXADO","timestamp":"2026-05-19T11:30:42.591Z"}
{"level":"info","message":"🔎 Processando título FRE 119300","service":"btg-baixa-titulos-service","timestamp":"2026-05-19T11:30:42.592Z"}
{"level":"info","message":"🌐 Millennium request: GET /MILLENIUM!JOIN_ONEUP.LANCAMENTOS.CONSULTALANCAMENTOS?cnpj=01.329.811%2F0001-01&n_documento=FRE%20119300","service":"btg-baixa-titulos-service","timestamp":"2026-05-19T11:30:42.592Z"}
{"lancamento":1434918576,"level":"info","message":"ℹ️ Título FRE 119300 já estava baixado. Processo ignorado.","service":"btg-baixa-titulos-service","situacao":"BAIXADO","timestamp":"2026-05-19T11:30:42.610Z"}
{"level":"info","message":"🔎 Processando título 120620","service":"btg-baixa-titulos-service","timestamp":"2026-05-19T11:30:42.612Z"}
{"level":"info","message":"🌐 Millennium request: GET /MILLENIUM!JOIN_ONEUP.LANCAMENTOS.CONSULTALANCAMENTOS?cnpj=01.329.811%2F0001-01&n_documento=120620","service":"btg-baixa-titulos-service","timestamp":"2026-05-19T11:30:42.612Z"}
{"lancamento":1434917864,"level":"info","message":"ℹ️ Título 120620 já estava baixado. Processo ignorado.","service":"btg-baixa-titulos-service","situacao":"BAIXADO","timestamp":"2026-05-19T11:30:42.630Z"}
{"level":"info","message":"🔎 Processando título FRE 119291","service":"btg-baixa-titulos-service","timestamp":"2026-05-19T11:30:42.632Z"}
{"level":"info","message":"🌐 Millennium request: GET /MILLENIUM!JOIN_ONEUP.LANCAMENTOS.CONSULTALANCAMENTOS?cnpj=01.009.793%2F0001-72&n_documento=FRE%20119291","service":"btg-baixa-titulos-service","timestamp":"2026-05-19T11:30:42.632Z"}
{"lancamento":1434918550,"level":"info","message":"ℹ️ Título FRE 119291 já estava baixado. Processo ignorado.","service":"btg-baixa-titulos-service","situacao":"BAIXADO","timestamp":"2026-05-19T11:30:42.647Z"}
{"level":"info","message":"🔎 Processando título FRE 119286","service":"btg-baixa-titulos-service","timestamp":"2026-05-19T11:30:42.649Z"}
{"level":"info","message":"🌐 Millennium request: GET /MILLENIUM!JOIN_ONEUP.LANCAMENTOS.CONSULTALANCAMENTOS?cnpj=21.067.137%2F0001-33&n_documento=FRE%20119286","service":"btg-baixa-titulos-service","timestamp":"2026-05-19T11:30:42.649Z"}
{"lancamento":1434918567,"level":"info","message":"ℹ️ Título FRE 119286 já estava baixado. Processo ignorado.","service":"btg-baixa-titulos-service","situacao":"BAIXADO","timestamp":"2026-05-19T11:30:42.664Z"}
{"level":"info","message":"🔎 Processando título FRE 117845","service":"btg-baixa-titulos-service","timestamp":"2026-05-19T11:30:42.667Z"}
{"level":"info","message":"🌐 Millennium request: GET /MILLENIUM!JOIN_ONEUP.LANCAMENTOS.CONSULTALANCAMENTOS?cnpj=03.294.992%2F0001-03&n_documento=FRE%20117845","service":"btg-baixa-titulos-service","timestamp":"2026-05-19T11:30:42.667Z"}
{"lancamento":1434918548,"level":"info","message":"ℹ️ Título FRE 117845 já estava baixado. Processo ignorado.","service":"btg-baixa-titulos-service","situacao":"BAIXADO","timestamp":"2026-05-19T11:30:42.684Z"}
{"level":"info","message":"🔎 Processando título FRE 117766","service":"btg-baixa-titulos-service","timestamp":"2026-05-19T11:30:42.685Z"}
{"level":"info","message":"🌐 Millennium request: GET /MILLENIUM!JOIN_ONEUP.LANCAMENTOS.CONSULTALANCAMENTOS?cnpj=57.408.548%2F0001-92&n_documento=FRE%20117766","service":"btg-baixa-titulos-service","timestamp":"2026-05-19T11:30:42.686Z"}
{"lancamento":1434918547,"level":"info","message":"ℹ️ Título FRE 117766 já estava baixado. Processo ignorado.","service":"btg-baixa-titulos-service","situacao":"BAIXADO","timestamp":"2026-05-19T11:30:42.701Z"}
{"level":"info","message":"🔎 Processando título CORRE 118933","service":"btg-baixa-titulos-service","timestamp":"2026-05-19T11:30:42.703Z"}
{"level":"info","message":"🌐 Millennium request: GET /MILLENIUM!JOIN_ONEUP.LANCAMENTOS.CONSULTALANCAMENTOS?cnpj=01.009.793%2F0001-72&n_documento=CORRE%20118933","service":"btg-baixa-titulos-service","timestamp":"2026-05-19T11:30:42.703Z"}
{"lancamento":1434918549,"level":"info","message":"ℹ️ Título CORRE 118933 já estava baixado. Processo ignorado.","service":"btg-baixa-titulos-service","situacao":"BAIXADO","timestamp":"2026-05-19T11:30:42.722Z"}
{"level":"info","message":"🔎 Processando título 120619/A","service":"btg-baixa-titulos-service","timestamp":"2026-05-19T11:30:42.725Z"}
{"level":"info","message":"🌐 Millennium request: GET /MILLENIUM!JOIN_ONEUP.LANCAMENTOS.CONSULTALANCAMENTOS?cnpj=73.652.158%2F0001-10&n_documento=120619%2FA","service":"btg-baixa-titulos-service","timestamp":"2026-05-19T11:30:42.725Z"}
{"lancamento":1434917859,"level":"info","message":"ℹ️ Título 120619/A já estava baixado. Processo ignorado.","service":"btg-baixa-titulos-service","situacao":"BAIXADO","timestamp":"2026-05-19T11:30:42.742Z"}
{"level":"info","message":"🔎 Processando título CORRE 117241","service":"btg-baixa-titulos-service","timestamp":"2026-05-19T11:30:42.745Z"}
{"level":"info","message":"🌐 Millennium request: GET /MILLENIUM!JOIN_ONEUP.LANCAMENTOS.CONSULTALANCAMENTOS?cnpj=03.294.992%2F0001-03&n_documento=CORRE%20117241","service":"btg-baixa-titulos-service","timestamp":"2026-05-19T11:30:42.745Z"}
{"lancamento":1434918546,"level":"info","message":"ℹ️ Título CORRE 117241 já estava baixado. Processo ignorado.","service":"btg-baixa-titulos-service","situacao":"BAIXADO","timestamp":"2026-05-19T11:30:42.760Z"}
{"level":"info","message":"🔎 Processando título 120618","service":"btg-baixa-titulos-service","timestamp":"2026-05-19T11:30:42.762Z"}
{"level":"info","message":"🌐 Millennium request: GET /MILLENIUM!JOIN_ONEUP.LANCAMENTOS.CONSULTALANCAMENTOS?cnpj=01.009.793%2F0001-72&n_documento=120618","service":"btg-baixa-titulos-service","timestamp":"2026-05-19T11:30:42.762Z"}
{"lancamento":1434917858,"level":"info","message":"ℹ️ Título 120618 já estava baixado. Processo ignorado.","service":"btg-baixa-titulos-service","situacao":"BAIXADO","timestamp":"2026-05-19T11:30:42.792Z"}
{"level":"info","message":"🔎 Processando título 120666","service":"btg-baixa-titulos-service","timestamp":"2026-05-19T11:30:42.794Z"}
{"level":"info","message":"🌐 Millennium request: GET /MILLENIUM!JOIN_ONEUP.LANCAMENTOS.CONSULTALANCAMENTOS?cnpj=02.355.679%2F0001-67&n_documento=120666","service":"btg-baixa-titulos-service","timestamp":"2026-05-19T11:30:42.794Z"}
{"lancamento":1434917997,"level":"info","message":"ℹ️ Título 120666 já estava baixado. Processo ignorado.","service":"btg-baixa-titulos-service","situacao":"BAIXADO","timestamp":"2026-05-19T11:30:42.810Z"}
{"level":"info","message":"🔎 Processando título 120614/A","service":"btg-baixa-titulos-service","timestamp":"2026-05-19T11:30:42.813Z"}
{"level":"info","message":"🌐 Millennium request: GET /MILLENIUM!JOIN_ONEUP.LANCAMENTOS.CONSULTALANCAMENTOS?cnpj=50.649.490%2F0001-20&n_documento=120614%2FA","service":"btg-baixa-titulos-service","timestamp":"2026-05-19T11:30:42.813Z"}
{"lancamento":1434917847,"level":"info","message":"ℹ️ Título 120614/A já estava baixado. Processo ignorado.","service":"btg-baixa-titulos-service","situacao":"BAIXADO","timestamp":"2026-05-19T11:30:42.909Z"}
{"level":"info","message":"🔎 Processando título 120640/A","service":"btg-baixa-titulos-service","timestamp":"2026-05-19T11:30:42.912Z"}
{"level":"info","message":"🌐 Millennium request: GET /MILLENIUM!JOIN_ONEUP.LANCAMENTOS.CONSULTALANCAMENTOS?cnpj=50.649.490%2F0001-20&n_documento=120640%2FA","service":"btg-baixa-titulos-service","timestamp":"2026-05-19T11:30:42.913Z"}
{"lancamento":1434917920,"level":"info","message":"ℹ️ Título 120640/A já estava baixado. Processo ignorado.","service":"btg-baixa-titulos-service","situacao":"BAIXADO","timestamp":"2026-05-19T11:30:42.930Z"}
{"level":"info","message":"🔎 Processando título 120638/A","service":"btg-baixa-titulos-service","timestamp":"2026-05-19T11:30:42.933Z"}
{"level":"info","message":"🌐 Millennium request: GET /MILLENIUM!JOIN_ONEUP.LANCAMENTOS.CONSULTALANCAMENTOS?cnpj=01.934.454%2F0001-00&n_documento=120638%2FA","service":"btg-baixa-titulos-service","timestamp":"2026-05-19T11:30:42.933Z"}
{"lancamento":1434917915,"level":"info","message":"ℹ️ Título 120638/A já estava baixado. Processo ignorado.","service":"btg-baixa-titulos-service","situacao":"BAIXADO","timestamp":"2026-05-19T11:30:42.948Z"}
{"level":"info","message":"🔎 Processando título 120183/A","service":"btg-baixa-titulos-service","timestamp":"2026-05-19T11:30:42.951Z"}
{"level":"info","message":"🌐 Millennium request: GET /MILLENIUM!JOIN_ONEUP.LANCAMENTOS.CONSULTALANCAMENTOS?cnpj=03.294.992%2F0001-03&n_documento=120183%2FA","service":"btg-baixa-titulos-service","timestamp":"2026-05-19T11:30:42.952Z"}
{"lancamento":1434916366,"level":"info","message":"ℹ️ Título 120183/A já estava baixado. Processo ignorado.","service":"btg-baixa-titulos-service","situacao":"BAIXADO","timestamp":"2026-05-19T11:30:42.969Z"}
{"level":"info","message":"🔎 Processando título 120634/A","service":"btg-baixa-titulos-service","timestamp":"2026-05-19T11:30:42.973Z"}
{"level":"info","message":"🌐 Millennium request: GET /MILLENIUM!JOIN_ONEUP.LANCAMENTOS.CONSULTALANCAMENTOS?cnpj=06.181.589%2F0001-58&n_documento=120634%2FA","service":"btg-baixa-titulos-service","timestamp":"2026-05-19T11:30:42.974Z"}
{"lancamento":1434917907,"level":"info","message":"ℹ️ Título 120634/A já estava baixado. Processo ignorado.","service":"btg-baixa-titulos-service","situacao":"BAIXADO","timestamp":"2026-05-19T11:30:42.992Z"}
{"level":"info","message":"🔎 Processando título 120633/A","service":"btg-baixa-titulos-service","timestamp":"2026-05-19T11:30:42.994Z"}
{"level":"info","message":"🌐 Millennium request: GET /MILLENIUM!JOIN_ONEUP.LANCAMENTOS.CONSULTALANCAMENTOS?cnpj=03.247.651%2F0001-79&n_documento=120633%2FA","service":"btg-baixa-titulos-service","timestamp":"2026-05-19T11:30:42.995Z"}
{"lancamento":1434917902,"level":"info","message":"ℹ️ Título 120633/A já estava baixado. Processo ignorado.","service":"btg-baixa-titulos-service","situacao":"BAIXADO","timestamp":"2026-05-19T11:30:43.015Z"}
{"level":"info","message":"🔎 Processando título 120632/A","service":"btg-baixa-titulos-service","timestamp":"2026-05-19T11:30:43.018Z"}
{"level":"info","message":"🌐 Millennium request: GET /MILLENIUM!JOIN_ONEUP.LANCAMENTOS.CONSULTALANCAMENTOS?cnpj=50.649.490%2F0001-20&n_documento=120632%2FA","service":"btg-baixa-titulos-service","timestamp":"2026-05-19T11:30:43.018Z"}
{"lancamento":1434917888,"level":"info","message":"ℹ️ Título 120632/A já estava baixado. Processo ignorado.","service":"btg-baixa-titulos-service","situacao":"BAIXADO","timestamp":"2026-05-19T11:30:43.034Z"}
{"level":"info","message":"🔎 Processando título 120631/A","service":"btg-baixa-titulos-service","timestamp":"2026-05-19T11:30:43.037Z"}
{"level":"info","message":"🌐 Millennium request: GET /MILLENIUM!JOIN_ONEUP.LANCAMENTOS.CONSULTALANCAMENTOS?cnpj=03.294.992%2F0001-03&n_documento=120631%2FA","service":"btg-baixa-titulos-service","timestamp":"2026-05-19T11:30:43.037Z"}
{"lancamento":1434917883,"level":"info","message":"ℹ️ Título 120631/A já estava baixado. Processo ignorado.","service":"btg-baixa-titulos-service","situacao":"BAIXADO","timestamp":"2026-05-19T11:30:43.054Z"}
{"level":"info","message":"🔎 Processando título 120613/A","service":"btg-baixa-titulos-service","timestamp":"2026-05-19T11:30:43.057Z"}
{"level":"info","message":"🌐 Millennium request: GET /MILLENIUM!JOIN_ONEUP.LANCAMENTOS.CONSULTALANCAMENTOS?cnpj=50.649.490%2F0001-20&n_documento=120613%2FA","service":"btg-baixa-titulos-service","timestamp":"2026-05-19T11:30:43.057Z"}
{"lancamento":1434917835,"level":"info","message":"ℹ️ Título 120613/A já estava baixado. Processo ignorado.","service":"btg-baixa-titulos-service","situacao":"BAIXADO","timestamp":"2026-05-19T11:30:43.075Z"}
{"level":"info","message":"🔎 Processando título 120628","service":"btg-baixa-titulos-service","timestamp":"2026-05-19T11:30:43.078Z"}
{"level":"info","message":"🌐 Millennium request: GET /MILLENIUM!JOIN_ONEUP.LANCAMENTOS.CONSULTALANCAMENTOS?cnpj=77.857.555%2F0009-36&n_documento=120628","service":"btg-baixa-titulos-service","timestamp":"2026-05-19T11:30:43.079Z"}
{"lancamento":1434917878,"level":"info","message":"ℹ️ Título 120628 já estava baixado. Processo ignorado.","service":"btg-baixa-titulos-service","situacao":"BAIXADO","timestamp":"2026-05-19T11:30:43.100Z"}
{"level":"info","message":"🔎 Processando título 120611/A","service":"btg-baixa-titulos-service","timestamp":"2026-05-19T11:30:43.104Z"}
{"level":"info","message":"🌐 Millennium request: GET /MILLENIUM!JOIN_ONEUP.LANCAMENTOS.CONSULTALANCAMENTOS?cnpj=50.649.490%2F0001-20&n_documento=120611%2FA","service":"btg-baixa-titulos-service","timestamp":"2026-05-19T11:30:43.104Z"}
{"lancamento":1434917832,"level":"info","message":"ℹ️ Título 120611/A já estava baixado. Processo ignorado.","service":"btg-baixa-titulos-service","situacao":"BAIXADO","timestamp":"2026-05-19T11:30:43.122Z"}
{"level":"info","message":"🔎 Processando título 120625/A","service":"btg-baixa-titulos-service","timestamp":"2026-05-19T11:30:43.125Z"}
{"level":"info","message":"🌐 Millennium request: GET /MILLENIUM!JOIN_ONEUP.LANCAMENTOS.CONSULTALANCAMENTOS?cnpj=44.999.259%2F0001-63&n_documento=120625%2FA","service":"btg-baixa-titulos-service","timestamp":"2026-05-19T11:30:43.125Z"}
{"lancamento":1434917871,"level":"info","message":"ℹ️ Título 120625/A já estava baixado. Processo ignorado.","service":"btg-baixa-titulos-service","situacao":"BAIXADO","timestamp":"2026-05-19T11:30:43.143Z"}
{"level":"info","message":"🔎 Processando título 119929/A","service":"btg-baixa-titulos-service","timestamp":"2026-05-19T11:30:43.147Z"}
{"level":"info","message":"🌐 Millennium request: GET /MILLENIUM!JOIN_ONEUP.LANCAMENTOS.CONSULTALANCAMENTOS?cnpj=03.247.651%2F0001-79&n_documento=119929%2FA","service":"btg-baixa-titulos-service","timestamp":"2026-05-19T11:30:43.147Z"}
{"lancamento":1434914750,"level":"info","message":"ℹ️ Título 119929/A já estava baixado. Processo ignorado.","service":"btg-baixa-titulos-service","situacao":"BAIXADO","timestamp":"2026-05-19T11:30:43.164Z"}
{"level":"info","message":"🔎 Processando título 119716/A","service":"btg-baixa-titulos-service","timestamp":"2026-05-19T11:30:43.168Z"}
{"level":"info","message":"🌐 Millennium request: GET /MILLENIUM!JOIN_ONEUP.LANCAMENTOS.CONSULTALANCAMENTOS?cnpj=57.408.548%2F0001-92&n_documento=119716%2FA","service":"btg-baixa-titulos-service","timestamp":"2026-05-19T11:30:43.168Z"}
{"lancamento":1434913667,"level":"info","message":"📝 Atualizando título 119716/A","payload":{"lancamento":1434913667,"linhaDigitavel":"20890050091653535241925031005801614480000023250","nossoNumero":"09358665353524125","valorJuros":0},"service":"btg-baixa-titulos-service","timestamp":"2026-05-19T11:30:43.186Z"}
{"level":"info","message":"🌐 Millennium request: POST /MILLENIUM!JOIN_ONEUP.LANCAMENTOS.INSEREINFO","service":"btg-baixa-titulos-service","timestamp":"2026-05-19T11:30:43.187Z"}
{"lancamento":1434913667,"level":"info","message":"✅ Título atualizado com sucesso","numeroDocumento":"119716/A","service":"btg-baixa-titulos-service","timestamp":"2026-05-19T11:30:43.241Z","transId":340478878}
{"lancamento":1434913667,"level":"info","message":"💰 Iniciando baixa do título 119716/A","payload":{"CONCILIADO":true,"CONTA":1431333549,"DATA_PAGAMENTO":"2026-05-18","EFETUADO":true,"FILIAL":5,"GERA_OUTRO":false,"LANCAMENTO":1434913667,"OBS":"2026-05-19T11:30:43.242Z - Baixa por retorno automacao importacao excel","STATUS_BAIXA":"N","VALOR":232.5,"acres_decres":0,"valor_pago":232.5},"service":"btg-baixa-titulos-service","timestamp":"2026-05-19T11:30:43.242Z"}
{"dataPagamento":"2026-05-18","level":"info","message":"📅 Payload da baixa","service":"btg-baixa-titulos-service","timestamp":"2026-05-19T11:30:43.242Z"}
{"level":"info","message":"🌐 Millennium request: POST /millenium/titulos/baixa","service":"btg-baixa-titulos-service","timestamp":"2026-05-19T11:30:43.242Z"}
{"baixa":1435953820,"level":"info","message":"✅ Título baixado com sucesso","numeroDocumento":"119716/A","service":"btg-baixa-titulos-service","timestamp":"2026-05-19T11:30:43.328Z","valor":232.5}
{"level":"info","message":"✅ Fluxo concluído para 119716/A","service":"btg-baixa-titulos-service","timestamp":"2026-05-19T11:30:43.328Z"}
{"level":"info","message":"🔎 Processando título 119297/B","service":"btg-baixa-titulos-service","timestamp":"2026-05-19T11:30:43.333Z"}
{"level":"info","message":"🌐 Millennium request: GET /MILLENIUM!JOIN_ONEUP.LANCAMENTOS.CONSULTALANCAMENTOS?cnpj=73.652.158%2F0001-10&n_documento=119297%2FB","service":"btg-baixa-titulos-service","timestamp":"2026-05-19T11:30:43.333Z"}
{"lancamento":1434911786,"level":"info","message":"ℹ️ Título 119297/B já estava baixado. Processo ignorado.","service":"btg-baixa-titulos-service","situacao":"BAIXADO","timestamp":"2026-05-19T11:30:43.436Z"}
{"level":"info","message":"🔎 Processando título 119297/A","service":"btg-baixa-titulos-service","timestamp":"2026-05-19T11:30:43.440Z"}
{"level":"info","message":"🌐 Millennium request: GET /MILLENIUM!JOIN_ONEUP.LANCAMENTOS.CONSULTALANCAMENTOS?cnpj=73.652.158%2F0001-10&n_documento=119297%2FA","service":"btg-baixa-titulos-service","timestamp":"2026-05-19T11:30:43.440Z"}
{"lancamento":1434911785,"level":"info","message":"ℹ️ Título 119297/A já estava baixado. Processo ignorado.","service":"btg-baixa-titulos-service","situacao":"BAIXADO","timestamp":"2026-05-19T11:30:43.463Z"}
{"level":"info","message":"🔎 Processando título 119291","service":"btg-baixa-titulos-service","timestamp":"2026-05-19T11:30:43.466Z"}
{"level":"info","message":"🌐 Millennium request: GET /MILLENIUM!JOIN_ONEUP.LANCAMENTOS.CONSULTALANCAMENTOS?cnpj=01.009.793%2F0001-72&n_documento=119291","service":"btg-baixa-titulos-service","timestamp":"2026-05-19T11:30:43.466Z"}
{"lancamento":1434911781,"level":"info","message":"ℹ️ Título 119291 já estava baixado. Processo ignorado.","service":"btg-baixa-titulos-service","situacao":"BAIXADO","timestamp":"2026-05-19T11:30:43.483Z"}
{"level":"info","message":"🔎 Processando título 119290/B","service":"btg-baixa-titulos-service","timestamp":"2026-05-19T11:30:43.487Z"}
{"level":"info","message":"🌐 Millennium request: GET /MILLENIUM!JOIN_ONEUP.LANCAMENTOS.CONSULTALANCAMENTOS?cnpj=06.181.589%2F0001-58&n_documento=119290%2FB","service":"btg-baixa-titulos-service","timestamp":"2026-05-19T11:30:43.488Z"}
{"lancamento":1434911777,"level":"info","message":"ℹ️ Título 119290/B já estava baixado. Processo ignorado.","service":"btg-baixa-titulos-service","situacao":"BAIXADO","timestamp":"2026-05-19T11:30:43.505Z"}
{"level":"info","message":"🔎 Processando título 119290/A","service":"btg-baixa-titulos-service","timestamp":"2026-05-19T11:30:43.508Z"}
{"level":"info","message":"🌐 Millennium request: GET /MILLENIUM!JOIN_ONEUP.LANCAMENTOS.CONSULTALANCAMENTOS?cnpj=06.181.589%2F0001-58&n_documento=119290%2FA","service":"btg-baixa-titulos-service","timestamp":"2026-05-19T11:30:43.509Z"}
{"lancamento":1434911776,"level":"info","message":"ℹ️ Título 119290/A já estava baixado. Processo ignorado.","service":"btg-baixa-titulos-service","situacao":"BAIXADO","timestamp":"2026-05-19T11:30:43.527Z"}
{"level":"info","message":"🔎 Processando título 119347/B","service":"btg-baixa-titulos-service","timestamp":"2026-05-19T11:30:43.530Z"}
{"level":"info","message":"🌐 Millennium request: GET /MILLENIUM!JOIN_ONEUP.LANCAMENTOS.CONSULTALANCAMENTOS?cnpj=03.247.651%2F0001-79&n_documento=119347%2FB","service":"btg-baixa-titulos-service","timestamp":"2026-05-19T11:30:43.530Z"}
{"lancamento":1434911970,"level":"info","message":"ℹ️ Título 119347/B já estava baixado. Processo ignorado.","service":"btg-baixa-titulos-service","situacao":"BAIXADO","timestamp":"2026-05-19T11:30:43.546Z"}
{"level":"info","message":"🔎 Processando título 119289","service":"btg-baixa-titulos-service","timestamp":"2026-05-19T11:30:43.550Z"}
{"level":"info","message":"🌐 Millennium request: GET /MILLENIUM!JOIN_ONEUP.LANCAMENTOS.CONSULTALANCAMENTOS?cnpj=77.857.555%2F0009-36&n_documento=119289","service":"btg-baixa-titulos-service","timestamp":"2026-05-19T11:30:43.550Z"}
{"lancamento":1434911775,"level":"info","message":"ℹ️ Título 119289 já estava baixado. Processo ignorado.","service":"btg-baixa-titulos-service","situacao":"BAIXADO","timestamp":"2026-05-19T11:30:43.567Z"}
{"level":"info","message":"🔎 Processando título 119347/A","service":"btg-baixa-titulos-service","timestamp":"2026-05-19T11:30:43.569Z"}
{"level":"info","message":"🌐 Millennium request: GET /MILLENIUM!JOIN_ONEUP.LANCAMENTOS.CONSULTALANCAMENTOS?cnpj=03.247.651%2F0001-79&n_documento=119347%2FA","service":"btg-baixa-titulos-service","timestamp":"2026-05-19T11:30:43.569Z"}
{"lancamento":1434911969,"level":"info","message":"ℹ️ Título 119347/A já estava baixado. Processo ignorado.","service":"btg-baixa-titulos-service","situacao":"BAIXADO","timestamp":"2026-05-19T11:30:43.585Z"}
{"level":"info","message":"🔎 Processando título 119288/B","service":"btg-baixa-titulos-service","timestamp":"2026-05-19T11:30:43.588Z"}
{"level":"info","message":"🌐 Millennium request: GET /MILLENIUM!JOIN_ONEUP.LANCAMENTOS.CONSULTALANCAMENTOS?cnpj=59.205.187%2F0001-02&n_documento=119288%2FB","service":"btg-baixa-titulos-service","timestamp":"2026-05-19T11:30:43.589Z"}
{"lancamento":1434911773,"level":"info","message":"ℹ️ Título 119288/B já estava baixado. Processo ignorado.","service":"btg-baixa-titulos-service","situacao":"BAIXADO","timestamp":"2026-05-19T11:30:43.607Z"}
{"level":"info","message":"🔎 Processando título 119288/A","service":"btg-baixa-titulos-service","timestamp":"2026-05-19T11:30:43.610Z"}
{"level":"info","message":"🌐 Millennium request: GET /MILLENIUM!JOIN_ONEUP.LANCAMENTOS.CONSULTALANCAMENTOS?cnpj=59.205.187%2F0001-02&n_documento=119288%2FA","service":"btg-baixa-titulos-service","timestamp":"2026-05-19T11:30:43.610Z"}
{"lancamento":1434911772,"level":"info","message":"ℹ️ Título 119288/A já estava baixado. Processo ignorado.","service":"btg-baixa-titulos-service","situacao":"BAIXADO","timestamp":"2026-05-19T11:30:43.633Z"}
{"level":"info","message":"🔎 Processando título 119329/A","service":"btg-baixa-titulos-service","timestamp":"2026-05-19T11:30:43.636Z"}
{"level":"info","message":"🌐 Millennium request: GET /MILLENIUM!JOIN_ONEUP.LANCAMENTOS.CONSULTALANCAMENTOS?cnpj=57.408.548%2F0001-92&n_documento=119329%2FA","service":"btg-baixa-titulos-service","timestamp":"2026-05-19T11:30:43.636Z"}
{"lancamento":1434911894,"level":"info","message":"ℹ️ Título 119329/A já estava baixado. Processo ignorado.","service":"btg-baixa-titulos-service","situacao":"BAIXADO","timestamp":"2026-05-19T11:30:43.651Z"}
{"level":"info","message":"🔎 Processando título 119287/B","service":"btg-baixa-titulos-service","timestamp":"2026-05-19T11:30:43.654Z"}
{"level":"info","message":"🌐 Millennium request: GET /MILLENIUM!JOIN_ONEUP.LANCAMENTOS.CONSULTALANCAMENTOS?cnpj=01.934.454%2F0001-00&n_documento=119287%2FB","service":"btg-baixa-titulos-service","timestamp":"2026-05-19T11:30:43.654Z"}
{"lancamento":1434911770,"level":"info","message":"ℹ️ Título 119287/B já estava baixado. Processo ignorado.","service":"btg-baixa-titulos-service","situacao":"BAIXADO","timestamp":"2026-05-19T11:30:43.670Z"}
{"level":"info","message":"🔎 Processando título 119287/A","service":"btg-baixa-titulos-service","timestamp":"2026-05-19T11:30:43.672Z"}
{"level":"info","message":"🌐 Millennium request: GET /MILLENIUM!JOIN_ONEUP.LANCAMENTOS.CONSULTALANCAMENTOS?cnpj=01.934.454%2F0001-00&n_documento=119287%2FA","service":"btg-baixa-titulos-service","timestamp":"2026-05-19T11:30:43.672Z"}
{"lancamento":1434911769,"level":"info","message":"ℹ️ Título 119287/A já estava baixado. Processo ignorado.","service":"btg-baixa-titulos-service","situacao":"BAIXADO","timestamp":"2026-05-19T11:30:43.689Z"}
{"level":"info","message":"🔎 Processando título 119328/A","service":"btg-baixa-titulos-service","timestamp":"2026-05-19T11:30:43.692Z"}
{"level":"info","message":"🌐 Millennium request: GET /MILLENIUM!JOIN_ONEUP.LANCAMENTOS.CONSULTALANCAMENTOS?cnpj=57.408.548%2F0001-92&n_documento=119328%2FA","service":"btg-baixa-titulos-service","timestamp":"2026-05-19T11:30:43.692Z"}
{"lancamento":1434911890,"level":"info","message":"ℹ️ Título 119328/A já estava baixado. Processo ignorado.","service":"btg-baixa-titulos-service","situacao":"BAIXADO","timestamp":"2026-05-19T11:30:43.708Z"}
{"level":"info","message":"🔎 Processando título 119286/A","service":"btg-baixa-titulos-service","timestamp":"2026-05-19T11:30:43.711Z"}
{"level":"info","message":"🌐 Millennium request: GET /MILLENIUM!JOIN_ONEUP.LANCAMENTOS.CONSULTALANCAMENTOS?cnpj=21.067.137%2F0001-33&n_documento=119286%2FA","service":"btg-baixa-titulos-service","timestamp":"2026-05-19T11:30:43.711Z"}
{"lancamento":1434911766,"level":"info","message":"ℹ️ Título 119286/A já estava baixado. Processo ignorado.","service":"btg-baixa-titulos-service","situacao":"BAIXADO","timestamp":"2026-05-19T11:30:43.725Z"}
{"level":"info","message":"🔎 Processando título 119327/A","service":"btg-baixa-titulos-service","timestamp":"2026-05-19T11:30:43.727Z"}
{"level":"info","message":"🌐 Millennium request: GET /MILLENIUM!JOIN_ONEUP.LANCAMENTOS.CONSULTALANCAMENTOS?cnpj=57.408.548%2F0001-92&n_documento=119327%2FA","service":"btg-baixa-titulos-service","timestamp":"2026-05-19T11:30:43.727Z"}
{"lancamento":1434911885,"level":"info","message":"ℹ️ Título 119327/A já estava baixado. Processo ignorado.","service":"btg-baixa-titulos-service","situacao":"BAIXADO","timestamp":"2026-05-19T11:30:43.745Z"}
{"level":"info","message":"🔎 Processando título 119285/B","service":"btg-baixa-titulos-service","timestamp":"2026-05-19T11:30:43.748Z"}
{"level":"info","message":"🌐 Millennium request: GET /MILLENIUM!JOIN_ONEUP.LANCAMENTOS.CONSULTALANCAMENTOS?cnpj=00.768.271%2F0001-91&n_documento=119285%2FB","service":"btg-baixa-titulos-service","timestamp":"2026-05-19T11:30:43.748Z"}
{"lancamento":1434911760,"level":"info","message":"ℹ️ Título 119285/B já estava baixado. Processo ignorado.","service":"btg-baixa-titulos-service","situacao":"BAIXADO","timestamp":"2026-05-19T11:30:43.765Z"}
{"level":"info","message":"🔎 Processando título 119325","service":"btg-baixa-titulos-service","timestamp":"2026-05-19T11:30:43.767Z"}
{"level":"info","message":"🌐 Millennium request: GET /MILLENIUM!JOIN_ONEUP.LANCAMENTOS.CONSULTALANCAMENTOS?cnpj=02.355.679%2F0001-67&n_documento=119325","service":"btg-baixa-titulos-service","timestamp":"2026-05-19T11:30:43.767Z"}
{"lancamento":1434911882,"level":"info","message":"ℹ️ Título 119325 já estava baixado. Processo ignorado.","service":"btg-baixa-titulos-service","situacao":"BAIXADO","timestamp":"2026-05-19T11:30:43.785Z"}
{"level":"info","message":"🔎 Processando título 119285/A","service":"btg-baixa-titulos-service","timestamp":"2026-05-19T11:30:43.788Z"}
{"level":"info","message":"🌐 Millennium request: GET /MILLENIUM!JOIN_ONEUP.LANCAMENTOS.CONSULTALANCAMENTOS?cnpj=00.768.271%2F0001-91&n_documento=119285%2FA","service":"btg-baixa-titulos-service","timestamp":"2026-05-19T11:30:43.788Z"}
{"lancamento":1434911759,"level":"info","message":"ℹ️ Título 119285/A já estava baixado. Processo ignorado.","service":"btg-baixa-titulos-service","situacao":"BAIXADO","timestamp":"2026-05-19T11:30:43.806Z"}
{"level":"info","message":"🔎 Processando título 119084/B","service":"btg-baixa-titulos-service","timestamp":"2026-05-19T11:30:43.810Z"}
{"level":"info","message":"🌐 Millennium request: GET /MILLENIUM!JOIN_ONEUP.LANCAMENTOS.CONSULTALANCAMENTOS?cnpj=00.768.271%2F0001-91&n_documento=119084%2FB","service":"btg-baixa-titulos-service","timestamp":"2026-05-19T11:30:43.810Z"}
{"lancamento":1434910961,"level":"info","message":"ℹ️ Título 119084/B já estava baixado. Processo ignorado.","service":"btg-baixa-titulos-service","situacao":"BAIXADO","timestamp":"2026-05-19T11:30:43.828Z"}
{"level":"info","message":"🔎 Processando título 119084/A","service":"btg-baixa-titulos-service","timestamp":"2026-05-19T11:30:43.830Z"}
{"level":"info","message":"🌐 Millennium request: GET /MILLENIUM!JOIN_ONEUP.LANCAMENTOS.CONSULTALANCAMENTOS?cnpj=00.768.271%2F0001-91&n_documento=119084%2FA","service":"btg-baixa-titulos-service","timestamp":"2026-05-19T11:30:43.830Z"}
{"lancamento":1434910960,"level":"info","message":"ℹ️ Título 119084/A já estava baixado. Processo ignorado.","service":"btg-baixa-titulos-service","situacao":"BAIXADO","timestamp":"2026-05-19T11:30:43.850Z"}
{"level":"info","message":"🔎 Processando título 119324/A","service":"btg-baixa-titulos-service","timestamp":"2026-05-19T11:30:43.853Z"}
{"level":"info","message":"🌐 Millennium request: GET /MILLENIUM!JOIN_ONEUP.LANCAMENTOS.CONSULTALANCAMENTOS?cnpj=03.294.992%2F0001-03&n_documento=119324%2FA","service":"btg-baixa-titulos-service","timestamp":"2026-05-19T11:30:43.853Z"}
{"lancamento":1434911877,"level":"info","message":"ℹ️ Título 119324/A já estava baixado. Processo ignorado.","service":"btg-baixa-titulos-service","situacao":"BAIXADO","timestamp":"2026-05-19T11:30:43.946Z"}
{"level":"info","message":"🔎 Processando título 119302/B","service":"btg-baixa-titulos-service","timestamp":"2026-05-19T11:30:43.949Z"}
{"level":"info","message":"🌐 Millennium request: GET /MILLENIUM!JOIN_ONEUP.LANCAMENTOS.CONSULTALANCAMENTOS?cnpj=50.649.490%2F0001-20&n_documento=119302%2FB","service":"btg-baixa-titulos-service","timestamp":"2026-05-19T11:30:43.949Z"}
{"lancamento":1434911809,"level":"info","message":"ℹ️ Título 119302/B já estava baixado. Processo ignorado.","service":"btg-baixa-titulos-service","situacao":"BAIXADO","timestamp":"2026-05-19T11:30:43.969Z"}
{"level":"info","message":"🔎 Processando título 119284/B","service":"btg-baixa-titulos-service","timestamp":"2026-05-19T11:30:43.972Z"}
{"level":"info","message":"🌐 Millennium request: GET /MILLENIUM!JOIN_ONEUP.LANCAMENTOS.CONSULTALANCAMENTOS?cnpj=44.999.259%2F0001-63&n_documento=119284%2FB","service":"btg-baixa-titulos-service","timestamp":"2026-05-19T11:30:43.972Z"}
{"lancamento":1434911754,"level":"info","message":"ℹ️ Título 119284/B já estava baixado. Processo ignorado.","service":"btg-baixa-titulos-service","situacao":"BAIXADO","timestamp":"2026-05-19T11:30:43.991Z"}
{"level":"info","message":"🔎 Processando título 119302/A","service":"btg-baixa-titulos-service","timestamp":"2026-05-19T11:30:43.995Z"}
{"level":"info","message":"🌐 Millennium request: GET /MILLENIUM!JOIN_ONEUP.LANCAMENTOS.CONSULTALANCAMENTOS?cnpj=50.649.490%2F0001-20&n_documento=119302%2FA","service":"btg-baixa-titulos-service","timestamp":"2026-05-19T11:30:43.995Z"}
{"lancamento":1434911808,"level":"info","message":"ℹ️ Título 119302/A já estava baixado. Processo ignorado.","service":"btg-baixa-titulos-service","situacao":"BAIXADO","timestamp":"2026-05-19T11:30:44.012Z"}
{"level":"info","message":"🔎 Processando título 119284/A","service":"btg-baixa-titulos-service","timestamp":"2026-05-19T11:30:44.015Z"}
{"level":"info","message":"🌐 Millennium request: GET /MILLENIUM!JOIN_ONEUP.LANCAMENTOS.CONSULTALANCAMENTOS?cnpj=44.999.259%2F0001-63&n_documento=119284%2FA","service":"btg-baixa-titulos-service","timestamp":"2026-05-19T11:30:44.015Z"}
{"lancamento":1434911753,"level":"info","message":"ℹ️ Título 119284/A já estava baixado. Processo ignorado.","service":"btg-baixa-titulos-service","situacao":"BAIXADO","timestamp":"2026-05-19T11:30:44.033Z"}
{"level":"info","message":"🔎 Processando título 119300","service":"btg-baixa-titulos-service","timestamp":"2026-05-19T11:30:44.036Z"}
{"level":"info","message":"🌐 Millennium request: GET /MILLENIUM!JOIN_ONEUP.LANCAMENTOS.CONSULTALANCAMENTOS?cnpj=01.329.811%2F0001-01&n_documento=119300","service":"btg-baixa-titulos-service","timestamp":"2026-05-19T11:30:44.036Z"}
{"lancamento":1434911795,"level":"info","message":"ℹ️ Título 119300 já estava baixado. Processo ignorado.","service":"btg-baixa-titulos-service","situacao":"BAIXADO","timestamp":"2026-05-19T11:30:44.055Z"}
{"level":"info","message":"🔎 Processando título 118933","service":"btg-baixa-titulos-service","timestamp":"2026-05-19T11:30:44.057Z"}
{"level":"info","message":"🌐 Millennium request: GET /MILLENIUM!JOIN_ONEUP.LANCAMENTOS.CONSULTALANCAMENTOS?cnpj=01.009.793%2F0001-72&n_documento=118933","service":"btg-baixa-titulos-service","timestamp":"2026-05-19T11:30:44.057Z"}
{"lancamento":1434910010,"level":"info","message":"ℹ️ Título 118933 já estava baixado. Processo ignorado.","service":"btg-baixa-titulos-service","situacao":"BAIXADO","timestamp":"2026-05-19T11:30:44.075Z"}
{"level":"info","message":"🔎 Processando título 119299/B","service":"btg-baixa-titulos-service","timestamp":"2026-05-19T11:30:44.078Z"}
{"level":"info","message":"🌐 Millennium request: GET /MILLENIUM!JOIN_ONEUP.LANCAMENTOS.CONSULTALANCAMENTOS?cnpj=03.247.651%2F0001-79&n_documento=119299%2FB","service":"btg-baixa-titulos-service","timestamp":"2026-05-19T11:30:44.078Z"}
{"lancamento":1434911791,"level":"info","message":"ℹ️ Título 119299/B já estava baixado. Processo ignorado.","service":"btg-baixa-titulos-service","situacao":"BAIXADO","timestamp":"2026-05-19T11:30:44.095Z"}
{"level":"info","message":"🔎 Processando título 119299/A","service":"btg-baixa-titulos-service","timestamp":"2026-05-19T11:30:44.097Z"}
{"level":"info","message":"🌐 Millennium request: GET /MILLENIUM!JOIN_ONEUP.LANCAMENTOS.CONSULTALANCAMENTOS?cnpj=03.247.651%2F0001-79&n_documento=119299%2FA","service":"btg-baixa-titulos-service","timestamp":"2026-05-19T11:30:44.097Z"}
{"lancamento":1434911790,"level":"info","message":"ℹ️ Título 119299/A já estava baixado. Processo ignorado.","service":"btg-baixa-titulos-service","situacao":"BAIXADO","timestamp":"2026-05-19T11:30:44.113Z"}
{"level":"info","message":"🔎 Processando título 118297/B","service":"btg-baixa-titulos-service","timestamp":"2026-05-19T11:30:44.114Z"}
{"level":"info","message":"🌐 Millennium request: GET /MILLENIUM!JOIN_ONEUP.LANCAMENTOS.CONSULTALANCAMENTOS?cnpj=50.649.490%2F0001-20&n_documento=118297%2FB","service":"btg-baixa-titulos-service","timestamp":"2026-05-19T11:30:44.114Z"}
{"lancamento":1434908878,"level":"info","message":"ℹ️ Título 118297/B já estava baixado. Processo ignorado.","service":"btg-baixa-titulos-service","situacao":"BAIXADO","timestamp":"2026-05-19T11:30:44.132Z"}
{"level":"info","message":"🔎 Processando título 118297/A","service":"btg-baixa-titulos-service","timestamp":"2026-05-19T11:30:44.133Z"}
{"level":"info","message":"🌐 Millennium request: GET /MILLENIUM!JOIN_ONEUP.LANCAMENTOS.CONSULTALANCAMENTOS?cnpj=50.649.490%2F0001-20&n_documento=118297%2FA","service":"btg-baixa-titulos-service","timestamp":"2026-05-19T11:30:44.133Z"}
{"lancamento":1434908877,"level":"info","message":"ℹ️ Título 118297/A já estava baixado. Processo ignorado.","service":"btg-baixa-titulos-service","situacao":"BAIXADO","timestamp":"2026-05-19T11:30:44.156Z"}
{"level":"info","message":"🔎 Processando título 118124/B","service":"btg-baixa-titulos-service","timestamp":"2026-05-19T11:30:44.158Z"}
{"level":"info","message":"🌐 Millennium request: GET /MILLENIUM!JOIN_ONEUP.LANCAMENTOS.CONSULTALANCAMENTOS?cnpj=50.649.490%2F0001-20&n_documento=118124%2FB","service":"btg-baixa-titulos-service","timestamp":"2026-05-19T11:30:44.158Z"}
{"lancamento":1434907890,"level":"info","message":"ℹ️ Título 118124/B já estava baixado. Processo ignorado.","service":"btg-baixa-titulos-service","situacao":"BAIXADO","timestamp":"2026-05-19T11:30:44.176Z"}
{"level":"info","message":"🔎 Processando título 118124/A","service":"btg-baixa-titulos-service","timestamp":"2026-05-19T11:30:44.179Z"}
{"level":"info","message":"🌐 Millennium request: GET /MILLENIUM!JOIN_ONEUP.LANCAMENTOS.CONSULTALANCAMENTOS?cnpj=50.649.490%2F0001-20&n_documento=118124%2FA","service":"btg-baixa-titulos-service","timestamp":"2026-05-19T11:30:44.179Z"}
{"lancamento":1434907889,"level":"info","message":"ℹ️ Título 118124/A já estava baixado. Processo ignorado.","service":"btg-baixa-titulos-service","situacao":"BAIXADO","timestamp":"2026-05-19T11:30:44.195Z"}
{"level":"info","message":"🔎 Processando título 118123/B","service":"btg-baixa-titulos-service","timestamp":"2026-05-19T11:30:44.198Z"}
{"level":"info","message":"🌐 Millennium request: GET /MILLENIUM!JOIN_ONEUP.LANCAMENTOS.CONSULTALANCAMENTOS?cnpj=50.649.490%2F0001-20&n_documento=118123%2FB","service":"btg-baixa-titulos-service","timestamp":"2026-05-19T11:30:44.198Z"}
{"lancamento":1434907887,"level":"info","message":"ℹ️ Título 118123/B já estava baixado. Processo ignorado.","service":"btg-baixa-titulos-service","situacao":"BAIXADO","timestamp":"2026-05-19T11:30:44.215Z"}
{"level":"info","message":"🔎 Processando título 118123/A","service":"btg-baixa-titulos-service","timestamp":"2026-05-19T11:30:44.218Z"}
{"level":"info","message":"🌐 Millennium request: GET /MILLENIUM!JOIN_ONEUP.LANCAMENTOS.CONSULTALANCAMENTOS?cnpj=50.649.490%2F0001-20&n_documento=118123%2FA","service":"btg-baixa-titulos-service","timestamp":"2026-05-19T11:30:44.218Z"}
{"lancamento":1434907886,"level":"info","message":"ℹ️ Título 118123/A já estava baixado. Processo ignorado.","service":"btg-baixa-titulos-service","situacao":"BAIXADO","timestamp":"2026-05-19T11:30:44.235Z"}
{"level":"info","message":"🔎 Processando título 118121/B","service":"btg-baixa-titulos-service","timestamp":"2026-05-19T11:30:44.238Z"}
{"level":"info","message":"🌐 Millennium request: GET /MILLENIUM!JOIN_ONEUP.LANCAMENTOS.CONSULTALANCAMENTOS?cnpj=50.649.490%2F0001-20&n_documento=118121%2FB","service":"btg-baixa-titulos-service","timestamp":"2026-05-19T11:30:44.238Z"}
{"lancamento":1434907884,"level":"info","message":"ℹ️ Título 118121/B já estava baixado. Processo ignorado.","service":"btg-baixa-titulos-service","situacao":"BAIXADO","timestamp":"2026-05-19T11:30:44.256Z"}
{"level":"info","message":"🔎 Processando título 118121/A","service":"btg-baixa-titulos-service","timestamp":"2026-05-19T11:30:44.257Z"}
{"level":"info","message":"🌐 Millennium request: GET /MILLENIUM!JOIN_ONEUP.LANCAMENTOS.CONSULTALANCAMENTOS?cnpj=50.649.490%2F0001-20&n_documento=118121%2FA","service":"btg-baixa-titulos-service","timestamp":"2026-05-19T11:30:44.258Z"}
{"lancamento":1434907883,"level":"info","message":"ℹ️ Título 118121/A já estava baixado. Processo ignorado.","service":"btg-baixa-titulos-service","situacao":"BAIXADO","timestamp":"2026-05-19T11:30:44.276Z"}
{"level":"info","message":"🔎 Processando título 111256/A","service":"btg-baixa-titulos-service","timestamp":"2026-05-19T11:30:44.279Z"}
{"level":"info","message":"🌐 Millennium request: GET /MILLENIUM!JOIN_ONEUP.LANCAMENTOS.CONSULTALANCAMENTOS?cnpj=47.485.403%2F0001-31&n_documento=111256%2FA","service":"btg-baixa-titulos-service","timestamp":"2026-05-19T11:30:44.279Z"}
{"lancamento":1434870085,"level":"info","message":"ℹ️ Título 111256/A já estava baixado. Processo ignorado.","service":"btg-baixa-titulos-service","situacao":"BAIXADO","timestamp":"2026-05-19T11:30:44.297Z"}
{"level":"info","message":"🔎 Processando título 111255/A","service":"btg-baixa-titulos-service","timestamp":"2026-05-19T11:30:44.299Z"}
{"level":"info","message":"🌐 Millennium request: GET /MILLENIUM!JOIN_ONEUP.LANCAMENTOS.CONSULTALANCAMENTOS?cnpj=47.485.403%2F0001-31&n_documento=111255%2FA","service":"btg-baixa-titulos-service","timestamp":"2026-05-19T11:30:44.299Z"}
{"lancamento":1434870081,"level":"info","message":"ℹ️ Título 111255/A já estava baixado. Processo ignorado.","service":"btg-baixa-titulos-service","situacao":"BAIXADO","timestamp":"2026-05-19T11:30:44.313Z"}
{"level":"info","message":"🔎 Processando título 111252/A","service":"btg-baixa-titulos-service","timestamp":"2026-05-19T11:30:44.315Z"}
{"level":"info","message":"🌐 Millennium request: GET /MILLENIUM!JOIN_ONEUP.LANCAMENTOS.CONSULTALANCAMENTOS?cnpj=47.485.403%2F0001-31&n_documento=111252%2FA","service":"btg-baixa-titulos-service","timestamp":"2026-05-19T11:30:44.315Z"}
{"lancamento":1434870063,"level":"info","message":"ℹ️ Título 111252/A já estava baixado. Processo ignorado.","service":"btg-baixa-titulos-service","situacao":"BAIXADO","timestamp":"2026-05-19T11:30:44.329Z"}
{"level":"info","message":"🔎 Processando título 108322/B","service":"btg-baixa-titulos-service","timestamp":"2026-05-19T11:30:44.330Z"}
{"level":"info","message":"🌐 Millennium request: GET /MILLENIUM!JOIN_ONEUP.LANCAMENTOS.CONSULTALANCAMENTOS?cnpj=47.485.403%2F0001-31&n_documento=108322%2FB","service":"btg-baixa-titulos-service","timestamp":"2026-05-19T11:30:44.331Z"}
{"lancamento":1434850336,"level":"info","message":"ℹ️ Título 108322/B já estava baixado. Processo ignorado.","service":"btg-baixa-titulos-service","situacao":"BAIXADO","timestamp":"2026-05-19T11:30:44.348Z"}
{"level":"info","message":"🔎 Processando título 108321/B","service":"btg-baixa-titulos-service","timestamp":"2026-05-19T11:30:44.352Z"}
{"level":"info","message":"🌐 Millennium request: GET /MILLENIUM!JOIN_ONEUP.LANCAMENTOS.CONSULTALANCAMENTOS?cnpj=47.485.403%2F0001-31&n_documento=108321%2FB","service":"btg-baixa-titulos-service","timestamp":"2026-05-19T11:30:44.352Z"}
{"lancamento":1434850332,"level":"info","message":"ℹ️ Título 108321/B já estava baixado. Processo ignorado.","service":"btg-baixa-titulos-service","situacao":"BAIXADO","timestamp":"2026-05-19T11:30:44.369Z"}
{"level":"info","message":"🔎 Processando título 106115/C","service":"btg-baixa-titulos-service","timestamp":"2026-05-19T11:30:44.373Z"}
{"level":"info","message":"🌐 Millennium request: GET /MILLENIUM!JOIN_ONEUP.LANCAMENTOS.CONSULTALANCAMENTOS?cnpj=47.485.403%2F0001-31&n_documento=106115%2FC","service":"btg-baixa-titulos-service","timestamp":"2026-05-19T11:30:44.373Z"}
{"lancamento":1434801387,"level":"info","message":"ℹ️ Título 106115/C já estava baixado. Processo ignorado.","service":"btg-baixa-titulos-service","situacao":"BAIXADO","timestamp":"2026-05-19T11:30:44.473Z"}
{"level":"info","message":"🔎 Processando título 106103/C","service":"btg-baixa-titulos-service","timestamp":"2026-05-19T11:30:44.480Z"}
{"level":"info","message":"🌐 Millennium request: GET /MILLENIUM!JOIN_ONEUP.LANCAMENTOS.CONSULTALANCAMENTOS?cnpj=47.485.403%2F0001-31&n_documento=106103%2FC","service":"btg-baixa-titulos-service","timestamp":"2026-05-19T11:30:44.480Z"}
{"lancamento":1434801344,"level":"info","message":"ℹ️ Título 106103/C já estava baixado. Processo ignorado.","service":"btg-baixa-titulos-service","situacao":"BAIXADO","timestamp":"2026-05-19T11:30:44.496Z"}
{"level":"info","message":"🔎 Processando título 106103/B","service":"btg-baixa-titulos-service","timestamp":"2026-05-19T11:30:44.500Z"}
{"level":"info","message":"🌐 Millennium request: GET /MILLENIUM!JOIN_ONEUP.LANCAMENTOS.CONSULTALANCAMENTOS?cnpj=47.485.403%2F0001-31&n_documento=106103%2FB","service":"btg-baixa-titulos-service","timestamp":"2026-05-19T11:30:44.501Z"}
{"lancamento":1434801343,"level":"info","message":"ℹ️ Título 106103/B já estava baixado. Processo ignorado.","service":"btg-baixa-titulos-service","situacao":"BAIXADO","timestamp":"2026-05-19T11:30:44.518Z"}
{"level":"info","message":"🔎 Processando título FRE 116058","service":"btg-baixa-titulos-service","timestamp":"2026-05-19T11:30:44.521Z"}
{"level":"info","message":"🌐 Millennium request: GET /MILLENIUM!JOIN_ONEUP.LANCAMENTOS.CONSULTALANCAMENTOS?cnpj=02.355.679%2F0001-67&n_documento=FRE%20116058","service":"btg-baixa-titulos-service","timestamp":"2026-05-19T11:30:44.522Z"}
{"lancamento":1434907972,"level":"info","message":"ℹ️ Título FRE 116058 já estava baixado. Processo ignorado.","service":"btg-baixa-titulos-service","situacao":"BAIXADO","timestamp":"2026-05-19T11:30:44.539Z"}
{"level":"info","message":"🔎 Processando título CORRE 116072","service":"btg-baixa-titulos-service","timestamp":"2026-05-19T11:30:44.542Z"}
{"level":"info","message":"🌐 Millennium request: GET /MILLENIUM!JOIN_ONEUP.LANCAMENTOS.CONSULTALANCAMENTOS?cnpj=21.067.137%2F0001-33&n_documento=CORRE%20116072","service":"btg-baixa-titulos-service","timestamp":"2026-05-19T11:30:44.543Z"}
{"lancamento":1434908069,"level":"info","message":"ℹ️ Título CORRE 116072 já estava baixado. Processo ignorado.","service":"btg-baixa-titulos-service","situacao":"BAIXADO","timestamp":"2026-05-19T11:30:44.559Z"}
{"level":"info","message":"🔎 Processando título CORRE 114564","service":"btg-baixa-titulos-service","timestamp":"2026-05-19T11:30:44.562Z"}
{"level":"info","message":"🌐 Millennium request: GET /MILLENIUM!JOIN_ONEUP.LANCAMENTOS.CONSULTALANCAMENTOS?cnpj=21.067.137%2F0001-33&n_documento=CORRE%20114564","service":"btg-baixa-titulos-service","timestamp":"2026-05-19T11:30:44.562Z"}
{"lancamento":1434908052,"level":"info","message":"ℹ️ Título CORRE 114564 já estava baixado. Processo ignorado.","service":"btg-baixa-titulos-service","situacao":"BAIXADO","timestamp":"2026-05-19T11:30:44.580Z"}
{"level":"info","message":"🔎 Processando título FRE 116069","service":"btg-baixa-titulos-service","timestamp":"2026-05-19T11:30:44.583Z"}
{"level":"info","message":"🌐 Millennium request: GET /MILLENIUM!JOIN_ONEUP.LANCAMENTOS.CONSULTALANCAMENTOS?cnpj=03.294.992%2F0001-03&n_documento=FRE%20116069","service":"btg-baixa-titulos-service","timestamp":"2026-05-19T11:30:44.583Z"}
{"lancamento":1434907958,"level":"info","message":"ℹ️ Título FRE 116069 já estava baixado. Processo ignorado.","service":"btg-baixa-titulos-service","situacao":"BAIXADO","timestamp":"2026-05-19T11:30:44.598Z"}
{"level":"info","message":"🔎 Processando título CORRE 116729","service":"btg-baixa-titulos-service","timestamp":"2026-05-19T11:30:44.599Z"}
{"level":"info","message":"🌐 Millennium request: GET /MILLENIUM!JOIN_ONEUP.LANCAMENTOS.CONSULTALANCAMENTOS?cnpj=03.294.992%2F0001-03&n_documento=CORRE%20116729","service":"btg-baixa-titulos-service","timestamp":"2026-05-19T11:30:44.599Z"}
{"lancamento":1434908075,"level":"info","message":"ℹ️ Título CORRE 116729 já estava baixado. Processo ignorado.","service":"btg-baixa-titulos-service","situacao":"BAIXADO","timestamp":"2026-05-19T11:30:44.617Z"}
{"level":"info","message":"🔎 Processando título CORRE 116864","service":"btg-baixa-titulos-service","timestamp":"2026-05-19T11:30:44.619Z"}
{"level":"info","message":"🌐 Millennium request: GET /MILLENIUM!JOIN_ONEUP.LANCAMENTOS.CONSULTALANCAMENTOS?cnpj=57.408.548%2F0001-92&n_documento=CORRE%20116864","service":"btg-baixa-titulos-service","timestamp":"2026-05-19T11:30:44.619Z"}
{"lancamento":1434908088,"level":"info","message":"ℹ️ Título CORRE 116864 já estava baixado. Processo ignorado.","service":"btg-baixa-titulos-service","situacao":"BAIXADO","timestamp":"2026-05-19T11:30:44.635Z"}
{"level":"info","message":"🔎 Processando título 117490/C","service":"btg-baixa-titulos-service","timestamp":"2026-05-19T11:30:44.638Z"}
{"level":"info","message":"🌐 Millennium request: GET /MILLENIUM!JOIN_ONEUP.LANCAMENTOS.CONSULTALANCAMENTOS?cnpj=01.934.454%2F0001-00&n_documento=117490%2FC","service":"btg-baixa-titulos-service","timestamp":"2026-05-19T11:30:44.638Z"}
{"lancamento":1434904411,"level":"info","message":"ℹ️ Título 117490/C já estava baixado. Processo ignorado.","service":"btg-baixa-titulos-service","situacao":"BAIXADO","timestamp":"2026-05-19T11:30:44.655Z"}
{"level":"info","message":"🔎 Processando título 117183/C","service":"btg-baixa-titulos-service","timestamp":"2026-05-19T11:30:44.658Z"}
{"level":"info","message":"🌐 Millennium request: GET /MILLENIUM!JOIN_ONEUP.LANCAMENTOS.CONSULTALANCAMENTOS?cnpj=31.505.989%2F0001-19&n_documento=117183%2FC","service":"btg-baixa-titulos-service","timestamp":"2026-05-19T11:30:44.659Z"}
{"lancamento":1434902698,"level":"info","message":"ℹ️ Título 117183/C já estava baixado. Processo ignorado.","service":"btg-baixa-titulos-service","situacao":"BAIXADO","timestamp":"2026-05-19T11:30:44.676Z"}
{"level":"info","message":"🔎 Processando título 118027/B","service":"btg-baixa-titulos-service","timestamp":"2026-05-19T11:30:44.679Z"}
{"level":"info","message":"🌐 Millennium request: GET /MILLENIUM!JOIN_ONEUP.LANCAMENTOS.CONSULTALANCAMENTOS?cnpj=59.205.187%2F0001-02&n_documento=118027%2FB","service":"btg-baixa-titulos-service","timestamp":"2026-05-19T11:30:44.679Z"}
{"lancamento":1434907474,"level":"info","message":"ℹ️ Título 118027/B já estava baixado. Processo ignorado.","service":"btg-baixa-titulos-service","situacao":"BAIXADO","timestamp":"2026-05-19T11:30:44.698Z"}
{"level":"info","message":"🔎 Processando título 118018/B","service":"btg-baixa-titulos-service","timestamp":"2026-05-19T11:30:44.700Z"}
{"level":"info","message":"🌐 Millennium request: GET /MILLENIUM!JOIN_ONEUP.LANCAMENTOS.CONSULTALANCAMENTOS?cnpj=01.934.454%2F0001-00&n_documento=118018%2FB","service":"btg-baixa-titulos-service","timestamp":"2026-05-19T11:30:44.701Z"}
{"lancamento":1434907449,"level":"info","message":"ℹ️ Título 118018/B já estava baixado. Processo ignorado.","service":"btg-baixa-titulos-service","situacao":"BAIXADO","timestamp":"2026-05-19T11:30:44.716Z"}
{"level":"info","message":"🔎 Processando título 117917/B","service":"btg-baixa-titulos-service","timestamp":"2026-05-19T11:30:44.719Z"}
{"level":"info","message":"🌐 Millennium request: GET /MILLENIUM!JOIN_ONEUP.LANCAMENTOS.CONSULTALANCAMENTOS?cnpj=06.181.589%2F0001-58&n_documento=117917%2FB","service":"btg-baixa-titulos-service","timestamp":"2026-05-19T11:30:44.719Z"}
{"lancamento":1434907099,"level":"info","message":"ℹ️ Título 117917/B já estava baixado. Processo ignorado.","service":"btg-baixa-titulos-service","situacao":"BAIXADO","timestamp":"2026-05-19T11:30:44.734Z"}
{"level":"info","message":"🔎 Processando título 117916/B","service":"btg-baixa-titulos-service","timestamp":"2026-05-19T11:30:44.737Z"}
{"level":"info","message":"🌐 Millennium request: GET /MILLENIUM!JOIN_ONEUP.LANCAMENTOS.CONSULTALANCAMENTOS?cnpj=03.247.651%2F0001-79&n_documento=117916%2FB","service":"btg-baixa-titulos-service","timestamp":"2026-05-19T11:30:44.737Z"}
{"lancamento":1434907094,"level":"info","message":"ℹ️ Título 117916/B já estava baixado. Processo ignorado.","service":"btg-baixa-titulos-service","situacao":"BAIXADO","timestamp":"2026-05-19T11:30:44.753Z"}
{"level":"info","message":"🔎 Processando título 118027/A","service":"btg-baixa-titulos-service","timestamp":"2026-05-19T11:30:44.756Z"}
{"level":"info","message":"🌐 Millennium request: GET /MILLENIUM!JOIN_ONEUP.LANCAMENTOS.CONSULTALANCAMENTOS?cnpj=59.205.187%2F0001-02&n_documento=118027%2FA","service":"btg-baixa-titulos-service","timestamp":"2026-05-19T11:30:44.756Z"}
{"lancamento":1434907473,"level":"info","message":"ℹ️ Título 118027/A já estava baixado. Processo ignorado.","service":"btg-baixa-titulos-service","situacao":"BAIXADO","timestamp":"2026-05-19T11:30:44.772Z"}
{"level":"info","message":"🔎 Processando título 117814/B","service":"btg-baixa-titulos-service","timestamp":"2026-05-19T11:30:44.775Z"}
{"level":"info","message":"🌐 Millennium request: GET /MILLENIUM!JOIN_ONEUP.LANCAMENTOS.CONSULTALANCAMENTOS?cnpj=03.247.651%2F0001-79&n_documento=117814%2FB","service":"btg-baixa-titulos-service","timestamp":"2026-05-19T11:30:44.775Z"}
{"lancamento":1434906777,"level":"info","message":"ℹ️ Título 117814/B já estava baixado. Processo ignorado.","service":"btg-baixa-titulos-service","situacao":"BAIXADO","timestamp":"2026-05-19T11:30:44.793Z"}
{"level":"info","message":"🔎 Processando título 117916/A","service":"btg-baixa-titulos-service","timestamp":"2026-05-19T11:30:44.796Z"}
{"level":"info","message":"🌐 Millennium request: GET /MILLENIUM!JOIN_ONEUP.LANCAMENTOS.CONSULTALANCAMENTOS?cnpj=03.247.651%2F0001-79&n_documento=117916%2FA","service":"btg-baixa-titulos-service","timestamp":"2026-05-19T11:30:44.796Z"}
{"lancamento":1434907093,"level":"info","message":"ℹ️ Título 117916/A já estava baixado. Processo ignorado.","service":"btg-baixa-titulos-service","situacao":"BAIXADO","timestamp":"2026-05-19T11:30:44.812Z"}
{"level":"info","message":"🔎 Processando título 117814/A","service":"btg-baixa-titulos-service","timestamp":"2026-05-19T11:30:44.816Z"}
{"level":"info","message":"🌐 Millennium request: GET /MILLENIUM!JOIN_ONEUP.LANCAMENTOS.CONSULTALANCAMENTOS?cnpj=03.247.651%2F0001-79&n_documento=117814%2FA","service":"btg-baixa-titulos-service","timestamp":"2026-05-19T11:30:44.816Z"}
{"lancamento":1434906776,"level":"info","message":"ℹ️ Título 117814/A já estava baixado. Processo ignorado.","service":"btg-baixa-titulos-service","situacao":"BAIXADO","timestamp":"2026-05-19T11:30:44.832Z"}
{"level":"info","message":"🔎 Processando título 117812/B","service":"btg-baixa-titulos-service","timestamp":"2026-05-19T11:30:44.835Z"}
{"level":"info","message":"🌐 Millennium request: GET /MILLENIUM!JOIN_ONEUP.LANCAMENTOS.CONSULTALANCAMENTOS?cnpj=06.181.589%2F0001-58&n_documento=117812%2FB","service":"btg-baixa-titulos-service","timestamp":"2026-05-19T11:30:44.835Z"}
{"lancamento":1434906762,"level":"info","message":"ℹ️ Título 117812/B já estava baixado. Processo ignorado.","service":"btg-baixa-titulos-service","situacao":"BAIXADO","timestamp":"2026-05-19T11:30:44.848Z"}
{"level":"info","message":"🔎 Processando título 117917/A","service":"btg-baixa-titulos-service","timestamp":"2026-05-19T11:30:44.851Z"}
{"level":"info","message":"🌐 Millennium request: GET /MILLENIUM!JOIN_ONEUP.LANCAMENTOS.CONSULTALANCAMENTOS?cnpj=06.181.589%2F0001-58&n_documento=117917%2FA","service":"btg-baixa-titulos-service","timestamp":"2026-05-19T11:30:44.851Z"}
{"lancamento":1434907098,"level":"info","message":"ℹ️ Título 117917/A já estava baixado. Processo ignorado.","service":"btg-baixa-titulos-service","situacao":"BAIXADO","timestamp":"2026-05-19T11:30:44.867Z"}
{"level":"info","message":"🔎 Processando título 117812/A","service":"btg-baixa-titulos-service","timestamp":"2026-05-19T11:30:44.870Z"}
{"level":"info","message":"🌐 Millennium request: GET /MILLENIUM!JOIN_ONEUP.LANCAMENTOS.CONSULTALANCAMENTOS?cnpj=06.181.589%2F0001-58&n_documento=117812%2FA","service":"btg-baixa-titulos-service","timestamp":"2026-05-19T11:30:44.870Z"}
{"lancamento":1434906761,"level":"info","message":"ℹ️ Título 117812/A já estava baixado. Processo ignorado.","service":"btg-baixa-titulos-service","situacao":"BAIXADO","timestamp":"2026-05-19T11:30:44.889Z"}
{"level":"info","message":"🔎 Processando título 117490/B","service":"btg-baixa-titulos-service","timestamp":"2026-05-19T11:30:44.895Z"}
{"level":"info","message":"🌐 Millennium request: GET /MILLENIUM!JOIN_ONEUP.LANCAMENTOS.CONSULTALANCAMENTOS?cnpj=01.934.454%2F0001-00&n_documento=117490%2FB","service":"btg-baixa-titulos-service","timestamp":"2026-05-19T11:30:44.895Z"}
{"lancamento":1434904410,"level":"info","message":"ℹ️ Título 117490/B já estava baixado. Processo ignorado.","service":"btg-baixa-titulos-service","situacao":"BAIXADO","timestamp":"2026-05-19T11:30:44.994Z"}
{"level":"info","message":"🔎 Processando título 118018/A","service":"btg-baixa-titulos-service","timestamp":"2026-05-19T11:30:44.996Z"}
{"level":"info","message":"🌐 Millennium request: GET /MILLENIUM!JOIN_ONEUP.LANCAMENTOS.CONSULTALANCAMENTOS?cnpj=01.934.454%2F0001-00&n_documento=118018%2FA","service":"btg-baixa-titulos-service","timestamp":"2026-05-19T11:30:44.996Z"}
{"lancamento":1434907448,"level":"info","message":"ℹ️ Título 118018/A já estava baixado. Processo ignorado.","service":"btg-baixa-titulos-service","situacao":"BAIXADO","timestamp":"2026-05-19T11:30:45.011Z"}
{"level":"info","message":"🔎 Processando título 117490/A","service":"btg-baixa-titulos-service","timestamp":"2026-05-19T11:30:45.013Z"}
{"level":"info","message":"🌐 Millennium request: GET /MILLENIUM!JOIN_ONEUP.LANCAMENTOS.CONSULTALANCAMENTOS?cnpj=01.934.454%2F0001-00&n_documento=117490%2FA","service":"btg-baixa-titulos-service","timestamp":"2026-05-19T11:30:45.013Z"}
{"lancamento":1434904409,"level":"info","message":"ℹ️ Título 117490/A já estava baixado. Processo ignorado.","service":"btg-baixa-titulos-service","situacao":"BAIXADO","timestamp":"2026-05-19T11:30:45.028Z"}
{"level":"info","message":"🔎 Processando título 117183/B","service":"btg-baixa-titulos-service","timestamp":"2026-05-19T11:30:45.030Z"}
{"level":"info","message":"🌐 Millennium request: GET /MILLENIUM!JOIN_ONEUP.LANCAMENTOS.CONSULTALANCAMENTOS?cnpj=31.505.989%2F0001-19&n_documento=117183%2FB","service":"btg-baixa-titulos-service","timestamp":"2026-05-19T11:30:45.030Z"}
{"lancamento":1434902697,"level":"info","message":"ℹ️ Título 117183/B já estava baixado. Processo ignorado.","service":"btg-baixa-titulos-service","situacao":"BAIXADO","timestamp":"2026-05-19T11:30:45.045Z"}
{"level":"info","message":"🔎 Processando título 117183/A","service":"btg-baixa-titulos-service","timestamp":"2026-05-19T11:30:45.046Z"}
{"level":"info","message":"🌐 Millennium request: GET /MILLENIUM!JOIN_ONEUP.LANCAMENTOS.CONSULTALANCAMENTOS?cnpj=31.505.989%2F0001-19&n_documento=117183%2FA","service":"btg-baixa-titulos-service","timestamp":"2026-05-19T11:30:45.046Z"}
{"lancamento":1434902696,"level":"info","message":"ℹ️ Título 117183/A já estava baixado. Processo ignorado.","service":"btg-baixa-titulos-service","situacao":"BAIXADO","timestamp":"2026-05-19T11:30:45.060Z"}
{"level":"info","message":"🔎 Processando título 117241/C","service":"btg-baixa-titulos-service","timestamp":"2026-05-19T11:30:45.062Z"}
{"level":"info","message":"🌐 Millennium request: GET /MILLENIUM!JOIN_ONEUP.LANCAMENTOS.CONSULTALANCAMENTOS?cnpj=03.294.992%2F0001-03&n_documento=117241%2FC","service":"btg-baixa-titulos-service","timestamp":"2026-05-19T11:30:45.062Z"}
{"lancamento":1434902860,"level":"info","message":"ℹ️ Título 117241/C já estava baixado. Processo ignorado.","service":"btg-baixa-titulos-service","situacao":"BAIXADO","timestamp":"2026-05-19T11:30:45.077Z"}
{"level":"info","message":"🔎 Processando título 118044/B","service":"btg-baixa-titulos-service","timestamp":"2026-05-19T11:30:45.079Z"}
{"level":"info","message":"🌐 Millennium request: GET /MILLENIUM!JOIN_ONEUP.LANCAMENTOS.CONSULTALANCAMENTOS?cnpj=03.294.992%2F0001-03&n_documento=118044%2FB","service":"btg-baixa-titulos-service","timestamp":"2026-05-19T11:30:45.079Z"}
{"lancamento":1434907500,"level":"info","message":"ℹ️ Título 118044/B já estava baixado. Processo ignorado.","service":"btg-baixa-titulos-service","situacao":"BAIXADO","timestamp":"2026-05-19T11:30:45.099Z"}
{"level":"info","message":"🔎 Processando título 118023/B","service":"btg-baixa-titulos-service","timestamp":"2026-05-19T11:30:45.101Z"}
{"level":"info","message":"🌐 Millennium request: GET /MILLENIUM!JOIN_ONEUP.LANCAMENTOS.CONSULTALANCAMENTOS?cnpj=50.649.490%2F0001-20&n_documento=118023%2FB","service":"btg-baixa-titulos-service","timestamp":"2026-05-19T11:30:45.101Z"}
{"lancamento":1434907457,"level":"info","message":"ℹ️ Título 118023/B já estava baixado. Processo ignorado.","service":"btg-baixa-titulos-service","situacao":"BAIXADO","timestamp":"2026-05-19T11:30:45.117Z"}
{"level":"info","message":"🔎 Processando título 117915/B","service":"btg-baixa-titulos-service","timestamp":"2026-05-19T11:30:45.121Z"}
{"level":"info","message":"🌐 Millennium request: GET /MILLENIUM!JOIN_ONEUP.LANCAMENTOS.CONSULTALANCAMENTOS?cnpj=03.294.992%2F0001-03&n_documento=117915%2FB","service":"btg-baixa-titulos-service","timestamp":"2026-05-19T11:30:45.121Z"}
{"lancamento":1434907089,"level":"info","message":"ℹ️ Título 117915/B já estava baixado. Processo ignorado.","service":"btg-baixa-titulos-service","situacao":"BAIXADO","timestamp":"2026-05-19T11:30:45.136Z"}
{"level":"info","message":"🔎 Processando título 117914/B","service":"btg-baixa-titulos-service","timestamp":"2026-05-19T11:30:45.139Z"}
{"level":"info","message":"🌐 Millennium request: GET /MILLENIUM!JOIN_ONEUP.LANCAMENTOS.CONSULTALANCAMENTOS?cnpj=44.999.259%2F0001-63&n_documento=117914%2FB","service":"btg-baixa-titulos-service","timestamp":"2026-05-19T11:30:45.139Z"}
{"lancamento":1434907084,"level":"info","message":"ℹ️ Título 117914/B já estava baixado. Processo ignorado.","service":"btg-baixa-titulos-service","situacao":"BAIXADO","timestamp":"2026-05-19T11:30:45.155Z"}
{"level":"info","message":"🔎 Processando título 117911/A","service":"btg-baixa-titulos-service","timestamp":"2026-05-19T11:30:45.157Z"}
{"level":"info","message":"🌐 Millennium request: GET /MILLENIUM!JOIN_ONEUP.LANCAMENTOS.CONSULTALANCAMENTOS?cnpj=57.408.548%2F0001-92&n_documento=117911%2FA","service":"btg-baixa-titulos-service","timestamp":"2026-05-19T11:30:45.157Z"}
{"lancamento":1434907071,"level":"info","message":"ℹ️ Título 117911/A já estava baixado. Processo ignorado.","service":"btg-baixa-titulos-service","situacao":"BAIXADO","timestamp":"2026-05-19T11:30:45.174Z"}
{"level":"info","message":"🔎 Processando título 117766/A","service":"btg-baixa-titulos-service","timestamp":"2026-05-19T11:30:45.177Z"}
{"level":"info","message":"🌐 Millennium request: GET /MILLENIUM!JOIN_ONEUP.LANCAMENTOS.CONSULTALANCAMENTOS?cnpj=57.408.548%2F0001-92&n_documento=117766%2FA","service":"btg-baixa-titulos-service","timestamp":"2026-05-19T11:30:45.177Z"}
{"lancamento":1434906313,"level":"info","message":"ℹ️ Título 117766/A já estava baixado. Processo ignorado.","service":"btg-baixa-titulos-service","situacao":"BAIXADO","timestamp":"2026-05-19T11:30:45.194Z"}
{"level":"info","message":"🔎 Processando título 117893/B","service":"btg-baixa-titulos-service","timestamp":"2026-05-19T11:30:45.197Z"}
{"level":"info","message":"🌐 Millennium request: GET /MILLENIUM!JOIN_ONEUP.LANCAMENTOS.CONSULTALANCAMENTOS?cnpj=44.999.259%2F0001-63&n_documento=117893%2FB","service":"btg-baixa-titulos-service","timestamp":"2026-05-19T11:30:45.197Z"}
{"lancamento":1434906877,"level":"info","message":"ℹ️ Título 117893/B já estava baixado. Processo ignorado.","service":"btg-baixa-titulos-service","situacao":"BAIXADO","timestamp":"2026-05-19T11:30:45.218Z"}
{"level":"info","message":"🔎 Processando título 117914/A","service":"btg-baixa-titulos-service","timestamp":"2026-05-19T11:30:45.221Z"}
{"level":"info","message":"🌐 Millennium request: GET /MILLENIUM!JOIN_ONEUP.LANCAMENTOS.CONSULTALANCAMENTOS?cnpj=44.999.259%2F0001-63&n_documento=117914%2FA","service":"btg-baixa-titulos-service","timestamp":"2026-05-19T11:30:45.221Z"}
{"lancamento":1434907083,"level":"info","message":"ℹ️ Título 117914/A já estava baixado. Processo ignorado.","service":"btg-baixa-titulos-service","situacao":"BAIXADO","timestamp":"2026-05-19T11:30:45.238Z"}
{"level":"info","message":"🔎 Processando título 117893/A","service":"btg-baixa-titulos-service","timestamp":"2026-05-19T11:30:45.240Z"}
{"level":"info","message":"🌐 Millennium request: GET /MILLENIUM!JOIN_ONEUP.LANCAMENTOS.CONSULTALANCAMENTOS?cnpj=44.999.259%2F0001-63&n_documento=117893%2FA","service":"btg-baixa-titulos-service","timestamp":"2026-05-19T11:30:45.241Z"}
{"lancamento":1434906876,"level":"info","message":"ℹ️ Título 117893/A já estava baixado. Processo ignorado.","service":"btg-baixa-titulos-service","situacao":"BAIXADO","timestamp":"2026-05-19T11:30:45.254Z"}
{"level":"info","message":"🔎 Processando título 117845/B","service":"btg-baixa-titulos-service","timestamp":"2026-05-19T11:30:45.257Z"}
{"level":"info","message":"🌐 Millennium request: GET /MILLENIUM!JOIN_ONEUP.LANCAMENTOS.CONSULTALANCAMENTOS?cnpj=03.294.992%2F0001-03&n_documento=117845%2FB","service":"btg-baixa-titulos-service","timestamp":"2026-05-19T11:30:45.257Z"}
{"lancamento":1434906819,"level":"info","message":"ℹ️ Título 117845/B já estava baixado. Processo ignorado.","service":"btg-baixa-titulos-service","situacao":"BAIXADO","timestamp":"2026-05-19T11:30:45.273Z"}
{"level":"info","message":"🔎 Processando título 117241/B","service":"btg-baixa-titulos-service","timestamp":"2026-05-19T11:30:45.276Z"}
{"level":"info","message":"🌐 Millennium request: GET /MILLENIUM!JOIN_ONEUP.LANCAMENTOS.CONSULTALANCAMENTOS?cnpj=03.294.992%2F0001-03&n_documento=117241%2FB","service":"btg-baixa-titulos-service","timestamp":"2026-05-19T11:30:45.276Z"}
{"lancamento":1434902859,"level":"info","message":"ℹ️ Título 117241/B já estava baixado. Processo ignorado.","service":"btg-baixa-titulos-service","situacao":"BAIXADO","timestamp":"2026-05-19T11:30:45.294Z"}
{"level":"info","message":"🔎 Processando título 118044/A","service":"btg-baixa-titulos-service","timestamp":"2026-05-19T11:30:45.296Z"}
{"level":"info","message":"🌐 Millennium request: GET /MILLENIUM!JOIN_ONEUP.LANCAMENTOS.CONSULTALANCAMENTOS?cnpj=03.294.992%2F0001-03&n_documento=118044%2FA","service":"btg-baixa-titulos-service","timestamp":"2026-05-19T11:30:45.296Z"}
{"lancamento":1434907499,"level":"info","message":"ℹ️ Título 118044/A já estava baixado. Processo ignorado.","service":"btg-baixa-titulos-service","situacao":"BAIXADO","timestamp":"2026-05-19T11:30:45.308Z"}
{"level":"info","message":"🔎 Processando título 117915/A","service":"btg-baixa-titulos-service","timestamp":"2026-05-19T11:30:45.311Z"}
{"level":"info","message":"🌐 Millennium request: GET /MILLENIUM!JOIN_ONEUP.LANCAMENTOS.CONSULTALANCAMENTOS?cnpj=03.294.992%2F0001-03&n_documento=117915%2FA","service":"btg-baixa-titulos-service","timestamp":"2026-05-19T11:30:45.311Z"}
{"lancamento":1434907088,"level":"info","message":"ℹ️ Título 117915/A já estava baixado. Processo ignorado.","service":"btg-baixa-titulos-service","situacao":"BAIXADO","timestamp":"2026-05-19T11:30:45.326Z"}
{"level":"info","message":"🔎 Processando título 117845/A","service":"btg-baixa-titulos-service","timestamp":"2026-05-19T11:30:45.329Z"}
{"level":"info","message":"🌐 Millennium request: GET /MILLENIUM!JOIN_ONEUP.LANCAMENTOS.CONSULTALANCAMENTOS?cnpj=03.294.992%2F0001-03&n_documento=117845%2FA","service":"btg-baixa-titulos-service","timestamp":"2026-05-19T11:30:45.329Z"}
{"lancamento":1434906818,"level":"info","message":"ℹ️ Título 117845/A já estava baixado. Processo ignorado.","service":"btg-baixa-titulos-service","situacao":"BAIXADO","timestamp":"2026-05-19T11:30:45.344Z"}
{"level":"info","message":"🔎 Processando título 117241/A","service":"btg-baixa-titulos-service","timestamp":"2026-05-19T11:30:45.348Z"}
{"level":"info","message":"🌐 Millennium request: GET /MILLENIUM!JOIN_ONEUP.LANCAMENTOS.CONSULTALANCAMENTOS?cnpj=03.294.992%2F0001-03&n_documento=117241%2FA","service":"btg-baixa-titulos-service","timestamp":"2026-05-19T11:30:45.348Z"}
{"lancamento":1434902858,"level":"info","message":"ℹ️ Título 117241/A já estava baixado. Processo ignorado.","service":"btg-baixa-titulos-service","situacao":"BAIXADO","timestamp":"2026-05-19T11:30:45.364Z"}
{"level":"info","message":"🔎 Processando título 118023/A","service":"btg-baixa-titulos-service","timestamp":"2026-05-19T11:30:45.368Z"}
{"level":"info","message":"🌐 Millennium request: GET /MILLENIUM!JOIN_ONEUP.LANCAMENTOS.CONSULTALANCAMENTOS?cnpj=50.649.490%2F0001-20&n_documento=118023%2FA","service":"btg-baixa-titulos-service","timestamp":"2026-05-19T11:30:45.368Z"}
{"lancamento":1434907456,"level":"info","message":"ℹ️ Título 118023/A já estava baixado. Processo ignorado.","service":"btg-baixa-titulos-service","situacao":"BAIXADO","timestamp":"2026-05-19T11:30:45.383Z"}
{"level":"info","message":"🔎 Processando título 117909/B","service":"btg-baixa-titulos-service","timestamp":"2026-05-19T11:30:45.385Z"}
{"level":"info","message":"🌐 Millennium request: GET /MILLENIUM!JOIN_ONEUP.LANCAMENTOS.CONSULTALANCAMENTOS?cnpj=73.652.158%2F0001-10&n_documento=117909%2FB","service":"btg-baixa-titulos-service","timestamp":"2026-05-19T11:30:45.385Z"}
{"lancamento":1434907062,"level":"info","message":"ℹ️ Título 117909/B já estava baixado. Processo ignorado.","service":"btg-baixa-titulos-service","situacao":"BAIXADO","timestamp":"2026-05-19T11:30:45.408Z"}
{"level":"info","message":"🔎 Processando título 117763/B","service":"btg-baixa-titulos-service","timestamp":"2026-05-19T11:30:45.412Z"}
{"level":"info","message":"🌐 Millennium request: GET /MILLENIUM!JOIN_ONEUP.LANCAMENTOS.CONSULTALANCAMENTOS?cnpj=73.652.158%2F0001-10&n_documento=117763%2FB","service":"btg-baixa-titulos-service","timestamp":"2026-05-19T11:30:45.412Z"}
{"lancamento":1434906204,"level":"info","message":"ℹ️ Título 117763/B já estava baixado. Processo ignorado.","service":"btg-baixa-titulos-service","situacao":"BAIXADO","timestamp":"2026-05-19T11:30:45.429Z"}
{"level":"info","message":"🔎 Processando título 117909/A","service":"btg-baixa-titulos-service","timestamp":"2026-05-19T11:30:45.432Z"}
{"level":"info","message":"🌐 Millennium request: GET /MILLENIUM!JOIN_ONEUP.LANCAMENTOS.CONSULTALANCAMENTOS?cnpj=73.652.158%2F0001-10&n_documento=117909%2FA","service":"btg-baixa-titulos-service","timestamp":"2026-05-19T11:30:45.432Z"}
{"lancamento":1434907061,"level":"info","message":"ℹ️ Título 117909/A já estava baixado. Processo ignorado.","service":"btg-baixa-titulos-service","situacao":"BAIXADO","timestamp":"2026-05-19T11:30:45.533Z"}
{"level":"info","message":"🔎 Processando título 117763/A","service":"btg-baixa-titulos-service","timestamp":"2026-05-19T11:30:45.541Z"}
{"level":"info","message":"🌐 Millennium request: GET /MILLENIUM!JOIN_ONEUP.LANCAMENTOS.CONSULTALANCAMENTOS?cnpj=73.652.158%2F0001-10&n_documento=117763%2FA","service":"btg-baixa-titulos-service","timestamp":"2026-05-19T11:30:45.542Z"}
{"lancamento":1434906203,"level":"info","message":"ℹ️ Título 117763/A já estava baixado. Processo ignorado.","service":"btg-baixa-titulos-service","situacao":"BAIXADO","timestamp":"2026-05-19T11:30:45.557Z"}
{"level":"info","message":"🔎 Processando título 117913","service":"btg-baixa-titulos-service","timestamp":"2026-05-19T11:30:45.562Z"}
{"level":"info","message":"🌐 Millennium request: GET /MILLENIUM!JOIN_ONEUP.LANCAMENTOS.CONSULTALANCAMENTOS?cnpj=77.857.555%2F0009-36&n_documento=117913","service":"btg-baixa-titulos-service","timestamp":"2026-05-19T11:30:45.562Z"}
{"lancamento":1434907081,"level":"info","message":"ℹ️ Título 117913 já estava baixado. Processo ignorado.","service":"btg-baixa-titulos-service","situacao":"BAIXADO","timestamp":"2026-05-19T11:30:45.577Z"}
{"level":"info","message":"🔎 Processando título 117810","service":"btg-baixa-titulos-service","timestamp":"2026-05-19T11:30:45.582Z"}
{"level":"info","message":"🌐 Millennium request: GET /MILLENIUM!JOIN_ONEUP.LANCAMENTOS.CONSULTALANCAMENTOS?cnpj=77.857.555%2F0009-36&n_documento=117810","service":"btg-baixa-titulos-service","timestamp":"2026-05-19T11:30:45.582Z"}
{"lancamento":1434906758,"level":"info","message":"ℹ️ Título 117810 já estava baixado. Processo ignorado.","service":"btg-baixa-titulos-service","situacao":"BAIXADO","timestamp":"2026-05-19T11:30:45.598Z"}
{"level":"info","message":"🔎 Processando título 118022","service":"btg-baixa-titulos-service","timestamp":"2026-05-19T11:30:45.601Z"}
{"level":"info","message":"🌐 Millennium request: GET /MILLENIUM!JOIN_ONEUP.LANCAMENTOS.CONSULTALANCAMENTOS?cnpj=01.009.793%2F0001-72&n_documento=118022","service":"btg-baixa-titulos-service","timestamp":"2026-05-19T11:30:45.602Z"}
{"lancamento":1434907460,"level":"info","message":"ℹ️ Título 118022 já estava baixado. Processo ignorado.","service":"btg-baixa-titulos-service","situacao":"BAIXADO","timestamp":"2026-05-19T11:30:45.623Z"}
{"level":"info","message":"🔎 Processando título 118020","service":"btg-baixa-titulos-service","timestamp":"2026-05-19T11:30:45.641Z"}
{"level":"info","message":"🌐 Millennium request: GET /MILLENIUM!JOIN_ONEUP.LANCAMENTOS.CONSULTALANCAMENTOS?cnpj=02.355.679%2F0001-67&n_documento=118020","service":"btg-baixa-titulos-service","timestamp":"2026-05-19T11:30:45.641Z"}
{"lancamento":1434907451,"level":"info","message":"ℹ️ Título 118020 já estava baixado. Processo ignorado.","service":"btg-baixa-titulos-service","situacao":"BAIXADO","timestamp":"2026-05-19T11:30:45.659Z"}
{"level":"info","message":"🔎 Processando título 116729/C","service":"btg-baixa-titulos-service","timestamp":"2026-05-19T11:30:45.664Z"}
{"level":"info","message":"🌐 Millennium request: GET /MILLENIUM!JOIN_ONEUP.LANCAMENTOS.CONSULTALANCAMENTOS?cnpj=03.294.992%2F0001-03&n_documento=116729%2FC","service":"btg-baixa-titulos-service","timestamp":"2026-05-19T11:30:45.664Z"}
{"lancamento":1434900397,"level":"info","message":"ℹ️ Título 116729/C já estava baixado. Processo ignorado.","service":"btg-baixa-titulos-service","situacao":"BAIXADO","timestamp":"2026-05-19T11:30:45.682Z"}
{"level":"info","message":"🔎 Processando título 116729/B","service":"btg-baixa-titulos-service","timestamp":"2026-05-19T11:30:45.686Z"}
{"level":"info","message":"🌐 Millennium request: GET /MILLENIUM!JOIN_ONEUP.LANCAMENTOS.CONSULTALANCAMENTOS?cnpj=03.294.992%2F0001-03&n_documento=116729%2FB","service":"btg-baixa-titulos-service","timestamp":"2026-05-19T11:30:45.686Z"}
{"lancamento":1434900396,"level":"info","message":"ℹ️ Título 116729/B já estava baixado. Processo ignorado.","service":"btg-baixa-titulos-service","situacao":"BAIXADO","timestamp":"2026-05-19T11:30:45.704Z"}
{"level":"info","message":"🔎 Processando título 116729/A","service":"btg-baixa-titulos-service","timestamp":"2026-05-19T11:30:45.708Z"}
{"level":"info","message":"🌐 Millennium request: GET /MILLENIUM!JOIN_ONEUP.LANCAMENTOS.CONSULTALANCAMENTOS?cnpj=03.294.992%2F0001-03&n_documento=116729%2FA","service":"btg-baixa-titulos-service","timestamp":"2026-05-19T11:30:45.709Z"}
{"lancamento":1434900395,"level":"info","message":"ℹ️ Título 116729/A já estava baixado. Processo ignorado.","service":"btg-baixa-titulos-service","situacao":"BAIXADO","timestamp":"2026-05-19T11:30:45.724Z"}
{"level":"info","message":"🔎 Processando título 116864/B","service":"btg-baixa-titulos-service","timestamp":"2026-05-19T11:30:45.728Z"}
{"level":"info","message":"🌐 Millennium request: GET /MILLENIUM!JOIN_ONEUP.LANCAMENTOS.CONSULTALANCAMENTOS?cnpj=57.408.548%2F0001-92&n_documento=116864%2FB","service":"btg-baixa-titulos-service","timestamp":"2026-05-19T11:30:45.728Z"}
{"lancamento":1434901258,"level":"info","message":"ℹ️ Título 116864/B já estava baixado. Processo ignorado.","service":"btg-baixa-titulos-service","situacao":"BAIXADO","timestamp":"2026-05-19T11:30:45.745Z"}
{"level":"info","message":"🔎 Processando título 116864/A","service":"btg-baixa-titulos-service","timestamp":"2026-05-19T11:30:45.749Z"}
{"level":"info","message":"🌐 Millennium request: GET /MILLENIUM!JOIN_ONEUP.LANCAMENTOS.CONSULTALANCAMENTOS?cnpj=57.408.548%2F0001-92&n_documento=116864%2FA","service":"btg-baixa-titulos-service","timestamp":"2026-05-19T11:30:45.749Z"}
{"lancamento":1434901257,"level":"info","message":"ℹ️ Título 116864/A já estava baixado. Processo ignorado.","service":"btg-baixa-titulos-service","situacao":"BAIXADO","timestamp":"2026-05-19T11:30:45.767Z"}
{"level":"info","message":"🔎 Processando título 116617/C","service":"btg-baixa-titulos-service","timestamp":"2026-05-19T11:30:45.770Z"}
{"level":"info","message":"🌐 Millennium request: GET /MILLENIUM!JOIN_ONEUP.LANCAMENTOS.CONSULTALANCAMENTOS?cnpj=44.999.259%2F0001-63&n_documento=116617%2FC","service":"btg-baixa-titulos-service","timestamp":"2026-05-19T11:30:45.770Z"}
{"lancamento":1434899999,"level":"info","message":"ℹ️ Título 116617/C já estava baixado. Processo ignorado.","service":"btg-baixa-titulos-service","situacao":"BAIXADO","timestamp":"2026-05-19T11:30:45.787Z"}
{"level":"info","message":"🔎 Processando título 116617/B","service":"btg-baixa-titulos-service","timestamp":"2026-05-19T11:30:45.790Z"}
{"level":"info","message":"🌐 Millennium request: GET /MILLENIUM!JOIN_ONEUP.LANCAMENTOS.CONSULTALANCAMENTOS?cnpj=44.999.259%2F0001-63&n_documento=116617%2FB","service":"btg-baixa-titulos-service","timestamp":"2026-05-19T11:30:45.790Z"}
{"lancamento":1434899998,"level":"info","message":"ℹ️ Título 116617/B já estava baixado. Processo ignorado.","service":"btg-baixa-titulos-service","situacao":"BAIXADO","timestamp":"2026-05-19T11:30:45.807Z"}
{"level":"info","message":"🔎 Processando título 116617/A","service":"btg-baixa-titulos-service","timestamp":"2026-05-19T11:30:45.809Z"}
{"level":"info","message":"🌐 Millennium request: GET /MILLENIUM!JOIN_ONEUP.LANCAMENTOS.CONSULTALANCAMENTOS?cnpj=44.999.259%2F0001-63&n_documento=116617%2FA","service":"btg-baixa-titulos-service","timestamp":"2026-05-19T11:30:45.810Z"}
{"lancamento":1434899997,"level":"info","message":"ℹ️ Título 116617/A já estava baixado. Processo ignorado.","service":"btg-baixa-titulos-service","situacao":"BAIXADO","timestamp":"2026-05-19T11:30:45.825Z"}
{"level":"info","message":"🔎 Processando título 116058","service":"btg-baixa-titulos-service","timestamp":"2026-05-19T11:30:45.828Z"}
{"level":"info","message":"🌐 Millennium request: GET /MILLENIUM!JOIN_ONEUP.LANCAMENTOS.CONSULTALANCAMENTOS?cnpj=02.355.679%2F0001-67&n_documento=116058","service":"btg-baixa-titulos-service","timestamp":"2026-05-19T11:30:45.828Z"}
{"lancamento":1434897658,"level":"info","message":"ℹ️ Título 116058 já estava baixado. Processo ignorado.","service":"btg-baixa-titulos-service","situacao":"BAIXADO","timestamp":"2026-05-19T11:30:45.847Z"}
{"level":"info","message":"🔎 Processando título 116055","service":"btg-baixa-titulos-service","timestamp":"2026-05-19T11:30:45.851Z"}
{"level":"info","message":"🌐 Millennium request: GET /MILLENIUM!JOIN_ONEUP.LANCAMENTOS.CONSULTALANCAMENTOS?cnpj=01.009.793%2F0001-72&n_documento=116055","service":"btg-baixa-titulos-service","timestamp":"2026-05-19T11:30:45.851Z"}
{"lancamento":1434897633,"level":"info","message":"ℹ️ Título 116055 já estava baixado. Processo ignorado.","service":"btg-baixa-titulos-service","situacao":"BAIXADO","timestamp":"2026-05-19T11:30:45.869Z"}
{"level":"info","message":"🔎 Processando título 116074/B","service":"btg-baixa-titulos-service","timestamp":"2026-05-19T11:30:45.872Z"}
{"level":"info","message":"🌐 Millennium request: GET /MILLENIUM!JOIN_ONEUP.LANCAMENTOS.CONSULTALANCAMENTOS?cnpj=59.205.187%2F0001-02&n_documento=116074%2FB","service":"btg-baixa-titulos-service","timestamp":"2026-05-19T11:30:45.872Z"}
{"lancamento":1434897763,"level":"info","message":"ℹ️ Título 116074/B já estava baixado. Processo ignorado.","service":"btg-baixa-titulos-service","situacao":"BAIXADO","timestamp":"2026-05-19T11:30:45.888Z"}
{"level":"info","message":"🔎 Processando título 116072/B","service":"btg-baixa-titulos-service","timestamp":"2026-05-19T11:30:45.891Z"}
{"level":"info","message":"🌐 Millennium request: GET /MILLENIUM!JOIN_ONEUP.LANCAMENTOS.CONSULTALANCAMENTOS?cnpj=21.067.137%2F0001-33&n_documento=116072%2FB","service":"btg-baixa-titulos-service","timestamp":"2026-05-19T11:30:45.891Z"}
{"lancamento":1434897756,"level":"info","message":"ℹ️ Título 116072/B já estava baixado. Processo ignorado.","service":"btg-baixa-titulos-service","situacao":"BAIXADO","timestamp":"2026-05-19T11:30:45.906Z"}
{"level":"info","message":"🔎 Processando título 116071/B","service":"btg-baixa-titulos-service","timestamp":"2026-05-19T11:30:45.907Z"}
{"level":"info","message":"🌐 Millennium request: GET /MILLENIUM!JOIN_ONEUP.LANCAMENTOS.CONSULTALANCAMENTOS?cnpj=06.181.589%2F0001-58&n_documento=116071%2FB","service":"btg-baixa-titulos-service","timestamp":"2026-05-19T11:30:45.907Z"}
{"lancamento":1434897748,"level":"info","message":"ℹ️ Título 116071/B já estava baixado. Processo ignorado.","service":"btg-baixa-titulos-service","situacao":"BAIXADO","timestamp":"2026-05-19T11:30:45.923Z"}
{"level":"info","message":"🔎 Processando título 116070/B","service":"btg-baixa-titulos-service","timestamp":"2026-05-19T11:30:45.926Z"}
{"level":"info","message":"🌐 Millennium request: GET /MILLENIUM!JOIN_ONEUP.LANCAMENTOS.CONSULTALANCAMENTOS?cnpj=03.247.651%2F0001-79&n_documento=116070%2FB","service":"btg-baixa-titulos-service","timestamp":"2026-05-19T11:30:45.926Z"}
{"lancamento":1434897741,"level":"info","message":"ℹ️ Título 116070/B já estava baixado. Processo ignorado.","service":"btg-baixa-titulos-service","situacao":"BAIXADO","timestamp":"2026-05-19T11:30:45.940Z"}
{"level":"info","message":"🔎 Processando título 116069/B","service":"btg-baixa-titulos-service","timestamp":"2026-05-19T11:30:45.943Z"}
{"level":"info","message":"🌐 Millennium request: GET /MILLENIUM!JOIN_ONEUP.LANCAMENTOS.CONSULTALANCAMENTOS?cnpj=03.294.992%2F0001-03&n_documento=116069%2FB","service":"btg-baixa-titulos-service","timestamp":"2026-05-19T11:30:45.943Z"}
{"lancamento":1434897736,"level":"info","message":"ℹ️ Título 116069/B já estava baixado. Processo ignorado.","service":"btg-baixa-titulos-service","situacao":"BAIXADO","timestamp":"2026-05-19T11:30:46.045Z"}
{"level":"info","message":"🔎 Processando título 116068/B","service":"btg-baixa-titulos-service","timestamp":"2026-05-19T11:30:46.050Z"}
{"level":"info","message":"🌐 Millennium request: GET /MILLENIUM!JOIN_ONEUP.LANCAMENTOS.CONSULTALANCAMENTOS?cnpj=44.999.259%2F0001-63&n_documento=116068%2FB","service":"btg-baixa-titulos-service","timestamp":"2026-05-19T11:30:46.051Z"}
{"lancamento":1434897731,"level":"info","message":"ℹ️ Título 116068/B já estava baixado. Processo ignorado.","service":"btg-baixa-titulos-service","situacao":"BAIXADO","timestamp":"2026-05-19T11:30:46.069Z"}
{"level":"info","message":"🔎 Processando título 114867/D","service":"btg-baixa-titulos-service","timestamp":"2026-05-19T11:30:46.074Z"}
{"level":"info","message":"🌐 Millennium request: GET /MILLENIUM!JOIN_ONEUP.LANCAMENTOS.CONSULTALANCAMENTOS?cnpj=44.999.259%2F0001-63&n_documento=114867%2FD","service":"btg-baixa-titulos-service","timestamp":"2026-05-19T11:30:46.074Z"}
{"lancamento":1434892199,"level":"info","message":"ℹ️ Título 114867/D já estava baixado. Processo ignorado.","service":"btg-baixa-titulos-service","situacao":"BAIXADO","timestamp":"2026-05-19T11:30:46.093Z"}
{"level":"info","message":"🔎 Processando título 116059/B","service":"btg-baixa-titulos-service","timestamp":"2026-05-19T11:30:46.098Z"}
{"level":"info","message":"🌐 Millennium request: GET /MILLENIUM!JOIN_ONEUP.LANCAMENTOS.CONSULTALANCAMENTOS?cnpj=00.768.271%2F0001-91&n_documento=116059%2FB","service":"btg-baixa-titulos-service","timestamp":"2026-05-19T11:30:46.098Z"}
{"lancamento":1434897661,"level":"info","message":"ℹ️ Título 116059/B já estava baixado. Processo ignorado.","service":"btg-baixa-titulos-service","situacao":"BAIXADO","timestamp":"2026-05-19T11:30:46.115Z"}
{"level":"info","message":"🔎 Processando título 116057/B","service":"btg-baixa-titulos-service","timestamp":"2026-05-19T11:30:46.118Z"}
{"level":"info","message":"🌐 Millennium request: GET /MILLENIUM!JOIN_ONEUP.LANCAMENTOS.CONSULTALANCAMENTOS?cnpj=73.652.158%2F0001-10&n_documento=116057%2FB","service":"btg-baixa-titulos-service","timestamp":"2026-05-19T11:30:46.118Z"}
{"lancamento":1434897654,"level":"info","message":"ℹ️ Título 116057/B já estava baixado. Processo ignorado.","service":"btg-baixa-titulos-service","situacao":"BAIXADO","timestamp":"2026-05-19T11:30:46.137Z"}
{"level":"info","message":"🔎 Processando título 116078/C","service":"btg-baixa-titulos-service","timestamp":"2026-05-19T11:30:46.140Z"}
{"level":"info","message":"🌐 Millennium request: GET /MILLENIUM!JOIN_ONEUP.LANCAMENTOS.CONSULTALANCAMENTOS?cnpj=01.934.454%2F0001-00&n_documento=116078%2FC","service":"btg-baixa-titulos-service","timestamp":"2026-05-19T11:30:46.140Z"}
{"lancamento":1434897839,"level":"info","message":"ℹ️ Título 116078/C já estava baixado. Processo ignorado.","service":"btg-baixa-titulos-service","situacao":"BAIXADO","timestamp":"2026-05-19T11:30:46.157Z"}
{"level":"info","message":"🔎 Processando título 116036/B","service":"btg-baixa-titulos-service","timestamp":"2026-05-19T11:30:46.159Z"}
{"level":"info","message":"🌐 Millennium request: GET /MILLENIUM!JOIN_ONEUP.LANCAMENTOS.CONSULTALANCAMENTOS?cnpj=50.649.490%2F0001-20&n_documento=116036%2FB","service":"btg-baixa-titulos-service","timestamp":"2026-05-19T11:30:46.159Z"}
{"lancamento":1434897515,"level":"info","message":"ℹ️ Título 116036/B já estava baixado. Processo ignorado.","service":"btg-baixa-titulos-service","situacao":"BAIXADO","timestamp":"2026-05-19T11:30:46.175Z"}
{"level":"info","message":"🔎 Processando título 116077/B","service":"btg-baixa-titulos-service","timestamp":"2026-05-19T11:30:46.179Z"}
{"level":"info","message":"🌐 Millennium request: GET /MILLENIUM!JOIN_ONEUP.LANCAMENTOS.CONSULTALANCAMENTOS?cnpj=57.408.548%2F0001-92&n_documento=116077%2FB","service":"btg-baixa-titulos-service","timestamp":"2026-05-19T11:30:46.179Z"}
{"lancamento":1434897775,"level":"info","message":"ℹ️ Título 116077/B já estava baixado. Processo ignorado.","service":"btg-baixa-titulos-service","situacao":"BAIXADO","timestamp":"2026-05-19T11:30:46.196Z"}
{"level":"info","message":"🔎 Processando título 115849/B","service":"btg-baixa-titulos-service","timestamp":"2026-05-19T11:30:46.199Z"}
{"level":"info","message":"🌐 Millennium request: GET /MILLENIUM!JOIN_ONEUP.LANCAMENTOS.CONSULTALANCAMENTOS?cnpj=50.649.490%2F0001-20&n_documento=115849%2FB","service":"btg-baixa-titulos-service","timestamp":"2026-05-19T11:30:46.199Z"}
{"lancamento":1434896985,"level":"info","message":"ℹ️ Título 115849/B já estava baixado. Processo ignorado.","service":"btg-baixa-titulos-service","situacao":"BAIXADO","timestamp":"2026-05-19T11:30:46.216Z"}
{"level":"info","message":"🔎 Processando título 116074/C","service":"btg-baixa-titulos-service","timestamp":"2026-05-19T11:30:46.220Z"}
{"level":"info","message":"🌐 Millennium request: GET /MILLENIUM!JOIN_ONEUP.LANCAMENTOS.CONSULTALANCAMENTOS?cnpj=59.205.187%2F0001-02&n_documento=116074%2FC","service":"btg-baixa-titulos-service","timestamp":"2026-05-19T11:30:46.220Z"}
{"lancamento":1434897764,"level":"info","message":"ℹ️ Título 116074/C já estava baixado. Processo ignorado.","service":"btg-baixa-titulos-service","situacao":"BAIXADO","timestamp":"2026-05-19T11:30:46.240Z"}
{"level":"info","message":"🔎 Processando título 115848/B","service":"btg-baixa-titulos-service","timestamp":"2026-05-19T11:30:46.244Z"}
{"level":"info","message":"🌐 Millennium request: GET /MILLENIUM!JOIN_ONEUP.LANCAMENTOS.CONSULTALANCAMENTOS?cnpj=50.649.490%2F0001-20&n_documento=115848%2FB","service":"btg-baixa-titulos-service","timestamp":"2026-05-19T11:30:46.244Z"}
{"lancamento":1434896981,"level":"info","message":"ℹ️ Título 115848/B já estava baixado. Processo ignorado.","service":"btg-baixa-titulos-service","situacao":"BAIXADO","timestamp":"2026-05-19T11:30:46.260Z"}
{"level":"info","message":"🔎 Processando título 116071/A","service":"btg-baixa-titulos-service","timestamp":"2026-05-19T11:30:46.263Z"}
{"level":"info","message":"🌐 Millennium request: GET /MILLENIUM!JOIN_ONEUP.LANCAMENTOS.CONSULTALANCAMENTOS?cnpj=06.181.589%2F0001-58&n_documento=116071%2FA","service":"btg-baixa-titulos-service","timestamp":"2026-05-19T11:30:46.263Z"}
{"lancamento":1434897747,"level":"info","message":"ℹ️ Título 116071/A já estava baixado. Processo ignorado.","service":"btg-baixa-titulos-service","situacao":"BAIXADO","timestamp":"2026-05-19T11:30:46.280Z"}
{"level":"info","message":"🔎 Processando título 116070/A","service":"btg-baixa-titulos-service","timestamp":"2026-05-19T11:30:46.283Z"}
{"level":"info","message":"🌐 Millennium request: GET /MILLENIUM!JOIN_ONEUP.LANCAMENTOS.CONSULTALANCAMENTOS?cnpj=03.247.651%2F0001-79&n_documento=116070%2FA","service":"btg-baixa-titulos-service","timestamp":"2026-05-19T11:30:46.283Z"}
{"lancamento":1434897740,"level":"info","message":"ℹ️ Título 116070/A já estava baixado. Processo ignorado.","service":"btg-baixa-titulos-service","situacao":"BAIXADO","timestamp":"2026-05-19T11:30:46.300Z"}
{"level":"info","message":"🔎 Processando título 116071/C","service":"btg-baixa-titulos-service","timestamp":"2026-05-19T11:30:46.302Z"}
{"level":"info","message":"🌐 Millennium request: GET /MILLENIUM!JOIN_ONEUP.LANCAMENTOS.CONSULTALANCAMENTOS?cnpj=06.181.589%2F0001-58&n_documento=116071%2FC","service":"btg-baixa-titulos-service","timestamp":"2026-05-19T11:30:46.303Z"}
{"lancamento":1434897749,"level":"info","message":"ℹ️ Título 116071/C já estava baixado. Processo ignorado.","service":"btg-baixa-titulos-service","situacao":"BAIXADO","timestamp":"2026-05-19T11:30:46.321Z"}
{"level":"info","message":"🔎 Processando título 116069/A","service":"btg-baixa-titulos-service","timestamp":"2026-05-19T11:30:46.325Z"}
{"level":"info","message":"🌐 Millennium request: GET /MILLENIUM!JOIN_ONEUP.LANCAMENTOS.CONSULTALANCAMENTOS?cnpj=03.294.992%2F0001-03&n_documento=116069%2FA","service":"btg-baixa-titulos-service","timestamp":"2026-05-19T11:30:46.325Z"}
{"lancamento":1434897735,"level":"info","message":"ℹ️ Título 116069/A já estava baixado. Processo ignorado.","service":"btg-baixa-titulos-service","situacao":"BAIXADO","timestamp":"2026-05-19T11:30:46.340Z"}
{"level":"info","message":"🔎 Processando título 116070/C","service":"btg-baixa-titulos-service","timestamp":"2026-05-19T11:30:46.344Z"}
{"level":"info","message":"🌐 Millennium request: GET /MILLENIUM!JOIN_ONEUP.LANCAMENTOS.CONSULTALANCAMENTOS?cnpj=03.247.651%2F0001-79&n_documento=116070%2FC","service":"btg-baixa-titulos-service","timestamp":"2026-05-19T11:30:46.344Z"}
{"lancamento":1434897742,"level":"info","message":"ℹ️ Título 116070/C já estava baixado. Processo ignorado.","service":"btg-baixa-titulos-service","situacao":"BAIXADO","timestamp":"2026-05-19T11:30:46.362Z"}
{"level":"info","message":"🔎 Processando título 116078/A","service":"btg-baixa-titulos-service","timestamp":"2026-05-19T11:30:46.365Z"}
{"level":"info","message":"🌐 Millennium request: GET /MILLENIUM!JOIN_ONEUP.LANCAMENTOS.CONSULTALANCAMENTOS?cnpj=01.934.454%2F0001-00&n_documento=116078%2FA","service":"btg-baixa-titulos-service","timestamp":"2026-05-19T11:30:46.365Z"}
{"lancamento":1434897837,"level":"info","message":"ℹ️ Título 116078/A já estava baixado. Processo ignorado.","service":"btg-baixa-titulos-service","situacao":"BAIXADO","timestamp":"2026-05-19T11:30:46.384Z"}
{"level":"info","message":"🔎 Processando título 116069/C","service":"btg-baixa-titulos-service","timestamp":"2026-05-19T11:30:46.388Z"}
{"level":"info","message":"🌐 Millennium request: GET /MILLENIUM!JOIN_ONEUP.LANCAMENTOS.CONSULTALANCAMENTOS?cnpj=03.294.992%2F0001-03&n_documento=116069%2FC","service":"btg-baixa-titulos-service","timestamp":"2026-05-19T11:30:46.388Z"}
{"lancamento":1434897737,"level":"info","message":"ℹ️ Título 116069/C já estava baixado. Processo ignorado.","service":"btg-baixa-titulos-service","situacao":"BAIXADO","timestamp":"2026-05-19T11:30:46.402Z"}
{"level":"info","message":"🔎 Processando título 116074/A","service":"btg-baixa-titulos-service","timestamp":"2026-05-19T11:30:46.405Z"}
{"level":"info","message":"🌐 Millennium request: GET /MILLENIUM!JOIN_ONEUP.LANCAMENTOS.CONSULTALANCAMENTOS?cnpj=59.205.187%2F0001-02&n_documento=116074%2FA","service":"btg-baixa-titulos-service","timestamp":"2026-05-19T11:30:46.406Z"}
{"lancamento":1434897762,"level":"info","message":"ℹ️ Título 116074/A já estava baixado. Processo ignorado.","service":"btg-baixa-titulos-service","situacao":"BAIXADO","timestamp":"2026-05-19T11:30:46.420Z"}
{"level":"info","message":"🔎 Processando título 116059/A","service":"btg-baixa-titulos-service","timestamp":"2026-05-19T11:30:46.423Z"}
{"level":"info","message":"🌐 Millennium request: GET /MILLENIUM!JOIN_ONEUP.LANCAMENTOS.CONSULTALANCAMENTOS?cnpj=00.768.271%2F0001-91&n_documento=116059%2FA","service":"btg-baixa-titulos-service","timestamp":"2026-05-19T11:30:46.423Z"}
{"lancamento":1434897660,"level":"info","message":"ℹ️ Título 116059/A já estava baixado. Processo ignorado.","service":"btg-baixa-titulos-service","situacao":"BAIXADO","timestamp":"2026-05-19T11:30:46.437Z"}
{"level":"info","message":"🔎 Processando título 116068/C","service":"btg-baixa-titulos-service","timestamp":"2026-05-19T11:30:46.439Z"}
{"level":"info","message":"🌐 Millennium request: GET /MILLENIUM!JOIN_ONEUP.LANCAMENTOS.CONSULTALANCAMENTOS?cnpj=44.999.259%2F0001-63&n_documento=116068%2FC","service":"btg-baixa-titulos-service","timestamp":"2026-05-19T11:30:46.439Z"}
{"lancamento":1434897732,"level":"info","message":"ℹ️ Título 116068/C já estava baixado. Processo ignorado.","service":"btg-baixa-titulos-service","situacao":"BAIXADO","timestamp":"2026-05-19T11:30:46.453Z"}
{"level":"info","message":"🔎 Processando título 114867/B","service":"btg-baixa-titulos-service","timestamp":"2026-05-19T11:30:46.456Z"}
{"level":"info","message":"🌐 Millennium request: GET /MILLENIUM!JOIN_ONEUP.LANCAMENTOS.CONSULTALANCAMENTOS?cnpj=44.999.259%2F0001-63&n_documento=114867%2FB","service":"btg-baixa-titulos-service","timestamp":"2026-05-19T11:30:46.456Z"}
{"lancamento":1434892197,"level":"info","message":"ℹ️ Título 114867/B já estava baixado. Processo ignorado.","service":"btg-baixa-titulos-service","situacao":"BAIXADO","timestamp":"2026-05-19T11:30:46.471Z"}
{"level":"info","message":"🔎 Processando título 116068/A","service":"btg-baixa-titulos-service","timestamp":"2026-05-19T11:30:46.473Z"}
{"level":"info","message":"🌐 Millennium request: GET /MILLENIUM!JOIN_ONEUP.LANCAMENTOS.CONSULTALANCAMENTOS?cnpj=44.999.259%2F0001-63&n_documento=116068%2FA","service":"btg-baixa-titulos-service","timestamp":"2026-05-19T11:30:46.473Z"}
{"lancamento":1434897730,"level":"info","message":"ℹ️ Título 116068/A já estava baixado. Processo ignorado.","service":"btg-baixa-titulos-service","situacao":"BAIXADO","timestamp":"2026-05-19T11:30:46.569Z"}
{"level":"info","message":"🔎 Processando título 114867/A","service":"btg-baixa-titulos-service","timestamp":"2026-05-19T11:30:46.572Z"}
{"level":"info","message":"🌐 Millennium request: GET /MILLENIUM!JOIN_ONEUP.LANCAMENTOS.CONSULTALANCAMENTOS?cnpj=44.999.259%2F0001-63&n_documento=114867%2FA","service":"btg-baixa-titulos-service","timestamp":"2026-05-19T11:30:46.572Z"}
{"lancamento":1434892196,"level":"info","message":"ℹ️ Título 114867/A já estava baixado. Processo ignorado.","service":"btg-baixa-titulos-service","situacao":"BAIXADO","timestamp":"2026-05-19T11:30:46.588Z"}
{"level":"info","message":"🔎 Processando título 116059/C","service":"btg-baixa-titulos-service","timestamp":"2026-05-19T11:30:46.591Z"}
{"level":"info","message":"🌐 Millennium request: GET /MILLENIUM!JOIN_ONEUP.LANCAMENTOS.CONSULTALANCAMENTOS?cnpj=00.768.271%2F0001-91&n_documento=116059%2FC","service":"btg-baixa-titulos-service","timestamp":"2026-05-19T11:30:46.591Z"}
{"lancamento":1434897662,"level":"info","message":"ℹ️ Título 116059/C já estava baixado. Processo ignorado.","service":"btg-baixa-titulos-service","situacao":"BAIXADO","timestamp":"2026-05-19T11:30:46.605Z"}
{"level":"info","message":"🔎 Processando título 115847/B","service":"btg-baixa-titulos-service","timestamp":"2026-05-19T11:30:46.608Z"}
{"level":"info","message":"🌐 Millennium request: GET /MILLENIUM!JOIN_ONEUP.LANCAMENTOS.CONSULTALANCAMENTOS?cnpj=50.649.490%2F0001-20&n_documento=115847%2FB","service":"btg-baixa-titulos-service","timestamp":"2026-05-19T11:30:46.608Z"}
{"lancamento":1434896977,"level":"info","message":"ℹ️ Título 115847/B já estava baixado. Processo ignorado.","service":"btg-baixa-titulos-service","situacao":"BAIXADO","timestamp":"2026-05-19T11:30:46.626Z"}
{"level":"info","message":"🔎 Processando título 116057/C","service":"btg-baixa-titulos-service","timestamp":"2026-05-19T11:30:46.633Z"}
{"level":"info","message":"🌐 Millennium request: GET /MILLENIUM!JOIN_ONEUP.LANCAMENTOS.CONSULTALANCAMENTOS?cnpj=73.652.158%2F0001-10&n_documento=116057%2FC","service":"btg-baixa-titulos-service","timestamp":"2026-05-19T11:30:46.634Z"}
{"lancamento":1434897655,"level":"info","message":"ℹ️ Título 116057/C já estava baixado. Processo ignorado.","service":"btg-baixa-titulos-service","situacao":"BAIXADO","timestamp":"2026-05-19T11:30:46.652Z"}
{"level":"info","message":"🔎 Processando título 115846/B","service":"btg-baixa-titulos-service","timestamp":"2026-05-19T11:30:46.655Z"}
{"level":"info","message":"🌐 Millennium request: GET /MILLENIUM!JOIN_ONEUP.LANCAMENTOS.CONSULTALANCAMENTOS?cnpj=50.649.490%2F0001-20&n_documento=115846%2FB","service":"btg-baixa-titulos-service","timestamp":"2026-05-19T11:30:46.655Z"}
{"lancamento":1434896973,"level":"info","message":"ℹ️ Título 115846/B já estava baixado. Processo ignorado.","service":"btg-baixa-titulos-service","situacao":"BAIXADO","timestamp":"2026-05-19T11:30:46.671Z"}
{"level":"info","message":"🔎 Processando título 116036/C","service":"btg-baixa-titulos-service","timestamp":"2026-05-19T11:30:46.673Z"}
{"level":"info","message":"🌐 Millennium request: GET /MILLENIUM!JOIN_ONEUP.LANCAMENTOS.CONSULTALANCAMENTOS?cnpj=50.649.490%2F0001-20&n_documento=116036%2FC","service":"btg-baixa-titulos-service","timestamp":"2026-05-19T11:30:46.673Z"}
{"lancamento":1434897516,"level":"info","message":"ℹ️ Título 116036/C já estava baixado. Processo ignorado.","service":"btg-baixa-titulos-service","situacao":"BAIXADO","timestamp":"2026-05-19T11:30:46.690Z"}
{"level":"info","message":"🔎 Processando título 115845/B","service":"btg-baixa-titulos-service","timestamp":"2026-05-19T11:30:46.692Z"}
{"level":"info","message":"🌐 Millennium request: GET /MILLENIUM!JOIN_ONEUP.LANCAMENTOS.CONSULTALANCAMENTOS?cnpj=50.649.490%2F0001-20&n_documento=115845%2FB","service":"btg-baixa-titulos-service","timestamp":"2026-05-19T11:30:46.692Z"}
{"lancamento":1434896969,"level":"info","message":"ℹ️ Título 115845/B já estava baixado. Processo ignorado.","service":"btg-baixa-titulos-service","situacao":"BAIXADO","timestamp":"2026-05-19T11:30:46.707Z"}
{"level":"info","message":"🔎 Processando título 115849/C","service":"btg-baixa-titulos-service","timestamp":"2026-05-19T11:30:46.708Z"}
{"level":"info","message":"🌐 Millennium request: GET /MILLENIUM!JOIN_ONEUP.LANCAMENTOS.CONSULTALANCAMENTOS?cnpj=50.649.490%2F0001-20&n_documento=115849%2FC","service":"btg-baixa-titulos-service","timestamp":"2026-05-19T11:30:46.708Z"}
{"lancamento":1434896986,"level":"info","message":"ℹ️ Título 115849/C já estava baixado. Processo ignorado.","service":"btg-baixa-titulos-service","situacao":"BAIXADO","timestamp":"2026-05-19T11:30:46.722Z"}
{"level":"info","message":"🔎 Processando título 115843/B","service":"btg-baixa-titulos-service","timestamp":"2026-05-19T11:30:46.724Z"}
{"level":"info","message":"🌐 Millennium request: GET /MILLENIUM!JOIN_ONEUP.LANCAMENTOS.CONSULTALANCAMENTOS?cnpj=50.649.490%2F0001-20&n_documento=115843%2FB","service":"btg-baixa-titulos-service","timestamp":"2026-05-19T11:30:46.724Z"}
{"lancamento":1434896966,"level":"info","message":"ℹ️ Título 115843/B já estava baixado. Processo ignorado.","service":"btg-baixa-titulos-service","situacao":"BAIXADO","timestamp":"2026-05-19T11:30:46.741Z"}
{"level":"info","message":"🔎 Processando título 115848/C","service":"btg-baixa-titulos-service","timestamp":"2026-05-19T11:30:46.743Z"}
{"level":"info","message":"🌐 Millennium request: GET /MILLENIUM!JOIN_ONEUP.LANCAMENTOS.CONSULTALANCAMENTOS?cnpj=50.649.490%2F0001-20&n_documento=115848%2FC","service":"btg-baixa-titulos-service","timestamp":"2026-05-19T11:30:46.743Z"}
{"lancamento":1434896982,"level":"info","message":"ℹ️ Título 115848/C já estava baixado. Processo ignorado.","service":"btg-baixa-titulos-service","situacao":"BAIXADO","timestamp":"2026-05-19T11:30:46.757Z"}
{"level":"info","message":"🔎 Processando título 116036/A","service":"btg-baixa-titulos-service","timestamp":"2026-05-19T11:30:46.759Z"}
{"level":"info","message":"🌐 Millennium request: GET /MILLENIUM!JOIN_ONEUP.LANCAMENTOS.CONSULTALANCAMENTOS?cnpj=50.649.490%2F0001-20&n_documento=116036%2FA","service":"btg-baixa-titulos-service","timestamp":"2026-05-19T11:30:46.759Z"}
{"lancamento":1434897514,"level":"info","message":"ℹ️ Título 116036/A já estava baixado. Processo ignorado.","service":"btg-baixa-titulos-service","situacao":"BAIXADO","timestamp":"2026-05-19T11:30:46.772Z"}
{"level":"info","message":"🔎 Processando título 115847/C","service":"btg-baixa-titulos-service","timestamp":"2026-05-19T11:30:46.774Z"}
{"level":"info","message":"🌐 Millennium request: GET /MILLENIUM!JOIN_ONEUP.LANCAMENTOS.CONSULTALANCAMENTOS?cnpj=50.649.490%2F0001-20&n_documento=115847%2FC","service":"btg-baixa-titulos-service","timestamp":"2026-05-19T11:30:46.774Z"}
{"lancamento":1434896978,"level":"info","message":"ℹ️ Título 115847/C já estava baixado. Processo ignorado.","service":"btg-baixa-titulos-service","situacao":"BAIXADO","timestamp":"2026-05-19T11:30:46.787Z"}
{"level":"info","message":"🔎 Processando título 115849/A","service":"btg-baixa-titulos-service","timestamp":"2026-05-19T11:30:46.788Z"}
{"level":"info","message":"🌐 Millennium request: GET /MILLENIUM!JOIN_ONEUP.LANCAMENTOS.CONSULTALANCAMENTOS?cnpj=50.649.490%2F0001-20&n_documento=115849%2FA","service":"btg-baixa-titulos-service","timestamp":"2026-05-19T11:30:46.788Z"}
{"lancamento":1434896984,"level":"info","message":"ℹ️ Título 115849/A já estava baixado. Processo ignorado.","service":"btg-baixa-titulos-service","situacao":"BAIXADO","timestamp":"2026-05-19T11:30:46.802Z"}
{"level":"info","message":"🔎 Processando título 115846/C","service":"btg-baixa-titulos-service","timestamp":"2026-05-19T11:30:46.803Z"}
{"level":"info","message":"🌐 Millennium request: GET /MILLENIUM!JOIN_ONEUP.LANCAMENTOS.CONSULTALANCAMENTOS?cnpj=50.649.490%2F0001-20&n_documento=115846%2FC","service":"btg-baixa-titulos-service","timestamp":"2026-05-19T11:30:46.803Z"}
{"lancamento":1434896974,"level":"info","message":"ℹ️ Título 115846/C já estava baixado. Processo ignorado.","service":"btg-baixa-titulos-service","situacao":"BAIXADO","timestamp":"2026-05-19T11:30:46.816Z"}
{"level":"info","message":"🔎 Processando título 115848/A","service":"btg-baixa-titulos-service","timestamp":"2026-05-19T11:30:46.818Z"}
{"level":"info","message":"🌐 Millennium request: GET /MILLENIUM!JOIN_ONEUP.LANCAMENTOS.CONSULTALANCAMENTOS?cnpj=50.649.490%2F0001-20&n_documento=115848%2FA","service":"btg-baixa-titulos-service","timestamp":"2026-05-19T11:30:46.818Z"}
{"lancamento":1434896980,"level":"info","message":"ℹ️ Título 115848/A já estava baixado. Processo ignorado.","service":"btg-baixa-titulos-service","situacao":"BAIXADO","timestamp":"2026-05-19T11:30:46.831Z"}
{"level":"info","message":"🔎 Processando título 115847/A","service":"btg-baixa-titulos-service","timestamp":"2026-05-19T11:30:46.833Z"}
{"level":"info","message":"🌐 Millennium request: GET /MILLENIUM!JOIN_ONEUP.LANCAMENTOS.CONSULTALANCAMENTOS?cnpj=50.649.490%2F0001-20&n_documento=115847%2FA","service":"btg-baixa-titulos-service","timestamp":"2026-05-19T11:30:46.833Z"}
{"lancamento":1434896976,"level":"info","message":"ℹ️ Título 115847/A já estava baixado. Processo ignorado.","service":"btg-baixa-titulos-service","situacao":"BAIXADO","timestamp":"2026-05-19T11:30:46.849Z"}
{"level":"info","message":"🔎 Processando título 115846/A","service":"btg-baixa-titulos-service","timestamp":"2026-05-19T11:30:46.851Z"}
{"level":"info","message":"🌐 Millennium request: GET /MILLENIUM!JOIN_ONEUP.LANCAMENTOS.CONSULTALANCAMENTOS?cnpj=50.649.490%2F0001-20&n_documento=115846%2FA","service":"btg-baixa-titulos-service","timestamp":"2026-05-19T11:30:46.851Z"}
{"lancamento":1434896972,"level":"info","message":"ℹ️ Título 115846/A já estava baixado. Processo ignorado.","service":"btg-baixa-titulos-service","situacao":"BAIXADO","timestamp":"2026-05-19T11:30:46.865Z"}
{"level":"info","message":"🔎 Processando título 115845/C","service":"btg-baixa-titulos-service","timestamp":"2026-05-19T11:30:46.866Z"}
{"level":"info","message":"🌐 Millennium request: GET /MILLENIUM!JOIN_ONEUP.LANCAMENTOS.CONSULTALANCAMENTOS?cnpj=50.649.490%2F0001-20&n_documento=115845%2FC","service":"btg-baixa-titulos-service","timestamp":"2026-05-19T11:30:46.866Z"}
{"lancamento":1434896970,"level":"info","message":"ℹ️ Título 115845/C já estava baixado. Processo ignorado.","service":"btg-baixa-titulos-service","situacao":"BAIXADO","timestamp":"2026-05-19T11:30:46.882Z"}
{"level":"info","message":"🔎 Processando título 115845/A","service":"btg-baixa-titulos-service","timestamp":"2026-05-19T11:30:46.884Z"}
{"level":"info","message":"🌐 Millennium request: GET /MILLENIUM!JOIN_ONEUP.LANCAMENTOS.CONSULTALANCAMENTOS?cnpj=50.649.490%2F0001-20&n_documento=115845%2FA","service":"btg-baixa-titulos-service","timestamp":"2026-05-19T11:30:46.884Z"}
{"lancamento":1434896968,"level":"info","message":"ℹ️ Título 115845/A já estava baixado. Processo ignorado.","service":"btg-baixa-titulos-service","situacao":"BAIXADO","timestamp":"2026-05-19T11:30:46.897Z"}
{"level":"info","message":"🔎 Processando título 115843/A","service":"btg-baixa-titulos-service","timestamp":"2026-05-19T11:30:46.901Z"}
{"level":"info","message":"🌐 Millennium request: GET /MILLENIUM!JOIN_ONEUP.LANCAMENTOS.CONSULTALANCAMENTOS?cnpj=50.649.490%2F0001-20&n_documento=115843%2FA","service":"btg-baixa-titulos-service","timestamp":"2026-05-19T11:30:46.901Z"}
{"lancamento":1434896965,"level":"info","message":"ℹ️ Título 115843/A já estava baixado. Processo ignorado.","service":"btg-baixa-titulos-service","situacao":"BAIXADO","timestamp":"2026-05-19T11:30:46.915Z"}
{"level":"info","message":"🔎 Processando título 115843/C","service":"btg-baixa-titulos-service","timestamp":"2026-05-19T11:30:46.923Z"}
{"level":"info","message":"🌐 Millennium request: GET /MILLENIUM!JOIN_ONEUP.LANCAMENTOS.CONSULTALANCAMENTOS?cnpj=50.649.490%2F0001-20&n_documento=115843%2FC","service":"btg-baixa-titulos-service","timestamp":"2026-05-19T11:30:46.923Z"}
{"lancamento":1434896967,"level":"info","message":"ℹ️ Título 115843/C já estava baixado. Processo ignorado.","service":"btg-baixa-titulos-service","situacao":"BAIXADO","timestamp":"2026-05-19T11:30:46.937Z"}
{"level":"info","message":"🔎 Processando título 116057/A","service":"btg-baixa-titulos-service","timestamp":"2026-05-19T11:30:46.939Z"}
{"level":"info","message":"🌐 Millennium request: GET /MILLENIUM!JOIN_ONEUP.LANCAMENTOS.CONSULTALANCAMENTOS?cnpj=73.652.158%2F0001-10&n_documento=116057%2FA","service":"btg-baixa-titulos-service","timestamp":"2026-05-19T11:30:46.939Z"}
{"lancamento":1434897653,"level":"info","message":"ℹ️ Título 116057/A já estava baixado. Processo ignorado.","service":"btg-baixa-titulos-service","situacao":"BAIXADO","timestamp":"2026-05-19T11:30:46.952Z"}
{"level":"info","message":"🔎 Processando título 115021/C","service":"btg-baixa-titulos-service","timestamp":"2026-05-19T11:30:46.953Z"}
{"level":"info","message":"🌐 Millennium request: GET /MILLENIUM!JOIN_ONEUP.LANCAMENTOS.CONSULTALANCAMENTOS?cnpj=47.485.403%2F0001-31&n_documento=115021%2FC","service":"btg-baixa-titulos-service","timestamp":"2026-05-19T11:30:46.953Z"}
{"lancamento":1434892802,"level":"info","message":"ℹ️ Título 115021/C já estava baixado. Processo ignorado.","service":"btg-baixa-titulos-service","situacao":"BAIXADO","timestamp":"2026-05-19T11:30:46.969Z"}
{"level":"info","message":"🔎 Processando título 115021/B","service":"btg-baixa-titulos-service","timestamp":"2026-05-19T11:30:46.971Z"}
{"level":"info","message":"🌐 Millennium request: GET /MILLENIUM!JOIN_ONEUP.LANCAMENTOS.CONSULTALANCAMENTOS?cnpj=47.485.403%2F0001-31&n_documento=115021%2FB","service":"btg-baixa-titulos-service","timestamp":"2026-05-19T11:30:46.971Z"}
{"lancamento":1434892801,"level":"info","message":"ℹ️ Título 115021/B já estava baixado. Processo ignorado.","service":"btg-baixa-titulos-service","situacao":"BAIXADO","timestamp":"2026-05-19T11:30:46.988Z"}
{"level":"info","message":"🔎 Processando título 115020/C","service":"btg-baixa-titulos-service","timestamp":"2026-05-19T11:30:46.990Z"}
{"level":"info","message":"🌐 Millennium request: GET /MILLENIUM!JOIN_ONEUP.LANCAMENTOS.CONSULTALANCAMENTOS?cnpj=47.485.403%2F0001-31&n_documento=115020%2FC","service":"btg-baixa-titulos-service","timestamp":"2026-05-19T11:30:46.990Z"}
{"lancamento":1434892799,"level":"info","message":"ℹ️ Título 115020/C já estava baixado. Processo ignorado.","service":"btg-baixa-titulos-service","situacao":"BAIXADO","timestamp":"2026-05-19T11:30:47.093Z"}
{"level":"info","message":"🔎 Processando título 115020/B","service":"btg-baixa-titulos-service","timestamp":"2026-05-19T11:30:47.099Z"}
{"level":"info","message":"🌐 Millennium request: GET /MILLENIUM!JOIN_ONEUP.LANCAMENTOS.CONSULTALANCAMENTOS?cnpj=47.485.403%2F0001-31&n_documento=115020%2FB","service":"btg-baixa-titulos-service","timestamp":"2026-05-19T11:30:47.099Z"}
{"lancamento":1434892798,"level":"info","message":"ℹ️ Título 115020/B já estava baixado. Processo ignorado.","service":"btg-baixa-titulos-service","situacao":"BAIXADO","timestamp":"2026-05-19T11:30:47.115Z"}
{"level":"info","message":"🔎 Processando título 115019/C","service":"btg-baixa-titulos-service","timestamp":"2026-05-19T11:30:47.120Z"}
{"level":"info","message":"🌐 Millennium request: GET /MILLENIUM!JOIN_ONEUP.LANCAMENTOS.CONSULTALANCAMENTOS?cnpj=47.485.403%2F0001-31&n_documento=115019%2FC","service":"btg-baixa-titulos-service","timestamp":"2026-05-19T11:30:47.121Z"}
{"lancamento":1434892794,"level":"info","message":"ℹ️ Título 115019/C já estava baixado. Processo ignorado.","service":"btg-baixa-titulos-service","situacao":"BAIXADO","timestamp":"2026-05-19T11:30:47.138Z"}
{"level":"info","message":"🔎 Processando título 115019/B","service":"btg-baixa-titulos-service","timestamp":"2026-05-19T11:30:47.143Z"}
{"level":"info","message":"🌐 Millennium request: GET /MILLENIUM!JOIN_ONEUP.LANCAMENTOS.CONSULTALANCAMENTOS?cnpj=47.485.403%2F0001-31&n_documento=115019%2FB","service":"btg-baixa-titulos-service","timestamp":"2026-05-19T11:30:47.143Z"}
{"lancamento":1434892793,"level":"info","message":"ℹ️ Título 115019/B já estava baixado. Processo ignorado.","service":"btg-baixa-titulos-service","situacao":"BAIXADO","timestamp":"2026-05-19T11:30:47.158Z"}
{"level":"info","message":"🔎 Processando título 115018/C","service":"btg-baixa-titulos-service","timestamp":"2026-05-19T11:30:47.161Z"}
{"level":"info","message":"🌐 Millennium request: GET /MILLENIUM!JOIN_ONEUP.LANCAMENTOS.CONSULTALANCAMENTOS?cnpj=47.485.403%2F0001-31&n_documento=115018%2FC","service":"btg-baixa-titulos-service","timestamp":"2026-05-19T11:30:47.161Z"}
{"lancamento":1434892791,"level":"info","message":"ℹ️ Título 115018/C já estava baixado. Processo ignorado.","service":"btg-baixa-titulos-service","situacao":"BAIXADO","timestamp":"2026-05-19T11:30:47.176Z"}
{"level":"info","message":"🔎 Processando título 115018/B","service":"btg-baixa-titulos-service","timestamp":"2026-05-19T11:30:47.180Z"}
{"level":"info","message":"🌐 Millennium request: GET /MILLENIUM!JOIN_ONEUP.LANCAMENTOS.CONSULTALANCAMENTOS?cnpj=47.485.403%2F0001-31&n_documento=115018%2FB","service":"btg-baixa-titulos-service","timestamp":"2026-05-19T11:30:47.180Z"}
{"lancamento":1434892790,"level":"info","message":"ℹ️ Título 115018/B já estava baixado. Processo ignorado.","service":"btg-baixa-titulos-service","situacao":"BAIXADO","timestamp":"2026-05-19T11:30:47.196Z"}
{"level":"info","message":"🔎 Processando título 115017/C","service":"btg-baixa-titulos-service","timestamp":"2026-05-19T11:30:47.200Z"}
{"level":"info","message":"🌐 Millennium request: GET /MILLENIUM!JOIN_ONEUP.LANCAMENTOS.CONSULTALANCAMENTOS?cnpj=47.485.403%2F0001-31&n_documento=115017%2FC","service":"btg-baixa-titulos-service","timestamp":"2026-05-19T11:30:47.200Z"}
{"lancamento":1434892788,"level":"info","message":"ℹ️ Título 115017/C já estava baixado. Processo ignorado.","service":"btg-baixa-titulos-service","situacao":"BAIXADO","timestamp":"2026-05-19T11:30:47.215Z"}
{"level":"info","message":"🔎 Processando título 115017/B","service":"btg-baixa-titulos-service","timestamp":"2026-05-19T11:30:47.218Z"}
{"level":"info","message":"🌐 Millennium request: GET /MILLENIUM!JOIN_ONEUP.LANCAMENTOS.CONSULTALANCAMENTOS?cnpj=47.485.403%2F0001-31&n_documento=115017%2FB","service":"btg-baixa-titulos-service","timestamp":"2026-05-19T11:30:47.218Z"}
{"lancamento":1434892787,"level":"info","message":"ℹ️ Título 115017/B já estava baixado. Processo ignorado.","service":"btg-baixa-titulos-service","situacao":"BAIXADO","timestamp":"2026-05-19T11:30:47.233Z"}
{"level":"info","message":"🔎 Processando título 114867/C","service":"btg-baixa-titulos-service","timestamp":"2026-05-19T11:30:47.237Z"}
{"level":"info","message":"🌐 Millennium request: GET /MILLENIUM!JOIN_ONEUP.LANCAMENTOS.CONSULTALANCAMENTOS?cnpj=44.999.259%2F0001-63&n_documento=114867%2FC","service":"btg-baixa-titulos-service","timestamp":"2026-05-19T11:30:47.237Z"}
{"lancamento":1434892198,"level":"info","message":"ℹ️ Título 114867/C já estava baixado. Processo ignorado.","service":"btg-baixa-titulos-service","situacao":"BAIXADO","timestamp":"2026-05-19T11:30:47.270Z"}
{"level":"info","message":"🔎 Processando título 114564/C","service":"btg-baixa-titulos-service","timestamp":"2026-05-19T11:30:47.273Z"}
{"level":"info","message":"🌐 Millennium request: GET /MILLENIUM!JOIN_ONEUP.LANCAMENTOS.CONSULTALANCAMENTOS?cnpj=21.067.137%2F0001-33&n_documento=114564%2FC","service":"btg-baixa-titulos-service","timestamp":"2026-05-19T11:30:47.273Z"}
{"lancamento":1434891153,"level":"info","message":"ℹ️ Título 114564/C já estava baixado. Processo ignorado.","service":"btg-baixa-titulos-service","situacao":"BAIXADO","timestamp":"2026-05-19T11:30:47.288Z"}
{"level":"info","message":"🔎 Processando título 79825/C","service":"btg-baixa-titulos-service","timestamp":"2026-05-19T11:30:47.290Z"}
{"level":"info","message":"🌐 Millennium request: GET /MILLENIUM!JOIN_ONEUP.LANCAMENTOS.CONSULTALANCAMENTOS?n_documento=79825%2FC&cpf=208.249.121-87","service":"btg-baixa-titulos-service","timestamp":"2026-05-19T11:30:47.290Z"}
{"lancamento":1434888955,"level":"info","message":"ℹ️ Título 79825/C já estava baixado. Processo ignorado.","service":"btg-baixa-titulos-service","situacao":"BAIXADO","timestamp":"2026-05-19T11:30:47.306Z"}
{"level":"info","message":"🔎 Processando título 116078/B","service":"btg-baixa-titulos-service","timestamp":"2026-05-19T11:30:47.308Z"}
{"level":"info","message":"🌐 Millennium request: GET /MILLENIUM!JOIN_ONEUP.LANCAMENTOS.CONSULTALANCAMENTOS?cnpj=01.934.454%2F0001-00&n_documento=116078%2FB","service":"btg-baixa-titulos-service","timestamp":"2026-05-19T11:30:47.308Z"}
{"lancamento":1434897838,"level":"info","message":"ℹ️ Título 116078/B já estava baixado. Processo ignorado.","service":"btg-baixa-titulos-service","situacao":"BAIXADO","timestamp":"2026-05-19T11:30:47.323Z"}
{"level":"info","message":"🔎 Processando título 114564/B","service":"btg-baixa-titulos-service","timestamp":"2026-05-19T11:30:47.324Z"}
{"level":"info","message":"🌐 Millennium request: GET /MILLENIUM!JOIN_ONEUP.LANCAMENTOS.CONSULTALANCAMENTOS?cnpj=21.067.137%2F0001-33&n_documento=114564%2FB","service":"btg-baixa-titulos-service","timestamp":"2026-05-19T11:30:47.324Z"}
{"lancamento":1434891152,"level":"info","message":"ℹ️ Título 114564/B já estava baixado. Processo ignorado.","service":"btg-baixa-titulos-service","situacao":"BAIXADO","timestamp":"2026-05-19T11:30:47.339Z"}
{"level":"info","message":"🔎 Processando título 116077/A","service":"btg-baixa-titulos-service","timestamp":"2026-05-19T11:30:47.341Z"}
{"level":"info","message":"🌐 Millennium request: GET /MILLENIUM!JOIN_ONEUP.LANCAMENTOS.CONSULTALANCAMENTOS?cnpj=57.408.548%2F0001-92&n_documento=116077%2FA","service":"btg-baixa-titulos-service","timestamp":"2026-05-19T11:30:47.341Z"}
{"lancamento":1434897774,"level":"info","message":"ℹ️ Título 116077/A já estava baixado. Processo ignorado.","service":"btg-baixa-titulos-service","situacao":"BAIXADO","timestamp":"2026-05-19T11:30:47.353Z"}
{"level":"info","message":"🔎 Processando título 114564/A","service":"btg-baixa-titulos-service","timestamp":"2026-05-19T11:30:47.355Z"}
{"level":"info","message":"🌐 Millennium request: GET /MILLENIUM!JOIN_ONEUP.LANCAMENTOS.CONSULTALANCAMENTOS?cnpj=21.067.137%2F0001-33&n_documento=114564%2FA","service":"btg-baixa-titulos-service","timestamp":"2026-05-19T11:30:47.355Z"}
{"lancamento":1434891151,"level":"info","message":"ℹ️ Título 114564/A já estava baixado. Processo ignorado.","service":"btg-baixa-titulos-service","situacao":"BAIXADO","timestamp":"2026-05-19T11:30:47.372Z"}
{"level":"info","message":"🔎 Processando título 79831/B","service":"btg-baixa-titulos-service","timestamp":"2026-05-19T11:30:47.378Z"}
{"level":"info","message":"🌐 Millennium request: GET /MILLENIUM!JOIN_ONEUP.LANCAMENTOS.CONSULTALANCAMENTOS?n_documento=79831%2FB&cpf=208.249.121-87","service":"btg-baixa-titulos-service","timestamp":"2026-05-19T11:30:47.379Z"}
{"lancamento":1434889035,"level":"info","message":"ℹ️ Título 79831/B já estava baixado. Processo ignorado.","service":"btg-baixa-titulos-service","situacao":"BAIXADO","timestamp":"2026-05-19T11:30:47.396Z"}
{"level":"info","message":"🔎 Processando título 79825/B","service":"btg-baixa-titulos-service","timestamp":"2026-05-19T11:30:47.398Z"}
{"level":"info","message":"🌐 Millennium request: GET /MILLENIUM!JOIN_ONEUP.LANCAMENTOS.CONSULTALANCAMENTOS?n_documento=79825%2FB&cpf=208.249.121-87","service":"btg-baixa-titulos-service","timestamp":"2026-05-19T11:30:47.398Z"}
{"lancamento":1434888954,"level":"info","message":"ℹ️ Título 79825/B já estava baixado. Processo ignorado.","service":"btg-baixa-titulos-service","situacao":"BAIXADO","timestamp":"2026-05-19T11:30:47.413Z"}
{"level":"info","message":"🔎 Processando título 79831/A","service":"btg-baixa-titulos-service","timestamp":"2026-05-19T11:30:47.415Z"}
{"level":"info","message":"🌐 Millennium request: GET /MILLENIUM!JOIN_ONEUP.LANCAMENTOS.CONSULTALANCAMENTOS?n_documento=79831%2FA&cpf=208.249.121-87","service":"btg-baixa-titulos-service","timestamp":"2026-05-19T11:30:47.415Z"}
{"lancamento":1434889032,"level":"info","message":"ℹ️ Título 79831/A já estava baixado. Processo ignorado.","service":"btg-baixa-titulos-service","situacao":"BAIXADO","timestamp":"2026-05-19T11:30:47.429Z"}
{"level":"info","message":"🔎 Processando título 79825/A","service":"btg-baixa-titulos-service","timestamp":"2026-05-19T11:30:47.430Z"}
{"level":"info","message":"🌐 Millennium request: GET /MILLENIUM!JOIN_ONEUP.LANCAMENTOS.CONSULTALANCAMENTOS?n_documento=79825%2FA&cpf=208.249.121-87","service":"btg-baixa-titulos-service","timestamp":"2026-05-19T11:30:47.430Z"}
{"lancamento":1434888953,"level":"info","message":"ℹ️ Título 79825/A já estava baixado. Processo ignorado.","service":"btg-baixa-titulos-service","situacao":"BAIXADO","timestamp":"2026-05-19T11:30:47.444Z"}
{"level":"info","message":"🔎 Processando título 116065","service":"btg-baixa-titulos-service","timestamp":"2026-05-19T11:30:47.446Z"}
{"level":"info","message":"🌐 Millennium request: GET /MILLENIUM!JOIN_ONEUP.LANCAMENTOS.CONSULTALANCAMENTOS?cnpj=77.857.555%2F0009-36&n_documento=116065","service":"btg-baixa-titulos-service","timestamp":"2026-05-19T11:30:47.446Z"}
{"lancamento":1434897716,"level":"info","message":"ℹ️ Título 116065 já estava baixado. Processo ignorado.","service":"btg-baixa-titulos-service","situacao":"BAIXADO","timestamp":"2026-05-19T11:30:47.460Z"}
{"level":"info","message":"🔎 Processando título 111992","service":"btg-baixa-titulos-service","timestamp":"2026-05-19T11:30:47.462Z"}
{"level":"info","message":"🌐 Millennium request: GET /MILLENIUM!JOIN_ONEUP.LANCAMENTOS.CONSULTALANCAMENTOS?cnpj=01.009.793%2F0001-72&n_documento=111992","service":"btg-baixa-titulos-service","timestamp":"2026-05-19T11:30:47.462Z"}
{"lancamento":1434875843,"level":"info","message":"ℹ️ Título 111992 já estava baixado. Processo ignorado.","service":"btg-baixa-titulos-service","situacao":"BAIXADO","timestamp":"2026-05-19T11:30:47.476Z"}
{"level":"info","message":"🔎 Processando título 113581/C","service":"btg-baixa-titulos-service","timestamp":"2026-05-19T11:30:47.478Z"}
{"level":"info","message":"🌐 Millennium request: GET /MILLENIUM!JOIN_ONEUP.LANCAMENTOS.CONSULTALANCAMENTOS?cnpj=50.649.490%2F0001-20&n_documento=113581%2FC","service":"btg-baixa-titulos-service","timestamp":"2026-05-19T11:30:47.479Z"}
{"lancamento":1434886240,"level":"info","message":"ℹ️ Título 113581/C já estava baixado. Processo ignorado.","service":"btg-baixa-titulos-service","situacao":"BAIXADO","timestamp":"2026-05-19T11:30:47.617Z"}
{"level":"info","message":"🔎 Processando título 113581/B","service":"btg-baixa-titulos-service","timestamp":"2026-05-19T11:30:47.624Z"}
{"level":"info","message":"🌐 Millennium request: GET /MILLENIUM!JOIN_ONEUP.LANCAMENTOS.CONSULTALANCAMENTOS?cnpj=50.649.490%2F0001-20&n_documento=113581%2FB","service":"btg-baixa-titulos-service","timestamp":"2026-05-19T11:30:47.624Z"}
{"lancamento":1434886239,"level":"info","message":"ℹ️ Título 113581/B já estava baixado. Processo ignorado.","service":"btg-baixa-titulos-service","situacao":"BAIXADO","timestamp":"2026-05-19T11:30:47.641Z"}
{"level":"info","message":"🔎 Processando título 113581/A","service":"btg-baixa-titulos-service","timestamp":"2026-05-19T11:30:47.646Z"}
{"level":"info","message":"🌐 Millennium request: GET /MILLENIUM!JOIN_ONEUP.LANCAMENTOS.CONSULTALANCAMENTOS?cnpj=50.649.490%2F0001-20&n_documento=113581%2FA","service":"btg-baixa-titulos-service","timestamp":"2026-05-19T11:30:47.647Z"}
{"lancamento":1434886238,"level":"info","message":"ℹ️ Título 113581/A já estava baixado. Processo ignorado.","service":"btg-baixa-titulos-service","situacao":"BAIXADO","timestamp":"2026-05-19T11:30:47.665Z"}
{"level":"info","message":"🔎 Processando título 113580/C","service":"btg-baixa-titulos-service","timestamp":"2026-05-19T11:30:47.669Z"}
{"level":"info","message":"🌐 Millennium request: GET /MILLENIUM!JOIN_ONEUP.LANCAMENTOS.CONSULTALANCAMENTOS?cnpj=50.649.490%2F0001-20&n_documento=113580%2FC","service":"btg-baixa-titulos-service","timestamp":"2026-05-19T11:30:47.669Z"}
{"lancamento":1434886236,"level":"info","message":"ℹ️ Título 113580/C já estava baixado. Processo ignorado.","service":"btg-baixa-titulos-service","situacao":"BAIXADO","timestamp":"2026-05-19T11:30:47.688Z"}
{"level":"info","message":"🔎 Processando título 113580/B","service":"btg-baixa-titulos-service","timestamp":"2026-05-19T11:30:47.691Z"}
{"level":"info","message":"🌐 Millennium request: GET /MILLENIUM!JOIN_ONEUP.LANCAMENTOS.CONSULTALANCAMENTOS?cnpj=50.649.490%2F0001-20&n_documento=113580%2FB","service":"btg-baixa-titulos-service","timestamp":"2026-05-19T11:30:47.691Z"}
{"lancamento":1434886235,"level":"info","message":"ℹ️ Título 113580/B já estava baixado. Processo ignorado.","service":"btg-baixa-titulos-service","situacao":"BAIXADO","timestamp":"2026-05-19T11:30:47.707Z"}
{"level":"info","message":"🔎 Processando título 113580/A","service":"btg-baixa-titulos-service","timestamp":"2026-05-19T11:30:47.710Z"}
{"level":"info","message":"🌐 Millennium request: GET /MILLENIUM!JOIN_ONEUP.LANCAMENTOS.CONSULTALANCAMENTOS?cnpj=50.649.490%2F0001-20&n_documento=113580%2FA","service":"btg-baixa-titulos-service","timestamp":"2026-05-19T11:30:47.710Z"}
{"lancamento":1434886234,"level":"info","message":"ℹ️ Título 113580/A já estava baixado. Processo ignorado.","service":"btg-baixa-titulos-service","situacao":"BAIXADO","timestamp":"2026-05-19T11:30:47.725Z"}
{"level":"info","message":"🔎 Processando título 113579/C","service":"btg-baixa-titulos-service","timestamp":"2026-05-19T11:30:47.729Z"}
{"level":"info","message":"🌐 Millennium request: GET /MILLENIUM!JOIN_ONEUP.LANCAMENTOS.CONSULTALANCAMENTOS?cnpj=50.649.490%2F0001-20&n_documento=113579%2FC","service":"btg-baixa-titulos-service","timestamp":"2026-05-19T11:30:47.729Z"}
{"lancamento":1434886228,"level":"info","message":"ℹ️ Título 113579/C já estava baixado. Processo ignorado.","service":"btg-baixa-titulos-service","situacao":"BAIXADO","timestamp":"2026-05-19T11:30:47.760Z"}
{"level":"info","message":"🔎 Processando título 113579/B","service":"btg-baixa-titulos-service","timestamp":"2026-05-19T11:30:47.762Z"}
{"level":"info","message":"🌐 Millennium request: GET /MILLENIUM!JOIN_ONEUP.LANCAMENTOS.CONSULTALANCAMENTOS?cnpj=50.649.490%2F0001-20&n_documento=113579%2FB","service":"btg-baixa-titulos-service","timestamp":"2026-05-19T11:30:47.762Z"}
{"lancamento":1434886227,"level":"info","message":"ℹ️ Título 113579/B já estava baixado. Processo ignorado.","service":"btg-baixa-titulos-service","situacao":"BAIXADO","timestamp":"2026-05-19T11:30:47.779Z"}
{"level":"info","message":"🔎 Processando título 113579/A","service":"btg-baixa-titulos-service","timestamp":"2026-05-19T11:30:47.783Z"}
{"level":"info","message":"🌐 Millennium request: GET /MILLENIUM!JOIN_ONEUP.LANCAMENTOS.CONSULTALANCAMENTOS?cnpj=50.649.490%2F0001-20&n_documento=113579%2FA","service":"btg-baixa-titulos-service","timestamp":"2026-05-19T11:30:47.783Z"}
{"lancamento":1434886226,"level":"info","message":"ℹ️ Título 113579/A já estava baixado. Processo ignorado.","service":"btg-baixa-titulos-service","situacao":"BAIXADO","timestamp":"2026-05-19T11:30:47.804Z"}
{"level":"info","message":"🔎 Processando título 113578/C","service":"btg-baixa-titulos-service","timestamp":"2026-05-19T11:30:47.807Z"}
{"level":"info","message":"🌐 Millennium request: GET /MILLENIUM!JOIN_ONEUP.LANCAMENTOS.CONSULTALANCAMENTOS?cnpj=50.649.490%2F0001-20&n_documento=113578%2FC","service":"btg-baixa-titulos-service","timestamp":"2026-05-19T11:30:47.807Z"}
{"lancamento":1434886212,"level":"info","message":"ℹ️ Título 113578/C já estava baixado. Processo ignorado.","service":"btg-baixa-titulos-service","situacao":"BAIXADO","timestamp":"2026-05-19T11:30:47.823Z"}
{"level":"info","message":"🔎 Processando título 113578/B","service":"btg-baixa-titulos-service","timestamp":"2026-05-19T11:30:47.826Z"}
{"level":"info","message":"🌐 Millennium request: GET /MILLENIUM!JOIN_ONEUP.LANCAMENTOS.CONSULTALANCAMENTOS?cnpj=50.649.490%2F0001-20&n_documento=113578%2FB","service":"btg-baixa-titulos-service","timestamp":"2026-05-19T11:30:47.827Z"}
{"lancamento":1434886211,"level":"info","message":"ℹ️ Título 113578/B já estava baixado. Processo ignorado.","service":"btg-baixa-titulos-service","situacao":"BAIXADO","timestamp":"2026-05-19T11:30:47.840Z"}
{"level":"info","message":"🔎 Processando título 113578/A","service":"btg-baixa-titulos-service","timestamp":"2026-05-19T11:30:47.843Z"}
{"level":"info","message":"🌐 Millennium request: GET /MILLENIUM!JOIN_ONEUP.LANCAMENTOS.CONSULTALANCAMENTOS?cnpj=50.649.490%2F0001-20&n_documento=113578%2FA","service":"btg-baixa-titulos-service","timestamp":"2026-05-19T11:30:47.843Z"}
{"lancamento":1434886210,"level":"info","message":"ℹ️ Título 113578/A já estava baixado. Processo ignorado.","service":"btg-baixa-titulos-service","situacao":"BAIXADO","timestamp":"2026-05-19T11:30:47.857Z"}
{"level":"info","message":"🔎 Processando título 113577/C","service":"btg-baixa-titulos-service","timestamp":"2026-05-19T11:30:47.859Z"}
{"level":"info","message":"🌐 Millennium request: GET /MILLENIUM!JOIN_ONEUP.LANCAMENTOS.CONSULTALANCAMENTOS?cnpj=50.649.490%2F0001-20&n_documento=113577%2FC","service":"btg-baixa-titulos-service","timestamp":"2026-05-19T11:30:47.859Z"}
{"lancamento":1434886206,"level":"info","message":"ℹ️ Título 113577/C já estava baixado. Processo ignorado.","service":"btg-baixa-titulos-service","situacao":"BAIXADO","timestamp":"2026-05-19T11:30:47.874Z"}
{"level":"info","message":"🔎 Processando título 113577/B","service":"btg-baixa-titulos-service","timestamp":"2026-05-19T11:30:47.877Z"}
{"level":"info","message":"🌐 Millennium request: GET /MILLENIUM!JOIN_ONEUP.LANCAMENTOS.CONSULTALANCAMENTOS?cnpj=50.649.490%2F0001-20&n_documento=113577%2FB","service":"btg-baixa-titulos-service","timestamp":"2026-05-19T11:30:47.877Z"}
{"lancamento":1434886205,"level":"info","message":"ℹ️ Título 113577/B já estava baixado. Processo ignorado.","service":"btg-baixa-titulos-service","situacao":"BAIXADO","timestamp":"2026-05-19T11:30:47.894Z"}
{"level":"info","message":"🔎 Processando título 113577/A","service":"btg-baixa-titulos-service","timestamp":"2026-05-19T11:30:47.896Z"}
{"level":"info","message":"🌐 Millennium request: GET /MILLENIUM!JOIN_ONEUP.LANCAMENTOS.CONSULTALANCAMENTOS?cnpj=50.649.490%2F0001-20&n_documento=113577%2FA","service":"btg-baixa-titulos-service","timestamp":"2026-05-19T11:30:47.896Z"}
{"lancamento":1434886204,"level":"info","message":"ℹ️ Título 113577/A já estava baixado. Processo ignorado.","service":"btg-baixa-titulos-service","situacao":"BAIXADO","timestamp":"2026-05-19T11:30:47.912Z"}
{"level":"info","message":"🔎 Processando título 113576/C","service":"btg-baixa-titulos-service","timestamp":"2026-05-19T11:30:47.918Z"}
{"level":"info","message":"🌐 Millennium request: GET /MILLENIUM!JOIN_ONEUP.LANCAMENTOS.CONSULTALANCAMENTOS?cnpj=50.649.490%2F0001-20&n_documento=113576%2FC","service":"btg-baixa-titulos-service","timestamp":"2026-05-19T11:30:47.918Z"}
{"lancamento":1434886200,"level":"info","message":"ℹ️ Título 113576/C já estava baixado. Processo ignorado.","service":"btg-baixa-titulos-service","situacao":"BAIXADO","timestamp":"2026-05-19T11:30:47.932Z"}
{"level":"info","message":"🔎 Processando título 113576/B","service":"btg-baixa-titulos-service","timestamp":"2026-05-19T11:30:47.935Z"}
{"level":"info","message":"🌐 Millennium request: GET /MILLENIUM!JOIN_ONEUP.LANCAMENTOS.CONSULTALANCAMENTOS?cnpj=50.649.490%2F0001-20&n_documento=113576%2FB","service":"btg-baixa-titulos-service","timestamp":"2026-05-19T11:30:47.935Z"}
{"lancamento":1434886199,"level":"info","message":"ℹ️ Título 113576/B já estava baixado. Processo ignorado.","service":"btg-baixa-titulos-service","situacao":"BAIXADO","timestamp":"2026-05-19T11:30:47.949Z"}
{"level":"info","message":"🔎 Processando título 113576/A","service":"btg-baixa-titulos-service","timestamp":"2026-05-19T11:30:47.952Z"}
{"level":"info","message":"🌐 Millennium request: GET /MILLENIUM!JOIN_ONEUP.LANCAMENTOS.CONSULTALANCAMENTOS?cnpj=50.649.490%2F0001-20&n_documento=113576%2FA","service":"btg-baixa-titulos-service","timestamp":"2026-05-19T11:30:47.952Z"}
{"lancamento":1434886198,"level":"info","message":"ℹ️ Título 113576/A já estava baixado. Processo ignorado.","service":"btg-baixa-titulos-service","situacao":"BAIXADO","timestamp":"2026-05-19T11:30:47.968Z"}
{"level":"info","message":"🔎 Processando título 113575/C","service":"btg-baixa-titulos-service","timestamp":"2026-05-19T11:30:47.971Z"}
{"level":"info","message":"🌐 Millennium request: GET /MILLENIUM!JOIN_ONEUP.LANCAMENTOS.CONSULTALANCAMENTOS?cnpj=50.649.490%2F0001-20&n_documento=113575%2FC","service":"btg-baixa-titulos-service","timestamp":"2026-05-19T11:30:47.971Z"}
{"lancamento":1434886196,"level":"info","message":"ℹ️ Título 113575/C já estava baixado. Processo ignorado.","service":"btg-baixa-titulos-service","situacao":"BAIXADO","timestamp":"2026-05-19T11:30:47.985Z"}
{"level":"info","message":"🔎 Processando título 113575/B","service":"btg-baixa-titulos-service","timestamp":"2026-05-19T11:30:47.988Z"}
{"level":"info","message":"🌐 Millennium request: GET /MILLENIUM!JOIN_ONEUP.LANCAMENTOS.CONSULTALANCAMENTOS?cnpj=50.649.490%2F0001-20&n_documento=113575%2FB","service":"btg-baixa-titulos-service","timestamp":"2026-05-19T11:30:47.988Z"}
{"lancamento":1434886195,"level":"info","message":"ℹ️ Título 113575/B já estava baixado. Processo ignorado.","service":"btg-baixa-titulos-service","situacao":"BAIXADO","timestamp":"2026-05-19T11:30:48.002Z"}
{"level":"info","message":"🔎 Processando título 113575/A","service":"btg-baixa-titulos-service","timestamp":"2026-05-19T11:30:48.005Z"}
{"level":"info","message":"🌐 Millennium request: GET /MILLENIUM!JOIN_ONEUP.LANCAMENTOS.CONSULTALANCAMENTOS?cnpj=50.649.490%2F0001-20&n_documento=113575%2FA","service":"btg-baixa-titulos-service","timestamp":"2026-05-19T11:30:48.006Z"}
{"lancamento":1434886194,"level":"info","message":"ℹ️ Título 113575/A já estava baixado. Processo ignorado.","service":"btg-baixa-titulos-service","situacao":"BAIXADO","timestamp":"2026-05-19T11:30:48.020Z"}
{"level":"info","message":"🔎 Processando título 113574/C","service":"btg-baixa-titulos-service","timestamp":"2026-05-19T11:30:48.023Z"}
{"level":"info","message":"🌐 Millennium request: GET /MILLENIUM!JOIN_ONEUP.LANCAMENTOS.CONSULTALANCAMENTOS?cnpj=50.649.490%2F0001-20&n_documento=113574%2FC","service":"btg-baixa-titulos-service","timestamp":"2026-05-19T11:30:48.023Z"}
{"lancamento":1434886192,"level":"info","message":"ℹ️ Título 113574/C já estava baixado. Processo ignorado.","service":"btg-baixa-titulos-service","situacao":"BAIXADO","timestamp":"2026-05-19T11:30:48.041Z"}
{"level":"info","message":"🔎 Processando título 113574/B","service":"btg-baixa-titulos-service","timestamp":"2026-05-19T11:30:48.044Z"}
{"level":"info","message":"🌐 Millennium request: GET /MILLENIUM!JOIN_ONEUP.LANCAMENTOS.CONSULTALANCAMENTOS?cnpj=50.649.490%2F0001-20&n_documento=113574%2FB","service":"btg-baixa-titulos-service","timestamp":"2026-05-19T11:30:48.045Z"}
{"lancamento":1434886191,"level":"info","message":"ℹ️ Título 113574/B já estava baixado. Processo ignorado.","service":"btg-baixa-titulos-service","situacao":"BAIXADO","timestamp":"2026-05-19T11:30:48.143Z"}
{"level":"info","message":"🔎 Processando título 113574/A","service":"btg-baixa-titulos-service","timestamp":"2026-05-19T11:30:48.148Z"}
{"level":"info","message":"🌐 Millennium request: GET /MILLENIUM!JOIN_ONEUP.LANCAMENTOS.CONSULTALANCAMENTOS?cnpj=50.649.490%2F0001-20&n_documento=113574%2FA","service":"btg-baixa-titulos-service","timestamp":"2026-05-19T11:30:48.148Z"}
{"lancamento":1434886190,"level":"info","message":"ℹ️ Título 113574/A já estava baixado. Processo ignorado.","service":"btg-baixa-titulos-service","situacao":"BAIXADO","timestamp":"2026-05-19T11:30:48.164Z"}
{"level":"info","message":"🔎 Processando título 113573/C","service":"btg-baixa-titulos-service","timestamp":"2026-05-19T11:30:48.169Z"}
{"level":"info","message":"🌐 Millennium request: GET /MILLENIUM!JOIN_ONEUP.LANCAMENTOS.CONSULTALANCAMENTOS?cnpj=50.649.490%2F0001-20&n_documento=113573%2FC","service":"btg-baixa-titulos-service","timestamp":"2026-05-19T11:30:48.169Z"}
{"lancamento":1434886189,"level":"info","message":"ℹ️ Título 113573/C já estava baixado. Processo ignorado.","service":"btg-baixa-titulos-service","situacao":"BAIXADO","timestamp":"2026-05-19T11:30:48.185Z"}
{"level":"info","message":"🔎 Processando título 113573/B","service":"btg-baixa-titulos-service","timestamp":"2026-05-19T11:30:48.190Z"}
{"level":"info","message":"🌐 Millennium request: GET /MILLENIUM!JOIN_ONEUP.LANCAMENTOS.CONSULTALANCAMENTOS?cnpj=50.649.490%2F0001-20&n_documento=113573%2FB","service":"btg-baixa-titulos-service","timestamp":"2026-05-19T11:30:48.190Z"}
{"lancamento":1434886188,"level":"info","message":"ℹ️ Título 113573/B já estava baixado. Processo ignorado.","service":"btg-baixa-titulos-service","situacao":"BAIXADO","timestamp":"2026-05-19T11:30:48.205Z"}
{"level":"info","message":"🔎 Processando título 113573/A","service":"btg-baixa-titulos-service","timestamp":"2026-05-19T11:30:48.211Z"}
{"level":"info","message":"🌐 Millennium request: GET /MILLENIUM!JOIN_ONEUP.LANCAMENTOS.CONSULTALANCAMENTOS?cnpj=50.649.490%2F0001-20&n_documento=113573%2FA","service":"btg-baixa-titulos-service","timestamp":"2026-05-19T11:30:48.211Z"}
{"lancamento":1434886187,"level":"info","message":"ℹ️ Título 113573/A já estava baixado. Processo ignorado.","service":"btg-baixa-titulos-service","situacao":"BAIXADO","timestamp":"2026-05-19T11:30:48.229Z"}
{"level":"info","message":"🔎 Processando título 38105/B","service":"btg-baixa-titulos-service","timestamp":"2026-05-19T11:30:48.235Z"}
{"level":"info","message":"🌐 Millennium request: GET /MILLENIUM!JOIN_ONEUP.LANCAMENTOS.CONSULTALANCAMENTOS?n_documento=38105%2FB&cpf=231.048.214-53","service":"btg-baixa-titulos-service","timestamp":"2026-05-19T11:30:48.235Z"}
{"lancamento":1434883535,"level":"info","message":"ℹ️ Título 38105/B já estava baixado. Processo ignorado.","service":"btg-baixa-titulos-service","situacao":"BAIXADO","timestamp":"2026-05-19T11:30:48.255Z"}
{"level":"info","message":"🔎 Processando título 38105/A","service":"btg-baixa-titulos-service","timestamp":"2026-05-19T11:30:48.261Z"}
{"level":"info","message":"🌐 Millennium request: GET /MILLENIUM!JOIN_ONEUP.LANCAMENTOS.CONSULTALANCAMENTOS?n_documento=38105%2FA&cpf=231.048.214-53","service":"btg-baixa-titulos-service","timestamp":"2026-05-19T11:30:48.261Z"}
{"lancamento":1434883534,"level":"info","message":"ℹ️ Título 38105/A já estava baixado. Processo ignorado.","service":"btg-baixa-titulos-service","situacao":"BAIXADO","timestamp":"2026-05-19T11:30:48.278Z"}
{"level":"info","message":"🔎 Processando título 113474/D","service":"btg-baixa-titulos-service","timestamp":"2026-05-19T11:30:48.283Z"}
{"level":"info","message":"🌐 Millennium request: GET /MILLENIUM!JOIN_ONEUP.LANCAMENTOS.CONSULTALANCAMENTOS?cnpj=57.408.548%2F0001-92&n_documento=113474%2FD","service":"btg-baixa-titulos-service","timestamp":"2026-05-19T11:30:48.284Z"}
{"lancamento":1434884928,"level":"info","message":"ℹ️ Título 113474/D já estava baixado. Processo ignorado.","service":"btg-baixa-titulos-service","situacao":"BAIXADO","timestamp":"2026-05-19T11:30:48.299Z"}
{"level":"info","message":"🔎 Processando título 113474/C","service":"btg-baixa-titulos-service","timestamp":"2026-05-19T11:30:48.304Z"}
{"level":"info","message":"🌐 Millennium request: GET /MILLENIUM!JOIN_ONEUP.LANCAMENTOS.CONSULTALANCAMENTOS?cnpj=57.408.548%2F0001-92&n_documento=113474%2FC","service":"btg-baixa-titulos-service","timestamp":"2026-05-19T11:30:48.304Z"}
{"lancamento":1434884927,"level":"info","message":"ℹ️ Título 113474/C já estava baixado. Processo ignorado.","service":"btg-baixa-titulos-service","situacao":"BAIXADO","timestamp":"2026-05-19T11:30:48.318Z"}
{"level":"info","message":"🔎 Processando título 113474/B","service":"btg-baixa-titulos-service","timestamp":"2026-05-19T11:30:48.323Z"}
{"level":"info","message":"🌐 Millennium request: GET /MILLENIUM!JOIN_ONEUP.LANCAMENTOS.CONSULTALANCAMENTOS?cnpj=57.408.548%2F0001-92&n_documento=113474%2FB","service":"btg-baixa-titulos-service","timestamp":"2026-05-19T11:30:48.323Z"}
{"lancamento":1434884926,"level":"info","message":"ℹ️ Título 113474/B já estava baixado. Processo ignorado.","service":"btg-baixa-titulos-service","situacao":"BAIXADO","timestamp":"2026-05-19T11:30:48.338Z"}
{"level":"info","message":"🔎 Processando título 113474/A","service":"btg-baixa-titulos-service","timestamp":"2026-05-19T11:30:48.342Z"}
{"level":"info","message":"🌐 Millennium request: GET /MILLENIUM!JOIN_ONEUP.LANCAMENTOS.CONSULTALANCAMENTOS?cnpj=57.408.548%2F0001-92&n_documento=113474%2FA","service":"btg-baixa-titulos-service","timestamp":"2026-05-19T11:30:48.342Z"}
{"lancamento":1434884925,"level":"info","message":"ℹ️ Título 113474/A já estava baixado. Processo ignorado.","service":"btg-baixa-titulos-service","situacao":"BAIXADO","timestamp":"2026-05-19T11:30:48.364Z"}
{"level":"info","message":"🔎 Processando título 113329/D","service":"btg-baixa-titulos-service","timestamp":"2026-05-19T11:30:48.368Z"}
{"level":"info","message":"🌐 Millennium request: GET /MILLENIUM!JOIN_ONEUP.LANCAMENTOS.CONSULTALANCAMENTOS?cnpj=57.408.548%2F0001-92&n_documento=113329%2FD","service":"btg-baixa-titulos-service","timestamp":"2026-05-19T11:30:48.368Z"}
{"lancamento":1434884028,"level":"info","message":"ℹ️ Título 113329/D já estava baixado. Processo ignorado.","service":"btg-baixa-titulos-service","situacao":"BAIXADO","timestamp":"2026-05-19T11:30:48.383Z"}
{"level":"info","message":"🔎 Processando título 113329/C","service":"btg-baixa-titulos-service","timestamp":"2026-05-19T11:30:48.387Z"}
{"level":"info","message":"🌐 Millennium request: GET /MILLENIUM!JOIN_ONEUP.LANCAMENTOS.CONSULTALANCAMENTOS?cnpj=57.408.548%2F0001-92&n_documento=113329%2FC","service":"btg-baixa-titulos-service","timestamp":"2026-05-19T11:30:48.387Z"}
{"lancamento":1434884027,"level":"info","message":"ℹ️ Título 113329/C já estava baixado. Processo ignorado.","service":"btg-baixa-titulos-service","situacao":"BAIXADO","timestamp":"2026-05-19T11:30:48.401Z"}
{"level":"info","message":"🔎 Processando título 113329/B","service":"btg-baixa-titulos-service","timestamp":"2026-05-19T11:30:48.405Z"}
{"level":"info","message":"🌐 Millennium request: GET /MILLENIUM!JOIN_ONEUP.LANCAMENTOS.CONSULTALANCAMENTOS?cnpj=57.408.548%2F0001-92&n_documento=113329%2FB","service":"btg-baixa-titulos-service","timestamp":"2026-05-19T11:30:48.405Z"}
{"lancamento":1434884026,"level":"info","message":"ℹ️ Título 113329/B já estava baixado. Processo ignorado.","service":"btg-baixa-titulos-service","situacao":"BAIXADO","timestamp":"2026-05-19T11:30:48.419Z"}
{"level":"info","message":"🔎 Processando título 113329/A","service":"btg-baixa-titulos-service","timestamp":"2026-05-19T11:30:48.422Z"}
{"level":"info","message":"🌐 Millennium request: GET /MILLENIUM!JOIN_ONEUP.LANCAMENTOS.CONSULTALANCAMENTOS?cnpj=57.408.548%2F0001-92&n_documento=113329%2FA","service":"btg-baixa-titulos-service","timestamp":"2026-05-19T11:30:48.422Z"}
{"lancamento":1434884025,"level":"info","message":"ℹ️ Título 113329/A já estava baixado. Processo ignorado.","service":"btg-baixa-titulos-service","situacao":"BAIXADO","timestamp":"2026-05-19T11:30:48.436Z"}
{"level":"info","message":"🔎 Processando título 113269/D","service":"btg-baixa-titulos-service","timestamp":"2026-05-19T11:30:48.439Z"}
{"level":"info","message":"🌐 Millennium request: GET /MILLENIUM!JOIN_ONEUP.LANCAMENTOS.CONSULTALANCAMENTOS?cnpj=57.408.548%2F0001-92&n_documento=113269%2FD","service":"btg-baixa-titulos-service","timestamp":"2026-05-19T11:30:48.439Z"}
{"lancamento":1434882837,"level":"info","message":"ℹ️ Título 113269/D já estava baixado. Processo ignorado.","service":"btg-baixa-titulos-service","situacao":"BAIXADO","timestamp":"2026-05-19T11:30:48.454Z"}
{"level":"info","message":"🔎 Processando título 113269/C","service":"btg-baixa-titulos-service","timestamp":"2026-05-19T11:30:48.456Z"}
{"level":"info","message":"🌐 Millennium request: GET /MILLENIUM!JOIN_ONEUP.LANCAMENTOS.CONSULTALANCAMENTOS?cnpj=57.408.548%2F0001-92&n_documento=113269%2FC","service":"btg-baixa-titulos-service","timestamp":"2026-05-19T11:30:48.456Z"}
{"lancamento":1434882836,"level":"info","message":"ℹ️ Título 113269/C já estava baixado. Processo ignorado.","service":"btg-baixa-titulos-service","situacao":"BAIXADO","timestamp":"2026-05-19T11:30:48.471Z"}
{"level":"info","message":"🔎 Processando título 113269/B","service":"btg-baixa-titulos-service","timestamp":"2026-05-19T11:30:48.473Z"}
{"level":"info","message":"🌐 Millennium request: GET /MILLENIUM!JOIN_ONEUP.LANCAMENTOS.CONSULTALANCAMENTOS?cnpj=57.408.548%2F0001-92&n_documento=113269%2FB","service":"btg-baixa-titulos-service","timestamp":"2026-05-19T11:30:48.473Z"}
{"lancamento":1434882835,"level":"info","message":"ℹ️ Título 113269/B já estava baixado. Processo ignorado.","service":"btg-baixa-titulos-service","situacao":"BAIXADO","timestamp":"2026-05-19T11:30:48.486Z"}
{"level":"info","message":"🔎 Processando título 113269/A","service":"btg-baixa-titulos-service","timestamp":"2026-05-19T11:30:48.488Z"}
{"level":"info","message":"🌐 Millennium request: GET /MILLENIUM!JOIN_ONEUP.LANCAMENTOS.CONSULTALANCAMENTOS?cnpj=57.408.548%2F0001-92&n_documento=113269%2FA","service":"btg-baixa-titulos-service","timestamp":"2026-05-19T11:30:48.489Z"}
{"lancamento":1434882834,"level":"info","message":"ℹ️ Título 113269/A já estava baixado. Processo ignorado.","service":"btg-baixa-titulos-service","situacao":"BAIXADO","timestamp":"2026-05-19T11:30:48.503Z"}
{"level":"info","message":"🔎 Processando título 113264/D","service":"btg-baixa-titulos-service","timestamp":"2026-05-19T11:30:48.505Z"}
{"level":"info","message":"🌐 Millennium request: GET /MILLENIUM!JOIN_ONEUP.LANCAMENTOS.CONSULTALANCAMENTOS?cnpj=57.408.548%2F0001-92&n_documento=113264%2FD","service":"btg-baixa-titulos-service","timestamp":"2026-05-19T11:30:48.505Z"}
{"lancamento":1434882821,"level":"info","message":"ℹ️ Título 113264/D já estava baixado. Processo ignorado.","service":"btg-baixa-titulos-service","situacao":"BAIXADO","timestamp":"2026-05-19T11:30:48.520Z"}
{"level":"info","message":"🔎 Processando título 113264/C","service":"btg-baixa-titulos-service","timestamp":"2026-05-19T11:30:48.523Z"}
{"level":"info","message":"🌐 Millennium request: GET /MILLENIUM!JOIN_ONEUP.LANCAMENTOS.CONSULTALANCAMENTOS?cnpj=57.408.548%2F0001-92&n_documento=113264%2FC","service":"btg-baixa-titulos-service","timestamp":"2026-05-19T11:30:48.523Z"}
{"lancamento":1434882820,"level":"info","message":"ℹ️ Título 113264/C já estava baixado. Processo ignorado.","service":"btg-baixa-titulos-service","situacao":"BAIXADO","timestamp":"2026-05-19T11:30:48.539Z"}
{"level":"info","message":"🔎 Processando título 113264/B","service":"btg-baixa-titulos-service","timestamp":"2026-05-19T11:30:48.541Z"}
{"level":"info","message":"🌐 Millennium request: GET /MILLENIUM!JOIN_ONEUP.LANCAMENTOS.CONSULTALANCAMENTOS?cnpj=57.408.548%2F0001-92&n_documento=113264%2FB","service":"btg-baixa-titulos-service","timestamp":"2026-05-19T11:30:48.541Z"}
{"lancamento":1434882819,"level":"info","message":"ℹ️ Título 113264/B já estava baixado. Processo ignorado.","service":"btg-baixa-titulos-service","situacao":"BAIXADO","timestamp":"2026-05-19T11:30:48.552Z"}
{"level":"info","message":"🔎 Processando título 113264/A","service":"btg-baixa-titulos-service","timestamp":"2026-05-19T11:30:48.554Z"}
{"level":"info","message":"🌐 Millennium request: GET /MILLENIUM!JOIN_ONEUP.LANCAMENTOS.CONSULTALANCAMENTOS?cnpj=57.408.548%2F0001-92&n_documento=113264%2FA","service":"btg-baixa-titulos-service","timestamp":"2026-05-19T11:30:48.554Z"}
{"lancamento":1434882818,"level":"info","message":"ℹ️ Título 113264/A já estava baixado. Processo ignorado.","service":"btg-baixa-titulos-service","situacao":"BAIXADO","timestamp":"2026-05-19T11:30:48.570Z"}
{"level":"info","message":"🔎 Processando título 112947/D","service":"btg-baixa-titulos-service","timestamp":"2026-05-19T11:30:48.573Z"}
{"level":"info","message":"🌐 Millennium request: GET /MILLENIUM!JOIN_ONEUP.LANCAMENTOS.CONSULTALANCAMENTOS?cnpj=57.408.548%2F0001-92&n_documento=112947%2FD","service":"btg-baixa-titulos-service","timestamp":"2026-05-19T11:30:48.573Z"}
{"lancamento":1434881462,"level":"info","message":"ℹ️ Título 112947/D já estava baixado. Processo ignorado.","service":"btg-baixa-titulos-service","situacao":"BAIXADO","timestamp":"2026-05-19T11:30:48.676Z"}
{"level":"info","message":"🔎 Processando título 112947/C","service":"btg-baixa-titulos-service","timestamp":"2026-05-19T11:30:48.682Z"}
{"level":"info","message":"🌐 Millennium request: GET /MILLENIUM!JOIN_ONEUP.LANCAMENTOS.CONSULTALANCAMENTOS?cnpj=57.408.548%2F0001-92&n_documento=112947%2FC","service":"btg-baixa-titulos-service","timestamp":"2026-05-19T11:30:48.682Z"}
{"lancamento":1434881461,"level":"info","message":"ℹ️ Título 112947/C já estava baixado. Processo ignorado.","service":"btg-baixa-titulos-service","situacao":"BAIXADO","timestamp":"2026-05-19T11:30:48.699Z"}
{"level":"info","message":"🔎 Processando título 112947/B","service":"btg-baixa-titulos-service","timestamp":"2026-05-19T11:30:48.704Z"}
{"level":"info","message":"🌐 Millennium request: GET /MILLENIUM!JOIN_ONEUP.LANCAMENTOS.CONSULTALANCAMENTOS?cnpj=57.408.548%2F0001-92&n_documento=112947%2FB","service":"btg-baixa-titulos-service","timestamp":"2026-05-19T11:30:48.704Z"}
{"lancamento":1434881460,"level":"info","message":"ℹ️ Título 112947/B já estava baixado. Processo ignorado.","service":"btg-baixa-titulos-service","situacao":"BAIXADO","timestamp":"2026-05-19T11:30:48.719Z"}
{"level":"info","message":"🔎 Processando título 112947/A","service":"btg-baixa-titulos-service","timestamp":"2026-05-19T11:30:48.725Z"}
{"level":"info","message":"🌐 Millennium request: GET /MILLENIUM!JOIN_ONEUP.LANCAMENTOS.CONSULTALANCAMENTOS?cnpj=57.408.548%2F0001-92&n_documento=112947%2FA","service":"btg-baixa-titulos-service","timestamp":"2026-05-19T11:30:48.726Z"}
{"lancamento":1434881459,"level":"info","message":"ℹ️ Título 112947/A já estava baixado. Processo ignorado.","service":"btg-baixa-titulos-service","situacao":"BAIXADO","timestamp":"2026-05-19T11:30:48.744Z"}
{"level":"info","message":"🔎 Processando título 112761/C","service":"btg-baixa-titulos-service","timestamp":"2026-05-19T11:30:48.749Z"}
{"level":"info","message":"🌐 Millennium request: GET /MILLENIUM!JOIN_ONEUP.LANCAMENTOS.CONSULTALANCAMENTOS?cnpj=21.067.137%2F0001-33&n_documento=112761%2FC","service":"btg-baixa-titulos-service","timestamp":"2026-05-19T11:30:48.750Z"}
{"lancamento":1434880541,"level":"info","message":"ℹ️ Título 112761/C já estava baixado. Processo ignorado.","service":"btg-baixa-titulos-service","situacao":"BAIXADO","timestamp":"2026-05-19T11:30:48.766Z"}
{"level":"info","message":"🔎 Processando título 112761/B","service":"btg-baixa-titulos-service","timestamp":"2026-05-19T11:30:48.773Z"}
{"level":"info","message":"🌐 Millennium request: GET /MILLENIUM!JOIN_ONEUP.LANCAMENTOS.CONSULTALANCAMENTOS?cnpj=21.067.137%2F0001-33&n_documento=112761%2FB","service":"btg-baixa-titulos-service","timestamp":"2026-05-19T11:30:48.773Z"}
{"lancamento":1434880540,"level":"info","message":"ℹ️ Título 112761/B já estava baixado. Processo ignorado.","service":"btg-baixa-titulos-service","situacao":"BAIXADO","timestamp":"2026-05-19T11:30:48.789Z"}
{"level":"info","message":"🔎 Processando título 112761/A","service":"btg-baixa-titulos-service","timestamp":"2026-05-19T11:30:48.792Z"}
{"level":"info","message":"🌐 Millennium request: GET /MILLENIUM!JOIN_ONEUP.LANCAMENTOS.CONSULTALANCAMENTOS?cnpj=21.067.137%2F0001-33&n_documento=112761%2FA","service":"btg-baixa-titulos-service","timestamp":"2026-05-19T11:30:48.793Z"}
{"lancamento":1434880539,"level":"info","message":"ℹ️ Título 112761/A já estava baixado. Processo ignorado.","service":"btg-baixa-titulos-service","situacao":"BAIXADO","timestamp":"2026-05-19T11:30:48.805Z"}
{"level":"info","message":"🔎 Processando título 113263/E","service":"btg-baixa-titulos-service","timestamp":"2026-05-19T11:30:48.809Z"}
{"level":"info","message":"🌐 Millennium request: GET /MILLENIUM!JOIN_ONEUP.LANCAMENTOS.CONSULTALANCAMENTOS?cnpj=73.652.158%2F0001-10&n_documento=113263%2FE","service":"btg-baixa-titulos-service","timestamp":"2026-05-19T11:30:48.809Z"}
{"lancamento":1434882810,"level":"info","message":"📝 Atualizando título 113263/E","payload":{"lancamento":1434882810,"linhaDigitavel":"20890050091861427486010031005803114500000007680","nossoNumero":"82727486142748610","valorJuros":0},"service":"btg-baixa-titulos-service","timestamp":"2026-05-19T11:30:48.822Z"}
{"level":"info","message":"🌐 Millennium request: POST /MILLENIUM!JOIN_ONEUP.LANCAMENTOS.INSEREINFO","service":"btg-baixa-titulos-service","timestamp":"2026-05-19T11:30:48.822Z"}
{"lancamento":1434882810,"level":"info","message":"✅ Título atualizado com sucesso","numeroDocumento":"113263/E","service":"btg-baixa-titulos-service","timestamp":"2026-05-19T11:30:48.847Z","transId":340478880}
{"lancamento":1434882810,"level":"info","message":"💰 Iniciando baixa do título 113263/E","payload":{"CONCILIADO":true,"CONTA":1431333549,"DATA_PAGAMENTO":"2026-05-18","EFETUADO":true,"FILIAL":5,"GERA_OUTRO":false,"LANCAMENTO":1434882810,"OBS":"2026-05-19T11:30:48.847Z - Baixa por retorno automacao importacao excel","STATUS_BAIXA":"N","VALOR":76.8,"acres_decres":0,"valor_pago":76.8},"service":"btg-baixa-titulos-service","timestamp":"2026-05-19T11:30:48.847Z"}
{"dataPagamento":"2026-05-18","level":"info","message":"📅 Payload da baixa","service":"btg-baixa-titulos-service","timestamp":"2026-05-19T11:30:48.847Z"}
{"level":"info","message":"🌐 Millennium request: POST /millenium/titulos/baixa","service":"btg-baixa-titulos-service","timestamp":"2026-05-19T11:30:48.847Z"}
{"baixa":1435953821,"level":"info","message":"✅ Título baixado com sucesso","numeroDocumento":"113263/E","service":"btg-baixa-titulos-service","timestamp":"2026-05-19T11:30:48.942Z","valor":76.8}
{"level":"info","message":"✅ Fluxo concluído para 113263/E","service":"btg-baixa-titulos-service","timestamp":"2026-05-19T11:30:48.943Z"}
{"level":"info","message":"🔎 Processando título 113263/D","service":"btg-baixa-titulos-service","timestamp":"2026-05-19T11:30:48.948Z"}
{"level":"info","message":"🌐 Millennium request: GET /MILLENIUM!JOIN_ONEUP.LANCAMENTOS.CONSULTALANCAMENTOS?cnpj=73.652.158%2F0001-10&n_documento=113263%2FD","service":"btg-baixa-titulos-service","timestamp":"2026-05-19T11:30:48.948Z"}
{"lancamento":1434882809,"level":"info","message":"ℹ️ Título 113263/D já estava baixado. Processo ignorado.","service":"btg-baixa-titulos-service","situacao":"BAIXADO","timestamp":"2026-05-19T11:30:48.976Z"}
{"level":"info","message":"🔎 Processando título 113263/C","service":"btg-baixa-titulos-service","timestamp":"2026-05-19T11:30:48.981Z"}
{"level":"info","message":"🌐 Millennium request: GET /MILLENIUM!JOIN_ONEUP.LANCAMENTOS.CONSULTALANCAMENTOS?cnpj=73.652.158%2F0001-10&n_documento=113263%2FC","service":"btg-baixa-titulos-service","timestamp":"2026-05-19T11:30:48.981Z"}
{"lancamento":1434882808,"level":"info","message":"ℹ️ Título 113263/C já estava baixado. Processo ignorado.","service":"btg-baixa-titulos-service","situacao":"BAIXADO","timestamp":"2026-05-19T11:30:48.996Z"}
{"level":"info","message":"🔎 Processando título 113263/B","service":"btg-baixa-titulos-service","timestamp":"2026-05-19T11:30:49.002Z"}
{"level":"info","message":"🌐 Millennium request: GET /MILLENIUM!JOIN_ONEUP.LANCAMENTOS.CONSULTALANCAMENTOS?cnpj=73.652.158%2F0001-10&n_documento=113263%2FB","service":"btg-baixa-titulos-service","timestamp":"2026-05-19T11:30:49.002Z"}
{"lancamento":1434882807,"level":"info","message":"ℹ️ Título 113263/B já estava baixado. Processo ignorado.","service":"btg-baixa-titulos-service","situacao":"BAIXADO","timestamp":"2026-05-19T11:30:49.016Z"}
{"level":"info","message":"🔎 Processando título 113263/A","service":"btg-baixa-titulos-service","timestamp":"2026-05-19T11:30:49.021Z"}
{"level":"info","message":"🌐 Millennium request: GET /MILLENIUM!JOIN_ONEUP.LANCAMENTOS.CONSULTALANCAMENTOS?cnpj=73.652.158%2F0001-10&n_documento=113263%2FA","service":"btg-baixa-titulos-service","timestamp":"2026-05-19T11:30:49.021Z"}
{"lancamento":1434882806,"level":"info","message":"ℹ️ Título 113263/A já estava baixado. Processo ignorado.","service":"btg-baixa-titulos-service","situacao":"BAIXADO","timestamp":"2026-05-19T11:30:49.038Z"}
{"level":"info","message":"🔎 Processando título 112648/E","service":"btg-baixa-titulos-service","timestamp":"2026-05-19T11:30:49.043Z"}
{"level":"info","message":"🌐 Millennium request: GET /MILLENIUM!JOIN_ONEUP.LANCAMENTOS.CONSULTALANCAMENTOS?cnpj=03.247.651%2F0001-79&n_documento=112648%2FE","service":"btg-baixa-titulos-service","timestamp":"2026-05-19T11:30:49.043Z"}
{"lancamento":1434880183,"level":"info","message":"ℹ️ Título 112648/E já estava baixado. Processo ignorado.","service":"btg-baixa-titulos-service","situacao":"BAIXADO","timestamp":"2026-05-19T11:30:49.058Z"}
{"level":"info","message":"🔎 Processando título 112648/D","service":"btg-baixa-titulos-service","timestamp":"2026-05-19T11:30:49.063Z"}
{"level":"info","message":"🌐 Millennium request: GET /MILLENIUM!JOIN_ONEUP.LANCAMENTOS.CONSULTALANCAMENTOS?cnpj=03.247.651%2F0001-79&n_documento=112648%2FD","service":"btg-baixa-titulos-service","timestamp":"2026-05-19T11:30:49.063Z"}
{"lancamento":1434880182,"level":"info","message":"ℹ️ Título 112648/D já estava baixado. Processo ignorado.","service":"btg-baixa-titulos-service","situacao":"BAIXADO","timestamp":"2026-05-19T11:30:49.077Z"}
{"level":"info","message":"🔎 Processando título 112648/C","service":"btg-baixa-titulos-service","timestamp":"2026-05-19T11:30:49.084Z"}
{"level":"info","message":"🌐 Millennium request: GET /MILLENIUM!JOIN_ONEUP.LANCAMENTOS.CONSULTALANCAMENTOS?cnpj=03.247.651%2F0001-79&n_documento=112648%2FC","service":"btg-baixa-titulos-service","timestamp":"2026-05-19T11:30:49.085Z"}
{"lancamento":1434880181,"level":"info","message":"ℹ️ Título 112648/C já estava baixado. Processo ignorado.","service":"btg-baixa-titulos-service","situacao":"BAIXADO","timestamp":"2026-05-19T11:30:49.189Z"}
{"level":"info","message":"🔎 Processando título 112648/B","service":"btg-baixa-titulos-service","timestamp":"2026-05-19T11:30:49.196Z"}
{"level":"info","message":"🌐 Millennium request: GET /MILLENIUM!JOIN_ONEUP.LANCAMENTOS.CONSULTALANCAMENTOS?cnpj=03.247.651%2F0001-79&n_documento=112648%2FB","service":"btg-baixa-titulos-service","timestamp":"2026-05-19T11:30:49.196Z"}
{"lancamento":1434880180,"level":"info","message":"ℹ️ Título 112648/B já estava baixado. Processo ignorado.","service":"btg-baixa-titulos-service","situacao":"BAIXADO","timestamp":"2026-05-19T11:30:49.212Z"}
{"level":"info","message":"🔎 Processando título 112648/A","service":"btg-baixa-titulos-service","timestamp":"2026-05-19T11:30:49.217Z"}
{"level":"info","message":"🌐 Millennium request: GET /MILLENIUM!JOIN_ONEUP.LANCAMENTOS.CONSULTALANCAMENTOS?cnpj=03.247.651%2F0001-79&n_documento=112648%2FA","service":"btg-baixa-titulos-service","timestamp":"2026-05-19T11:30:49.217Z"}
{"lancamento":1434880179,"level":"info","message":"ℹ️ Título 112648/A já estava baixado. Processo ignorado.","service":"btg-baixa-titulos-service","situacao":"BAIXADO","timestamp":"2026-05-19T11:30:49.231Z"}
{"level":"info","message":"🔎 Processando título FRE 111087","service":"btg-baixa-titulos-service","timestamp":"2026-05-19T11:30:49.237Z"}
{"level":"info","message":"🌐 Millennium request: GET /MILLENIUM!JOIN_ONEUP.LANCAMENTOS.CONSULTALANCAMENTOS?cnpj=09.598.379%2F0001-58&n_documento=FRE%20111087","service":"btg-baixa-titulos-service","timestamp":"2026-05-19T11:30:49.237Z"}
{"lancamento":1434878962,"level":"info","message":"ℹ️ Título FRE 111087 já estava baixado. Processo ignorado.","service":"btg-baixa-titulos-service","situacao":"BAIXADO","timestamp":"2026-05-19T11:30:49.262Z"}
{"level":"info","message":"🔎 Processando título 112541/C","service":"btg-baixa-titulos-service","timestamp":"2026-05-19T11:30:49.269Z"}
{"level":"info","message":"🌐 Millennium request: GET /MILLENIUM!JOIN_ONEUP.LANCAMENTOS.CONSULTALANCAMENTOS?cnpj=59.205.187%2F0001-02&n_documento=112541%2FC","service":"btg-baixa-titulos-service","timestamp":"2026-05-19T11:30:49.269Z"}
{"lancamento":1434878806,"level":"info","message":"ℹ️ Título 112541/C já estava baixado. Processo ignorado.","service":"btg-baixa-titulos-service","situacao":"BAIXADO","timestamp":"2026-05-19T11:30:49.288Z"}
{"level":"info","message":"🔎 Processando título 112541/B","service":"btg-baixa-titulos-service","timestamp":"2026-05-19T11:30:49.295Z"}
{"level":"info","message":"🌐 Millennium request: GET /MILLENIUM!JOIN_ONEUP.LANCAMENTOS.CONSULTALANCAMENTOS?cnpj=59.205.187%2F0001-02&n_documento=112541%2FB","service":"btg-baixa-titulos-service","timestamp":"2026-05-19T11:30:49.295Z"}
{"lancamento":1434878805,"level":"info","message":"ℹ️ Título 112541/B já estava baixado. Processo ignorado.","service":"btg-baixa-titulos-service","situacao":"BAIXADO","timestamp":"2026-05-19T11:30:49.310Z"}
{"level":"info","message":"🔎 Processando título 112541/A","service":"btg-baixa-titulos-service","timestamp":"2026-05-19T11:30:49.315Z"}
{"level":"info","message":"🌐 Millennium request: GET /MILLENIUM!JOIN_ONEUP.LANCAMENTOS.CONSULTALANCAMENTOS?cnpj=59.205.187%2F0001-02&n_documento=112541%2FA","service":"btg-baixa-titulos-service","timestamp":"2026-05-19T11:30:49.315Z"}
{"lancamento":1434878804,"level":"info","message":"ℹ️ Título 112541/A já estava baixado. Processo ignorado.","service":"btg-baixa-titulos-service","situacao":"BAIXADO","timestamp":"2026-05-19T11:30:49.333Z"}
{"level":"info","message":"🔎 Processando título CORRE 109505","service":"btg-baixa-titulos-service","timestamp":"2026-05-19T11:30:49.337Z"}
{"level":"info","message":"🌐 Millennium request: GET /MILLENIUM!JOIN_ONEUP.LANCAMENTOS.CONSULTALANCAMENTOS?cnpj=21.067.137%2F0001-33&n_documento=CORRE%20109505","service":"btg-baixa-titulos-service","timestamp":"2026-05-19T11:30:49.337Z"}
{"lancamento":1434878942,"level":"info","message":"ℹ️ Título CORRE 109505 já estava baixado. Processo ignorado.","service":"btg-baixa-titulos-service","situacao":"BAIXADO","timestamp":"2026-05-19T11:30:49.352Z"}
{"level":"info","message":"🔎 Processando título 112542/C","service":"btg-baixa-titulos-service","timestamp":"2026-05-19T11:30:49.355Z"}
{"level":"info","message":"🌐 Millennium request: GET /MILLENIUM!JOIN_ONEUP.LANCAMENTOS.CONSULTALANCAMENTOS?cnpj=21.067.137%2F0001-33&n_documento=112542%2FC","service":"btg-baixa-titulos-service","timestamp":"2026-05-19T11:30:49.356Z"}
{"lancamento":1434878816,"level":"info","message":"ℹ️ Título 112542/C já estava baixado. Processo ignorado.","service":"btg-baixa-titulos-service","situacao":"BAIXADO","timestamp":"2026-05-19T11:30:49.369Z"}
{"level":"info","message":"🔎 Processando título 112542/B","service":"btg-baixa-titulos-service","timestamp":"2026-05-19T11:30:49.373Z"}
{"level":"info","message":"🌐 Millennium request: GET /MILLENIUM!JOIN_ONEUP.LANCAMENTOS.CONSULTALANCAMENTOS?cnpj=21.067.137%2F0001-33&n_documento=112542%2FB","service":"btg-baixa-titulos-service","timestamp":"2026-05-19T11:30:49.373Z"}
{"lancamento":1434878815,"level":"info","message":"ℹ️ Título 112542/B já estava baixado. Processo ignorado.","service":"btg-baixa-titulos-service","situacao":"BAIXADO","timestamp":"2026-05-19T11:30:49.388Z"}
{"level":"info","message":"🔎 Processando título 112542/A","service":"btg-baixa-titulos-service","timestamp":"2026-05-19T11:30:49.393Z"}
{"level":"info","message":"🌐 Millennium request: GET /MILLENIUM!JOIN_ONEUP.LANCAMENTOS.CONSULTALANCAMENTOS?cnpj=21.067.137%2F0001-33&n_documento=112542%2FA","service":"btg-baixa-titulos-service","timestamp":"2026-05-19T11:30:49.393Z"}
{"lancamento":1434878814,"level":"info","message":"ℹ️ Título 112542/A já estava baixado. Processo ignorado.","service":"btg-baixa-titulos-service","situacao":"BAIXADO","timestamp":"2026-05-19T11:30:49.407Z"}
{"level":"info","message":"🔎 Processando título FRE 110754","service":"btg-baixa-titulos-service","timestamp":"2026-05-19T11:30:49.410Z"}
{"level":"info","message":"🌐 Millennium request: GET /MILLENIUM!JOIN_ONEUP.LANCAMENTOS.CONSULTALANCAMENTOS?cnpj=03.294.992%2F0001-03&n_documento=FRE%20110754","service":"btg-baixa-titulos-service","timestamp":"2026-05-19T11:30:49.411Z"}
{"lancamento":1434878959,"level":"info","message":"ℹ️ Título FRE 110754 já estava baixado. Processo ignorado.","service":"btg-baixa-titulos-service","situacao":"BAIXADO","timestamp":"2026-05-19T11:30:49.424Z"}
{"level":"info","message":"🔎 Processando título FRE 110595","service":"btg-baixa-titulos-service","timestamp":"2026-05-19T11:30:49.427Z"}
{"level":"info","message":"🌐 Millennium request: GET /MILLENIUM!JOIN_ONEUP.LANCAMENTOS.CONSULTALANCAMENTOS?cnpj=57.408.548%2F0001-92&n_documento=FRE%20110595","service":"btg-baixa-titulos-service","timestamp":"2026-05-19T11:30:49.427Z"}
{"lancamento":1434878956,"level":"info","message":"ℹ️ Título FRE 110595 já estava baixado. Processo ignorado.","service":"btg-baixa-titulos-service","situacao":"BAIXADO","timestamp":"2026-05-19T11:30:49.443Z"}
{"level":"info","message":"🔎 Processando título CORRE 111369","service":"btg-baixa-titulos-service","timestamp":"2026-05-19T11:30:49.448Z"}
{"level":"info","message":"🌐 Millennium request: GET /MILLENIUM!JOIN_ONEUP.LANCAMENTOS.CONSULTALANCAMENTOS?cnpj=57.408.548%2F0001-92&n_documento=CORRE%20111369","service":"btg-baixa-titulos-service","timestamp":"2026-05-19T11:30:49.448Z"}
{"lancamento":1434878955,"level":"info","message":"ℹ️ Título CORRE 111369 já estava baixado. Processo ignorado.","service":"btg-baixa-titulos-service","situacao":"BAIXADO","timestamp":"2026-05-19T11:30:49.462Z"}
{"level":"info","message":"🔎 Processando título CORRE 111088","service":"btg-baixa-titulos-service","timestamp":"2026-05-19T11:30:49.466Z"}
{"level":"info","message":"🌐 Millennium request: GET /MILLENIUM!JOIN_ONEUP.LANCAMENTOS.CONSULTALANCAMENTOS?cnpj=57.408.548%2F0001-92&n_documento=CORRE%20111088","service":"btg-baixa-titulos-service","timestamp":"2026-05-19T11:30:49.467Z"}
{"lancamento":1434878952,"level":"info","message":"ℹ️ Título CORRE 111088 já estava baixado. Processo ignorado.","service":"btg-baixa-titulos-service","situacao":"BAIXADO","timestamp":"2026-05-19T11:30:49.481Z"}
{"level":"info","message":"🔎 Processando título CORRE 110166","service":"btg-baixa-titulos-service","timestamp":"2026-05-19T11:30:49.483Z"}
{"level":"info","message":"🌐 Millennium request: GET /MILLENIUM!JOIN_ONEUP.LANCAMENTOS.CONSULTALANCAMENTOS?cnpj=57.408.548%2F0001-92&n_documento=CORRE%20110166","service":"btg-baixa-titulos-service","timestamp":"2026-05-19T11:30:49.484Z"}
{"lancamento":1434878948,"level":"info","message":"ℹ️ Título CORRE 110166 já estava baixado. Processo ignorado.","service":"btg-baixa-titulos-service","situacao":"BAIXADO","timestamp":"2026-05-19T11:30:49.499Z"}
{"level":"info","message":"🔎 Processando título CORRE 110251","service":"btg-baixa-titulos-service","timestamp":"2026-05-19T11:30:49.501Z"}
{"level":"info","message":"🌐 Millennium request: GET /MILLENIUM!JOIN_ONEUP.LANCAMENTOS.CONSULTALANCAMENTOS?cnpj=01.329.811%2F0001-01&n_documento=CORRE%20110251","service":"btg-baixa-titulos-service","timestamp":"2026-05-19T11:30:49.501Z"}
{"lancamento":1434878949,"level":"info","message":"ℹ️ Título CORRE 110251 já estava baixado. Processo ignorado.","service":"btg-baixa-titulos-service","situacao":"BAIXADO","timestamp":"2026-05-19T11:30:49.517Z"}
{"level":"info","message":"🔎 Processando título CORRE 111399","service":"btg-baixa-titulos-service","timestamp":"2026-05-19T11:30:49.521Z"}
{"level":"info","message":"🌐 Millennium request: GET /MILLENIUM!JOIN_ONEUP.LANCAMENTOS.CONSULTALANCAMENTOS?cnpj=01.009.793%2F0001-72&n_documento=CORRE%20111399","service":"btg-baixa-titulos-service","timestamp":"2026-05-19T11:30:49.521Z"}
{"lancamento":1434878953,"level":"info","message":"ℹ️ Título CORRE 111399 já estava baixado. Processo ignorado.","service":"btg-baixa-titulos-service","situacao":"BAIXADO","timestamp":"2026-05-19T11:30:49.539Z"}
{"level":"info","message":"🔎 Processando título CORRE 110761","service":"btg-baixa-titulos-service","timestamp":"2026-05-19T11:30:49.542Z"}
{"level":"info","message":"🌐 Millennium request: GET /MILLENIUM!JOIN_ONEUP.LANCAMENTOS.CONSULTALANCAMENTOS?cnpj=01.009.793%2F0001-72&n_documento=CORRE%20110761","service":"btg-baixa-titulos-service","timestamp":"2026-05-19T11:30:49.542Z"}
{"lancamento":1434878951,"level":"info","message":"ℹ️ Título CORRE 110761 já estava baixado. Processo ignorado.","service":"btg-baixa-titulos-service","situacao":"BAIXADO","timestamp":"2026-05-19T11:30:49.557Z"}
{"level":"info","message":"🔎 Processando título 111423/C","service":"btg-baixa-titulos-service","timestamp":"2026-05-19T11:30:49.560Z"}
{"level":"info","message":"🌐 Millennium request: GET /MILLENIUM!JOIN_ONEUP.LANCAMENTOS.CONSULTALANCAMENTOS?cnpj=96.609.490%2F0001-05&n_documento=111423%2FC","service":"btg-baixa-titulos-service","timestamp":"2026-05-19T11:30:49.560Z"}
{"lancamento":1434871829,"level":"info","message":"ℹ️ Título 111423/C já estava baixado. Processo ignorado.","service":"btg-baixa-titulos-service","situacao":"BAIXADO","timestamp":"2026-05-19T11:30:49.576Z"}
{"level":"info","message":"🔎 Processando título 111423/B","service":"btg-baixa-titulos-service","timestamp":"2026-05-19T11:30:49.579Z"}
{"level":"info","message":"🌐 Millennium request: GET /MILLENIUM!JOIN_ONEUP.LANCAMENTOS.CONSULTALANCAMENTOS?cnpj=96.609.490%2F0001-05&n_documento=111423%2FB","service":"btg-baixa-titulos-service","timestamp":"2026-05-19T11:30:49.579Z"}
{"lancamento":1434871828,"level":"info","message":"ℹ️ Título 111423/B já estava baixado. Processo ignorado.","service":"btg-baixa-titulos-service","situacao":"BAIXADO","timestamp":"2026-05-19T11:30:49.593Z"}
{"level":"info","message":"🔎 Processando título 111423/A","service":"btg-baixa-titulos-service","timestamp":"2026-05-19T11:30:49.597Z"}
{"level":"info","message":"🌐 Millennium request: GET /MILLENIUM!JOIN_ONEUP.LANCAMENTOS.CONSULTALANCAMENTOS?cnpj=96.609.490%2F0001-05&n_documento=111423%2FA","service":"btg-baixa-titulos-service","timestamp":"2026-05-19T11:30:49.597Z"}
{"lancamento":1434871827,"level":"info","message":"ℹ️ Título 111423/A já estava baixado. Processo ignorado.","service":"btg-baixa-titulos-service","situacao":"BAIXADO","timestamp":"2026-05-19T11:30:49.612Z"}
{"level":"info","message":"🔎 Processando título 111852","service":"btg-baixa-titulos-service","timestamp":"2026-05-19T11:30:49.616Z"}
{"level":"info","message":"🌐 Millennium request: GET /MILLENIUM!JOIN_ONEUP.LANCAMENTOS.CONSULTALANCAMENTOS?cnpj=09.598.379%2F0001-58&n_documento=111852","service":"btg-baixa-titulos-service","timestamp":"2026-05-19T11:30:49.616Z"}
{"lancamento":1434874737,"level":"info","message":"ℹ️ Título 111852 já estava baixado. Processo ignorado.","service":"btg-baixa-titulos-service","situacao":"BAIXADO","timestamp":"2026-05-19T11:30:49.713Z"}
{"level":"info","message":"🔎 Processando título 111857/C","service":"btg-baixa-titulos-service","timestamp":"2026-05-19T11:30:49.720Z"}
{"level":"info","message":"🌐 Millennium request: GET /MILLENIUM!JOIN_ONEUP.LANCAMENTOS.CONSULTALANCAMENTOS?cnpj=21.067.137%2F0001-33&n_documento=111857%2FC","service":"btg-baixa-titulos-service","timestamp":"2026-05-19T11:30:49.720Z"}
{"lancamento":1434874752,"level":"info","message":"ℹ️ Título 111857/C já estava baixado. Processo ignorado.","service":"btg-baixa-titulos-service","situacao":"BAIXADO","timestamp":"2026-05-19T11:30:49.739Z"}
{"level":"info","message":"🔎 Processando título 111857/B","service":"btg-baixa-titulos-service","timestamp":"2026-05-19T11:30:49.744Z"}
{"level":"info","message":"🌐 Millennium request: GET /MILLENIUM!JOIN_ONEUP.LANCAMENTOS.CONSULTALANCAMENTOS?cnpj=21.067.137%2F0001-33&n_documento=111857%2FB","service":"btg-baixa-titulos-service","timestamp":"2026-05-19T11:30:49.744Z"}
{"lancamento":1434874751,"level":"info","message":"ℹ️ Título 111857/B já estava baixado. Processo ignorado.","service":"btg-baixa-titulos-service","situacao":"BAIXADO","timestamp":"2026-05-19T11:30:49.763Z"}
{"level":"info","message":"🔎 Processando título 111857/A","service":"btg-baixa-titulos-service","timestamp":"2026-05-19T11:30:49.768Z"}
{"level":"info","message":"🌐 Millennium request: GET /MILLENIUM!JOIN_ONEUP.LANCAMENTOS.CONSULTALANCAMENTOS?cnpj=21.067.137%2F0001-33&n_documento=111857%2FA","service":"btg-baixa-titulos-service","timestamp":"2026-05-19T11:30:49.768Z"}
{"lancamento":1434874750,"level":"info","message":"ℹ️ Título 111857/A já estava baixado. Processo ignorado.","service":"btg-baixa-titulos-service","situacao":"BAIXADO","timestamp":"2026-05-19T11:30:49.783Z"}
{"level":"info","message":"🔎 Processando título 111595","service":"btg-baixa-titulos-service","timestamp":"2026-05-19T11:30:49.788Z"}
{"level":"info","message":"🌐 Millennium request: GET /MILLENIUM!JOIN_ONEUP.LANCAMENTOS.CONSULTALANCAMENTOS?cnpj=01.329.811%2F0001-01&n_documento=111595","service":"btg-baixa-titulos-service","timestamp":"2026-05-19T11:30:49.789Z"}
{"lancamento":1434873150,"level":"info","message":"ℹ️ Título 111595 já estava baixado. Processo ignorado.","service":"btg-baixa-titulos-service","situacao":"BAIXADO","timestamp":"2026-05-19T11:30:49.810Z"}
{"level":"info","message":"🔎 Processando título 111850/E","service":"btg-baixa-titulos-service","timestamp":"2026-05-19T11:30:49.815Z"}
{"level":"info","message":"🌐 Millennium request: GET /MILLENIUM!JOIN_ONEUP.LANCAMENTOS.CONSULTALANCAMENTOS?cnpj=73.652.158%2F0001-10&n_documento=111850%2FE","service":"btg-baixa-titulos-service","timestamp":"2026-05-19T11:30:49.816Z"}
{"lancamento":1434874734,"level":"info","message":"ℹ️ Título 111850/E já estava baixado. Processo ignorado.","service":"btg-baixa-titulos-service","situacao":"BAIXADO","timestamp":"2026-05-19T11:30:49.832Z"}
{"level":"info","message":"🔎 Processando título 111850/D","service":"btg-baixa-titulos-service","timestamp":"2026-05-19T11:30:49.835Z"}
{"level":"info","message":"🌐 Millennium request: GET /MILLENIUM!JOIN_ONEUP.LANCAMENTOS.CONSULTALANCAMENTOS?cnpj=73.652.158%2F0001-10&n_documento=111850%2FD","service":"btg-baixa-titulos-service","timestamp":"2026-05-19T11:30:49.835Z"}
{"lancamento":1434874733,"level":"info","message":"ℹ️ Título 111850/D já estava baixado. Processo ignorado.","service":"btg-baixa-titulos-service","situacao":"BAIXADO","timestamp":"2026-05-19T11:30:49.857Z"}
{"level":"info","message":"🔎 Processando título 111850/C","service":"btg-baixa-titulos-service","timestamp":"2026-05-19T11:30:49.862Z"}
{"level":"info","message":"🌐 Millennium request: GET /MILLENIUM!JOIN_ONEUP.LANCAMENTOS.CONSULTALANCAMENTOS?cnpj=73.652.158%2F0001-10&n_documento=111850%2FC","service":"btg-baixa-titulos-service","timestamp":"2026-05-19T11:30:49.862Z"}
{"lancamento":1434874732,"level":"info","message":"ℹ️ Título 111850/C já estava baixado. Processo ignorado.","service":"btg-baixa-titulos-service","situacao":"BAIXADO","timestamp":"2026-05-19T11:30:49.876Z"}
{"level":"info","message":"🔎 Processando título 111850/B","service":"btg-baixa-titulos-service","timestamp":"2026-05-19T11:30:49.882Z"}
{"level":"info","message":"🌐 Millennium request: GET /MILLENIUM!JOIN_ONEUP.LANCAMENTOS.CONSULTALANCAMENTOS?cnpj=73.652.158%2F0001-10&n_documento=111850%2FB","service":"btg-baixa-titulos-service","timestamp":"2026-05-19T11:30:49.882Z"}
{"lancamento":1434874731,"level":"info","message":"ℹ️ Título 111850/B já estava baixado. Processo ignorado.","service":"btg-baixa-titulos-service","situacao":"BAIXADO","timestamp":"2026-05-19T11:30:49.898Z"}
{"level":"info","message":"🔎 Processando título 111850/A","service":"btg-baixa-titulos-service","timestamp":"2026-05-19T11:30:49.903Z"}
{"level":"info","message":"🌐 Millennium request: GET /MILLENIUM!JOIN_ONEUP.LANCAMENTOS.CONSULTALANCAMENTOS?cnpj=73.652.158%2F0001-10&n_documento=111850%2FA","service":"btg-baixa-titulos-service","timestamp":"2026-05-19T11:30:49.903Z"}
{"lancamento":1434874730,"level":"info","message":"ℹ️ Título 111850/A já estava baixado. Processo ignorado.","service":"btg-baixa-titulos-service","situacao":"BAIXADO","timestamp":"2026-05-19T11:30:49.922Z"}
{"level":"info","message":"🔎 Processando título 111596/D","service":"btg-baixa-titulos-service","timestamp":"2026-05-19T11:30:49.928Z"}
{"level":"info","message":"🌐 Millennium request: GET /MILLENIUM!JOIN_ONEUP.LANCAMENTOS.CONSULTALANCAMENTOS?cnpj=47.485.403%2F0001-31&n_documento=111596%2FD","service":"btg-baixa-titulos-service","timestamp":"2026-05-19T11:30:49.928Z"}
{"lancamento":1434873154,"level":"info","message":"ℹ️ Título 111596/D já estava baixado. Processo ignorado.","service":"btg-baixa-titulos-service","situacao":"BAIXADO","timestamp":"2026-05-19T11:30:49.945Z"}
{"level":"info","message":"🔎 Processando título 111596/C","service":"btg-baixa-titulos-service","timestamp":"2026-05-19T11:30:49.950Z"}
{"level":"info","message":"🌐 Millennium request: GET /MILLENIUM!JOIN_ONEUP.LANCAMENTOS.CONSULTALANCAMENTOS?cnpj=47.485.403%2F0001-31&n_documento=111596%2FC","service":"btg-baixa-titulos-service","timestamp":"2026-05-19T11:30:49.950Z"}
{"lancamento":1434873153,"level":"info","message":"ℹ️ Título 111596/C já estava baixado. Processo ignorado.","service":"btg-baixa-titulos-service","situacao":"BAIXADO","timestamp":"2026-05-19T11:30:49.967Z"}
{"level":"info","message":"🔎 Processando título 111596/B","service":"btg-baixa-titulos-service","timestamp":"2026-05-19T11:30:49.973Z"}
{"level":"info","message":"🌐 Millennium request: GET /MILLENIUM!JOIN_ONEUP.LANCAMENTOS.CONSULTALANCAMENTOS?cnpj=47.485.403%2F0001-31&n_documento=111596%2FB","service":"btg-baixa-titulos-service","timestamp":"2026-05-19T11:30:49.973Z"}
{"lancamento":1434873152,"level":"info","message":"ℹ️ Título 111596/B já estava baixado. Processo ignorado.","service":"btg-baixa-titulos-service","situacao":"BAIXADO","timestamp":"2026-05-19T11:30:49.991Z"}
{"level":"info","message":"🔎 Processando título 111596/A","service":"btg-baixa-titulos-service","timestamp":"2026-05-19T11:30:49.996Z"}
{"level":"info","message":"🌐 Millennium request: GET /MILLENIUM!JOIN_ONEUP.LANCAMENTOS.CONSULTALANCAMENTOS?cnpj=47.485.403%2F0001-31&n_documento=111596%2FA","service":"btg-baixa-titulos-service","timestamp":"2026-05-19T11:30:49.996Z"}
{"lancamento":1434873151,"level":"info","message":"ℹ️ Título 111596/A já estava baixado. Processo ignorado.","service":"btg-baixa-titulos-service","situacao":"BAIXADO","timestamp":"2026-05-19T11:30:50.011Z"}
{"level":"info","message":"🔎 Processando título 111399","service":"btg-baixa-titulos-service","timestamp":"2026-05-19T11:30:50.017Z"}
{"level":"info","message":"🌐 Millennium request: GET /MILLENIUM!JOIN_ONEUP.LANCAMENTOS.CONSULTALANCAMENTOS?cnpj=01.009.793%2F0001-72&n_documento=111399","service":"btg-baixa-titulos-service","timestamp":"2026-05-19T11:30:50.017Z"}
{"lancamento":1434871265,"level":"info","message":"ℹ️ Título 111399 já estava baixado. Processo ignorado.","service":"btg-baixa-titulos-service","situacao":"BAIXADO","timestamp":"2026-05-19T11:30:50.035Z"}
{"level":"info","message":"🔎 Processando título 111854/D","service":"btg-baixa-titulos-service","timestamp":"2026-05-19T11:30:50.040Z"}
{"level":"info","message":"🌐 Millennium request: GET /MILLENIUM!JOIN_ONEUP.LANCAMENTOS.CONSULTALANCAMENTOS?cnpj=57.408.548%2F0001-92&n_documento=111854%2FD","service":"btg-baixa-titulos-service","timestamp":"2026-05-19T11:30:50.040Z"}
{"lancamento":1434874744,"level":"info","message":"ℹ️ Título 111854/D já estava baixado. Processo ignorado.","service":"btg-baixa-titulos-service","situacao":"BAIXADO","timestamp":"2026-05-19T11:30:50.058Z"}
{"level":"info","message":"🔎 Processando título 111854/C","service":"btg-baixa-titulos-service","timestamp":"2026-05-19T11:30:50.064Z"}
{"level":"info","message":"🌐 Millennium request: GET /MILLENIUM!JOIN_ONEUP.LANCAMENTOS.CONSULTALANCAMENTOS?cnpj=57.408.548%2F0001-92&n_documento=111854%2FC","service":"btg-baixa-titulos-service","timestamp":"2026-05-19T11:30:50.064Z"}
{"lancamento":1434874743,"level":"info","message":"ℹ️ Título 111854/C já estava baixado. Processo ignorado.","service":"btg-baixa-titulos-service","situacao":"BAIXADO","timestamp":"2026-05-19T11:30:50.077Z"}
{"level":"info","message":"🔎 Processando título 111854/B","service":"btg-baixa-titulos-service","timestamp":"2026-05-19T11:30:50.083Z"}
{"level":"info","message":"🌐 Millennium request: GET /MILLENIUM!JOIN_ONEUP.LANCAMENTOS.CONSULTALANCAMENTOS?cnpj=57.408.548%2F0001-92&n_documento=111854%2FB","service":"btg-baixa-titulos-service","timestamp":"2026-05-19T11:30:50.083Z"}
{"lancamento":1434874742,"level":"info","message":"ℹ️ Título 111854/B já estava baixado. Processo ignorado.","service":"btg-baixa-titulos-service","situacao":"BAIXADO","timestamp":"2026-05-19T11:30:50.098Z"}
{"level":"info","message":"🔎 Processando título 111854/A","service":"btg-baixa-titulos-service","timestamp":"2026-05-19T11:30:50.104Z"}
{"level":"info","message":"🌐 Millennium request: GET /MILLENIUM!JOIN_ONEUP.LANCAMENTOS.CONSULTALANCAMENTOS?cnpj=57.408.548%2F0001-92&n_documento=111854%2FA","service":"btg-baixa-titulos-service","timestamp":"2026-05-19T11:30:50.104Z"}
{"lancamento":1434874741,"level":"info","message":"ℹ️ Título 111854/A já estava baixado. Processo ignorado.","service":"btg-baixa-titulos-service","situacao":"BAIXADO","timestamp":"2026-05-19T11:30:50.119Z"}
{"level":"info","message":"🔎 Processando título 111394/D","service":"btg-baixa-titulos-service","timestamp":"2026-05-19T11:30:50.125Z"}
{"level":"info","message":"🌐 Millennium request: GET /MILLENIUM!JOIN_ONEUP.LANCAMENTOS.CONSULTALANCAMENTOS?cnpj=57.408.548%2F0001-92&n_documento=111394%2FD","service":"btg-baixa-titulos-service","timestamp":"2026-05-19T11:30:50.125Z"}
{"lancamento":1434871224,"level":"info","message":"ℹ️ Título 111394/D já estava baixado. Processo ignorado.","service":"btg-baixa-titulos-service","situacao":"BAIXADO","timestamp":"2026-05-19T11:30:50.141Z"}
{"level":"info","message":"🔎 Processando título 111394/C","service":"btg-baixa-titulos-service","timestamp":"2026-05-19T11:30:50.147Z"}
{"level":"info","message":"🌐 Millennium request: GET /MILLENIUM!JOIN_ONEUP.LANCAMENTOS.CONSULTALANCAMENTOS?cnpj=57.408.548%2F0001-92&n_documento=111394%2FC","service":"btg-baixa-titulos-service","timestamp":"2026-05-19T11:30:50.147Z"}
{"lancamento":1434871223,"level":"info","message":"ℹ️ Título 111394/C já estava baixado. Processo ignorado.","service":"btg-baixa-titulos-service","situacao":"BAIXADO","timestamp":"2026-05-19T11:30:50.251Z"}
{"level":"info","message":"🔎 Processando título 111394/B","service":"btg-baixa-titulos-service","timestamp":"2026-05-19T11:30:50.257Z"}
{"level":"info","message":"🌐 Millennium request: GET /MILLENIUM!JOIN_ONEUP.LANCAMENTOS.CONSULTALANCAMENTOS?cnpj=57.408.548%2F0001-92&n_documento=111394%2FB","service":"btg-baixa-titulos-service","timestamp":"2026-05-19T11:30:50.257Z"}
{"lancamento":1434871222,"level":"info","message":"ℹ️ Título 111394/B já estava baixado. Processo ignorado.","service":"btg-baixa-titulos-service","situacao":"BAIXADO","timestamp":"2026-05-19T11:30:50.275Z"}
{"level":"info","message":"🔎 Processando título 111394/A","service":"btg-baixa-titulos-service","timestamp":"2026-05-19T11:30:50.281Z"}
{"level":"info","message":"🌐 Millennium request: GET /MILLENIUM!JOIN_ONEUP.LANCAMENTOS.CONSULTALANCAMENTOS?cnpj=57.408.548%2F0001-92&n_documento=111394%2FA","service":"btg-baixa-titulos-service","timestamp":"2026-05-19T11:30:50.281Z"}
{"lancamento":1434871221,"level":"info","message":"ℹ️ Título 111394/A já estava baixado. Processo ignorado.","service":"btg-baixa-titulos-service","situacao":"BAIXADO","timestamp":"2026-05-19T11:30:50.448Z"}
{"level":"info","message":"🔎 Processando título 111250/A","service":"btg-baixa-titulos-service","timestamp":"2026-05-19T11:30:50.454Z"}
{"level":"info","message":"🌐 Millennium request: GET /MILLENIUM!JOIN_ONEUP.LANCAMENTOS.CONSULTALANCAMENTOS?cnpj=47.485.403%2F0001-31&n_documento=111250%2FA","service":"btg-baixa-titulos-service","timestamp":"2026-05-19T11:30:50.454Z"}
{"lancamento":1434870043,"level":"info","message":"ℹ️ Título 111250/A já estava baixado. Processo ignorado.","service":"btg-baixa-titulos-service","situacao":"BAIXADO","timestamp":"2026-05-19T11:30:50.468Z"}
{"level":"info","message":"🔎 Processando título 111249/C","service":"btg-baixa-titulos-service","timestamp":"2026-05-19T11:30:50.471Z"}
{"level":"info","message":"🌐 Millennium request: GET /MILLENIUM!JOIN_ONEUP.LANCAMENTOS.CONSULTALANCAMENTOS?cnpj=47.485.403%2F0001-31&n_documento=111249%2FC","service":"btg-baixa-titulos-service","timestamp":"2026-05-19T11:30:50.471Z"}
{"lancamento":1434870035,"level":"info","message":"ℹ️ Título 111249/C já estava baixado. Processo ignorado.","service":"btg-baixa-titulos-service","situacao":"BAIXADO","timestamp":"2026-05-19T11:30:50.487Z"}
{"level":"info","message":"🔎 Processando título 111249/B","service":"btg-baixa-titulos-service","timestamp":"2026-05-19T11:30:50.491Z"}
{"level":"info","message":"🌐 Millennium request: GET /MILLENIUM!JOIN_ONEUP.LANCAMENTOS.CONSULTALANCAMENTOS?cnpj=47.485.403%2F0001-31&n_documento=111249%2FB","service":"btg-baixa-titulos-service","timestamp":"2026-05-19T11:30:50.491Z"}
{"lancamento":1434870034,"level":"info","message":"ℹ️ Título 111249/B já estava baixado. Processo ignorado.","service":"btg-baixa-titulos-service","situacao":"BAIXADO","timestamp":"2026-05-19T11:30:50.508Z"}
{"level":"info","message":"🔎 Processando título 111089/B","service":"btg-baixa-titulos-service","timestamp":"2026-05-19T11:30:50.512Z"}
{"level":"info","message":"🌐 Millennium request: GET /MILLENIUM!JOIN_ONEUP.LANCAMENTOS.CONSULTALANCAMENTOS?cnpj=47.485.403%2F0001-31&n_documento=111089%2FB","service":"btg-baixa-titulos-service","timestamp":"2026-05-19T11:30:50.512Z"}
{"lancamento":1434868843,"level":"info","message":"ℹ️ Título 111089/B já estava baixado. Processo ignorado.","service":"btg-baixa-titulos-service","situacao":"BAIXADO","timestamp":"2026-05-19T11:30:50.530Z"}
{"level":"info","message":"🔎 Processando título 111088/D","service":"btg-baixa-titulos-service","timestamp":"2026-05-19T11:30:50.534Z"}
{"level":"info","message":"🌐 Millennium request: GET /MILLENIUM!JOIN_ONEUP.LANCAMENTOS.CONSULTALANCAMENTOS?cnpj=57.408.548%2F0001-92&n_documento=111088%2FD","service":"btg-baixa-titulos-service","timestamp":"2026-05-19T11:30:50.534Z"}
{"lancamento":1434868822,"level":"info","message":"ℹ️ Título 111088/D já estava baixado. Processo ignorado.","service":"btg-baixa-titulos-service","situacao":"BAIXADO","timestamp":"2026-05-19T11:30:50.548Z"}
{"level":"info","message":"🔎 Processando título 111088/C","service":"btg-baixa-titulos-service","timestamp":"2026-05-19T11:30:50.552Z"}
{"level":"info","message":"🌐 Millennium request: GET /MILLENIUM!JOIN_ONEUP.LANCAMENTOS.CONSULTALANCAMENTOS?cnpj=57.408.548%2F0001-92&n_documento=111088%2FC","service":"btg-baixa-titulos-service","timestamp":"2026-05-19T11:30:50.552Z"}
{"lancamento":1434868821,"level":"info","message":"ℹ️ Título 111088/C já estava baixado. Processo ignorado.","service":"btg-baixa-titulos-service","situacao":"BAIXADO","timestamp":"2026-05-19T11:30:50.569Z"}
{"level":"info","message":"🔎 Processando título 111088/B","service":"btg-baixa-titulos-service","timestamp":"2026-05-19T11:30:50.573Z"}
{"level":"info","message":"🌐 Millennium request: GET /MILLENIUM!JOIN_ONEUP.LANCAMENTOS.CONSULTALANCAMENTOS?cnpj=57.408.548%2F0001-92&n_documento=111088%2FB","service":"btg-baixa-titulos-service","timestamp":"2026-05-19T11:30:50.573Z"}
{"lancamento":1434868820,"level":"info","message":"ℹ️ Título 111088/B já estava baixado. Processo ignorado.","service":"btg-baixa-titulos-service","situacao":"BAIXADO","timestamp":"2026-05-19T11:30:50.588Z"}
{"level":"info","message":"🔎 Processando título 111088/A","service":"btg-baixa-titulos-service","timestamp":"2026-05-19T11:30:50.594Z"}
{"level":"info","message":"🌐 Millennium request: GET /MILLENIUM!JOIN_ONEUP.LANCAMENTOS.CONSULTALANCAMENTOS?cnpj=57.408.548%2F0001-92&n_documento=111088%2FA","service":"btg-baixa-titulos-service","timestamp":"2026-05-19T11:30:50.595Z"}
{"lancamento":1434868819,"level":"info","message":"ℹ️ Título 111088/A já estava baixado. Processo ignorado.","service":"btg-baixa-titulos-service","situacao":"BAIXADO","timestamp":"2026-05-19T11:30:50.610Z"}
{"level":"info","message":"🔎 Processando título 111087","service":"btg-baixa-titulos-service","timestamp":"2026-05-19T11:30:50.614Z"}
{"level":"info","message":"🌐 Millennium request: GET /MILLENIUM!JOIN_ONEUP.LANCAMENTOS.CONSULTALANCAMENTOS?cnpj=09.598.379%2F0001-58&n_documento=111087","service":"btg-baixa-titulos-service","timestamp":"2026-05-19T11:30:50.614Z"}
{"lancamento":1434868811,"level":"info","message":"ℹ️ Título 111087 já estava baixado. Processo ignorado.","service":"btg-baixa-titulos-service","situacao":"BAIXADO","timestamp":"2026-05-19T11:30:50.629Z"}
{"level":"info","message":"🔎 Processando título 109783/C","service":"btg-baixa-titulos-service","timestamp":"2026-05-19T11:30:50.632Z"}
{"level":"info","message":"🌐 Millennium request: GET /MILLENIUM!JOIN_ONEUP.LANCAMENTOS.CONSULTALANCAMENTOS?cnpj=59.205.187%2F0001-02&n_documento=109783%2FC","service":"btg-baixa-titulos-service","timestamp":"2026-05-19T11:30:50.632Z"}
{"lancamento":1434857853,"level":"info","message":"ℹ️ Título 109783/C já estava baixado. Processo ignorado.","service":"btg-baixa-titulos-service","situacao":"BAIXADO","timestamp":"2026-05-19T11:30:50.649Z"}
{"level":"info","message":"🔎 Processando título 109783/B","service":"btg-baixa-titulos-service","timestamp":"2026-05-19T11:30:50.654Z"}
{"level":"info","message":"🌐 Millennium request: GET /MILLENIUM!JOIN_ONEUP.LANCAMENTOS.CONSULTALANCAMENTOS?cnpj=59.205.187%2F0001-02&n_documento=109783%2FB","service":"btg-baixa-titulos-service","timestamp":"2026-05-19T11:30:50.654Z"}
{"lancamento":1434857852,"level":"info","message":"ℹ️ Título 109783/B já estava baixado. Processo ignorado.","service":"btg-baixa-titulos-service","situacao":"BAIXADO","timestamp":"2026-05-19T11:30:50.674Z"}
{"level":"info","message":"🔎 Processando título 109783/A","service":"btg-baixa-titulos-service","timestamp":"2026-05-19T11:30:50.678Z"}
{"level":"info","message":"🌐 Millennium request: GET /MILLENIUM!JOIN_ONEUP.LANCAMENTOS.CONSULTALANCAMENTOS?cnpj=59.205.187%2F0001-02&n_documento=109783%2FA","service":"btg-baixa-titulos-service","timestamp":"2026-05-19T11:30:50.679Z"}
{"lancamento":1434857851,"level":"info","message":"ℹ️ Título 109783/A já estava baixado. Processo ignorado.","service":"btg-baixa-titulos-service","situacao":"BAIXADO","timestamp":"2026-05-19T11:30:50.775Z"}
{"level":"info","message":"🔎 Processando título 109505/C","service":"btg-baixa-titulos-service","timestamp":"2026-05-19T11:30:50.781Z"}
{"level":"info","message":"🌐 Millennium request: GET /MILLENIUM!JOIN_ONEUP.LANCAMENTOS.CONSULTALANCAMENTOS?cnpj=21.067.137%2F0001-33&n_documento=109505%2FC","service":"btg-baixa-titulos-service","timestamp":"2026-05-19T11:30:50.781Z"}
{"lancamento":1434856382,"level":"info","message":"ℹ️ Título 109505/C já estava baixado. Processo ignorado.","service":"btg-baixa-titulos-service","situacao":"BAIXADO","timestamp":"2026-05-19T11:30:50.795Z"}
{"level":"info","message":"🔎 Processando título 109505/B","service":"btg-baixa-titulos-service","timestamp":"2026-05-19T11:30:50.800Z"}
{"level":"info","message":"🌐 Millennium request: GET /MILLENIUM!JOIN_ONEUP.LANCAMENTOS.CONSULTALANCAMENTOS?cnpj=21.067.137%2F0001-33&n_documento=109505%2FB","service":"btg-baixa-titulos-service","timestamp":"2026-05-19T11:30:50.800Z"}
{"lancamento":1434856381,"level":"info","message":"ℹ️ Título 109505/B já estava baixado. Processo ignorado.","service":"btg-baixa-titulos-service","situacao":"BAIXADO","timestamp":"2026-05-19T11:30:50.816Z"}
{"level":"info","message":"🔎 Processando título 109505/A","service":"btg-baixa-titulos-service","timestamp":"2026-05-19T11:30:50.820Z"}
{"level":"info","message":"🌐 Millennium request: GET /MILLENIUM!JOIN_ONEUP.LANCAMENTOS.CONSULTALANCAMENTOS?cnpj=21.067.137%2F0001-33&n_documento=109505%2FA","service":"btg-baixa-titulos-service","timestamp":"2026-05-19T11:30:50.820Z"}
{"lancamento":1434856380,"level":"info","message":"ℹ️ Título 109505/A já estava baixado. Processo ignorado.","service":"btg-baixa-titulos-service","situacao":"BAIXADO","timestamp":"2026-05-19T11:30:50.841Z"}
{"level":"info","message":"🔎 Processando título 109795/E","service":"btg-baixa-titulos-service","timestamp":"2026-05-19T11:30:50.845Z"}
{"level":"info","message":"🌐 Millennium request: GET /MILLENIUM!JOIN_ONEUP.LANCAMENTOS.CONSULTALANCAMENTOS?cnpj=44.999.259%2F0001-63&n_documento=109795%2FE","service":"btg-baixa-titulos-service","timestamp":"2026-05-19T11:30:50.845Z"}
{"lancamento":1434857920,"level":"info","message":"ℹ️ Título 109795/E já estava baixado. Processo ignorado.","service":"btg-baixa-titulos-service","situacao":"BAIXADO","timestamp":"2026-05-19T11:30:50.860Z"}
{"level":"info","message":"🔎 Processando título 109795/D","service":"btg-baixa-titulos-service","timestamp":"2026-05-19T11:30:50.863Z"}
{"level":"info","message":"🌐 Millennium request: GET /MILLENIUM!JOIN_ONEUP.LANCAMENTOS.CONSULTALANCAMENTOS?cnpj=44.999.259%2F0001-63&n_documento=109795%2FD","service":"btg-baixa-titulos-service","timestamp":"2026-05-19T11:30:50.863Z"}
{"lancamento":1434857919,"level":"info","message":"ℹ️ Título 109795/D já estava baixado. Processo ignorado.","service":"btg-baixa-titulos-service","situacao":"BAIXADO","timestamp":"2026-05-19T11:30:50.877Z"}
{"level":"info","message":"🔎 Processando título 109795/C","service":"btg-baixa-titulos-service","timestamp":"2026-05-19T11:30:50.880Z"}
{"level":"info","message":"🌐 Millennium request: GET /MILLENIUM!JOIN_ONEUP.LANCAMENTOS.CONSULTALANCAMENTOS?cnpj=44.999.259%2F0001-63&n_documento=109795%2FC","service":"btg-baixa-titulos-service","timestamp":"2026-05-19T11:30:50.880Z"}
{"lancamento":1434857918,"level":"info","message":"ℹ️ Título 109795/C já estava baixado. Processo ignorado.","service":"btg-baixa-titulos-service","situacao":"BAIXADO","timestamp":"2026-05-19T11:30:50.892Z"}
{"level":"info","message":"🔎 Processando título 111369/D","service":"btg-baixa-titulos-service","timestamp":"2026-05-19T11:30:50.895Z"}
{"level":"info","message":"🌐 Millennium request: GET /MILLENIUM!JOIN_ONEUP.LANCAMENTOS.CONSULTALANCAMENTOS?cnpj=57.408.548%2F0001-92&n_documento=111369%2FD","service":"btg-baixa-titulos-service","timestamp":"2026-05-19T11:30:50.895Z"}
{"lancamento":1434871086,"level":"info","message":"ℹ️ Título 111369/D já estava baixado. Processo ignorado.","service":"btg-baixa-titulos-service","situacao":"BAIXADO","timestamp":"2026-05-19T11:30:50.908Z"}
{"level":"info","message":"🔎 Processando título 109795/B","service":"btg-baixa-titulos-service","timestamp":"2026-05-19T11:30:50.911Z"}
{"level":"info","message":"🌐 Millennium request: GET /MILLENIUM!JOIN_ONEUP.LANCAMENTOS.CONSULTALANCAMENTOS?cnpj=44.999.259%2F0001-63&n_documento=109795%2FB","service":"btg-baixa-titulos-service","timestamp":"2026-05-19T11:30:50.911Z"}
{"lancamento":1434857917,"level":"info","message":"ℹ️ Título 109795/B já estava baixado. Processo ignorado.","service":"btg-baixa-titulos-service","situacao":"BAIXADO","timestamp":"2026-05-19T11:30:50.925Z"}
{"level":"info","message":"🔎 Processando título 111369/C","service":"btg-baixa-titulos-service","timestamp":"2026-05-19T11:30:50.928Z"}
{"level":"info","message":"🌐 Millennium request: GET /MILLENIUM!JOIN_ONEUP.LANCAMENTOS.CONSULTALANCAMENTOS?cnpj=57.408.548%2F0001-92&n_documento=111369%2FC","service":"btg-baixa-titulos-service","timestamp":"2026-05-19T11:30:50.928Z"}
{"lancamento":1434871085,"level":"info","message":"ℹ️ Título 111369/C já estava baixado. Processo ignorado.","service":"btg-baixa-titulos-service","situacao":"BAIXADO","timestamp":"2026-05-19T11:30:50.944Z"}
{"level":"info","message":"🔎 Processando título 109795/A","service":"btg-baixa-titulos-service","timestamp":"2026-05-19T11:30:50.947Z"}
{"level":"info","message":"🌐 Millennium request: GET /MILLENIUM!JOIN_ONEUP.LANCAMENTOS.CONSULTALANCAMENTOS?cnpj=44.999.259%2F0001-63&n_documento=109795%2FA","service":"btg-baixa-titulos-service","timestamp":"2026-05-19T11:30:50.947Z"}
{"lancamento":1434857916,"level":"info","message":"ℹ️ Título 109795/A já estava baixado. Processo ignorado.","service":"btg-baixa-titulos-service","situacao":"BAIXADO","timestamp":"2026-05-19T11:30:50.963Z"}
{"level":"info","message":"🔎 Processando título 111369/B","service":"btg-baixa-titulos-service","timestamp":"2026-05-19T11:30:50.967Z"}
{"level":"info","message":"🌐 Millennium request: GET /MILLENIUM!JOIN_ONEUP.LANCAMENTOS.CONSULTALANCAMENTOS?cnpj=57.408.548%2F0001-92&n_documento=111369%2FB","service":"btg-baixa-titulos-service","timestamp":"2026-05-19T11:30:50.967Z"}
{"lancamento":1434871084,"level":"info","message":"ℹ️ Título 111369/B já estava baixado. Processo ignorado.","service":"btg-baixa-titulos-service","situacao":"BAIXADO","timestamp":"2026-05-19T11:30:50.984Z"}
{"level":"info","message":"🔎 Processando título 111369/A","service":"btg-baixa-titulos-service","timestamp":"2026-05-19T11:30:50.988Z"}
{"level":"info","message":"🌐 Millennium request: GET /MILLENIUM!JOIN_ONEUP.LANCAMENTOS.CONSULTALANCAMENTOS?cnpj=57.408.548%2F0001-92&n_documento=111369%2FA","service":"btg-baixa-titulos-service","timestamp":"2026-05-19T11:30:50.988Z"}
{"lancamento":1434871083,"level":"info","message":"ℹ️ Título 111369/A já estava baixado. Processo ignorado.","service":"btg-baixa-titulos-service","situacao":"BAIXADO","timestamp":"2026-05-19T11:30:51.005Z"}
{"level":"info","message":"🔎 Processando título 109417/D","service":"btg-baixa-titulos-service","timestamp":"2026-05-19T11:30:51.009Z"}
{"level":"info","message":"🌐 Millennium request: GET /MILLENIUM!JOIN_ONEUP.LANCAMENTOS.CONSULTALANCAMENTOS?cnpj=00.768.271%2F0001-91&n_documento=109417%2FD","service":"btg-baixa-titulos-service","timestamp":"2026-05-19T11:30:51.009Z"}
{"lancamento":1434856131,"level":"info","message":"ℹ️ Título 109417/D já estava baixado. Processo ignorado.","service":"btg-baixa-titulos-service","situacao":"BAIXADO","timestamp":"2026-05-19T11:30:51.024Z"}
{"level":"info","message":"🔎 Processando título 109417/C","service":"btg-baixa-titulos-service","timestamp":"2026-05-19T11:30:51.027Z"}
{"level":"info","message":"🌐 Millennium request: GET /MILLENIUM!JOIN_ONEUP.LANCAMENTOS.CONSULTALANCAMENTOS?cnpj=00.768.271%2F0001-91&n_documento=109417%2FC","service":"btg-baixa-titulos-service","timestamp":"2026-05-19T11:30:51.027Z"}
{"lancamento":1434856130,"level":"info","message":"ℹ️ Título 109417/C já estava baixado. Processo ignorado.","service":"btg-baixa-titulos-service","situacao":"BAIXADO","timestamp":"2026-05-19T11:30:51.041Z"}
{"level":"info","message":"🔎 Processando título 111257/C","service":"btg-baixa-titulos-service","timestamp":"2026-05-19T11:30:51.045Z"}
{"level":"info","message":"🌐 Millennium request: GET /MILLENIUM!JOIN_ONEUP.LANCAMENTOS.CONSULTALANCAMENTOS?cnpj=47.485.403%2F0001-31&n_documento=111257%2FC","service":"btg-baixa-titulos-service","timestamp":"2026-05-19T11:30:51.045Z"}
{"lancamento":1434870092,"level":"info","message":"ℹ️ Título 111257/C já estava baixado. Processo ignorado.","service":"btg-baixa-titulos-service","situacao":"BAIXADO","timestamp":"2026-05-19T11:30:51.061Z"}
{"level":"info","message":"🔎 Processando título 109417/B","service":"btg-baixa-titulos-service","timestamp":"2026-05-19T11:30:51.065Z"}
{"level":"info","message":"🌐 Millennium request: GET /MILLENIUM!JOIN_ONEUP.LANCAMENTOS.CONSULTALANCAMENTOS?cnpj=00.768.271%2F0001-91&n_documento=109417%2FB","service":"btg-baixa-titulos-service","timestamp":"2026-05-19T11:30:51.066Z"}
{"lancamento":1434856129,"level":"info","message":"ℹ️ Título 109417/B já estava baixado. Processo ignorado.","service":"btg-baixa-titulos-service","situacao":"BAIXADO","timestamp":"2026-05-19T11:30:51.083Z"}
{"level":"info","message":"🔎 Processando título 111257/B","service":"btg-baixa-titulos-service","timestamp":"2026-05-19T11:30:51.086Z"}
{"level":"info","message":"🌐 Millennium request: GET /MILLENIUM!JOIN_ONEUP.LANCAMENTOS.CONSULTALANCAMENTOS?cnpj=47.485.403%2F0001-31&n_documento=111257%2FB","service":"btg-baixa-titulos-service","timestamp":"2026-05-19T11:30:51.086Z"}
{"lancamento":1434870091,"level":"info","message":"ℹ️ Título 111257/B já estava baixado. Processo ignorado.","service":"btg-baixa-titulos-service","situacao":"BAIXADO","timestamp":"2026-05-19T11:30:51.103Z"}
{"level":"info","message":"🔎 Processando título 111257/A","service":"btg-baixa-titulos-service","timestamp":"2026-05-19T11:30:51.107Z"}
{"level":"info","message":"🌐 Millennium request: GET /MILLENIUM!JOIN_ONEUP.LANCAMENTOS.CONSULTALANCAMENTOS?cnpj=47.485.403%2F0001-31&n_documento=111257%2FA","service":"btg-baixa-titulos-service","timestamp":"2026-05-19T11:30:51.107Z"}
{"lancamento":1434870090,"level":"info","message":"ℹ️ Título 111257/A já estava baixado. Processo ignorado.","service":"btg-baixa-titulos-service","situacao":"BAIXADO","timestamp":"2026-05-19T11:30:51.124Z"}
{"level":"info","message":"🔎 Processando título 109417/A","service":"btg-baixa-titulos-service","timestamp":"2026-05-19T11:30:51.127Z"}
{"level":"info","message":"🌐 Millennium request: GET /MILLENIUM!JOIN_ONEUP.LANCAMENTOS.CONSULTALANCAMENTOS?cnpj=00.768.271%2F0001-91&n_documento=109417%2FA","service":"btg-baixa-titulos-service","timestamp":"2026-05-19T11:30:51.127Z"}
{"lancamento":1434856128,"level":"info","message":"ℹ️ Título 109417/A já estava baixado. Processo ignorado.","service":"btg-baixa-titulos-service","situacao":"BAIXADO","timestamp":"2026-05-19T11:30:51.142Z"}
{"level":"info","message":"🔎 Processando título 111256/C","service":"btg-baixa-titulos-service","timestamp":"2026-05-19T11:30:51.145Z"}
{"level":"info","message":"🌐 Millennium request: GET /MILLENIUM!JOIN_ONEUP.LANCAMENTOS.CONSULTALANCAMENTOS?cnpj=47.485.403%2F0001-31&n_documento=111256%2FC","service":"btg-baixa-titulos-service","timestamp":"2026-05-19T11:30:51.145Z"}
{"lancamento":1434870087,"level":"info","message":"ℹ️ Título 111256/C já estava baixado. Processo ignorado.","service":"btg-baixa-titulos-service","situacao":"BAIXADO","timestamp":"2026-05-19T11:30:51.162Z"}
{"level":"info","message":"🔎 Processando título 111256/B","service":"btg-baixa-titulos-service","timestamp":"2026-05-19T11:30:51.165Z"}
{"level":"info","message":"🌐 Millennium request: GET /MILLENIUM!JOIN_ONEUP.LANCAMENTOS.CONSULTALANCAMENTOS?cnpj=47.485.403%2F0001-31&n_documento=111256%2FB","service":"btg-baixa-titulos-service","timestamp":"2026-05-19T11:30:51.165Z"}
{"lancamento":1434870086,"level":"info","message":"ℹ️ Título 111256/B já estava baixado. Processo ignorado.","service":"btg-baixa-titulos-service","situacao":"BAIXADO","timestamp":"2026-05-19T11:30:51.180Z"}
{"level":"info","message":"🔎 Processando título 109244/E","service":"btg-baixa-titulos-service","timestamp":"2026-05-19T11:30:51.185Z"}
{"level":"info","message":"🌐 Millennium request: GET /MILLENIUM!JOIN_ONEUP.LANCAMENTOS.CONSULTALANCAMENTOS?cnpj=03.247.651%2F0001-79&n_documento=109244%2FE","service":"btg-baixa-titulos-service","timestamp":"2026-05-19T11:30:51.185Z"}
{"lancamento":1434855325,"level":"info","message":"ℹ️ Título 109244/E já estava baixado. Processo ignorado.","service":"btg-baixa-titulos-service","situacao":"BAIXADO","timestamp":"2026-05-19T11:30:51.288Z"}
{"level":"info","message":"🔎 Processando título 109244/D","service":"btg-baixa-titulos-service","timestamp":"2026-05-19T11:30:51.293Z"}
{"level":"info","message":"🌐 Millennium request: GET /MILLENIUM!JOIN_ONEUP.LANCAMENTOS.CONSULTALANCAMENTOS?cnpj=03.247.651%2F0001-79&n_documento=109244%2FD","service":"btg-baixa-titulos-service","timestamp":"2026-05-19T11:30:51.293Z"}
{"lancamento":1434855324,"level":"info","message":"ℹ️ Título 109244/D já estava baixado. Processo ignorado.","service":"btg-baixa-titulos-service","situacao":"BAIXADO","timestamp":"2026-05-19T11:30:51.311Z"}
{"level":"info","message":"🔎 Processando título 111254/C","service":"btg-baixa-titulos-service","timestamp":"2026-05-19T11:30:51.316Z"}
{"level":"info","message":"🌐 Millennium request: GET /MILLENIUM!JOIN_ONEUP.LANCAMENTOS.CONSULTALANCAMENTOS?cnpj=47.485.403%2F0001-31&n_documento=111254%2FC","service":"btg-baixa-titulos-service","timestamp":"2026-05-19T11:30:51.316Z"}
{"lancamento":1434870073,"level":"info","message":"ℹ️ Título 111254/C já estava baixado. Processo ignorado.","service":"btg-baixa-titulos-service","situacao":"BAIXADO","timestamp":"2026-05-19T11:30:51.331Z"}
{"level":"info","message":"🔎 Processando título 111254/B","service":"btg-baixa-titulos-service","timestamp":"2026-05-19T11:30:51.334Z"}
{"level":"info","message":"🌐 Millennium request: GET /MILLENIUM!JOIN_ONEUP.LANCAMENTOS.CONSULTALANCAMENTOS?cnpj=47.485.403%2F0001-31&n_documento=111254%2FB","service":"btg-baixa-titulos-service","timestamp":"2026-05-19T11:30:51.334Z"}
{"lancamento":1434870072,"level":"info","message":"ℹ️ Título 111254/B já estava baixado. Processo ignorado.","service":"btg-baixa-titulos-service","situacao":"BAIXADO","timestamp":"2026-05-19T11:30:51.350Z"}
{"level":"info","message":"🔎 Processando título 109244/C","service":"btg-baixa-titulos-service","timestamp":"2026-05-19T11:30:51.353Z"}
{"level":"info","message":"🌐 Millennium request: GET /MILLENIUM!JOIN_ONEUP.LANCAMENTOS.CONSULTALANCAMENTOS?cnpj=03.247.651%2F0001-79&n_documento=109244%2FC","service":"btg-baixa-titulos-service","timestamp":"2026-05-19T11:30:51.353Z"}
{"lancamento":1434855323,"level":"info","message":"ℹ️ Título 109244/C já estava baixado. Processo ignorado.","service":"btg-baixa-titulos-service","situacao":"BAIXADO","timestamp":"2026-05-19T11:30:51.368Z"}
{"level":"info","message":"🔎 Processando título 109244/B","service":"btg-baixa-titulos-service","timestamp":"2026-05-19T11:30:51.372Z"}
{"level":"info","message":"🌐 Millennium request: GET /MILLENIUM!JOIN_ONEUP.LANCAMENTOS.CONSULTALANCAMENTOS?cnpj=03.247.651%2F0001-79&n_documento=109244%2FB","service":"btg-baixa-titulos-service","timestamp":"2026-05-19T11:30:51.372Z"}
{"lancamento":1434855322,"level":"info","message":"ℹ️ Título 109244/B já estava baixado. Processo ignorado.","service":"btg-baixa-titulos-service","situacao":"BAIXADO","timestamp":"2026-05-19T11:30:51.408Z"}
{"level":"info","message":"🔎 Processando título 111254/A","service":"btg-baixa-titulos-service","timestamp":"2026-05-19T11:30:51.413Z"}
{"level":"info","message":"🌐 Millennium request: GET /MILLENIUM!JOIN_ONEUP.LANCAMENTOS.CONSULTALANCAMENTOS?cnpj=47.485.403%2F0001-31&n_documento=111254%2FA","service":"btg-baixa-titulos-service","timestamp":"2026-05-19T11:30:51.413Z"}
{"lancamento":1434870071,"level":"info","message":"ℹ️ Título 111254/A já estava baixado. Processo ignorado.","service":"btg-baixa-titulos-service","situacao":"BAIXADO","timestamp":"2026-05-19T11:30:51.428Z"}
{"level":"info","message":"🔎 Processando título 109244/A","service":"btg-baixa-titulos-service","timestamp":"2026-05-19T11:30:51.432Z"}
{"level":"info","message":"🌐 Millennium request: GET /MILLENIUM!JOIN_ONEUP.LANCAMENTOS.CONSULTALANCAMENTOS?cnpj=03.247.651%2F0001-79&n_documento=109244%2FA","service":"btg-baixa-titulos-service","timestamp":"2026-05-19T11:30:51.432Z"}
{"lancamento":1434855321,"level":"info","message":"ℹ️ Título 109244/A já estava baixado. Processo ignorado.","service":"btg-baixa-titulos-service","situacao":"BAIXADO","timestamp":"2026-05-19T11:30:51.451Z"}
{"level":"info","message":"🔎 Processando título 111043/D","service":"btg-baixa-titulos-service","timestamp":"2026-05-19T11:30:51.455Z"}
{"level":"info","message":"🌐 Millennium request: GET /MILLENIUM!JOIN_ONEUP.LANCAMENTOS.CONSULTALANCAMENTOS?cnpj=57.408.548%2F0001-92&n_documento=111043%2FD","service":"btg-baixa-titulos-service","timestamp":"2026-05-19T11:30:51.455Z"}
{"lancamento":1434868706,"level":"info","message":"ℹ️ Título 111043/D já estava baixado. Processo ignorado.","service":"btg-baixa-titulos-service","situacao":"BAIXADO","timestamp":"2026-05-19T11:30:51.475Z"}
{"level":"info","message":"🔎 Processando título 111043/C","service":"btg-baixa-titulos-service","timestamp":"2026-05-19T11:30:51.478Z"}
{"level":"info","message":"🌐 Millennium request: GET /MILLENIUM!JOIN_ONEUP.LANCAMENTOS.CONSULTALANCAMENTOS?cnpj=57.408.548%2F0001-92&n_documento=111043%2FC","service":"btg-baixa-titulos-service","timestamp":"2026-05-19T11:30:51.478Z"}
{"lancamento":1434868705,"level":"info","message":"ℹ️ Título 111043/C já estava baixado. Processo ignorado.","service":"btg-baixa-titulos-service","situacao":"BAIXADO","timestamp":"2026-05-19T11:30:51.494Z"}
{"level":"info","message":"🔎 Processando título 111043/B","service":"btg-baixa-titulos-service","timestamp":"2026-05-19T11:30:51.498Z"}
{"level":"info","message":"🌐 Millennium request: GET /MILLENIUM!JOIN_ONEUP.LANCAMENTOS.CONSULTALANCAMENTOS?cnpj=57.408.548%2F0001-92&n_documento=111043%2FB","service":"btg-baixa-titulos-service","timestamp":"2026-05-19T11:30:51.498Z"}
{"lancamento":1434868704,"level":"info","message":"ℹ️ Título 111043/B já estava baixado. Processo ignorado.","service":"btg-baixa-titulos-service","situacao":"BAIXADO","timestamp":"2026-05-19T11:30:51.514Z"}
{"level":"info","message":"🔎 Processando título 111043/A","service":"btg-baixa-titulos-service","timestamp":"2026-05-19T11:30:51.518Z"}
{"level":"info","message":"🌐 Millennium request: GET /MILLENIUM!JOIN_ONEUP.LANCAMENTOS.CONSULTALANCAMENTOS?cnpj=57.408.548%2F0001-92&n_documento=111043%2FA","service":"btg-baixa-titulos-service","timestamp":"2026-05-19T11:30:51.518Z"}
{"lancamento":1434868703,"level":"info","message":"ℹ️ Título 111043/A já estava baixado. Processo ignorado.","service":"btg-baixa-titulos-service","situacao":"BAIXADO","timestamp":"2026-05-19T11:30:51.531Z"}
{"level":"info","message":"🔎 Processando título 110977/D","service":"btg-baixa-titulos-service","timestamp":"2026-05-19T11:30:51.535Z"}
{"level":"info","message":"🌐 Millennium request: GET /MILLENIUM!JOIN_ONEUP.LANCAMENTOS.CONSULTALANCAMENTOS?cnpj=57.408.548%2F0001-92&n_documento=110977%2FD","service":"btg-baixa-titulos-service","timestamp":"2026-05-19T11:30:51.535Z"}
{"lancamento":1434868583,"level":"info","message":"ℹ️ Título 110977/D já estava baixado. Processo ignorado.","service":"btg-baixa-titulos-service","situacao":"BAIXADO","timestamp":"2026-05-19T11:30:51.551Z"}
{"level":"info","message":"🔎 Processando título 110977/C","service":"btg-baixa-titulos-service","timestamp":"2026-05-19T11:30:51.554Z"}
{"level":"info","message":"🌐 Millennium request: GET /MILLENIUM!JOIN_ONEUP.LANCAMENTOS.CONSULTALANCAMENTOS?cnpj=57.408.548%2F0001-92&n_documento=110977%2FC","service":"btg-baixa-titulos-service","timestamp":"2026-05-19T11:30:51.554Z"}
{"lancamento":1434868582,"level":"info","message":"ℹ️ Título 110977/C já estava baixado. Processo ignorado.","service":"btg-baixa-titulos-service","situacao":"BAIXADO","timestamp":"2026-05-19T11:30:51.570Z"}
{"level":"info","message":"🔎 Processando título 110977/B","service":"btg-baixa-titulos-service","timestamp":"2026-05-19T11:30:51.574Z"}
{"level":"info","message":"🌐 Millennium request: GET /MILLENIUM!JOIN_ONEUP.LANCAMENTOS.CONSULTALANCAMENTOS?cnpj=57.408.548%2F0001-92&n_documento=110977%2FB","service":"btg-baixa-titulos-service","timestamp":"2026-05-19T11:30:51.574Z"}
{"lancamento":1434868581,"level":"info","message":"ℹ️ Título 110977/B já estava baixado. Processo ignorado.","service":"btg-baixa-titulos-service","situacao":"BAIXADO","timestamp":"2026-05-19T11:30:51.589Z"}
{"level":"info","message":"🔎 Processando título 111253/B","service":"btg-baixa-titulos-service","timestamp":"2026-05-19T11:30:51.592Z"}
{"level":"info","message":"🌐 Millennium request: GET /MILLENIUM!JOIN_ONEUP.LANCAMENTOS.CONSULTALANCAMENTOS?cnpj=47.485.403%2F0001-31&n_documento=111253%2FB","service":"btg-baixa-titulos-service","timestamp":"2026-05-19T11:30:51.592Z"}
{"lancamento":1434870067,"level":"info","message":"ℹ️ Título 111253/B já estava baixado. Processo ignorado.","service":"btg-baixa-titulos-service","situacao":"BAIXADO","timestamp":"2026-05-19T11:30:51.607Z"}
{"level":"info","message":"🔎 Processando título 111253/A","service":"btg-baixa-titulos-service","timestamp":"2026-05-19T11:30:51.610Z"}
{"level":"info","message":"🌐 Millennium request: GET /MILLENIUM!JOIN_ONEUP.LANCAMENTOS.CONSULTALANCAMENTOS?cnpj=47.485.403%2F0001-31&n_documento=111253%2FA","service":"btg-baixa-titulos-service","timestamp":"2026-05-19T11:30:51.611Z"}
{"lancamento":1434870066,"level":"info","message":"ℹ️ Título 111253/A já estava baixado. Processo ignorado.","service":"btg-baixa-titulos-service","situacao":"BAIXADO","timestamp":"2026-05-19T11:30:51.625Z"}
{"level":"info","message":"🔎 Processando título 111252/C","service":"btg-baixa-titulos-service","timestamp":"2026-05-19T11:30:51.629Z"}
{"level":"info","message":"🌐 Millennium request: GET /MILLENIUM!JOIN_ONEUP.LANCAMENTOS.CONSULTALANCAMENTOS?cnpj=47.485.403%2F0001-31&n_documento=111252%2FC","service":"btg-baixa-titulos-service","timestamp":"2026-05-19T11:30:51.629Z"}
{"lancamento":1434870065,"level":"info","message":"ℹ️ Título 111252/C já estava baixado. Processo ignorado.","service":"btg-baixa-titulos-service","situacao":"BAIXADO","timestamp":"2026-05-19T11:30:51.644Z"}
{"level":"info","message":"🔎 Processando título 110977/A","service":"btg-baixa-titulos-service","timestamp":"2026-05-19T11:30:51.647Z"}
{"level":"info","message":"🌐 Millennium request: GET /MILLENIUM!JOIN_ONEUP.LANCAMENTOS.CONSULTALANCAMENTOS?cnpj=57.408.548%2F0001-92&n_documento=110977%2FA","service":"btg-baixa-titulos-service","timestamp":"2026-05-19T11:30:51.647Z"}
{"lancamento":1434868580,"level":"info","message":"ℹ️ Título 110977/A já estava baixado. Processo ignorado.","service":"btg-baixa-titulos-service","situacao":"BAIXADO","timestamp":"2026-05-19T11:30:51.662Z"}
{"level":"info","message":"🔎 Processando título 111251/C","service":"btg-baixa-titulos-service","timestamp":"2026-05-19T11:30:51.666Z"}
{"level":"info","message":"🌐 Millennium request: GET /MILLENIUM!JOIN_ONEUP.LANCAMENTOS.CONSULTALANCAMENTOS?cnpj=47.485.403%2F0001-31&n_documento=111251%2FC","service":"btg-baixa-titulos-service","timestamp":"2026-05-19T11:30:51.666Z"}
{"lancamento":1434870059,"level":"info","message":"ℹ️ Título 111251/C já estava baixado. Processo ignorado.","service":"btg-baixa-titulos-service","situacao":"BAIXADO","timestamp":"2026-05-19T11:30:51.681Z"}
{"level":"info","message":"🔎 Processando título 111251/B","service":"btg-baixa-titulos-service","timestamp":"2026-05-19T11:30:51.685Z"}
{"level":"info","message":"🌐 Millennium request: GET /MILLENIUM!JOIN_ONEUP.LANCAMENTOS.CONSULTALANCAMENTOS?cnpj=47.485.403%2F0001-31&n_documento=111251%2FB","service":"btg-baixa-titulos-service","timestamp":"2026-05-19T11:30:51.685Z"}
{"lancamento":1434870058,"level":"info","message":"ℹ️ Título 111251/B já estava baixado. Processo ignorado.","service":"btg-baixa-titulos-service","situacao":"BAIXADO","timestamp":"2026-05-19T11:30:51.703Z"}
{"level":"info","message":"🔎 Processando título 109093/D","service":"btg-baixa-titulos-service","timestamp":"2026-05-19T11:30:51.706Z"}
{"level":"info","message":"🌐 Millennium request: GET /MILLENIUM!JOIN_ONEUP.LANCAMENTOS.CONSULTALANCAMENTOS?cnpj=57.408.548%2F0001-92&n_documento=109093%2FD","service":"btg-baixa-titulos-service","timestamp":"2026-05-19T11:30:51.706Z"}
{"lancamento":1434854194,"level":"info","message":"ℹ️ Título 109093/D já estava baixado. Processo ignorado.","service":"btg-baixa-titulos-service","situacao":"BAIXADO","timestamp":"2026-05-19T11:30:51.722Z"}
{"level":"info","message":"🔎 Processando título 111251/A","service":"btg-baixa-titulos-service","timestamp":"2026-05-19T11:30:51.724Z"}
{"level":"info","message":"🌐 Millennium request: GET /MILLENIUM!JOIN_ONEUP.LANCAMENTOS.CONSULTALANCAMENTOS?cnpj=47.485.403%2F0001-31&n_documento=111251%2FA","service":"btg-baixa-titulos-service","timestamp":"2026-05-19T11:30:51.724Z"}
{"lancamento":1434870057,"level":"info","message":"ℹ️ Título 111251/A já estava baixado. Processo ignorado.","service":"btg-baixa-titulos-service","situacao":"BAIXADO","timestamp":"2026-05-19T11:30:51.822Z"}
{"level":"info","message":"🔎 Processando título 109093/C","service":"btg-baixa-titulos-service","timestamp":"2026-05-19T11:30:51.827Z"}
{"level":"info","message":"🌐 Millennium request: GET /MILLENIUM!JOIN_ONEUP.LANCAMENTOS.CONSULTALANCAMENTOS?cnpj=57.408.548%2F0001-92&n_documento=109093%2FC","service":"btg-baixa-titulos-service","timestamp":"2026-05-19T11:30:51.827Z"}
{"lancamento":1434854193,"level":"info","message":"ℹ️ Título 109093/C já estava baixado. Processo ignorado.","service":"btg-baixa-titulos-service","situacao":"BAIXADO","timestamp":"2026-05-19T11:30:51.843Z"}
{"level":"info","message":"🔎 Processando título 111250/C","service":"btg-baixa-titulos-service","timestamp":"2026-05-19T11:30:51.846Z"}
{"level":"info","message":"🌐 Millennium request: GET /MILLENIUM!JOIN_ONEUP.LANCAMENTOS.CONSULTALANCAMENTOS?cnpj=47.485.403%2F0001-31&n_documento=111250%2FC","service":"btg-baixa-titulos-service","timestamp":"2026-05-19T11:30:51.846Z"}
{"lancamento":1434870045,"level":"info","message":"ℹ️ Título 111250/C já estava baixado. Processo ignorado.","service":"btg-baixa-titulos-service","situacao":"BAIXADO","timestamp":"2026-05-19T11:30:51.860Z"}
{"level":"info","message":"🔎 Processando título 109093/B","service":"btg-baixa-titulos-service","timestamp":"2026-05-19T11:30:51.865Z"}
{"level":"info","message":"🌐 Millennium request: GET /MILLENIUM!JOIN_ONEUP.LANCAMENTOS.CONSULTALANCAMENTOS?cnpj=57.408.548%2F0001-92&n_documento=109093%2FB","service":"btg-baixa-titulos-service","timestamp":"2026-05-19T11:30:51.865Z"}
{"lancamento":1434854192,"level":"info","message":"ℹ️ Título 109093/B já estava baixado. Processo ignorado.","service":"btg-baixa-titulos-service","situacao":"BAIXADO","timestamp":"2026-05-19T11:30:51.879Z"}
{"level":"info","message":"🔎 Processando título 109093/A","service":"btg-baixa-titulos-service","timestamp":"2026-05-19T11:30:51.882Z"}
{"level":"info","message":"🌐 Millennium request: GET /MILLENIUM!JOIN_ONEUP.LANCAMENTOS.CONSULTALANCAMENTOS?cnpj=57.408.548%2F0001-92&n_documento=109093%2FA","service":"btg-baixa-titulos-service","timestamp":"2026-05-19T11:30:51.882Z"}
{"lancamento":1434854191,"level":"info","message":"ℹ️ Título 109093/A já estava baixado. Processo ignorado.","service":"btg-baixa-titulos-service","situacao":"BAIXADO","timestamp":"2026-05-19T11:30:51.900Z"}
{"level":"info","message":"🔎 Processando título 111250/B","service":"btg-baixa-titulos-service","timestamp":"2026-05-19T11:30:51.903Z"}
{"level":"info","message":"🌐 Millennium request: GET /MILLENIUM!JOIN_ONEUP.LANCAMENTOS.CONSULTALANCAMENTOS?cnpj=47.485.403%2F0001-31&n_documento=111250%2FB","service":"btg-baixa-titulos-service","timestamp":"2026-05-19T11:30:51.903Z"}
{"lancamento":1434870044,"level":"info","message":"ℹ️ Título 111250/B já estava baixado. Processo ignorado.","service":"btg-baixa-titulos-service","situacao":"BAIXADO","timestamp":"2026-05-19T11:30:51.918Z"}
{"level":"info","message":"🔎 Processando título 110976","service":"btg-baixa-titulos-service","timestamp":"2026-05-19T11:30:51.921Z"}
{"level":"info","message":"🌐 Millennium request: GET /MILLENIUM!JOIN_ONEUP.LANCAMENTOS.CONSULTALANCAMENTOS?cnpj=77.857.555%2F0009-36&n_documento=110976","service":"btg-baixa-titulos-service","timestamp":"2026-05-19T11:30:51.921Z"}
{"lancamento":1434868578,"level":"info","message":"ℹ️ Título 110976 já estava baixado. Processo ignorado.","service":"btg-baixa-titulos-service","situacao":"BAIXADO","timestamp":"2026-05-19T11:30:51.936Z"}
{"level":"info","message":"🔎 Processando título 110946","service":"btg-baixa-titulos-service","timestamp":"2026-05-19T11:30:51.939Z"}
{"level":"info","message":"🌐 Millennium request: GET /MILLENIUM!JOIN_ONEUP.LANCAMENTOS.CONSULTALANCAMENTOS?cnpj=01.329.811%2F0001-01&n_documento=110946","service":"btg-baixa-titulos-service","timestamp":"2026-05-19T11:30:51.939Z"}
{"lancamento":1434868117,"level":"info","message":"ℹ️ Título 110946 já estava baixado. Processo ignorado.","service":"btg-baixa-titulos-service","situacao":"BAIXADO","timestamp":"2026-05-19T11:30:51.952Z"}
{"level":"info","message":"🔎 Processando título 110759/C","service":"btg-baixa-titulos-service","timestamp":"2026-05-19T11:30:51.955Z"}
{"level":"info","message":"🌐 Millennium request: GET /MILLENIUM!JOIN_ONEUP.LANCAMENTOS.CONSULTALANCAMENTOS?cnpj=73.652.158%2F0001-10&n_documento=110759%2FC","service":"btg-baixa-titulos-service","timestamp":"2026-05-19T11:30:51.955Z"}
{"lancamento":1434866525,"level":"info","message":"ℹ️ Título 110759/C já estava baixado. Processo ignorado.","service":"btg-baixa-titulos-service","situacao":"BAIXADO","timestamp":"2026-05-19T11:30:51.971Z"}
{"level":"info","message":"🔎 Processando título 110759/B","service":"btg-baixa-titulos-service","timestamp":"2026-05-19T11:30:51.974Z"}
{"level":"info","message":"🌐 Millennium request: GET /MILLENIUM!JOIN_ONEUP.LANCAMENTOS.CONSULTALANCAMENTOS?cnpj=73.652.158%2F0001-10&n_documento=110759%2FB","service":"btg-baixa-titulos-service","timestamp":"2026-05-19T11:30:51.974Z"}
{"lancamento":1434866524,"level":"info","message":"ℹ️ Título 110759/B já estava baixado. Processo ignorado.","service":"btg-baixa-titulos-service","situacao":"BAIXADO","timestamp":"2026-05-19T11:30:51.988Z"}
{"level":"info","message":"🔎 Processando título 110759/A","service":"btg-baixa-titulos-service","timestamp":"2026-05-19T11:30:51.992Z"}
{"level":"info","message":"🌐 Millennium request: GET /MILLENIUM!JOIN_ONEUP.LANCAMENTOS.CONSULTALANCAMENTOS?cnpj=73.652.158%2F0001-10&n_documento=110759%2FA","service":"btg-baixa-titulos-service","timestamp":"2026-05-19T11:30:51.992Z"}
{"lancamento":1434866523,"level":"info","message":"ℹ️ Título 110759/A já estava baixado. Processo ignorado.","service":"btg-baixa-titulos-service","situacao":"BAIXADO","timestamp":"2026-05-19T11:30:52.007Z"}
{"level":"info","message":"🔎 Processando título 110757/C","service":"btg-baixa-titulos-service","timestamp":"2026-05-19T11:30:52.011Z"}
{"level":"info","message":"🌐 Millennium request: GET /MILLENIUM!JOIN_ONEUP.LANCAMENTOS.CONSULTALANCAMENTOS?cnpj=59.205.187%2F0001-02&n_documento=110757%2FC","service":"btg-baixa-titulos-service","timestamp":"2026-05-19T11:30:52.011Z"}
{"lancamento":1434866522,"level":"info","message":"ℹ️ Título 110757/C já estava baixado. Processo ignorado.","service":"btg-baixa-titulos-service","situacao":"BAIXADO","timestamp":"2026-05-19T11:30:52.025Z"}
{"level":"info","message":"🔎 Processando título 110757/B","service":"btg-baixa-titulos-service","timestamp":"2026-05-19T11:30:52.029Z"}
{"level":"info","message":"🌐 Millennium request: GET /MILLENIUM!JOIN_ONEUP.LANCAMENTOS.CONSULTALANCAMENTOS?cnpj=59.205.187%2F0001-02&n_documento=110757%2FB","service":"btg-baixa-titulos-service","timestamp":"2026-05-19T11:30:52.029Z"}
{"lancamento":1434866521,"level":"info","message":"ℹ️ Título 110757/B já estava baixado. Processo ignorado.","service":"btg-baixa-titulos-service","situacao":"BAIXADO","timestamp":"2026-05-19T11:30:52.046Z"}
{"level":"info","message":"🔎 Processando título 110757/A","service":"btg-baixa-titulos-service","timestamp":"2026-05-19T11:30:52.050Z"}
{"level":"info","message":"🌐 Millennium request: GET /MILLENIUM!JOIN_ONEUP.LANCAMENTOS.CONSULTALANCAMENTOS?cnpj=59.205.187%2F0001-02&n_documento=110757%2FA","service":"btg-baixa-titulos-service","timestamp":"2026-05-19T11:30:52.051Z"}
{"lancamento":1434866520,"level":"info","message":"ℹ️ Título 110757/A já estava baixado. Processo ignorado.","service":"btg-baixa-titulos-service","situacao":"BAIXADO","timestamp":"2026-05-19T11:30:52.071Z"}
{"level":"info","message":"🔎 Processando título 110754/G","service":"btg-baixa-titulos-service","timestamp":"2026-05-19T11:30:52.076Z"}
{"level":"info","message":"🌐 Millennium request: GET /MILLENIUM!JOIN_ONEUP.LANCAMENTOS.CONSULTALANCAMENTOS?cnpj=03.294.992%2F0001-03&n_documento=110754%2FG","service":"btg-baixa-titulos-service","timestamp":"2026-05-19T11:30:52.076Z"}
{"lancamento":1434866517,"level":"info","message":"ℹ️ Título 110754/G já estava baixado. Processo ignorado.","service":"btg-baixa-titulos-service","situacao":"BAIXADO","timestamp":"2026-05-19T11:30:52.109Z"}
{"level":"info","message":"🔎 Processando título 110754/F","service":"btg-baixa-titulos-service","timestamp":"2026-05-19T11:30:52.114Z"}
{"level":"info","message":"🌐 Millennium request: GET /MILLENIUM!JOIN_ONEUP.LANCAMENTOS.CONSULTALANCAMENTOS?cnpj=03.294.992%2F0001-03&n_documento=110754%2FF","service":"btg-baixa-titulos-service","timestamp":"2026-05-19T11:30:52.115Z"}
{"lancamento":1434866516,"level":"info","message":"ℹ️ Título 110754/F já estava baixado. Processo ignorado.","service":"btg-baixa-titulos-service","situacao":"BAIXADO","timestamp":"2026-05-19T11:30:52.140Z"}
{"level":"info","message":"🔎 Processando título 110754/E","service":"btg-baixa-titulos-service","timestamp":"2026-05-19T11:30:52.145Z"}
{"level":"info","message":"🌐 Millennium request: GET /MILLENIUM!JOIN_ONEUP.LANCAMENTOS.CONSULTALANCAMENTOS?cnpj=03.294.992%2F0001-03&n_documento=110754%2FE","service":"btg-baixa-titulos-service","timestamp":"2026-05-19T11:30:52.145Z"}
{"lancamento":1434866515,"level":"info","message":"ℹ️ Título 110754/E já estava baixado. Processo ignorado.","service":"btg-baixa-titulos-service","situacao":"BAIXADO","timestamp":"2026-05-19T11:30:52.162Z"}
{"level":"info","message":"🔎 Processando título 110754/D","service":"btg-baixa-titulos-service","timestamp":"2026-05-19T11:30:52.166Z"}
{"level":"info","message":"🌐 Millennium request: GET /MILLENIUM!JOIN_ONEUP.LANCAMENTOS.CONSULTALANCAMENTOS?cnpj=03.294.992%2F0001-03&n_documento=110754%2FD","service":"btg-baixa-titulos-service","timestamp":"2026-05-19T11:30:52.167Z"}
{"lancamento":1434866514,"level":"info","message":"ℹ️ Título 110754/D já estava baixado. Processo ignorado.","service":"btg-baixa-titulos-service","situacao":"BAIXADO","timestamp":"2026-05-19T11:30:52.185Z"}
{"level":"info","message":"🔎 Processando título 110754/C","service":"btg-baixa-titulos-service","timestamp":"2026-05-19T11:30:52.189Z"}
{"level":"info","message":"🌐 Millennium request: GET /MILLENIUM!JOIN_ONEUP.LANCAMENTOS.CONSULTALANCAMENTOS?cnpj=03.294.992%2F0001-03&n_documento=110754%2FC","service":"btg-baixa-titulos-service","timestamp":"2026-05-19T11:30:52.189Z"}
{"lancamento":1434866513,"level":"info","message":"ℹ️ Título 110754/C já estava baixado. Processo ignorado.","service":"btg-baixa-titulos-service","situacao":"BAIXADO","timestamp":"2026-05-19T11:30:52.212Z"}
{"level":"info","message":"🔎 Processando título 110754/B","service":"btg-baixa-titulos-service","timestamp":"2026-05-19T11:30:52.218Z"}
{"level":"info","message":"🌐 Millennium request: GET /MILLENIUM!JOIN_ONEUP.LANCAMENTOS.CONSULTALANCAMENTOS?cnpj=03.294.992%2F0001-03&n_documento=110754%2FB","service":"btg-baixa-titulos-service","timestamp":"2026-05-19T11:30:52.218Z"}
{"lancamento":1434866512,"level":"info","message":"ℹ️ Título 110754/B já estava baixado. Processo ignorado.","service":"btg-baixa-titulos-service","situacao":"BAIXADO","timestamp":"2026-05-19T11:30:52.236Z"}
{"level":"info","message":"🔎 Processando título 110597/D","service":"btg-baixa-titulos-service","timestamp":"2026-05-19T11:30:52.241Z"}
{"level":"info","message":"🌐 Millennium request: GET /MILLENIUM!JOIN_ONEUP.LANCAMENTOS.CONSULTALANCAMENTOS?cnpj=03.247.651%2F0001-79&n_documento=110597%2FD","service":"btg-baixa-titulos-service","timestamp":"2026-05-19T11:30:52.241Z"}
{"lancamento":1434863696,"level":"info","message":"ℹ️ Título 110597/D já estava baixado. Processo ignorado.","service":"btg-baixa-titulos-service","situacao":"BAIXADO","timestamp":"2026-05-19T11:30:52.336Z"}
{"level":"info","message":"🔎 Processando título 110597/C","service":"btg-baixa-titulos-service","timestamp":"2026-05-19T11:30:52.341Z"}
{"level":"info","message":"🌐 Millennium request: GET /MILLENIUM!JOIN_ONEUP.LANCAMENTOS.CONSULTALANCAMENTOS?cnpj=03.247.651%2F0001-79&n_documento=110597%2FC","service":"btg-baixa-titulos-service","timestamp":"2026-05-19T11:30:52.341Z"}
{"lancamento":1434863695,"level":"info","message":"ℹ️ Título 110597/C já estava baixado. Processo ignorado.","service":"btg-baixa-titulos-service","situacao":"BAIXADO","timestamp":"2026-05-19T11:30:52.357Z"}
{"level":"info","message":"🔎 Processando título 110597/B","service":"btg-baixa-titulos-service","timestamp":"2026-05-19T11:30:52.361Z"}
{"level":"info","message":"🌐 Millennium request: GET /MILLENIUM!JOIN_ONEUP.LANCAMENTOS.CONSULTALANCAMENTOS?cnpj=03.247.651%2F0001-79&n_documento=110597%2FB","service":"btg-baixa-titulos-service","timestamp":"2026-05-19T11:30:52.361Z"}
{"lancamento":1434863694,"level":"info","message":"ℹ️ Título 110597/B já estava baixado. Processo ignorado.","service":"btg-baixa-titulos-service","situacao":"BAIXADO","timestamp":"2026-05-19T11:30:52.376Z"}
{"level":"info","message":"🔎 Processando título 110597/A","service":"btg-baixa-titulos-service","timestamp":"2026-05-19T11:30:52.379Z"}
{"level":"info","message":"🌐 Millennium request: GET /MILLENIUM!JOIN_ONEUP.LANCAMENTOS.CONSULTALANCAMENTOS?cnpj=03.247.651%2F0001-79&n_documento=110597%2FA","service":"btg-baixa-titulos-service","timestamp":"2026-05-19T11:30:52.379Z"}
{"lancamento":1434863693,"level":"info","message":"ℹ️ Título 110597/A já estava baixado. Processo ignorado.","service":"btg-baixa-titulos-service","situacao":"BAIXADO","timestamp":"2026-05-19T11:30:52.398Z"}
{"level":"info","message":"🔎 Processando título 110754/A","service":"btg-baixa-titulos-service","timestamp":"2026-05-19T11:30:52.403Z"}
{"level":"info","message":"🌐 Millennium request: GET /MILLENIUM!JOIN_ONEUP.LANCAMENTOS.CONSULTALANCAMENTOS?cnpj=03.294.992%2F0001-03&n_documento=110754%2FA","service":"btg-baixa-titulos-service","timestamp":"2026-05-19T11:30:52.403Z"}
{"lancamento":1434866511,"level":"info","message":"ℹ️ Título 110754/A já estava baixado. Processo ignorado.","service":"btg-baixa-titulos-service","situacao":"BAIXADO","timestamp":"2026-05-19T11:30:52.420Z"}
{"level":"info","message":"🔎 Processando título 110596/D","service":"btg-baixa-titulos-service","timestamp":"2026-05-19T11:30:52.424Z"}
{"level":"info","message":"🌐 Millennium request: GET /MILLENIUM!JOIN_ONEUP.LANCAMENTOS.CONSULTALANCAMENTOS?cnpj=44.999.259%2F0001-63&n_documento=110596%2FD","service":"btg-baixa-titulos-service","timestamp":"2026-05-19T11:30:52.424Z"}
{"lancamento":1434863675,"level":"info","message":"ℹ️ Título 110596/D já estava baixado. Processo ignorado.","service":"btg-baixa-titulos-service","situacao":"BAIXADO","timestamp":"2026-05-19T11:30:52.439Z"}
{"level":"info","message":"🔎 Processando título 110596/C","service":"btg-baixa-titulos-service","timestamp":"2026-05-19T11:30:52.443Z"}
{"level":"info","message":"🌐 Millennium request: GET /MILLENIUM!JOIN_ONEUP.LANCAMENTOS.CONSULTALANCAMENTOS?cnpj=44.999.259%2F0001-63&n_documento=110596%2FC","service":"btg-baixa-titulos-service","timestamp":"2026-05-19T11:30:52.443Z"}
{"lancamento":1434863674,"level":"info","message":"ℹ️ Título 110596/C já estava baixado. Processo ignorado.","service":"btg-baixa-titulos-service","situacao":"BAIXADO","timestamp":"2026-05-19T11:30:52.457Z"}
{"level":"info","message":"🔎 Processando título 110596/B","service":"btg-baixa-titulos-service","timestamp":"2026-05-19T11:30:52.463Z"}
{"level":"info","message":"🌐 Millennium request: GET /MILLENIUM!JOIN_ONEUP.LANCAMENTOS.CONSULTALANCAMENTOS?cnpj=44.999.259%2F0001-63&n_documento=110596%2FB","service":"btg-baixa-titulos-service","timestamp":"2026-05-19T11:30:52.463Z"}
{"lancamento":1434863673,"level":"info","message":"ℹ️ Título 110596/B já estava baixado. Processo ignorado.","service":"btg-baixa-titulos-service","situacao":"BAIXADO","timestamp":"2026-05-19T11:30:52.482Z"}
{"level":"info","message":"🔎 Processando título 110596/A","service":"btg-baixa-titulos-service","timestamp":"2026-05-19T11:30:52.486Z"}
{"level":"info","message":"🌐 Millennium request: GET /MILLENIUM!JOIN_ONEUP.LANCAMENTOS.CONSULTALANCAMENTOS?cnpj=44.999.259%2F0001-63&n_documento=110596%2FA","service":"btg-baixa-titulos-service","timestamp":"2026-05-19T11:30:52.486Z"}
{"lancamento":1434863672,"level":"info","message":"ℹ️ Título 110596/A já estava baixado. Processo ignorado.","service":"btg-baixa-titulos-service","situacao":"BAIXADO","timestamp":"2026-05-19T11:30:52.505Z"}
{"level":"info","message":"🔎 Processando título 37614/F","service":"btg-baixa-titulos-service","timestamp":"2026-05-19T11:30:52.509Z"}
{"level":"info","message":"🌐 Millennium request: GET /MILLENIUM!JOIN_ONEUP.LANCAMENTOS.CONSULTALANCAMENTOS?n_documento=37614%2FF&cpf=906.260.791-87","service":"btg-baixa-titulos-service","timestamp":"2026-05-19T11:30:52.509Z"}
{"lancamento":1434861828,"level":"info","message":"ℹ️ Título 37614/F já estava baixado. Processo ignorado.","service":"btg-baixa-titulos-service","situacao":"BAIXADO","timestamp":"2026-05-19T11:30:52.547Z"}
{"level":"info","message":"🔎 Processando título 37614/E","service":"btg-baixa-titulos-service","timestamp":"2026-05-19T11:30:52.555Z"}
{"level":"info","message":"🌐 Millennium request: GET /MILLENIUM!JOIN_ONEUP.LANCAMENTOS.CONSULTALANCAMENTOS?n_documento=37614%2FE&cpf=906.260.791-87","service":"btg-baixa-titulos-service","timestamp":"2026-05-19T11:30:52.556Z"}
{"lancamento":1434861827,"level":"info","message":"ℹ️ Título 37614/E já estava baixado. Processo ignorado.","service":"btg-baixa-titulos-service","situacao":"BAIXADO","timestamp":"2026-05-19T11:30:52.572Z"}
{"level":"info","message":"🔎 Processando título 110233/A","service":"btg-baixa-titulos-service","timestamp":"2026-05-19T11:30:52.578Z"}
{"level":"info","message":"🌐 Millennium request: GET /MILLENIUM!JOIN_ONEUP.LANCAMENTOS.CONSULTALANCAMENTOS?cnpj=07.030.508%2F0001-81&n_documento=110233%2FA","service":"btg-baixa-titulos-service","timestamp":"2026-05-19T11:30:52.579Z"}
{"lancamento":1434861382,"level":"info","message":"ℹ️ Título 110233/A já estava baixado. Processo ignorado.","service":"btg-baixa-titulos-service","situacao":"BAIXADO","timestamp":"2026-05-19T11:30:52.595Z"}
{"level":"info","message":"🔎 Processando título 37614/D","service":"btg-baixa-titulos-service","timestamp":"2026-05-19T11:30:52.598Z"}
{"level":"info","message":"🌐 Millennium request: GET /MILLENIUM!JOIN_ONEUP.LANCAMENTOS.CONSULTALANCAMENTOS?n_documento=37614%2FD&cpf=906.260.791-87","service":"btg-baixa-titulos-service","timestamp":"2026-05-19T11:30:52.598Z"}
{"lancamento":1434861826,"level":"info","message":"ℹ️ Título 37614/D já estava baixado. Processo ignorado.","service":"btg-baixa-titulos-service","situacao":"BAIXADO","timestamp":"2026-05-19T11:30:52.616Z"}
{"level":"info","message":"🔎 Processando título 37614/C","service":"btg-baixa-titulos-service","timestamp":"2026-05-19T11:30:52.619Z"}
{"level":"info","message":"🌐 Millennium request: GET /MILLENIUM!JOIN_ONEUP.LANCAMENTOS.CONSULTALANCAMENTOS?n_documento=37614%2FC&cpf=906.260.791-87","service":"btg-baixa-titulos-service","timestamp":"2026-05-19T11:30:52.619Z"}
{"lancamento":1434861825,"level":"info","message":"ℹ️ Título 37614/C já estava baixado. Processo ignorado.","service":"btg-baixa-titulos-service","situacao":"BAIXADO","timestamp":"2026-05-19T11:30:52.634Z"}
{"level":"info","message":"🔎 Processando título 37614/B","service":"btg-baixa-titulos-service","timestamp":"2026-05-19T11:30:52.637Z"}
{"level":"info","message":"🌐 Millennium request: GET /MILLENIUM!JOIN_ONEUP.LANCAMENTOS.CONSULTALANCAMENTOS?n_documento=37614%2FB&cpf=906.260.791-87","service":"btg-baixa-titulos-service","timestamp":"2026-05-19T11:30:52.637Z"}
{"lancamento":1434861824,"level":"info","message":"ℹ️ Título 37614/B já estava baixado. Processo ignorado.","service":"btg-baixa-titulos-service","situacao":"BAIXADO","timestamp":"2026-05-19T11:30:52.652Z"}
{"level":"info","message":"🔎 Processando título 110594/D","service":"btg-baixa-titulos-service","timestamp":"2026-05-19T11:30:52.655Z"}
{"level":"info","message":"🌐 Millennium request: GET /MILLENIUM!JOIN_ONEUP.LANCAMENTOS.CONSULTALANCAMENTOS?cnpj=00.768.271%2F0001-91&n_documento=110594%2FD","service":"btg-baixa-titulos-service","timestamp":"2026-05-19T11:30:52.655Z"}
{"lancamento":1434863644,"level":"info","message":"ℹ️ Título 110594/D já estava baixado. Processo ignorado.","service":"btg-baixa-titulos-service","situacao":"BAIXADO","timestamp":"2026-05-19T11:30:52.730Z"}
{"level":"info","message":"🔎 Processando título 37614/A","service":"btg-baixa-titulos-service","timestamp":"2026-05-19T11:30:52.735Z"}
{"level":"info","message":"🌐 Millennium request: GET /MILLENIUM!JOIN_ONEUP.LANCAMENTOS.CONSULTALANCAMENTOS?n_documento=37614%2FA&cpf=906.260.791-87","service":"btg-baixa-titulos-service","timestamp":"2026-05-19T11:30:52.735Z"}
{"lancamento":1434861823,"level":"info","message":"ℹ️ Título 37614/A já estava baixado. Processo ignorado.","service":"btg-baixa-titulos-service","situacao":"BAIXADO","timestamp":"2026-05-19T11:30:52.861Z"}
{"level":"info","message":"🔎 Processando título 110594/C","service":"btg-baixa-titulos-service","timestamp":"2026-05-19T11:30:52.871Z"}
{"level":"info","message":"🌐 Millennium request: GET /MILLENIUM!JOIN_ONEUP.LANCAMENTOS.CONSULTALANCAMENTOS?cnpj=00.768.271%2F0001-91&n_documento=110594%2FC","service":"btg-baixa-titulos-service","timestamp":"2026-05-19T11:30:52.871Z"}
{"lancamento":1434863643,"level":"info","message":"ℹ️ Título 110594/C já estava baixado. Processo ignorado.","service":"btg-baixa-titulos-service","situacao":"BAIXADO","timestamp":"2026-05-19T11:30:52.887Z"}
{"level":"info","message":"🔎 Processando título 110942/C","service":"btg-baixa-titulos-service","timestamp":"2026-05-19T11:30:52.894Z"}
{"level":"info","message":"🌐 Millennium request: GET /MILLENIUM!JOIN_ONEUP.LANCAMENTOS.CONSULTALANCAMENTOS?cnpj=50.649.490%2F0001-20&n_documento=110942%2FC","service":"btg-baixa-titulos-service","timestamp":"2026-05-19T11:30:52.894Z"}
{"lancamento":1434868107,"level":"info","message":"ℹ️ Título 110942/C já estava baixado. Processo ignorado.","service":"btg-baixa-titulos-service","situacao":"BAIXADO","timestamp":"2026-05-19T11:30:52.910Z"}
{"level":"info","message":"🔎 Processando título 110594/B","service":"btg-baixa-titulos-service","timestamp":"2026-05-19T11:30:52.913Z"}
{"level":"info","message":"🌐 Millennium request: GET /MILLENIUM!JOIN_ONEUP.LANCAMENTOS.CONSULTALANCAMENTOS?cnpj=00.768.271%2F0001-91&n_documento=110594%2FB","service":"btg-baixa-titulos-service","timestamp":"2026-05-19T11:30:52.913Z"}
{"lancamento":1434863642,"level":"info","message":"ℹ️ Título 110594/B já estava baixado. Processo ignorado.","service":"btg-baixa-titulos-service","situacao":"BAIXADO","timestamp":"2026-05-19T11:30:52.930Z"}
{"level":"info","message":"🔎 Processando título 110942/B","service":"btg-baixa-titulos-service","timestamp":"2026-05-19T11:30:52.933Z"}
{"level":"info","message":"🌐 Millennium request: GET /MILLENIUM!JOIN_ONEUP.LANCAMENTOS.CONSULTALANCAMENTOS?cnpj=50.649.490%2F0001-20&n_documento=110942%2FB","service":"btg-baixa-titulos-service","timestamp":"2026-05-19T11:30:52.933Z"}
{"lancamento":1434868106,"level":"info","message":"ℹ️ Título 110942/B já estava baixado. Processo ignorado.","service":"btg-baixa-titulos-service","situacao":"BAIXADO","timestamp":"2026-05-19T11:30:52.948Z"}
{"level":"info","message":"🔎 Processando título 110942/A","service":"btg-baixa-titulos-service","timestamp":"2026-05-19T11:30:52.951Z"}
{"level":"info","message":"🌐 Millennium request: GET /MILLENIUM!JOIN_ONEUP.LANCAMENTOS.CONSULTALANCAMENTOS?cnpj=50.649.490%2F0001-20&n_documento=110942%2FA","service":"btg-baixa-titulos-service","timestamp":"2026-05-19T11:30:52.951Z"}
{"lancamento":1434868105,"level":"info","message":"ℹ️ Título 110942/A já estava baixado. Processo ignorado.","service":"btg-baixa-titulos-service","situacao":"BAIXADO","timestamp":"2026-05-19T11:30:52.964Z"}
{"level":"info","message":"🔎 Processando título 110594/A","service":"btg-baixa-titulos-service","timestamp":"2026-05-19T11:30:52.967Z"}
{"level":"info","message":"🌐 Millennium request: GET /MILLENIUM!JOIN_ONEUP.LANCAMENTOS.CONSULTALANCAMENTOS?cnpj=00.768.271%2F0001-91&n_documento=110594%2FA","service":"btg-baixa-titulos-service","timestamp":"2026-05-19T11:30:52.967Z"}
{"lancamento":1434863641,"level":"info","message":"ℹ️ Título 110594/A já estava baixado. Processo ignorado.","service":"btg-baixa-titulos-service","situacao":"BAIXADO","timestamp":"2026-05-19T11:30:52.980Z"}
{"level":"info","message":"🔎 Processando título 110941/C","service":"btg-baixa-titulos-service","timestamp":"2026-05-19T11:30:52.983Z"}
{"level":"info","message":"🌐 Millennium request: GET /MILLENIUM!JOIN_ONEUP.LANCAMENTOS.CONSULTALANCAMENTOS?cnpj=50.649.490%2F0001-20&n_documento=110941%2FC","service":"btg-baixa-titulos-service","timestamp":"2026-05-19T11:30:52.983Z"}
{"lancamento":1434868102,"level":"info","message":"ℹ️ Título 110941/C já estava baixado. Processo ignorado.","service":"btg-baixa-titulos-service","situacao":"BAIXADO","timestamp":"2026-05-19T11:30:52.997Z"}
{"level":"info","message":"🔎 Processando título 110168/C","service":"btg-baixa-titulos-service","timestamp":"2026-05-19T11:30:53.001Z"}
{"level":"info","message":"🌐 Millennium request: GET /MILLENIUM!JOIN_ONEUP.LANCAMENTOS.CONSULTALANCAMENTOS?cnpj=59.205.187%2F0001-02&n_documento=110168%2FC","service":"btg-baixa-titulos-service","timestamp":"2026-05-19T11:30:53.001Z"}
{"lancamento":1434860998,"level":"info","message":"ℹ️ Título 110168/C já estava baixado. Processo ignorado.","service":"btg-baixa-titulos-service","situacao":"BAIXADO","timestamp":"2026-05-19T11:30:53.015Z"}
{"level":"info","message":"🔎 Processando título 110941/B","service":"btg-baixa-titulos-service","timestamp":"2026-05-19T11:30:53.018Z"}
{"level":"info","message":"🌐 Millennium request: GET /MILLENIUM!JOIN_ONEUP.LANCAMENTOS.CONSULTALANCAMENTOS?cnpj=50.649.490%2F0001-20&n_documento=110941%2FB","service":"btg-baixa-titulos-service","timestamp":"2026-05-19T11:30:53.018Z"}
{"lancamento":1434868101,"level":"info","message":"ℹ️ Título 110941/B já estava baixado. Processo ignorado.","service":"btg-baixa-titulos-service","situacao":"BAIXADO","timestamp":"2026-05-19T11:30:53.031Z"}
{"level":"info","message":"🔎 Processando título 110168/B","service":"btg-baixa-titulos-service","timestamp":"2026-05-19T11:30:53.034Z"}
{"level":"info","message":"🌐 Millennium request: GET /MILLENIUM!JOIN_ONEUP.LANCAMENTOS.CONSULTALANCAMENTOS?cnpj=59.205.187%2F0001-02&n_documento=110168%2FB","service":"btg-baixa-titulos-service","timestamp":"2026-05-19T11:30:53.034Z"}
{"lancamento":1434860997,"level":"info","message":"ℹ️ Título 110168/B já estava baixado. Processo ignorado.","service":"btg-baixa-titulos-service","situacao":"BAIXADO","timestamp":"2026-05-19T11:30:53.048Z"}
{"level":"info","message":"🔎 Processando título 110941/A","service":"btg-baixa-titulos-service","timestamp":"2026-05-19T11:30:53.052Z"}
{"level":"info","message":"🌐 Millennium request: GET /MILLENIUM!JOIN_ONEUP.LANCAMENTOS.CONSULTALANCAMENTOS?cnpj=50.649.490%2F0001-20&n_documento=110941%2FA","service":"btg-baixa-titulos-service","timestamp":"2026-05-19T11:30:53.052Z"}
{"lancamento":1434868100,"level":"info","message":"ℹ️ Título 110941/A já estava baixado. Processo ignorado.","service":"btg-baixa-titulos-service","situacao":"BAIXADO","timestamp":"2026-05-19T11:30:53.069Z"}
{"level":"info","message":"🔎 Processando título 110168/A","service":"btg-baixa-titulos-service","timestamp":"2026-05-19T11:30:53.072Z"}
{"level":"info","message":"🌐 Millennium request: GET /MILLENIUM!JOIN_ONEUP.LANCAMENTOS.CONSULTALANCAMENTOS?cnpj=59.205.187%2F0001-02&n_documento=110168%2FA","service":"btg-baixa-titulos-service","timestamp":"2026-05-19T11:30:53.072Z"}
{"lancamento":1434860996,"level":"info","message":"ℹ️ Título 110168/A já estava baixado. Processo ignorado.","service":"btg-baixa-titulos-service","situacao":"BAIXADO","timestamp":"2026-05-19T11:30:53.086Z"}
{"level":"info","message":"🔎 Processando título 110939/C","service":"btg-baixa-titulos-service","timestamp":"2026-05-19T11:30:53.092Z"}
{"level":"info","message":"🌐 Millennium request: GET /MILLENIUM!JOIN_ONEUP.LANCAMENTOS.CONSULTALANCAMENTOS?cnpj=50.649.490%2F0001-20&n_documento=110939%2FC","service":"btg-baixa-titulos-service","timestamp":"2026-05-19T11:30:53.092Z"}
{"lancamento":1434868098,"level":"info","message":"ℹ️ Título 110939/C já estava baixado. Processo ignorado.","service":"btg-baixa-titulos-service","situacao":"BAIXADO","timestamp":"2026-05-19T11:30:53.105Z"}
{"level":"info","message":"🔎 Processando título 110591","service":"btg-baixa-titulos-service","timestamp":"2026-05-19T11:30:53.109Z"}
{"level":"info","message":"🌐 Millennium request: GET /MILLENIUM!JOIN_ONEUP.LANCAMENTOS.CONSULTALANCAMENTOS?cnpj=01.329.811%2F0001-01&n_documento=110591","service":"btg-baixa-titulos-service","timestamp":"2026-05-19T11:30:53.109Z"}
{"lancamento":1434863544,"level":"info","message":"ℹ️ Título 110591 já estava baixado. Processo ignorado.","service":"btg-baixa-titulos-service","situacao":"BAIXADO","timestamp":"2026-05-19T11:30:53.125Z"}
{"level":"info","message":"🔎 Processando título 110939/B","service":"btg-baixa-titulos-service","timestamp":"2026-05-19T11:30:53.128Z"}
{"level":"info","message":"🌐 Millennium request: GET /MILLENIUM!JOIN_ONEUP.LANCAMENTOS.CONSULTALANCAMENTOS?cnpj=50.649.490%2F0001-20&n_documento=110939%2FB","service":"btg-baixa-titulos-service","timestamp":"2026-05-19T11:30:53.128Z"}
{"lancamento":1434868097,"level":"info","message":"ℹ️ Título 110939/B já estava baixado. Processo ignorado.","service":"btg-baixa-titulos-service","situacao":"BAIXADO","timestamp":"2026-05-19T11:30:53.144Z"}
{"level":"info","message":"🔎 Processando título 110939/A","service":"btg-baixa-titulos-service","timestamp":"2026-05-19T11:30:53.148Z"}
{"level":"info","message":"🌐 Millennium request: GET /MILLENIUM!JOIN_ONEUP.LANCAMENTOS.CONSULTALANCAMENTOS?cnpj=50.649.490%2F0001-20&n_documento=110939%2FA","service":"btg-baixa-titulos-service","timestamp":"2026-05-19T11:30:53.148Z"}
{"lancamento":1434868096,"level":"info","message":"ℹ️ Título 110939/A já estava baixado. Processo ignorado.","service":"btg-baixa-titulos-service","situacao":"BAIXADO","timestamp":"2026-05-19T11:30:53.164Z"}
{"level":"info","message":"🔎 Processando título 110595/C","service":"btg-baixa-titulos-service","timestamp":"2026-05-19T11:30:53.168Z"}
{"level":"info","message":"🌐 Millennium request: GET /MILLENIUM!JOIN_ONEUP.LANCAMENTOS.CONSULTALANCAMENTOS?cnpj=57.408.548%2F0001-92&n_documento=110595%2FC","service":"btg-baixa-titulos-service","timestamp":"2026-05-19T11:30:53.168Z"}
{"lancamento":1434863648,"level":"info","message":"ℹ️ Título 110595/C já estava baixado. Processo ignorado.","service":"btg-baixa-titulos-service","situacao":"BAIXADO","timestamp":"2026-05-19T11:30:53.183Z"}
{"level":"info","message":"🔎 Processando título 110938/C","service":"btg-baixa-titulos-service","timestamp":"2026-05-19T11:30:53.187Z"}
{"level":"info","message":"🌐 Millennium request: GET /MILLENIUM!JOIN_ONEUP.LANCAMENTOS.CONSULTALANCAMENTOS?cnpj=50.649.490%2F0001-20&n_documento=110938%2FC","service":"btg-baixa-titulos-service","timestamp":"2026-05-19T11:30:53.187Z"}
{"lancamento":1434868095,"level":"info","message":"ℹ️ Título 110938/C já estava baixado. Processo ignorado.","service":"btg-baixa-titulos-service","situacao":"BAIXADO","timestamp":"2026-05-19T11:30:53.203Z"}
{"level":"info","message":"🔎 Processando título 110595/B","service":"btg-baixa-titulos-service","timestamp":"2026-05-19T11:30:53.207Z"}
{"level":"info","message":"🌐 Millennium request: GET /MILLENIUM!JOIN_ONEUP.LANCAMENTOS.CONSULTALANCAMENTOS?cnpj=57.408.548%2F0001-92&n_documento=110595%2FB","service":"btg-baixa-titulos-service","timestamp":"2026-05-19T11:30:53.207Z"}
{"lancamento":1434863647,"level":"info","message":"ℹ️ Título 110595/B já estava baixado. Processo ignorado.","service":"btg-baixa-titulos-service","situacao":"BAIXADO","timestamp":"2026-05-19T11:30:53.224Z"}
{"level":"info","message":"🔎 Processando título 110938/B","service":"btg-baixa-titulos-service","timestamp":"2026-05-19T11:30:53.229Z"}
{"level":"info","message":"🌐 Millennium request: GET /MILLENIUM!JOIN_ONEUP.LANCAMENTOS.CONSULTALANCAMENTOS?cnpj=50.649.490%2F0001-20&n_documento=110938%2FB","service":"btg-baixa-titulos-service","timestamp":"2026-05-19T11:30:53.229Z"}
{"lancamento":1434868094,"level":"info","message":"ℹ️ Título 110938/B já estava baixado. Processo ignorado.","service":"btg-baixa-titulos-service","situacao":"BAIXADO","timestamp":"2026-05-19T11:30:53.245Z"}
{"level":"info","message":"🔎 Processando título 110595/A","service":"btg-baixa-titulos-service","timestamp":"2026-05-19T11:30:53.249Z"}
{"level":"info","message":"🌐 Millennium request: GET /MILLENIUM!JOIN_ONEUP.LANCAMENTOS.CONSULTALANCAMENTOS?cnpj=57.408.548%2F0001-92&n_documento=110595%2FA","service":"btg-baixa-titulos-service","timestamp":"2026-05-19T11:30:53.249Z"}
{"lancamento":1434863646,"level":"info","message":"ℹ️ Título 110595/A já estava baixado. Processo ignorado.","service":"btg-baixa-titulos-service","situacao":"BAIXADO","timestamp":"2026-05-19T11:30:53.265Z"}
{"level":"info","message":"🔎 Processando título 110938/A","service":"btg-baixa-titulos-service","timestamp":"2026-05-19T11:30:53.270Z"}
{"level":"info","message":"🌐 Millennium request: GET /MILLENIUM!JOIN_ONEUP.LANCAMENTOS.CONSULTALANCAMENTOS?cnpj=50.649.490%2F0001-20&n_documento=110938%2FA","service":"btg-baixa-titulos-service","timestamp":"2026-05-19T11:30:53.270Z"}
{"lancamento":1434868093,"level":"info","message":"ℹ️ Título 110938/A já estava baixado. Processo ignorado.","service":"btg-baixa-titulos-service","situacao":"BAIXADO","timestamp":"2026-05-19T11:30:53.289Z"}
{"level":"info","message":"🔎 Processando título 110166/D","service":"btg-baixa-titulos-service","timestamp":"2026-05-19T11:30:53.294Z"}
{"level":"info","message":"🌐 Millennium request: GET /MILLENIUM!JOIN_ONEUP.LANCAMENTOS.CONSULTALANCAMENTOS?cnpj=57.408.548%2F0001-92&n_documento=110166%2FD","service":"btg-baixa-titulos-service","timestamp":"2026-05-19T11:30:53.294Z"}
{"lancamento":1434860994,"level":"info","message":"ℹ️ Título 110166/D já estava baixado. Processo ignorado.","service":"btg-baixa-titulos-service","situacao":"BAIXADO","timestamp":"2026-05-19T11:30:53.392Z"}
{"level":"info","message":"🔎 Processando título 110937/C","service":"btg-baixa-titulos-service","timestamp":"2026-05-19T11:30:53.401Z"}
{"level":"info","message":"🌐 Millennium request: GET /MILLENIUM!JOIN_ONEUP.LANCAMENTOS.CONSULTALANCAMENTOS?cnpj=50.649.490%2F0001-20&n_documento=110937%2FC","service":"btg-baixa-titulos-service","timestamp":"2026-05-19T11:30:53.401Z"}
{"lancamento":1434868091,"level":"info","message":"ℹ️ Título 110937/C já estava baixado. Processo ignorado.","service":"btg-baixa-titulos-service","situacao":"BAIXADO","timestamp":"2026-05-19T11:30:53.419Z"}
{"level":"info","message":"🔎 Processando título 110166/C","service":"btg-baixa-titulos-service","timestamp":"2026-05-19T11:30:53.424Z"}
{"level":"info","message":"🌐 Millennium request: GET /MILLENIUM!JOIN_ONEUP.LANCAMENTOS.CONSULTALANCAMENTOS?cnpj=57.408.548%2F0001-92&n_documento=110166%2FC","service":"btg-baixa-titulos-service","timestamp":"2026-05-19T11:30:53.424Z"}
{"lancamento":1434860993,"level":"info","message":"ℹ️ Título 110166/C já estava baixado. Processo ignorado.","service":"btg-baixa-titulos-service","situacao":"BAIXADO","timestamp":"2026-05-19T11:30:53.438Z"}
{"level":"info","message":"🔎 Processando título 110937/B","service":"btg-baixa-titulos-service","timestamp":"2026-05-19T11:30:53.443Z"}
{"level":"info","message":"🌐 Millennium request: GET /MILLENIUM!JOIN_ONEUP.LANCAMENTOS.CONSULTALANCAMENTOS?cnpj=50.649.490%2F0001-20&n_documento=110937%2FB","service":"btg-baixa-titulos-service","timestamp":"2026-05-19T11:30:53.443Z"}
{"lancamento":1434868090,"level":"info","message":"ℹ️ Título 110937/B já estava baixado. Processo ignorado.","service":"btg-baixa-titulos-service","situacao":"BAIXADO","timestamp":"2026-05-19T11:30:53.461Z"}
{"level":"info","message":"🔎 Processando título 110166/B","service":"btg-baixa-titulos-service","timestamp":"2026-05-19T11:30:53.467Z"}
{"level":"info","message":"🌐 Millennium request: GET /MILLENIUM!JOIN_ONEUP.LANCAMENTOS.CONSULTALANCAMENTOS?cnpj=57.408.548%2F0001-92&n_documento=110166%2FB","service":"btg-baixa-titulos-service","timestamp":"2026-05-19T11:30:53.467Z"}
{"lancamento":1434860992,"level":"info","message":"ℹ️ Título 110166/B já estava baixado. Processo ignorado.","service":"btg-baixa-titulos-service","situacao":"BAIXADO","timestamp":"2026-05-19T11:30:53.481Z"}
{"level":"info","message":"🔎 Processando título 110937/A","service":"btg-baixa-titulos-service","timestamp":"2026-05-19T11:30:53.484Z"}
{"level":"info","message":"🌐 Millennium request: GET /MILLENIUM!JOIN_ONEUP.LANCAMENTOS.CONSULTALANCAMENTOS?cnpj=50.649.490%2F0001-20&n_documento=110937%2FA","service":"btg-baixa-titulos-service","timestamp":"2026-05-19T11:30:53.484Z"}
{"lancamento":1434868089,"level":"info","message":"ℹ️ Título 110937/A já estava baixado. Processo ignorado.","service":"btg-baixa-titulos-service","situacao":"BAIXADO","timestamp":"2026-05-19T11:30:53.500Z"}
{"level":"info","message":"🔎 Processando título 110166/A","service":"btg-baixa-titulos-service","timestamp":"2026-05-19T11:30:53.502Z"}
{"level":"info","message":"🌐 Millennium request: GET /MILLENIUM!JOIN_ONEUP.LANCAMENTOS.CONSULTALANCAMENTOS?cnpj=57.408.548%2F0001-92&n_documento=110166%2FA","service":"btg-baixa-titulos-service","timestamp":"2026-05-19T11:30:53.502Z"}
{"lancamento":1434860991,"level":"info","message":"ℹ️ Título 110166/A já estava baixado. Processo ignorado.","service":"btg-baixa-titulos-service","situacao":"BAIXADO","timestamp":"2026-05-19T11:30:53.524Z"}
{"level":"info","message":"🔎 Processando título 110936/C","service":"btg-baixa-titulos-service","timestamp":"2026-05-19T11:30:53.527Z"}
{"level":"info","message":"🌐 Millennium request: GET /MILLENIUM!JOIN_ONEUP.LANCAMENTOS.CONSULTALANCAMENTOS?cnpj=50.649.490%2F0001-20&n_documento=110936%2FC","service":"btg-baixa-titulos-service","timestamp":"2026-05-19T11:30:53.527Z"}
{"lancamento":1434868084,"level":"info","message":"ℹ️ Título 110936/C já estava baixado. Processo ignorado.","service":"btg-baixa-titulos-service","situacao":"BAIXADO","timestamp":"2026-05-19T11:30:53.540Z"}
{"level":"info","message":"🔎 Processando título 109911/D","service":"btg-baixa-titulos-service","timestamp":"2026-05-19T11:30:53.543Z"}
{"level":"info","message":"🌐 Millennium request: GET /MILLENIUM!JOIN_ONEUP.LANCAMENTOS.CONSULTALANCAMENTOS?cnpj=56.961.472%2F0001-65&n_documento=109911%2FD","service":"btg-baixa-titulos-service","timestamp":"2026-05-19T11:30:53.543Z"}
{"lancamento":1434858494,"level":"info","message":"ℹ️ Título 109911/D já estava baixado. Processo ignorado.","service":"btg-baixa-titulos-service","situacao":"BAIXADO","timestamp":"2026-05-19T11:30:53.558Z"}
{"level":"info","message":"🔎 Processando título 110936/B","service":"btg-baixa-titulos-service","timestamp":"2026-05-19T11:30:53.561Z"}
{"level":"info","message":"🌐 Millennium request: GET /MILLENIUM!JOIN_ONEUP.LANCAMENTOS.CONSULTALANCAMENTOS?cnpj=50.649.490%2F0001-20&n_documento=110936%2FB","service":"btg-baixa-titulos-service","timestamp":"2026-05-19T11:30:53.561Z"}
{"lancamento":1434868083,"level":"info","message":"ℹ️ Título 110936/B já estava baixado. Processo ignorado.","service":"btg-baixa-titulos-service","situacao":"BAIXADO","timestamp":"2026-05-19T11:30:53.575Z"}
{"level":"info","message":"🔎 Processando título 109911/C","service":"btg-baixa-titulos-service","timestamp":"2026-05-19T11:30:53.578Z"}
{"level":"info","message":"🌐 Millennium request: GET /MILLENIUM!JOIN_ONEUP.LANCAMENTOS.CONSULTALANCAMENTOS?cnpj=56.961.472%2F0001-65&n_documento=109911%2FC","service":"btg-baixa-titulos-service","timestamp":"2026-05-19T11:30:53.578Z"}
{"lancamento":1434858493,"level":"info","message":"ℹ️ Título 109911/C já estava baixado. Processo ignorado.","service":"btg-baixa-titulos-service","situacao":"BAIXADO","timestamp":"2026-05-19T11:30:53.595Z"}
{"level":"info","message":"🔎 Processando título 110936/A","service":"btg-baixa-titulos-service","timestamp":"2026-05-19T11:30:53.599Z"}
{"level":"info","message":"🌐 Millennium request: GET /MILLENIUM!JOIN_ONEUP.LANCAMENTOS.CONSULTALANCAMENTOS?cnpj=50.649.490%2F0001-20&n_documento=110936%2FA","service":"btg-baixa-titulos-service","timestamp":"2026-05-19T11:30:53.599Z"}
{"lancamento":1434868082,"level":"info","message":"ℹ️ Título 110936/A já estava baixado. Processo ignorado.","service":"btg-baixa-titulos-service","situacao":"BAIXADO","timestamp":"2026-05-19T11:30:53.614Z"}
{"level":"info","message":"🔎 Processando título 109911/B","service":"btg-baixa-titulos-service","timestamp":"2026-05-19T11:30:53.618Z"}
{"level":"info","message":"🌐 Millennium request: GET /MILLENIUM!JOIN_ONEUP.LANCAMENTOS.CONSULTALANCAMENTOS?cnpj=56.961.472%2F0001-65&n_documento=109911%2FB","service":"btg-baixa-titulos-service","timestamp":"2026-05-19T11:30:53.618Z"}
{"lancamento":1434858492,"level":"info","message":"ℹ️ Título 109911/B já estava baixado. Processo ignorado.","service":"btg-baixa-titulos-service","situacao":"BAIXADO","timestamp":"2026-05-19T11:30:53.632Z"}
{"level":"info","message":"🔎 Processando título 110935/C","service":"btg-baixa-titulos-service","timestamp":"2026-05-19T11:30:53.636Z"}
{"level":"info","message":"🌐 Millennium request: GET /MILLENIUM!JOIN_ONEUP.LANCAMENTOS.CONSULTALANCAMENTOS?cnpj=50.649.490%2F0001-20&n_documento=110935%2FC","service":"btg-baixa-titulos-service","timestamp":"2026-05-19T11:30:53.636Z"}
{"lancamento":1434868081,"level":"info","message":"ℹ️ Título 110935/C já estava baixado. Processo ignorado.","service":"btg-baixa-titulos-service","situacao":"BAIXADO","timestamp":"2026-05-19T11:30:53.648Z"}
{"level":"info","message":"🔎 Processando título 110935/B","service":"btg-baixa-titulos-service","timestamp":"2026-05-19T11:30:53.651Z"}
{"level":"info","message":"🌐 Millennium request: GET /MILLENIUM!JOIN_ONEUP.LANCAMENTOS.CONSULTALANCAMENTOS?cnpj=50.649.490%2F0001-20&n_documento=110935%2FB","service":"btg-baixa-titulos-service","timestamp":"2026-05-19T11:30:53.651Z"}
{"lancamento":1434868080,"level":"info","message":"ℹ️ Título 110935/B já estava baixado. Processo ignorado.","service":"btg-baixa-titulos-service","situacao":"BAIXADO","timestamp":"2026-05-19T11:30:53.669Z"}
{"level":"info","message":"🔎 Processando título 109911/A","service":"btg-baixa-titulos-service","timestamp":"2026-05-19T11:30:53.672Z"}
{"level":"info","message":"🌐 Millennium request: GET /MILLENIUM!JOIN_ONEUP.LANCAMENTOS.CONSULTALANCAMENTOS?cnpj=56.961.472%2F0001-65&n_documento=109911%2FA","service":"btg-baixa-titulos-service","timestamp":"2026-05-19T11:30:53.672Z"}
{"lancamento":1434858491,"level":"info","message":"ℹ️ Título 109911/A já estava baixado. Processo ignorado.","service":"btg-baixa-titulos-service","situacao":"BAIXADO","timestamp":"2026-05-19T11:30:53.688Z"}
{"level":"info","message":"🔎 Processando título 110935/A","service":"btg-baixa-titulos-service","timestamp":"2026-05-19T11:30:53.691Z"}
{"level":"info","message":"🌐 Millennium request: GET /MILLENIUM!JOIN_ONEUP.LANCAMENTOS.CONSULTALANCAMENTOS?cnpj=50.649.490%2F0001-20&n_documento=110935%2FA","service":"btg-baixa-titulos-service","timestamp":"2026-05-19T11:30:53.691Z"}
{"lancamento":1434868079,"level":"info","message":"ℹ️ Título 110935/A já estava baixado. Processo ignorado.","service":"btg-baixa-titulos-service","situacao":"BAIXADO","timestamp":"2026-05-19T11:30:53.705Z"}
{"level":"info","message":"🔎 Processando título 110934/C","service":"btg-baixa-titulos-service","timestamp":"2026-05-19T11:30:53.707Z"}
{"level":"info","message":"🌐 Millennium request: GET /MILLENIUM!JOIN_ONEUP.LANCAMENTOS.CONSULTALANCAMENTOS?cnpj=50.649.490%2F0001-20&n_documento=110934%2FC","service":"btg-baixa-titulos-service","timestamp":"2026-05-19T11:30:53.707Z"}
{"lancamento":1434868074,"level":"info","message":"ℹ️ Título 110934/C já estava baixado. Processo ignorado.","service":"btg-baixa-titulos-service","situacao":"BAIXADO","timestamp":"2026-05-19T11:30:53.722Z"}
{"level":"info","message":"🔎 Processando título 110934/B","service":"btg-baixa-titulos-service","timestamp":"2026-05-19T11:30:53.725Z"}
{"level":"info","message":"🌐 Millennium request: GET /MILLENIUM!JOIN_ONEUP.LANCAMENTOS.CONSULTALANCAMENTOS?cnpj=50.649.490%2F0001-20&n_documento=110934%2FB","service":"btg-baixa-titulos-service","timestamp":"2026-05-19T11:30:53.725Z"}
{"lancamento":1434868073,"level":"info","message":"ℹ️ Título 110934/B já estava baixado. Processo ignorado.","service":"btg-baixa-titulos-service","situacao":"BAIXADO","timestamp":"2026-05-19T11:30:53.738Z"}
{"level":"info","message":"🔎 Processando título 110934/A","service":"btg-baixa-titulos-service","timestamp":"2026-05-19T11:30:53.740Z"}
{"level":"info","message":"🌐 Millennium request: GET /MILLENIUM!JOIN_ONEUP.LANCAMENTOS.CONSULTALANCAMENTOS?cnpj=50.649.490%2F0001-20&n_documento=110934%2FA","service":"btg-baixa-titulos-service","timestamp":"2026-05-19T11:30:53.740Z"}
{"lancamento":1434868072,"level":"info","message":"ℹ️ Título 110934/A já estava baixado. Processo ignorado.","service":"btg-baixa-titulos-service","situacao":"BAIXADO","timestamp":"2026-05-19T11:30:53.755Z"}
{"level":"info","message":"🔎 Processando título 110761","service":"btg-baixa-titulos-service","timestamp":"2026-05-19T11:30:53.757Z"}
{"level":"info","message":"🌐 Millennium request: GET /MILLENIUM!JOIN_ONEUP.LANCAMENTOS.CONSULTALANCAMENTOS?cnpj=01.009.793%2F0001-72&n_documento=110761","service":"btg-baixa-titulos-service","timestamp":"2026-05-19T11:30:53.757Z"}
{"lancamento":1434866540,"level":"info","message":"ℹ️ Título 110761 já estava baixado. Processo ignorado.","service":"btg-baixa-titulos-service","situacao":"BAIXADO","timestamp":"2026-05-19T11:30:53.776Z"}
{"level":"info","message":"🔎 Processando título 110759/D","service":"btg-baixa-titulos-service","timestamp":"2026-05-19T11:30:53.780Z"}
{"level":"info","message":"🌐 Millennium request: GET /MILLENIUM!JOIN_ONEUP.LANCAMENTOS.CONSULTALANCAMENTOS?cnpj=73.652.158%2F0001-10&n_documento=110759%2FD","service":"btg-baixa-titulos-service","timestamp":"2026-05-19T11:30:53.780Z"}
{"lancamento":1434866526,"level":"info","message":"ℹ️ Título 110759/D já estava baixado. Processo ignorado.","service":"btg-baixa-titulos-service","situacao":"BAIXADO","timestamp":"2026-05-19T11:30:53.794Z"}
{"level":"info","message":"🔎 Processando título CORRE 108314","service":"btg-baixa-titulos-service","timestamp":"2026-05-19T11:30:53.799Z"}
{"level":"info","message":"🌐 Millennium request: GET /MILLENIUM!JOIN_ONEUP.LANCAMENTOS.CONSULTALANCAMENTOS?cnpj=02.355.679%2F0001-67&n_documento=CORRE%20108314","service":"btg-baixa-titulos-service","timestamp":"2026-05-19T11:30:53.800Z"}
{"lancamento":1434857620,"level":"info","message":"ℹ️ Título CORRE 108314 já estava baixado. Processo ignorado.","service":"btg-baixa-titulos-service","situacao":"BAIXADO","timestamp":"2026-05-19T11:30:53.814Z"}
{"level":"info","message":"🔎 Processando título CORRE 108313","service":"btg-baixa-titulos-service","timestamp":"2026-05-19T11:30:53.819Z"}
{"level":"info","message":"🌐 Millennium request: GET /MILLENIUM!JOIN_ONEUP.LANCAMENTOS.CONSULTALANCAMENTOS?cnpj=22.031.998%2F0001-24&n_documento=CORRE%20108313","service":"btg-baixa-titulos-service","timestamp":"2026-05-19T11:30:53.819Z"}
{"lancamento":1434857617,"level":"info","message":"ℹ️ Título CORRE 108313 já estava baixado. Processo ignorado.","service":"btg-baixa-titulos-service","situacao":"BAIXADO","timestamp":"2026-05-19T11:30:53.919Z"}
{"level":"info","message":"🔎 Processando título FRE 108317","service":"btg-baixa-titulos-service","timestamp":"2026-05-19T11:30:53.927Z"}
{"level":"info","message":"🌐 Millennium request: GET /MILLENIUM!JOIN_ONEUP.LANCAMENTOS.CONSULTALANCAMENTOS?cnpj=03.294.992%2F0001-03&n_documento=FRE%20108317","service":"btg-baixa-titulos-service","timestamp":"2026-05-19T11:30:53.927Z"}
{"lancamento":1434857396,"level":"info","message":"ℹ️ Título FRE 108317 já estava baixado. Processo ignorado.","service":"btg-baixa-titulos-service","situacao":"BAIXADO","timestamp":"2026-05-19T11:30:53.945Z"}
{"level":"info","message":"🔎 Processando título FRE 108253","service":"btg-baixa-titulos-service","timestamp":"2026-05-19T11:30:53.953Z"}
{"level":"info","message":"🌐 Millennium request: GET /MILLENIUM!JOIN_ONEUP.LANCAMENTOS.CONSULTALANCAMENTOS?cnpj=57.408.548%2F0001-92&n_documento=FRE%20108253","service":"btg-baixa-titulos-service","timestamp":"2026-05-19T11:30:53.953Z"}
{"lancamento":1434857394,"level":"info","message":"ℹ️ Título FRE 108253 já estava baixado. Processo ignorado.","service":"btg-baixa-titulos-service","situacao":"BAIXADO","timestamp":"2026-05-19T11:30:53.969Z"}
{"level":"info","message":"🔎 Processando título CORRE 109093","service":"btg-baixa-titulos-service","timestamp":"2026-05-19T11:30:53.974Z"}
{"level":"info","message":"🌐 Millennium request: GET /MILLENIUM!JOIN_ONEUP.LANCAMENTOS.CONSULTALANCAMENTOS?cnpj=57.408.548%2F0001-92&n_documento=CORRE%20109093","service":"btg-baixa-titulos-service","timestamp":"2026-05-19T11:30:53.974Z"}
{"lancamento":1434857622,"level":"info","message":"ℹ️ Título CORRE 109093 já estava baixado. Processo ignorado.","service":"btg-baixa-titulos-service","situacao":"BAIXADO","timestamp":"2026-05-19T11:30:53.990Z"}
{"level":"info","message":"🔎 Processando título CORRE 108156","service":"btg-baixa-titulos-service","timestamp":"2026-05-19T11:30:53.995Z"}
{"level":"info","message":"🌐 Millennium request: GET /MILLENIUM!JOIN_ONEUP.LANCAMENTOS.CONSULTALANCAMENTOS?cnpj=57.408.548%2F0001-92&n_documento=CORRE%20108156","service":"btg-baixa-titulos-service","timestamp":"2026-05-19T11:30:53.995Z"}
{"lancamento":1434857602,"level":"info","message":"ℹ️ Título CORRE 108156 já estava baixado. Processo ignorado.","service":"btg-baixa-titulos-service","situacao":"BAIXADO","timestamp":"2026-05-19T11:30:54.016Z"}
{"level":"info","message":"🔎 Processando título CORRE 108020","service":"btg-baixa-titulos-service","timestamp":"2026-05-19T11:30:54.020Z"}
{"level":"info","message":"🌐 Millennium request: GET /MILLENIUM!JOIN_ONEUP.LANCAMENTOS.CONSULTALANCAMENTOS?cnpj=57.408.548%2F0001-92&n_documento=CORRE%20108020","service":"btg-baixa-titulos-service","timestamp":"2026-05-19T11:30:54.020Z"}
{"lancamento":1434857442,"level":"info","message":"ℹ️ Título CORRE 108020 já estava baixado. Processo ignorado.","service":"btg-baixa-titulos-service","situacao":"BAIXADO","timestamp":"2026-05-19T11:30:54.035Z"}
{"level":"info","message":"🔎 Processando título CORRE 107627","service":"btg-baixa-titulos-service","timestamp":"2026-05-19T11:30:54.040Z"}
{"level":"info","message":"🌐 Millennium request: GET /MILLENIUM!JOIN_ONEUP.LANCAMENTOS.CONSULTALANCAMENTOS?cnpj=57.408.548%2F0001-92&n_documento=CORRE%20107627","service":"btg-baixa-titulos-service","timestamp":"2026-05-19T11:30:54.040Z"}
{"lancamento":1434857433,"level":"info","message":"ℹ️ Título CORRE 107627 já estava baixado. Processo ignorado.","service":"btg-baixa-titulos-service","situacao":"BAIXADO","timestamp":"2026-05-19T11:30:54.056Z"}
{"level":"info","message":"🔎 Processando título FRE 108251","service":"btg-baixa-titulos-service","timestamp":"2026-05-19T11:30:54.061Z"}
{"level":"info","message":"🌐 Millennium request: GET /MILLENIUM!JOIN_ONEUP.LANCAMENTOS.CONSULTALANCAMENTOS?cnpj=01.009.793%2F0001-72&n_documento=FRE%20108251","service":"btg-baixa-titulos-service","timestamp":"2026-05-19T11:30:54.061Z"}
{"lancamento":1434857395,"level":"info","message":"ℹ️ Título FRE 108251 já estava baixado. Processo ignorado.","service":"btg-baixa-titulos-service","situacao":"BAIXADO","timestamp":"2026-05-19T11:30:54.075Z"}
{"level":"info","message":"🔎 Processando título 108304","service":"btg-baixa-titulos-service","timestamp":"2026-05-19T11:30:54.080Z"}
{"level":"info","message":"🌐 Millennium request: GET /MILLENIUM!JOIN_ONEUP.LANCAMENTOS.CONSULTALANCAMENTOS?cnpj=07.409.302%2F0001-67&n_documento=108304","service":"btg-baixa-titulos-service","timestamp":"2026-05-19T11:30:54.080Z"}
{"lancamento":1434857621,"level":"info","message":"ℹ️ Título 108304 já estava baixado. Processo ignorado.","service":"btg-baixa-titulos-service","situacao":"BAIXADO","timestamp":"2026-05-19T11:30:54.094Z"}
{"level":"info","message":"🔎 Processando título 106147/B","service":"btg-baixa-titulos-service","timestamp":"2026-05-19T11:30:54.100Z"}
{"level":"info","message":"🌐 Millennium request: GET /MILLENIUM!JOIN_ONEUP.LANCAMENTOS.CONSULTALANCAMENTOS?cnpj=50.649.490%2F0001-20&n_documento=106147%2FB","service":"btg-baixa-titulos-service","timestamp":"2026-05-19T11:30:54.101Z"}
{"lancamento":1434801563,"level":"info","message":"ℹ️ Título 106147/B já estava baixado. Processo ignorado.","service":"btg-baixa-titulos-service","situacao":"BAIXADO","timestamp":"2026-05-19T11:30:54.120Z"}
{"level":"info","message":"🔎 Processando título 106147/C","service":"btg-baixa-titulos-service","timestamp":"2026-05-19T11:30:54.124Z"}
{"level":"info","message":"🌐 Millennium request: GET /MILLENIUM!JOIN_ONEUP.LANCAMENTOS.CONSULTALANCAMENTOS?cnpj=50.649.490%2F0001-20&n_documento=106147%2FC","service":"btg-baixa-titulos-service","timestamp":"2026-05-19T11:30:54.124Z"}
{"lancamento":1434801564,"level":"info","message":"ℹ️ Título 106147/C já estava baixado. Processo ignorado.","service":"btg-baixa-titulos-service","situacao":"BAIXADO","timestamp":"2026-05-19T11:30:54.141Z"}
{"level":"info","message":"🔎 Processando título 106139/B","service":"btg-baixa-titulos-service","timestamp":"2026-05-19T11:30:54.145Z"}
{"level":"info","message":"🌐 Millennium request: GET /MILLENIUM!JOIN_ONEUP.LANCAMENTOS.CONSULTALANCAMENTOS?cnpj=50.649.490%2F0001-20&n_documento=106139%2FB","service":"btg-baixa-titulos-service","timestamp":"2026-05-19T11:30:54.146Z"}
{"lancamento":1434801525,"level":"info","message":"ℹ️ Título 106139/B já estava baixado. Processo ignorado.","service":"btg-baixa-titulos-service","situacao":"BAIXADO","timestamp":"2026-05-19T11:30:54.164Z"}
{"level":"info","message":"🔎 Processando título 106135/C","service":"btg-baixa-titulos-service","timestamp":"2026-05-19T11:30:54.169Z"}
{"level":"info","message":"🌐 Millennium request: GET /MILLENIUM!JOIN_ONEUP.LANCAMENTOS.CONSULTALANCAMENTOS?cnpj=50.649.490%2F0001-20&n_documento=106135%2FC","service":"btg-baixa-titulos-service","timestamp":"2026-05-19T11:30:54.169Z"}
{"lancamento":1434801481,"level":"info","message":"ℹ️ Título 106135/C já estava baixado. Processo ignorado.","service":"btg-baixa-titulos-service","situacao":"BAIXADO","timestamp":"2026-05-19T11:30:54.185Z"}
{"level":"info","message":"🔎 Processando título 106141/B","service":"btg-baixa-titulos-service","timestamp":"2026-05-19T11:30:54.189Z"}
{"level":"info","message":"🌐 Millennium request: GET /MILLENIUM!JOIN_ONEUP.LANCAMENTOS.CONSULTALANCAMENTOS?cnpj=50.649.490%2F0001-20&n_documento=106141%2FB","service":"btg-baixa-titulos-service","timestamp":"2026-05-19T11:30:54.189Z"}
{"lancamento":1434801534,"level":"info","message":"ℹ️ Título 106141/B já estava baixado. Processo ignorado.","service":"btg-baixa-titulos-service","situacao":"BAIXADO","timestamp":"2026-05-19T11:30:54.205Z"}
{"level":"info","message":"🔎 Processando título 106143/C","service":"btg-baixa-titulos-service","timestamp":"2026-05-19T11:30:54.209Z"}
{"level":"info","message":"🌐 Millennium request: GET /MILLENIUM!JOIN_ONEUP.LANCAMENTOS.CONSULTALANCAMENTOS?cnpj=50.649.490%2F0001-20&n_documento=106143%2FC","service":"btg-baixa-titulos-service","timestamp":"2026-05-19T11:30:54.209Z"}
{"lancamento":1434801552,"level":"info","message":"ℹ️ Título 106143/C já estava baixado. Processo ignorado.","service":"btg-baixa-titulos-service","situacao":"BAIXADO","timestamp":"2026-05-19T11:30:54.227Z"}
{"level":"info","message":"🔎 Processando título 106143/B","service":"btg-baixa-titulos-service","timestamp":"2026-05-19T11:30:54.231Z"}
{"level":"info","message":"🌐 Millennium request: GET /MILLENIUM!JOIN_ONEUP.LANCAMENTOS.CONSULTALANCAMENTOS?cnpj=50.649.490%2F0001-20&n_documento=106143%2FB","service":"btg-baixa-titulos-service","timestamp":"2026-05-19T11:30:54.231Z"}
{"lancamento":1434801551,"level":"info","message":"ℹ️ Título 106143/B já estava baixado. Processo ignorado.","service":"btg-baixa-titulos-service","situacao":"BAIXADO","timestamp":"2026-05-19T11:30:54.245Z"}
{"level":"info","message":"🔎 Processando título 106145/B","service":"btg-baixa-titulos-service","timestamp":"2026-05-19T11:30:54.249Z"}
{"level":"info","message":"🌐 Millennium request: GET /MILLENIUM!JOIN_ONEUP.LANCAMENTOS.CONSULTALANCAMENTOS?cnpj=50.649.490%2F0001-20&n_documento=106145%2FB","service":"btg-baixa-titulos-service","timestamp":"2026-05-19T11:30:54.249Z"}
{"lancamento":1434801556,"level":"info","message":"ℹ️ Título 106145/B já estava baixado. Processo ignorado.","service":"btg-baixa-titulos-service","situacao":"BAIXADO","timestamp":"2026-05-19T11:30:54.268Z"}
{"level":"info","message":"🔎 Processando título 106130/B","service":"btg-baixa-titulos-service","timestamp":"2026-05-19T11:30:54.273Z"}
{"level":"info","message":"🌐 Millennium request: GET /MILLENIUM!JOIN_ONEUP.LANCAMENTOS.CONSULTALANCAMENTOS?cnpj=50.649.490%2F0001-20&n_documento=106130%2FB","service":"btg-baixa-titulos-service","timestamp":"2026-05-19T11:30:54.273Z"}
{"lancamento":1434801462,"level":"info","message":"ℹ️ Título 106130/B já estava baixado. Processo ignorado.","service":"btg-baixa-titulos-service","situacao":"BAIXADO","timestamp":"2026-05-19T11:30:54.288Z"}
{"level":"info","message":"🔎 Processando título 106115/A","service":"btg-baixa-titulos-service","timestamp":"2026-05-19T11:30:54.292Z"}
{"level":"info","message":"🌐 Millennium request: GET /MILLENIUM!JOIN_ONEUP.LANCAMENTOS.CONSULTALANCAMENTOS?cnpj=47.485.403%2F0001-31&n_documento=106115%2FA","service":"btg-baixa-titulos-service","timestamp":"2026-05-19T11:30:54.292Z"}
{"lancamento":1434801385,"level":"info","message":"ℹ️ Título 106115/A já estava baixado. Processo ignorado.","service":"btg-baixa-titulos-service","situacao":"BAIXADO","timestamp":"2026-05-19T11:30:54.308Z"}
{"level":"info","message":"🔎 Processando título 106115/B","service":"btg-baixa-titulos-service","timestamp":"2026-05-19T11:30:54.313Z"}
{"level":"info","message":"🌐 Millennium request: GET /MILLENIUM!JOIN_ONEUP.LANCAMENTOS.CONSULTALANCAMENTOS?cnpj=47.485.403%2F0001-31&n_documento=106115%2FB","service":"btg-baixa-titulos-service","timestamp":"2026-05-19T11:30:54.313Z"}
{"lancamento":1434801386,"level":"info","message":"ℹ️ Título 106115/B já estava baixado. Processo ignorado.","service":"btg-baixa-titulos-service","situacao":"BAIXADO","timestamp":"2026-05-19T11:30:54.328Z"}
{"level":"info","message":"🔎 Processando título 106117/B","service":"btg-baixa-titulos-service","timestamp":"2026-05-19T11:30:54.333Z"}
{"level":"info","message":"🌐 Millennium request: GET /MILLENIUM!JOIN_ONEUP.LANCAMENTOS.CONSULTALANCAMENTOS?cnpj=47.485.403%2F0001-31&n_documento=106117%2FB","service":"btg-baixa-titulos-service","timestamp":"2026-05-19T11:30:54.333Z"}
{"lancamento":1434801392,"level":"info","message":"ℹ️ Título 106117/B já estava baixado. Processo ignorado.","service":"btg-baixa-titulos-service","situacao":"BAIXADO","timestamp":"2026-05-19T11:30:54.433Z"}
{"level":"info","message":"🔎 Processando título 106121/C","service":"btg-baixa-titulos-service","timestamp":"2026-05-19T11:30:54.444Z"}
{"level":"info","message":"🌐 Millennium request: GET /MILLENIUM!JOIN_ONEUP.LANCAMENTOS.CONSULTALANCAMENTOS?cnpj=47.485.403%2F0001-31&n_documento=106121%2FC","service":"btg-baixa-titulos-service","timestamp":"2026-05-19T11:30:54.444Z"}
{"lancamento":1434801426,"level":"info","message":"ℹ️ Título 106121/C já estava baixado. Processo ignorado.","service":"btg-baixa-titulos-service","situacao":"BAIXADO","timestamp":"2026-05-19T11:30:54.465Z"}
{"level":"info","message":"🔎 Processando título 106121/B","service":"btg-baixa-titulos-service","timestamp":"2026-05-19T11:30:54.473Z"}
{"level":"info","message":"🌐 Millennium request: GET /MILLENIUM!JOIN_ONEUP.LANCAMENTOS.CONSULTALANCAMENTOS?cnpj=47.485.403%2F0001-31&n_documento=106121%2FB","service":"btg-baixa-titulos-service","timestamp":"2026-05-19T11:30:54.473Z"}
{"lancamento":1434801425,"level":"info","message":"ℹ️ Título 106121/B já estava baixado. Processo ignorado.","service":"btg-baixa-titulos-service","situacao":"BAIXADO","timestamp":"2026-05-19T11:30:54.487Z"}
{"level":"info","message":"🔎 Processando título 106120/B","service":"btg-baixa-titulos-service","timestamp":"2026-05-19T11:30:54.492Z"}
{"level":"info","message":"🌐 Millennium request: GET /MILLENIUM!JOIN_ONEUP.LANCAMENTOS.CONSULTALANCAMENTOS?cnpj=47.485.403%2F0001-31&n_documento=106120%2FB","service":"btg-baixa-titulos-service","timestamp":"2026-05-19T11:30:54.492Z"}
{"lancamento":1434801418,"level":"info","message":"ℹ️ Título 106120/B já estava baixado. Processo ignorado.","service":"btg-baixa-titulos-service","situacao":"BAIXADO","timestamp":"2026-05-19T11:30:54.507Z"}
{"level":"info","message":"🔎 Processando título 109075/C","service":"btg-baixa-titulos-service","timestamp":"2026-05-19T11:30:54.512Z"}
{"level":"info","message":"🌐 Millennium request: GET /MILLENIUM!JOIN_ONEUP.LANCAMENTOS.CONSULTALANCAMENTOS?cnpj=01.329.811%2F0001-01&n_documento=109075%2FC","service":"btg-baixa-titulos-service","timestamp":"2026-05-19T11:30:54.512Z"}
{"erro":"Título não localizado: 109075/C","level":"error","message":"❌ Erro no título 109075/C","service":"btg-baixa-titulos-service","status":"ERRO_CONSULTA","timestamp":"2026-05-19T11:30:54.527Z"}
{"level":"info","message":"🔎 Processando título RA-06-11","service":"btg-baixa-titulos-service","timestamp":"2026-05-19T11:30:54.532Z"}
{"level":"info","message":"🌐 Millennium request: GET /MILLENIUM!JOIN_ONEUP.LANCAMENTOS.CONSULTALANCAMENTOS?cnpj=01.329.811%2F0001-01&n_documento=RA-06-11","service":"btg-baixa-titulos-service","timestamp":"2026-05-19T11:30:54.532Z"}
{"erro":"Título não localizado: RA-06-11","level":"error","message":"❌ Erro no título RA-06-11","service":"btg-baixa-titulos-service","status":"ERRO_CONSULTA","timestamp":"2026-05-19T11:30:54.546Z"}
{"level":"info","message":"🔎 Processando título 107627/D","service":"btg-baixa-titulos-service","timestamp":"2026-05-19T11:30:54.551Z"}
{"level":"info","message":"🌐 Millennium request: GET /MILLENIUM!JOIN_ONEUP.LANCAMENTOS.CONSULTALANCAMENTOS?cnpj=57.408.548%2F0001-92&n_documento=107627%2FD","service":"btg-baixa-titulos-service","timestamp":"2026-05-19T11:30:54.551Z"}
{"lancamento":1434808247,"level":"info","message":"ℹ️ Título 107627/D já estava baixado. Processo ignorado.","service":"btg-baixa-titulos-service","situacao":"BAIXADO","timestamp":"2026-05-19T11:30:54.567Z"}
{"level":"info","message":"🔎 Processando título 108331/C","service":"btg-baixa-titulos-service","timestamp":"2026-05-19T11:30:54.572Z"}
{"level":"info","message":"🌐 Millennium request: GET /MILLENIUM!JOIN_ONEUP.LANCAMENTOS.CONSULTALANCAMENTOS?cnpj=47.485.403%2F0001-31&n_documento=108331%2FC","service":"btg-baixa-titulos-service","timestamp":"2026-05-19T11:30:54.572Z"}
{"lancamento":1434850370,"level":"info","message":"ℹ️ Título 108331/C já estava baixado. Processo ignorado.","service":"btg-baixa-titulos-service","situacao":"BAIXADO","timestamp":"2026-05-19T11:30:54.588Z"}
{"level":"info","message":"🔎 Processando título 108317/F","service":"btg-baixa-titulos-service","timestamp":"2026-05-19T11:30:54.593Z"}
{"level":"info","message":"🌐 Millennium request: GET /MILLENIUM!JOIN_ONEUP.LANCAMENTOS.CONSULTALANCAMENTOS?cnpj=03.294.992%2F0001-03&n_documento=108317%2FF","service":"btg-baixa-titulos-service","timestamp":"2026-05-19T11:30:54.593Z"}
{"lancamento":1434850308,"level":"info","message":"ℹ️ Título 108317/F já estava baixado. Processo ignorado.","service":"btg-baixa-titulos-service","situacao":"BAIXADO","timestamp":"2026-05-19T11:30:54.611Z"}
{"level":"info","message":"🔎 Processando título 108327/C","service":"btg-baixa-titulos-service","timestamp":"2026-05-19T11:30:54.618Z"}
{"level":"info","message":"🌐 Millennium request: GET /MILLENIUM!JOIN_ONEUP.LANCAMENTOS.CONSULTALANCAMENTOS?cnpj=73.652.158%2F0001-10&n_documento=108327%2FC","service":"btg-baixa-titulos-service","timestamp":"2026-05-19T11:30:54.618Z"}
{"lancamento":1434850357,"level":"info","message":"ℹ️ Título 108327/C já estava baixado. Processo ignorado.","service":"btg-baixa-titulos-service","situacao":"BAIXADO","timestamp":"2026-05-19T11:30:54.634Z"}
{"level":"info","message":"🔎 Processando título 108328/C","service":"btg-baixa-titulos-service","timestamp":"2026-05-19T11:30:54.638Z"}
{"level":"info","message":"🌐 Millennium request: GET /MILLENIUM!JOIN_ONEUP.LANCAMENTOS.CONSULTALANCAMENTOS?cnpj=59.205.187%2F0001-02&n_documento=108328%2FC","service":"btg-baixa-titulos-service","timestamp":"2026-05-19T11:30:54.638Z"}
{"lancamento":1434850363,"level":"info","message":"ℹ️ Título 108328/C já estava baixado. Processo ignorado.","service":"btg-baixa-titulos-service","situacao":"BAIXADO","timestamp":"2026-05-19T11:30:54.663Z"}
{"level":"info","message":"🔎 Processando título 108326/C","service":"btg-baixa-titulos-service","timestamp":"2026-05-19T11:30:54.668Z"}
{"level":"info","message":"🌐 Millennium request: GET /MILLENIUM!JOIN_ONEUP.LANCAMENTOS.CONSULTALANCAMENTOS?cnpj=96.609.490%2F0001-05&n_documento=108326%2FC","service":"btg-baixa-titulos-service","timestamp":"2026-05-19T11:30:54.668Z"}
{"lancamento":1434850354,"level":"info","message":"ℹ️ Título 108326/C já estava baixado. Processo ignorado.","service":"btg-baixa-titulos-service","situacao":"BAIXADO","timestamp":"2026-05-19T11:30:54.684Z"}
{"level":"info","message":"🔎 Processando título 108323/C","service":"btg-baixa-titulos-service","timestamp":"2026-05-19T11:30:54.688Z"}
{"level":"info","message":"🌐 Millennium request: GET /MILLENIUM!JOIN_ONEUP.LANCAMENTOS.CONSULTALANCAMENTOS?cnpj=47.485.403%2F0001-31&n_documento=108323%2FC","service":"btg-baixa-titulos-service","timestamp":"2026-05-19T11:30:54.688Z"}
{"lancamento":1434850342,"level":"info","message":"ℹ️ Título 108323/C já estava baixado. Processo ignorado.","service":"btg-baixa-titulos-service","situacao":"BAIXADO","timestamp":"2026-05-19T11:30:54.701Z"}
{"level":"info","message":"🔎 Processando título 108324/C","service":"btg-baixa-titulos-service","timestamp":"2026-05-19T11:30:54.705Z"}
{"level":"info","message":"🌐 Millennium request: GET /MILLENIUM!JOIN_ONEUP.LANCAMENTOS.CONSULTALANCAMENTOS?cnpj=47.485.403%2F0001-31&n_documento=108324%2FC","service":"btg-baixa-titulos-service","timestamp":"2026-05-19T11:30:54.705Z"}
{"lancamento":1434850351,"level":"info","message":"ℹ️ Título 108324/C já estava baixado. Processo ignorado.","service":"btg-baixa-titulos-service","situacao":"BAIXADO","timestamp":"2026-05-19T11:30:54.721Z"}
{"level":"info","message":"🔎 Processando título 108322/C","service":"btg-baixa-titulos-service","timestamp":"2026-05-19T11:30:54.725Z"}
{"level":"info","message":"🌐 Millennium request: GET /MILLENIUM!JOIN_ONEUP.LANCAMENTOS.CONSULTALANCAMENTOS?cnpj=47.485.403%2F0001-31&n_documento=108322%2FC","service":"btg-baixa-titulos-service","timestamp":"2026-05-19T11:30:54.725Z"}
{"lancamento":1434850337,"level":"info","message":"ℹ️ Título 108322/C já estava baixado. Processo ignorado.","service":"btg-baixa-titulos-service","situacao":"BAIXADO","timestamp":"2026-05-19T11:30:54.740Z"}
{"level":"info","message":"🔎 Processando título 108321/C","service":"btg-baixa-titulos-service","timestamp":"2026-05-19T11:30:54.744Z"}
{"level":"info","message":"🌐 Millennium request: GET /MILLENIUM!JOIN_ONEUP.LANCAMENTOS.CONSULTALANCAMENTOS?cnpj=47.485.403%2F0001-31&n_documento=108321%2FC","service":"btg-baixa-titulos-service","timestamp":"2026-05-19T11:30:54.744Z"}
{"lancamento":1434850333,"level":"info","message":"ℹ️ Título 108321/C já estava baixado. Processo ignorado.","service":"btg-baixa-titulos-service","situacao":"BAIXADO","timestamp":"2026-05-19T11:30:54.758Z"}
{"level":"info","message":"🔎 Processando título 108318/C","service":"btg-baixa-titulos-service","timestamp":"2026-05-19T11:30:54.762Z"}
{"level":"info","message":"🌐 Millennium request: GET /MILLENIUM!JOIN_ONEUP.LANCAMENTOS.CONSULTALANCAMENTOS?cnpj=50.649.490%2F0001-20&n_documento=108318%2FC","service":"btg-baixa-titulos-service","timestamp":"2026-05-19T11:30:54.762Z"}
{"lancamento":1434850324,"level":"info","message":"ℹ️ Título 108318/C já estava baixado. Processo ignorado.","service":"btg-baixa-titulos-service","situacao":"BAIXADO","timestamp":"2026-05-19T11:30:54.778Z"}
{"level":"info","message":"🔎 Processando título 108320/C","service":"btg-baixa-titulos-service","timestamp":"2026-05-19T11:30:54.783Z"}
{"level":"info","message":"🌐 Millennium request: GET /MILLENIUM!JOIN_ONEUP.LANCAMENTOS.CONSULTALANCAMENTOS?cnpj=47.485.403%2F0001-31&n_documento=108320%2FC","service":"btg-baixa-titulos-service","timestamp":"2026-05-19T11:30:54.783Z"}
{"lancamento":1434850328,"level":"info","message":"ℹ️ Título 108320/C já estava baixado. Processo ignorado.","service":"btg-baixa-titulos-service","situacao":"BAIXADO","timestamp":"2026-05-19T11:30:54.797Z"}
{"level":"info","message":"🔎 Processando título 108315/C","service":"btg-baixa-titulos-service","timestamp":"2026-05-19T11:30:54.802Z"}
{"level":"info","message":"🌐 Millennium request: GET /MILLENIUM!JOIN_ONEUP.LANCAMENTOS.CONSULTALANCAMENTOS?cnpj=06.181.589%2F0001-58&n_documento=108315%2FC","service":"btg-baixa-titulos-service","timestamp":"2026-05-19T11:30:54.802Z"}
{"lancamento":1434850298,"level":"info","message":"ℹ️ Título 108315/C já estava baixado. Processo ignorado.","service":"btg-baixa-titulos-service","situacao":"BAIXADO","timestamp":"2026-05-19T11:30:54.815Z"}
{"level":"info","message":"🔎 Processando título 108317/E","service":"btg-baixa-titulos-service","timestamp":"2026-05-19T11:30:54.819Z"}
{"level":"info","message":"🌐 Millennium request: GET /MILLENIUM!JOIN_ONEUP.LANCAMENTOS.CONSULTALANCAMENTOS?cnpj=03.294.992%2F0001-03&n_documento=108317%2FE","service":"btg-baixa-titulos-service","timestamp":"2026-05-19T11:30:54.819Z"}
{"lancamento":1434850307,"level":"info","message":"ℹ️ Título 108317/E já estava baixado. Processo ignorado.","service":"btg-baixa-titulos-service","situacao":"BAIXADO","timestamp":"2026-05-19T11:30:54.833Z"}
{"level":"info","message":"🔎 Processando título 108313/C","service":"btg-baixa-titulos-service","timestamp":"2026-05-19T11:30:54.837Z"}
{"level":"info","message":"🌐 Millennium request: GET /MILLENIUM!JOIN_ONEUP.LANCAMENTOS.CONSULTALANCAMENTOS?cnpj=22.031.998%2F0001-24&n_documento=108313%2FC","service":"btg-baixa-titulos-service","timestamp":"2026-05-19T11:30:54.837Z"}
{"lancamento":1434850291,"level":"info","message":"ℹ️ Título 108313/C já estava baixado. Processo ignorado.","service":"btg-baixa-titulos-service","situacao":"BAIXADO","timestamp":"2026-05-19T11:30:54.852Z"}
{"level":"info","message":"🔎 Processando título 108306/C","service":"btg-baixa-titulos-service","timestamp":"2026-05-19T11:30:54.856Z"}
{"level":"info","message":"🌐 Millennium request: GET /MILLENIUM!JOIN_ONEUP.LANCAMENTOS.CONSULTALANCAMENTOS?cnpj=00.768.271%2F0001-91&n_documento=108306%2FC","service":"btg-baixa-titulos-service","timestamp":"2026-05-19T11:30:54.856Z"}
{"lancamento":1434850219,"level":"info","message":"ℹ️ Título 108306/C já estava baixado. Processo ignorado.","service":"btg-baixa-titulos-service","situacao":"BAIXADO","timestamp":"2026-05-19T11:30:54.957Z"}
{"level":"info","message":"🔎 Processando título 108310/C","service":"btg-baixa-titulos-service","timestamp":"2026-05-19T11:30:54.966Z"}
{"level":"info","message":"🌐 Millennium request: GET /MILLENIUM!JOIN_ONEUP.LANCAMENTOS.CONSULTALANCAMENTOS?cnpj=03.247.651%2F0001-79&n_documento=108310%2FC","service":"btg-baixa-titulos-service","timestamp":"2026-05-19T11:30:54.966Z"}
{"lancamento":1434850286,"level":"info","message":"ℹ️ Título 108310/C já estava baixado. Processo ignorado.","service":"btg-baixa-titulos-service","situacao":"BAIXADO","timestamp":"2026-05-19T11:30:54.983Z"}
{"level":"info","message":"🔎 Processando título 108253/C","service":"btg-baixa-titulos-service","timestamp":"2026-05-19T11:30:54.991Z"}
{"level":"info","message":"🌐 Millennium request: GET /MILLENIUM!JOIN_ONEUP.LANCAMENTOS.CONSULTALANCAMENTOS?cnpj=57.408.548%2F0001-92&n_documento=108253%2FC","service":"btg-baixa-titulos-service","timestamp":"2026-05-19T11:30:54.991Z"}
{"lancamento":1434850049,"level":"info","message":"ℹ️ Título 108253/C já estava baixado. Processo ignorado.","service":"btg-baixa-titulos-service","situacao":"BAIXADO","timestamp":"2026-05-19T11:30:55.006Z"}
{"level":"info","message":"🔎 Processando título 108304/C","service":"btg-baixa-titulos-service","timestamp":"2026-05-19T11:30:55.014Z"}
{"level":"info","message":"🌐 Millennium request: GET /MILLENIUM!JOIN_ONEUP.LANCAMENTOS.CONSULTALANCAMENTOS?cnpj=07.409.302%2F0001-67&n_documento=108304%2FC","service":"btg-baixa-titulos-service","timestamp":"2026-05-19T11:30:55.014Z"}
{"lancamento":1434850214,"level":"info","message":"ℹ️ Título 108304/C já estava baixado. Processo ignorado.","service":"btg-baixa-titulos-service","situacao":"BAIXADO","timestamp":"2026-05-19T11:30:55.028Z"}
{"level":"info","message":"🔎 Processando título 108226/C","service":"btg-baixa-titulos-service","timestamp":"2026-05-19T11:30:55.034Z"}
{"level":"info","message":"🌐 Millennium request: GET /MILLENIUM!JOIN_ONEUP.LANCAMENTOS.CONSULTALANCAMENTOS?cnpj=50.649.490%2F0001-20&n_documento=108226%2FC","service":"btg-baixa-titulos-service","timestamp":"2026-05-19T11:30:55.034Z"}
{"lancamento":1434849909,"level":"info","message":"ℹ️ Título 108226/C já estava baixado. Processo ignorado.","service":"btg-baixa-titulos-service","situacao":"BAIXADO","timestamp":"2026-05-19T11:30:55.049Z"}
{"level":"info","message":"🔎 Processando título 108252/C","service":"btg-baixa-titulos-service","timestamp":"2026-05-19T11:30:55.052Z"}
{"level":"info","message":"🌐 Millennium request: GET /MILLENIUM!JOIN_ONEUP.LANCAMENTOS.CONSULTALANCAMENTOS?cnpj=44.999.259%2F0001-63&n_documento=108252%2FC","service":"btg-baixa-titulos-service","timestamp":"2026-05-19T11:30:55.053Z"}
{"lancamento":1434850044,"level":"info","message":"ℹ️ Título 108252/C já estava baixado. Processo ignorado.","service":"btg-baixa-titulos-service","situacao":"BAIXADO","timestamp":"2026-05-19T11:30:55.069Z"}
{"level":"info","message":"🔎 Processando título 108224/C","service":"btg-baixa-titulos-service","timestamp":"2026-05-19T11:30:55.071Z"}
{"level":"info","message":"🌐 Millennium request: GET /MILLENIUM!JOIN_ONEUP.LANCAMENTOS.CONSULTALANCAMENTOS?cnpj=50.649.490%2F0001-20&n_documento=108224%2FC","service":"btg-baixa-titulos-service","timestamp":"2026-05-19T11:30:55.071Z"}
{"lancamento":1434849893,"level":"info","message":"ℹ️ Título 108224/C já estava baixado. Processo ignorado.","service":"btg-baixa-titulos-service","situacao":"BAIXADO","timestamp":"2026-05-19T11:30:55.086Z"}
{"level":"info","message":"🔎 Processando título 108225/C","service":"btg-baixa-titulos-service","timestamp":"2026-05-19T11:30:55.090Z"}
{"level":"info","message":"🌐 Millennium request: GET /MILLENIUM!JOIN_ONEUP.LANCAMENTOS.CONSULTALANCAMENTOS?cnpj=50.649.490%2F0001-20&n_documento=108225%2FC","service":"btg-baixa-titulos-service","timestamp":"2026-05-19T11:30:55.090Z"}
{"lancamento":1434849896,"level":"info","message":"ℹ️ Título 108225/C já estava baixado. Processo ignorado.","service":"btg-baixa-titulos-service","situacao":"BAIXADO","timestamp":"2026-05-19T11:30:55.105Z"}
{"level":"info","message":"🔎 Processando título 108222/C","service":"btg-baixa-titulos-service","timestamp":"2026-05-19T11:30:55.107Z"}
{"level":"info","message":"🌐 Millennium request: GET /MILLENIUM!JOIN_ONEUP.LANCAMENTOS.CONSULTALANCAMENTOS?cnpj=50.649.490%2F0001-20&n_documento=108222%2FC","service":"btg-baixa-titulos-service","timestamp":"2026-05-19T11:30:55.107Z"}
{"lancamento":1434849890,"level":"info","message":"ℹ️ Título 108222/C já estava baixado. Processo ignorado.","service":"btg-baixa-titulos-service","situacao":"BAIXADO","timestamp":"2026-05-19T11:30:55.126Z"}
{"level":"info","message":"🔎 Processando título 108327/E","service":"btg-baixa-titulos-service","timestamp":"2026-05-19T11:30:55.133Z"}
{"level":"info","message":"🌐 Millennium request: GET /MILLENIUM!JOIN_ONEUP.LANCAMENTOS.CONSULTALANCAMENTOS?cnpj=73.652.158%2F0001-10&n_documento=108327%2FE","service":"btg-baixa-titulos-service","timestamp":"2026-05-19T11:30:55.133Z"}
{"lancamento":1434850359,"level":"info","message":"ℹ️ Título 108327/E já estava baixado. Processo ignorado.","service":"btg-baixa-titulos-service","situacao":"BAIXADO","timestamp":"2026-05-19T11:30:55.150Z"}
{"level":"info","message":"🔎 Processando título 108219/C","service":"btg-baixa-titulos-service","timestamp":"2026-05-19T11:30:55.154Z"}
{"level":"info","message":"🌐 Millennium request: GET /MILLENIUM!JOIN_ONEUP.LANCAMENTOS.CONSULTALANCAMENTOS?cnpj=50.649.490%2F0001-20&n_documento=108219%2FC","service":"btg-baixa-titulos-service","timestamp":"2026-05-19T11:30:55.154Z"}
{"lancamento":1434849879,"level":"info","message":"ℹ️ Título 108219/C já estava baixado. Processo ignorado.","service":"btg-baixa-titulos-service","situacao":"BAIXADO","timestamp":"2026-05-19T11:30:55.173Z"}
{"level":"info","message":"🔎 Processando título 108221/C","service":"btg-baixa-titulos-service","timestamp":"2026-05-19T11:30:55.178Z"}
{"level":"info","message":"🌐 Millennium request: GET /MILLENIUM!JOIN_ONEUP.LANCAMENTOS.CONSULTALANCAMENTOS?cnpj=50.649.490%2F0001-20&n_documento=108221%2FC","service":"btg-baixa-titulos-service","timestamp":"2026-05-19T11:30:55.178Z"}
{"lancamento":1434849887,"level":"info","message":"ℹ️ Título 108221/C já estava baixado. Processo ignorado.","service":"btg-baixa-titulos-service","situacao":"BAIXADO","timestamp":"2026-05-19T11:30:55.193Z"}
{"level":"info","message":"🔎 Processando título 108317/I","service":"btg-baixa-titulos-service","timestamp":"2026-05-19T11:30:55.198Z"}
{"level":"info","message":"🌐 Millennium request: GET /MILLENIUM!JOIN_ONEUP.LANCAMENTOS.CONSULTALANCAMENTOS?cnpj=03.294.992%2F0001-03&n_documento=108317%2FI","service":"btg-baixa-titulos-service","timestamp":"2026-05-19T11:30:55.198Z"}
{"lancamento":1434850311,"level":"info","message":"ℹ️ Título 108317/I já estava baixado. Processo ignorado.","service":"btg-baixa-titulos-service","situacao":"BAIXADO","timestamp":"2026-05-19T11:30:55.209Z"}
{"level":"info","message":"🔎 Processando título 108157/C","service":"btg-baixa-titulos-service","timestamp":"2026-05-19T11:30:55.214Z"}
{"level":"info","message":"🌐 Millennium request: GET /MILLENIUM!JOIN_ONEUP.LANCAMENTOS.CONSULTALANCAMENTOS?cnpj=03.294.992%2F0001-03&n_documento=108157%2FC","service":"btg-baixa-titulos-service","timestamp":"2026-05-19T11:30:55.214Z"}
{"lancamento":1434849583,"level":"info","message":"ℹ️ Título 108157/C já estava baixado. Processo ignorado.","service":"btg-baixa-titulos-service","situacao":"BAIXADO","timestamp":"2026-05-19T11:30:55.229Z"}
{"level":"info","message":"🔎 Processando título 108315/E","service":"btg-baixa-titulos-service","timestamp":"2026-05-19T11:30:55.233Z"}
{"level":"info","message":"🌐 Millennium request: GET /MILLENIUM!JOIN_ONEUP.LANCAMENTOS.CONSULTALANCAMENTOS?cnpj=06.181.589%2F0001-58&n_documento=108315%2FE","service":"btg-baixa-titulos-service","timestamp":"2026-05-19T11:30:55.233Z"}
{"lancamento":1434850300,"level":"info","message":"ℹ️ Título 108315/E já estava baixado. Processo ignorado.","service":"btg-baixa-titulos-service","situacao":"BAIXADO","timestamp":"2026-05-19T11:30:55.252Z"}
{"level":"info","message":"🔎 Processando título 108156/C","service":"btg-baixa-titulos-service","timestamp":"2026-05-19T11:30:55.257Z"}
{"level":"info","message":"🌐 Millennium request: GET /MILLENIUM!JOIN_ONEUP.LANCAMENTOS.CONSULTALANCAMENTOS?cnpj=57.408.548%2F0001-92&n_documento=108156%2FC","service":"btg-baixa-titulos-service","timestamp":"2026-05-19T11:30:55.257Z"}
{"lancamento":1434849579,"level":"info","message":"ℹ️ Título 108156/C já estava baixado. Processo ignorado.","service":"btg-baixa-titulos-service","situacao":"BAIXADO","timestamp":"2026-05-19T11:30:55.271Z"}
{"level":"info","message":"🔎 Processando título 108252/E","service":"btg-baixa-titulos-service","timestamp":"2026-05-19T11:30:55.277Z"}
{"level":"info","message":"🌐 Millennium request: GET /MILLENIUM!JOIN_ONEUP.LANCAMENTOS.CONSULTALANCAMENTOS?cnpj=44.999.259%2F0001-63&n_documento=108252%2FE","service":"btg-baixa-titulos-service","timestamp":"2026-05-19T11:30:55.277Z"}
{"lancamento":1434850046,"level":"info","message":"ℹ️ Título 108252/E já estava baixado. Processo ignorado.","service":"btg-baixa-titulos-service","situacao":"BAIXADO","timestamp":"2026-05-19T11:30:55.292Z"}
{"level":"info","message":"🔎 Processando título 108157/E","service":"btg-baixa-titulos-service","timestamp":"2026-05-19T11:30:55.298Z"}
{"level":"info","message":"🌐 Millennium request: GET /MILLENIUM!JOIN_ONEUP.LANCAMENTOS.CONSULTALANCAMENTOS?cnpj=03.294.992%2F0001-03&n_documento=108157%2FE","service":"btg-baixa-titulos-service","timestamp":"2026-05-19T11:30:55.298Z"}
{"lancamento":1434849585,"level":"info","message":"ℹ️ Título 108157/E já estava baixado. Processo ignorado.","service":"btg-baixa-titulos-service","situacao":"BAIXADO","timestamp":"2026-05-19T11:30:55.316Z"}
{"level":"info","message":"🔎 Processando título 107660/C","service":"btg-baixa-titulos-service","timestamp":"2026-05-19T11:30:55.321Z"}
{"level":"info","message":"🌐 Millennium request: GET /MILLENIUM!JOIN_ONEUP.LANCAMENTOS.CONSULTALANCAMENTOS?cnpj=57.408.548%2F0001-92&n_documento=107660%2FC","service":"btg-baixa-titulos-service","timestamp":"2026-05-19T11:30:55.321Z"}
{"lancamento":1434808277,"level":"info","message":"ℹ️ Título 107660/C já estava baixado. Processo ignorado.","service":"btg-baixa-titulos-service","situacao":"BAIXADO","timestamp":"2026-05-19T11:30:55.336Z"}
{"level":"info","message":"🔎 Processando título 108020/C","service":"btg-baixa-titulos-service","timestamp":"2026-05-19T11:30:55.341Z"}
{"level":"info","message":"🌐 Millennium request: GET /MILLENIUM!JOIN_ONEUP.LANCAMENTOS.CONSULTALANCAMENTOS?cnpj=57.408.548%2F0001-92&n_documento=108020%2FC","service":"btg-baixa-titulos-service","timestamp":"2026-05-19T11:30:55.341Z"}
{"lancamento":1434848920,"level":"info","message":"ℹ️ Título 108020/C já estava baixado. Processo ignorado.","service":"btg-baixa-titulos-service","situacao":"BAIXADO","timestamp":"2026-05-19T11:30:55.355Z"}
{"level":"info","message":"🔎 Processando título 108310/E","service":"btg-baixa-titulos-service","timestamp":"2026-05-19T11:30:55.359Z"}
{"level":"info","message":"🌐 Millennium request: GET /MILLENIUM!JOIN_ONEUP.LANCAMENTOS.CONSULTALANCAMENTOS?cnpj=03.247.651%2F0001-79&n_documento=108310%2FE","service":"btg-baixa-titulos-service","timestamp":"2026-05-19T11:30:55.359Z"}
{"lancamento":1434850288,"level":"info","message":"ℹ️ Título 108310/E já estava baixado. Processo ignorado.","service":"btg-baixa-titulos-service","situacao":"BAIXADO","timestamp":"2026-05-19T11:30:55.375Z"}
{"level":"info","message":"🔎 Processando título 107627/C","service":"btg-baixa-titulos-service","timestamp":"2026-05-19T11:30:55.378Z"}
{"level":"info","message":"🌐 Millennium request: GET /MILLENIUM!JOIN_ONEUP.LANCAMENTOS.CONSULTALANCAMENTOS?cnpj=57.408.548%2F0001-92&n_documento=107627%2FC","service":"btg-baixa-titulos-service","timestamp":"2026-05-19T11:30:55.378Z"}
{"lancamento":1434808246,"level":"info","message":"ℹ️ Título 107627/C já estava baixado. Processo ignorado.","service":"btg-baixa-titulos-service","situacao":"BAIXADO","timestamp":"2026-05-19T11:30:55.481Z"}
{"level":"info","message":"🔎 Processando título 108317/H","service":"btg-baixa-titulos-service","timestamp":"2026-05-19T11:30:55.491Z"}
{"level":"info","message":"🌐 Millennium request: GET /MILLENIUM!JOIN_ONEUP.LANCAMENTOS.CONSULTALANCAMENTOS?cnpj=03.294.992%2F0001-03&n_documento=108317%2FH","service":"btg-baixa-titulos-service","timestamp":"2026-05-19T11:30:55.492Z"}
{"lancamento":1434850310,"level":"info","message":"ℹ️ Título 108317/H já estava baixado. Processo ignorado.","service":"btg-baixa-titulos-service","situacao":"BAIXADO","timestamp":"2026-05-19T11:30:55.510Z"}
{"level":"info","message":"🔎 Processando título 108317/D","service":"btg-baixa-titulos-service","timestamp":"2026-05-19T11:30:55.518Z"}
{"level":"info","message":"🌐 Millennium request: GET /MILLENIUM!JOIN_ONEUP.LANCAMENTOS.CONSULTALANCAMENTOS?cnpj=03.294.992%2F0001-03&n_documento=108317%2FD","service":"btg-baixa-titulos-service","timestamp":"2026-05-19T11:30:55.518Z"}
{"lancamento":1434850306,"level":"info","message":"ℹ️ Título 108317/D já estava baixado. Processo ignorado.","service":"btg-baixa-titulos-service","situacao":"BAIXADO","timestamp":"2026-05-19T11:30:55.532Z"}
{"level":"info","message":"🔎 Processando título 108327/D","service":"btg-baixa-titulos-service","timestamp":"2026-05-19T11:30:55.537Z"}
{"level":"info","message":"🌐 Millennium request: GET /MILLENIUM!JOIN_ONEUP.LANCAMENTOS.CONSULTALANCAMENTOS?cnpj=73.652.158%2F0001-10&n_documento=108327%2FD","service":"btg-baixa-titulos-service","timestamp":"2026-05-19T11:30:55.537Z"}
{"lancamento":1434850358,"level":"info","message":"ℹ️ Título 108327/D já estava baixado. Processo ignorado.","service":"btg-baixa-titulos-service","situacao":"BAIXADO","timestamp":"2026-05-19T11:30:55.551Z"}
{"level":"info","message":"🔎 Processando título 108315/B","service":"btg-baixa-titulos-service","timestamp":"2026-05-19T11:30:55.556Z"}
{"level":"info","message":"🌐 Millennium request: GET /MILLENIUM!JOIN_ONEUP.LANCAMENTOS.CONSULTALANCAMENTOS?cnpj=06.181.589%2F0001-58&n_documento=108315%2FB","service":"btg-baixa-titulos-service","timestamp":"2026-05-19T11:30:55.556Z"}
{"lancamento":1434850297,"level":"info","message":"ℹ️ Título 108315/B já estava baixado. Processo ignorado.","service":"btg-baixa-titulos-service","situacao":"BAIXADO","timestamp":"2026-05-19T11:30:55.570Z"}
{"level":"info","message":"🔎 Processando título 108317/G","service":"btg-baixa-titulos-service","timestamp":"2026-05-19T11:30:55.576Z"}
{"level":"info","message":"🌐 Millennium request: GET /MILLENIUM!JOIN_ONEUP.LANCAMENTOS.CONSULTALANCAMENTOS?cnpj=03.294.992%2F0001-03&n_documento=108317%2FG","service":"btg-baixa-titulos-service","timestamp":"2026-05-19T11:30:55.576Z"}
{"lancamento":1434850309,"level":"info","message":"ℹ️ Título 108317/G já estava baixado. Processo ignorado.","service":"btg-baixa-titulos-service","situacao":"BAIXADO","timestamp":"2026-05-19T11:30:55.594Z"}
{"level":"info","message":"🔎 Processando título 108327/B","service":"btg-baixa-titulos-service","timestamp":"2026-05-19T11:30:55.598Z"}
{"level":"info","message":"🌐 Millennium request: GET /MILLENIUM!JOIN_ONEUP.LANCAMENTOS.CONSULTALANCAMENTOS?cnpj=73.652.158%2F0001-10&n_documento=108327%2FB","service":"btg-baixa-titulos-service","timestamp":"2026-05-19T11:30:55.599Z"}
{"lancamento":1434850356,"level":"info","message":"ℹ️ Título 108327/B já estava baixado. Processo ignorado.","service":"btg-baixa-titulos-service","situacao":"BAIXADO","timestamp":"2026-05-19T11:30:55.615Z"}
{"level":"info","message":"🔎 Processando título 108317/C","service":"btg-baixa-titulos-service","timestamp":"2026-05-19T11:30:55.618Z"}
{"level":"info","message":"🌐 Millennium request: GET /MILLENIUM!JOIN_ONEUP.LANCAMENTOS.CONSULTALANCAMENTOS?cnpj=03.294.992%2F0001-03&n_documento=108317%2FC","service":"btg-baixa-titulos-service","timestamp":"2026-05-19T11:30:55.618Z"}
{"lancamento":1434850305,"level":"info","message":"ℹ️ Título 108317/C já estava baixado. Processo ignorado.","service":"btg-baixa-titulos-service","situacao":"BAIXADO","timestamp":"2026-05-19T11:30:55.634Z"}
{"level":"info","message":"🔎 Processando título 108315/D","service":"btg-baixa-titulos-service","timestamp":"2026-05-19T11:30:55.636Z"}
{"level":"info","message":"🌐 Millennium request: GET /MILLENIUM!JOIN_ONEUP.LANCAMENTOS.CONSULTALANCAMENTOS?cnpj=06.181.589%2F0001-58&n_documento=108315%2FD","service":"btg-baixa-titulos-service","timestamp":"2026-05-19T11:30:55.637Z"}
{"lancamento":1434850299,"level":"info","message":"ℹ️ Título 108315/D já estava baixado. Processo ignorado.","service":"btg-baixa-titulos-service","situacao":"BAIXADO","timestamp":"2026-05-19T11:30:55.651Z"}
{"level":"info","message":"🔎 Processando título 108306/B","service":"btg-baixa-titulos-service","timestamp":"2026-05-19T11:30:55.654Z"}
{"level":"info","message":"🌐 Millennium request: GET /MILLENIUM!JOIN_ONEUP.LANCAMENTOS.CONSULTALANCAMENTOS?cnpj=00.768.271%2F0001-91&n_documento=108306%2FB","service":"btg-baixa-titulos-service","timestamp":"2026-05-19T11:30:55.654Z"}
{"lancamento":1434850218,"level":"info","message":"ℹ️ Título 108306/B já estava baixado. Processo ignorado.","service":"btg-baixa-titulos-service","situacao":"BAIXADO","timestamp":"2026-05-19T11:30:55.670Z"}
{"level":"info","message":"🔎 Processando título 108306/D","service":"btg-baixa-titulos-service","timestamp":"2026-05-19T11:30:55.673Z"}
{"level":"info","message":"🌐 Millennium request: GET /MILLENIUM!JOIN_ONEUP.LANCAMENTOS.CONSULTALANCAMENTOS?cnpj=00.768.271%2F0001-91&n_documento=108306%2FD","service":"btg-baixa-titulos-service","timestamp":"2026-05-19T11:30:55.673Z"}
{"lancamento":1434850220,"level":"info","message":"ℹ️ Título 108306/D já estava baixado. Processo ignorado.","service":"btg-baixa-titulos-service","situacao":"BAIXADO","timestamp":"2026-05-19T11:30:55.689Z"}
{"level":"info","message":"🔎 Processando título 108310/D","service":"btg-baixa-titulos-service","timestamp":"2026-05-19T11:30:55.692Z"}
{"level":"info","message":"🌐 Millennium request: GET /MILLENIUM!JOIN_ONEUP.LANCAMENTOS.CONSULTALANCAMENTOS?cnpj=03.247.651%2F0001-79&n_documento=108310%2FD","service":"btg-baixa-titulos-service","timestamp":"2026-05-19T11:30:55.692Z"}
{"lancamento":1434850287,"level":"info","message":"ℹ️ Título 108310/D já estava baixado. Processo ignorado.","service":"btg-baixa-titulos-service","situacao":"BAIXADO","timestamp":"2026-05-19T11:30:55.710Z"}
{"level":"info","message":"🔎 Processando título 108253/D","service":"btg-baixa-titulos-service","timestamp":"2026-05-19T11:30:55.714Z"}
{"level":"info","message":"🌐 Millennium request: GET /MILLENIUM!JOIN_ONEUP.LANCAMENTOS.CONSULTALANCAMENTOS?cnpj=57.408.548%2F0001-92&n_documento=108253%2FD","service":"btg-baixa-titulos-service","timestamp":"2026-05-19T11:30:55.714Z"}
{"lancamento":1434850050,"level":"info","message":"ℹ️ Título 108253/D já estava baixado. Processo ignorado.","service":"btg-baixa-titulos-service","situacao":"BAIXADO","timestamp":"2026-05-19T11:30:55.728Z"}
{"level":"info","message":"🔎 Processando título 108310/B","service":"btg-baixa-titulos-service","timestamp":"2026-05-19T11:30:55.732Z"}
{"level":"info","message":"🌐 Millennium request: GET /MILLENIUM!JOIN_ONEUP.LANCAMENTOS.CONSULTALANCAMENTOS?cnpj=03.247.651%2F0001-79&n_documento=108310%2FB","service":"btg-baixa-titulos-service","timestamp":"2026-05-19T11:30:55.732Z"}
{"lancamento":1434850285,"level":"info","message":"ℹ️ Título 108310/B já estava baixado. Processo ignorado.","service":"btg-baixa-titulos-service","situacao":"BAIXADO","timestamp":"2026-05-19T11:30:55.745Z"}
{"level":"info","message":"🔎 Processando título 108157/D","service":"btg-baixa-titulos-service","timestamp":"2026-05-19T11:30:55.749Z"}
{"level":"info","message":"🌐 Millennium request: GET /MILLENIUM!JOIN_ONEUP.LANCAMENTOS.CONSULTALANCAMENTOS?cnpj=03.294.992%2F0001-03&n_documento=108157%2FD","service":"btg-baixa-titulos-service","timestamp":"2026-05-19T11:30:55.749Z"}
{"lancamento":1434849584,"level":"info","message":"ℹ️ Título 108157/D já estava baixado. Processo ignorado.","service":"btg-baixa-titulos-service","situacao":"BAIXADO","timestamp":"2026-05-19T11:30:55.763Z"}
{"level":"info","message":"🔎 Processando título 108253/B","service":"btg-baixa-titulos-service","timestamp":"2026-05-19T11:30:55.768Z"}
{"level":"info","message":"🌐 Millennium request: GET /MILLENIUM!JOIN_ONEUP.LANCAMENTOS.CONSULTALANCAMENTOS?cnpj=57.408.548%2F0001-92&n_documento=108253%2FB","service":"btg-baixa-titulos-service","timestamp":"2026-05-19T11:30:55.768Z"}
{"lancamento":1434850048,"level":"info","message":"ℹ️ Título 108253/B já estava baixado. Processo ignorado.","service":"btg-baixa-titulos-service","situacao":"BAIXADO","timestamp":"2026-05-19T11:30:55.780Z"}
{"level":"info","message":"🔎 Processando título 108252/D","service":"btg-baixa-titulos-service","timestamp":"2026-05-19T11:30:55.784Z"}
{"level":"info","message":"🌐 Millennium request: GET /MILLENIUM!JOIN_ONEUP.LANCAMENTOS.CONSULTALANCAMENTOS?cnpj=44.999.259%2F0001-63&n_documento=108252%2FD","service":"btg-baixa-titulos-service","timestamp":"2026-05-19T11:30:55.784Z"}
{"lancamento":1434850045,"level":"info","message":"ℹ️ Título 108252/D já estava baixado. Processo ignorado.","service":"btg-baixa-titulos-service","situacao":"BAIXADO","timestamp":"2026-05-19T11:30:55.799Z"}
{"level":"info","message":"🔎 Processando título 108252/B","service":"btg-baixa-titulos-service","timestamp":"2026-05-19T11:30:55.804Z"}
{"level":"info","message":"🌐 Millennium request: GET /MILLENIUM!JOIN_ONEUP.LANCAMENTOS.CONSULTALANCAMENTOS?cnpj=44.999.259%2F0001-63&n_documento=108252%2FB","service":"btg-baixa-titulos-service","timestamp":"2026-05-19T11:30:55.804Z"}
{"lancamento":1434850043,"level":"info","message":"ℹ️ Título 108252/B já estava baixado. Processo ignorado.","service":"btg-baixa-titulos-service","situacao":"BAIXADO","timestamp":"2026-05-19T11:30:55.819Z"}
{"level":"info","message":"🔎 Processando título 108328/B","service":"btg-baixa-titulos-service","timestamp":"2026-05-19T11:30:55.823Z"}
{"level":"info","message":"🌐 Millennium request: GET /MILLENIUM!JOIN_ONEUP.LANCAMENTOS.CONSULTALANCAMENTOS?cnpj=59.205.187%2F0001-02&n_documento=108328%2FB","service":"btg-baixa-titulos-service","timestamp":"2026-05-19T11:30:55.823Z"}
{"lancamento":1434850362,"level":"info","message":"ℹ️ Título 108328/B já estava baixado. Processo ignorado.","service":"btg-baixa-titulos-service","situacao":"BAIXADO","timestamp":"2026-05-19T11:30:55.840Z"}
{"level":"info","message":"🔎 Processando título 108326/B","service":"btg-baixa-titulos-service","timestamp":"2026-05-19T11:30:55.845Z"}
{"level":"info","message":"🌐 Millennium request: GET /MILLENIUM!JOIN_ONEUP.LANCAMENTOS.CONSULTALANCAMENTOS?cnpj=96.609.490%2F0001-05&n_documento=108326%2FB","service":"btg-baixa-titulos-service","timestamp":"2026-05-19T11:30:55.845Z"}
{"lancamento":1434850353,"level":"info","message":"ℹ️ Título 108326/B já estava baixado. Processo ignorado.","service":"btg-baixa-titulos-service","situacao":"BAIXADO","timestamp":"2026-05-19T11:30:55.857Z"}
{"level":"info","message":"🔎 Processando título 108020/D","service":"btg-baixa-titulos-service","timestamp":"2026-05-19T11:30:55.862Z"}
{"level":"info","message":"🌐 Millennium request: GET /MILLENIUM!JOIN_ONEUP.LANCAMENTOS.CONSULTALANCAMENTOS?cnpj=57.408.548%2F0001-92&n_documento=108020%2FD","service":"btg-baixa-titulos-service","timestamp":"2026-05-19T11:30:55.862Z"}
{"lancamento":1434848921,"level":"info","message":"ℹ️ Título 108020/D já estava baixado. Processo ignorado.","service":"btg-baixa-titulos-service","situacao":"BAIXADO","timestamp":"2026-05-19T11:30:55.877Z"}
{"level":"info","message":"🔎 Processando título 108156/D","service":"btg-baixa-titulos-service","timestamp":"2026-05-19T11:30:55.882Z"}
{"level":"info","message":"🌐 Millennium request: GET /MILLENIUM!JOIN_ONEUP.LANCAMENTOS.CONSULTALANCAMENTOS?cnpj=57.408.548%2F0001-92&n_documento=108156%2FD","service":"btg-baixa-titulos-service","timestamp":"2026-05-19T11:30:55.882Z"}
{"lancamento":1434849580,"level":"info","message":"ℹ️ Título 108156/D já estava baixado. Processo ignorado.","service":"btg-baixa-titulos-service","situacao":"BAIXADO","timestamp":"2026-05-19T11:30:55.899Z"}
{"level":"info","message":"🔎 Processando título 108331/B","service":"btg-baixa-titulos-service","timestamp":"2026-05-19T11:30:55.906Z"}
{"level":"info","message":"🌐 Millennium request: GET /MILLENIUM!JOIN_ONEUP.LANCAMENTOS.CONSULTALANCAMENTOS?cnpj=47.485.403%2F0001-31&n_documento=108331%2FB","service":"btg-baixa-titulos-service","timestamp":"2026-05-19T11:30:55.907Z"}
{"lancamento":1434850369,"level":"info","message":"ℹ️ Título 108331/B já estava baixado. Processo ignorado.","service":"btg-baixa-titulos-service","situacao":"BAIXADO","timestamp":"2026-05-19T11:30:56.006Z"}
{"level":"info","message":"🔎 Processando título 107660/D","service":"btg-baixa-titulos-service","timestamp":"2026-05-19T11:30:56.016Z"}
{"level":"info","message":"🌐 Millennium request: GET /MILLENIUM!JOIN_ONEUP.LANCAMENTOS.CONSULTALANCAMENTOS?cnpj=57.408.548%2F0001-92&n_documento=107660%2FD","service":"btg-baixa-titulos-service","timestamp":"2026-05-19T11:30:56.016Z"}
{"lancamento":1434808278,"level":"info","message":"ℹ️ Título 107660/D já estava baixado. Processo ignorado.","service":"btg-baixa-titulos-service","situacao":"BAIXADO","timestamp":"2026-05-19T11:30:56.031Z"}
{"level":"info","message":"🔎 Processando título 108323/B","service":"btg-baixa-titulos-service","timestamp":"2026-05-19T11:30:56.037Z"}
{"level":"info","message":"🌐 Millennium request: GET /MILLENIUM!JOIN_ONEUP.LANCAMENTOS.CONSULTALANCAMENTOS?cnpj=47.485.403%2F0001-31&n_documento=108323%2FB","service":"btg-baixa-titulos-service","timestamp":"2026-05-19T11:30:56.037Z"}
{"lancamento":1434850341,"level":"info","message":"ℹ️ Título 108323/B já estava baixado. Processo ignorado.","service":"btg-baixa-titulos-service","situacao":"BAIXADO","timestamp":"2026-05-19T11:30:56.054Z"}
{"level":"info","message":"🔎 Processando título 108324/B","service":"btg-baixa-titulos-service","timestamp":"2026-05-19T11:30:56.059Z"}
{"level":"info","message":"🌐 Millennium request: GET /MILLENIUM!JOIN_ONEUP.LANCAMENTOS.CONSULTALANCAMENTOS?cnpj=47.485.403%2F0001-31&n_documento=108324%2FB","service":"btg-baixa-titulos-service","timestamp":"2026-05-19T11:30:56.059Z"}
{"lancamento":1434850350,"level":"info","message":"ℹ️ Título 108324/B já estava baixado. Processo ignorado.","service":"btg-baixa-titulos-service","situacao":"BAIXADO","timestamp":"2026-05-19T11:30:56.073Z"}
{"level":"info","message":"🔎 Processando título 108320/B","service":"btg-baixa-titulos-service","timestamp":"2026-05-19T11:30:56.078Z"}
{"level":"info","message":"🌐 Millennium request: GET /MILLENIUM!JOIN_ONEUP.LANCAMENTOS.CONSULTALANCAMENTOS?cnpj=47.485.403%2F0001-31&n_documento=108320%2FB","service":"btg-baixa-titulos-service","timestamp":"2026-05-19T11:30:56.078Z"}
{"lancamento":1434850327,"level":"info","message":"ℹ️ Título 108320/B já estava baixado. Processo ignorado.","service":"btg-baixa-titulos-service","situacao":"BAIXADO","timestamp":"2026-05-19T11:30:56.092Z"}
{"level":"info","message":"🔎 Processando título 108313/B","service":"btg-baixa-titulos-service","timestamp":"2026-05-19T11:30:56.097Z"}
{"level":"info","message":"🌐 Millennium request: GET /MILLENIUM!JOIN_ONEUP.LANCAMENTOS.CONSULTALANCAMENTOS?cnpj=22.031.998%2F0001-24&n_documento=108313%2FB","service":"btg-baixa-titulos-service","timestamp":"2026-05-19T11:30:56.097Z"}
{"lancamento":1434850290,"level":"info","message":"ℹ️ Título 108313/B já estava baixado. Processo ignorado.","service":"btg-baixa-titulos-service","situacao":"BAIXADO","timestamp":"2026-05-19T11:30:56.112Z"}
{"level":"info","message":"🔎 Processando título 108318/B","service":"btg-baixa-titulos-service","timestamp":"2026-05-19T11:30:56.116Z"}
{"level":"info","message":"🌐 Millennium request: GET /MILLENIUM!JOIN_ONEUP.LANCAMENTOS.CONSULTALANCAMENTOS?cnpj=50.649.490%2F0001-20&n_documento=108318%2FB","service":"btg-baixa-titulos-service","timestamp":"2026-05-19T11:30:56.116Z"}
{"lancamento":1434850323,"level":"info","message":"ℹ️ Título 108318/B já estava baixado. Processo ignorado.","service":"btg-baixa-titulos-service","situacao":"BAIXADO","timestamp":"2026-05-19T11:30:56.129Z"}
{"level":"info","message":"🔎 Processando título 106806/E","service":"btg-baixa-titulos-service","timestamp":"2026-05-19T11:30:56.134Z"}
{"level":"info","message":"🌐 Millennium request: GET /MILLENIUM!JOIN_ONEUP.LANCAMENTOS.CONSULTALANCAMENTOS?cnpj=44.999.259%2F0001-63&n_documento=106806%2FE","service":"btg-baixa-titulos-service","timestamp":"2026-05-19T11:30:56.134Z"}
{"lancamento":1434804045,"level":"info","message":"ℹ️ Título 106806/E já estava baixado. Processo ignorado.","service":"btg-baixa-titulos-service","situacao":"BAIXADO","timestamp":"2026-05-19T11:30:56.149Z"}
{"level":"info","message":"🔎 Processando título 106806/D","service":"btg-baixa-titulos-service","timestamp":"2026-05-19T11:30:56.153Z"}
{"level":"info","message":"🌐 Millennium request: GET /MILLENIUM!JOIN_ONEUP.LANCAMENTOS.CONSULTALANCAMENTOS?cnpj=44.999.259%2F0001-63&n_documento=106806%2FD","service":"btg-baixa-titulos-service","timestamp":"2026-05-19T11:30:56.154Z"}
{"lancamento":1434804044,"level":"info","message":"ℹ️ Título 106806/D já estava baixado. Processo ignorado.","service":"btg-baixa-titulos-service","situacao":"BAIXADO","timestamp":"2026-05-19T11:30:56.168Z"}
{"level":"info","message":"🔎 Processando título 106806/C","service":"btg-baixa-titulos-service","timestamp":"2026-05-19T11:30:56.173Z"}
{"level":"info","message":"🌐 Millennium request: GET /MILLENIUM!JOIN_ONEUP.LANCAMENTOS.CONSULTALANCAMENTOS?cnpj=44.999.259%2F0001-63&n_documento=106806%2FC","service":"btg-baixa-titulos-service","timestamp":"2026-05-19T11:30:56.173Z"}
{"lancamento":1434804043,"level":"info","message":"ℹ️ Título 106806/C já estava baixado. Processo ignorado.","service":"btg-baixa-titulos-service","situacao":"BAIXADO","timestamp":"2026-05-19T11:30:56.221Z"}
{"level":"info","message":"🔎 Processando título 106806/A","service":"btg-baixa-titulos-service","timestamp":"2026-05-19T11:30:56.227Z"}
{"level":"info","message":"🌐 Millennium request: GET /MILLENIUM!JOIN_ONEUP.LANCAMENTOS.CONSULTALANCAMENTOS?cnpj=44.999.259%2F0001-63&n_documento=106806%2FA","service":"btg-baixa-titulos-service","timestamp":"2026-05-19T11:30:56.228Z"}
{"lancamento":1434804041,"level":"info","message":"ℹ️ Título 106806/A já estava baixado. Processo ignorado.","service":"btg-baixa-titulos-service","situacao":"BAIXADO","timestamp":"2026-05-19T11:30:56.246Z"}
{"level":"info","message":"🔎 Processando título 106806/B","service":"btg-baixa-titulos-service","timestamp":"2026-05-19T11:30:56.252Z"}
{"level":"info","message":"🌐 Millennium request: GET /MILLENIUM!JOIN_ONEUP.LANCAMENTOS.CONSULTALANCAMENTOS?cnpj=44.999.259%2F0001-63&n_documento=106806%2FB","service":"btg-baixa-titulos-service","timestamp":"2026-05-19T11:30:56.252Z"}
{"lancamento":1434804042,"level":"info","message":"ℹ️ Título 106806/B já estava baixado. Processo ignorado.","service":"btg-baixa-titulos-service","situacao":"BAIXADO","timestamp":"2026-05-19T11:30:56.268Z"}
{"level":"info","message":"🔎 Processando título 106709/D","service":"btg-baixa-titulos-service","timestamp":"2026-05-19T11:30:56.273Z"}
{"level":"info","message":"🌐 Millennium request: GET /MILLENIUM!JOIN_ONEUP.LANCAMENTOS.CONSULTALANCAMENTOS?cnpj=00.768.271%2F0001-91&n_documento=106709%2FD","service":"btg-baixa-titulos-service","timestamp":"2026-05-19T11:30:56.274Z"}
{"lancamento":1434803746,"level":"info","message":"ℹ️ Título 106709/D já estava baixado. Processo ignorado.","service":"btg-baixa-titulos-service","situacao":"BAIXADO","timestamp":"2026-05-19T11:30:56.289Z"}
{"level":"info","message":"🔎 Processando título 106709/C","service":"btg-baixa-titulos-service","timestamp":"2026-05-19T11:30:56.294Z"}
{"level":"info","message":"🌐 Millennium request: GET /MILLENIUM!JOIN_ONEUP.LANCAMENTOS.CONSULTALANCAMENTOS?cnpj=00.768.271%2F0001-91&n_documento=106709%2FC","service":"btg-baixa-titulos-service","timestamp":"2026-05-19T11:30:56.294Z"}
{"lancamento":1434803745,"level":"info","message":"ℹ️ Título 106709/C já estava baixado. Processo ignorado.","service":"btg-baixa-titulos-service","situacao":"BAIXADO","timestamp":"2026-05-19T11:30:56.310Z"}
{"level":"info","message":"🔎 Processando título 106709/B","service":"btg-baixa-titulos-service","timestamp":"2026-05-19T11:30:56.316Z"}
{"level":"info","message":"🌐 Millennium request: GET /MILLENIUM!JOIN_ONEUP.LANCAMENTOS.CONSULTALANCAMENTOS?cnpj=00.768.271%2F0001-91&n_documento=106709%2FB","service":"btg-baixa-titulos-service","timestamp":"2026-05-19T11:30:56.316Z"}
{"lancamento":1434803744,"level":"info","message":"ℹ️ Título 106709/B já estava baixado. Processo ignorado.","service":"btg-baixa-titulos-service","situacao":"BAIXADO","timestamp":"2026-05-19T11:30:56.332Z"}
{"level":"info","message":"🔎 Processando título 106709/A","service":"btg-baixa-titulos-service","timestamp":"2026-05-19T11:30:56.337Z"}
{"level":"info","message":"🌐 Millennium request: GET /MILLENIUM!JOIN_ONEUP.LANCAMENTOS.CONSULTALANCAMENTOS?cnpj=00.768.271%2F0001-91&n_documento=106709%2FA","service":"btg-baixa-titulos-service","timestamp":"2026-05-19T11:30:56.337Z"}
{"lancamento":1434803743,"level":"info","message":"ℹ️ Título 106709/A já estava baixado. Processo ignorado.","service":"btg-baixa-titulos-service","situacao":"BAIXADO","timestamp":"2026-05-19T11:30:56.352Z"}
{"level":"info","message":"🔎 Processando título 106655/E","service":"btg-baixa-titulos-service","timestamp":"2026-05-19T11:30:56.358Z"}
{"level":"info","message":"🌐 Millennium request: GET /MILLENIUM!JOIN_ONEUP.LANCAMENTOS.CONSULTALANCAMENTOS?cnpj=73.652.158%2F0001-10&n_documento=106655%2FE","service":"btg-baixa-titulos-service","timestamp":"2026-05-19T11:30:56.358Z"}
{"lancamento":1434803559,"level":"info","message":"ℹ️ Título 106655/E já estava baixado. Processo ignorado.","service":"btg-baixa-titulos-service","situacao":"BAIXADO","timestamp":"2026-05-19T11:30:56.373Z"}
{"level":"info","message":"🔎 Processando título 106655/C","service":"btg-baixa-titulos-service","timestamp":"2026-05-19T11:30:56.380Z"}
{"level":"info","message":"🌐 Millennium request: GET /MILLENIUM!JOIN_ONEUP.LANCAMENTOS.CONSULTALANCAMENTOS?cnpj=73.652.158%2F0001-10&n_documento=106655%2FC","service":"btg-baixa-titulos-service","timestamp":"2026-05-19T11:30:56.380Z"}
{"lancamento":1434803557,"level":"info","message":"ℹ️ Título 106655/C já estava baixado. Processo ignorado.","service":"btg-baixa-titulos-service","situacao":"BAIXADO","timestamp":"2026-05-19T11:30:56.394Z"}
{"level":"info","message":"🔎 Processando título 106655/B","service":"btg-baixa-titulos-service","timestamp":"2026-05-19T11:30:56.399Z"}
{"level":"info","message":"🌐 Millennium request: GET /MILLENIUM!JOIN_ONEUP.LANCAMENTOS.CONSULTALANCAMENTOS?cnpj=73.652.158%2F0001-10&n_documento=106655%2FB","service":"btg-baixa-titulos-service","timestamp":"2026-05-19T11:30:56.399Z"}
{"lancamento":1434803556,"level":"info","message":"ℹ️ Título 106655/B já estava baixado. Processo ignorado.","service":"btg-baixa-titulos-service","situacao":"BAIXADO","timestamp":"2026-05-19T11:30:56.427Z"}
{"level":"info","message":"🔎 Processando título 106655/D","service":"btg-baixa-titulos-service","timestamp":"2026-05-19T11:30:56.433Z"}
{"level":"info","message":"🌐 Millennium request: GET /MILLENIUM!JOIN_ONEUP.LANCAMENTOS.CONSULTALANCAMENTOS?cnpj=73.652.158%2F0001-10&n_documento=106655%2FD","service":"btg-baixa-titulos-service","timestamp":"2026-05-19T11:30:56.433Z"}
{"lancamento":1434803558,"level":"info","message":"ℹ️ Título 106655/D já estava baixado. Processo ignorado.","service":"btg-baixa-titulos-service","situacao":"BAIXADO","timestamp":"2026-05-19T11:30:56.530Z"}
{"level":"info","message":"🔎 Processando título 106702/D","service":"btg-baixa-titulos-service","timestamp":"2026-05-19T11:30:56.537Z"}
{"level":"info","message":"🌐 Millennium request: GET /MILLENIUM!JOIN_ONEUP.LANCAMENTOS.CONSULTALANCAMENTOS?cnpj=57.408.548%2F0001-92&n_documento=106702%2FD","service":"btg-baixa-titulos-service","timestamp":"2026-05-19T11:30:56.537Z"}
{"lancamento":1434803693,"level":"info","message":"ℹ️ Título 106702/D já estava baixado. Processo ignorado.","service":"btg-baixa-titulos-service","situacao":"BAIXADO","timestamp":"2026-05-19T11:30:56.553Z"}
{"level":"info","message":"🔎 Processando título 106655/A","service":"btg-baixa-titulos-service","timestamp":"2026-05-19T11:30:56.559Z"}
{"level":"info","message":"🌐 Millennium request: GET /MILLENIUM!JOIN_ONEUP.LANCAMENTOS.CONSULTALANCAMENTOS?cnpj=73.652.158%2F0001-10&n_documento=106655%2FA","service":"btg-baixa-titulos-service","timestamp":"2026-05-19T11:30:56.559Z"}
{"lancamento":1434803555,"level":"info","message":"ℹ️ Título 106655/A já estava baixado. Processo ignorado.","service":"btg-baixa-titulos-service","situacao":"BAIXADO","timestamp":"2026-05-19T11:30:56.572Z"}
{"level":"info","message":"🔎 Processando título 106702/B","service":"btg-baixa-titulos-service","timestamp":"2026-05-19T11:30:56.578Z"}
{"level":"info","message":"🌐 Millennium request: GET /MILLENIUM!JOIN_ONEUP.LANCAMENTOS.CONSULTALANCAMENTOS?cnpj=57.408.548%2F0001-92&n_documento=106702%2FB","service":"btg-baixa-titulos-service","timestamp":"2026-05-19T11:30:56.578Z"}
{"lancamento":1434803691,"level":"info","message":"ℹ️ Título 106702/B já estava baixado. Processo ignorado.","service":"btg-baixa-titulos-service","situacao":"BAIXADO","timestamp":"2026-05-19T11:30:56.594Z"}
{"level":"info","message":"🔎 Processando título 106702/C","service":"btg-baixa-titulos-service","timestamp":"2026-05-19T11:30:56.599Z"}
{"level":"info","message":"🌐 Millennium request: GET /MILLENIUM!JOIN_ONEUP.LANCAMENTOS.CONSULTALANCAMENTOS?cnpj=57.408.548%2F0001-92&n_documento=106702%2FC","service":"btg-baixa-titulos-service","timestamp":"2026-05-19T11:30:56.599Z"}
{"lancamento":1434803692,"level":"info","message":"ℹ️ Título 106702/C já estava baixado. Processo ignorado.","service":"btg-baixa-titulos-service","situacao":"BAIXADO","timestamp":"2026-05-19T11:30:56.613Z"}
{"level":"info","message":"🔎 Processando título 106702/A","service":"btg-baixa-titulos-service","timestamp":"2026-05-19T11:30:56.618Z"}
{"level":"info","message":"🌐 Millennium request: GET /MILLENIUM!JOIN_ONEUP.LANCAMENTOS.CONSULTALANCAMENTOS?cnpj=57.408.548%2F0001-92&n_documento=106702%2FA","service":"btg-baixa-titulos-service","timestamp":"2026-05-19T11:30:56.618Z"}
{"lancamento":1434803690,"level":"info","message":"ℹ️ Título 106702/A já estava baixado. Processo ignorado.","service":"btg-baixa-titulos-service","situacao":"BAIXADO","timestamp":"2026-05-19T11:30:56.633Z"}
{"level":"info","message":"🔎 Processando título 106654/D","service":"btg-baixa-titulos-service","timestamp":"2026-05-19T11:30:56.638Z"}
{"level":"info","message":"🌐 Millennium request: GET /MILLENIUM!JOIN_ONEUP.LANCAMENTOS.CONSULTALANCAMENTOS?cnpj=57.408.548%2F0001-92&n_documento=106654%2FD","service":"btg-baixa-titulos-service","timestamp":"2026-05-19T11:30:56.638Z"}
{"lancamento":1434803554,"level":"info","message":"ℹ️ Título 106654/D já estava baixado. Processo ignorado.","service":"btg-baixa-titulos-service","situacao":"BAIXADO","timestamp":"2026-05-19T11:30:56.655Z"}
{"level":"info","message":"🔎 Processando título 106654/C","service":"btg-baixa-titulos-service","timestamp":"2026-05-19T11:30:56.660Z"}
{"level":"info","message":"🌐 Millennium request: GET /MILLENIUM!JOIN_ONEUP.LANCAMENTOS.CONSULTALANCAMENTOS?cnpj=57.408.548%2F0001-92&n_documento=106654%2FC","service":"btg-baixa-titulos-service","timestamp":"2026-05-19T11:30:56.660Z"}
{"lancamento":1434803553,"level":"info","message":"ℹ️ Título 106654/C já estava baixado. Processo ignorado.","service":"btg-baixa-titulos-service","situacao":"BAIXADO","timestamp":"2026-05-19T11:30:56.674Z"}
{"level":"info","message":"🔎 Processando título 106654/B","service":"btg-baixa-titulos-service","timestamp":"2026-05-19T11:30:56.679Z"}
{"level":"info","message":"🌐 Millennium request: GET /MILLENIUM!JOIN_ONEUP.LANCAMENTOS.CONSULTALANCAMENTOS?cnpj=57.408.548%2F0001-92&n_documento=106654%2FB","service":"btg-baixa-titulos-service","timestamp":"2026-05-19T11:30:56.679Z"}
{"lancamento":1434803552,"level":"info","message":"ℹ️ Título 106654/B já estava baixado. Processo ignorado.","service":"btg-baixa-titulos-service","situacao":"BAIXADO","timestamp":"2026-05-19T11:30:56.693Z"}
{"level":"info","message":"🔎 Processando título 106654/A","service":"btg-baixa-titulos-service","timestamp":"2026-05-19T11:30:56.698Z"}
{"level":"info","message":"🌐 Millennium request: GET /MILLENIUM!JOIN_ONEUP.LANCAMENTOS.CONSULTALANCAMENTOS?cnpj=57.408.548%2F0001-92&n_documento=106654%2FA","service":"btg-baixa-titulos-service","timestamp":"2026-05-19T11:30:56.698Z"}
{"lancamento":1434803551,"level":"info","message":"ℹ️ Título 106654/A já estava baixado. Processo ignorado.","service":"btg-baixa-titulos-service","situacao":"BAIXADO","timestamp":"2026-05-19T11:30:56.713Z"}
{"level":"info","message":"🔎 Processando título 108304/B","service":"btg-baixa-titulos-service","timestamp":"2026-05-19T11:30:56.718Z"}
{"level":"info","message":"🌐 Millennium request: GET /MILLENIUM!JOIN_ONEUP.LANCAMENTOS.CONSULTALANCAMENTOS?cnpj=07.409.302%2F0001-67&n_documento=108304%2FB","service":"btg-baixa-titulos-service","timestamp":"2026-05-19T11:30:56.718Z"}
{"lancamento":1434850213,"level":"info","message":"ℹ️ Título 108304/B já estava baixado. Processo ignorado.","service":"btg-baixa-titulos-service","situacao":"BAIXADO","timestamp":"2026-05-19T11:30:56.735Z"}
{"level":"info","message":"🔎 Processando título 108225/B","service":"btg-baixa-titulos-service","timestamp":"2026-05-19T11:30:56.740Z"}
{"level":"info","message":"🌐 Millennium request: GET /MILLENIUM!JOIN_ONEUP.LANCAMENTOS.CONSULTALANCAMENTOS?cnpj=50.649.490%2F0001-20&n_documento=108225%2FB","service":"btg-baixa-titulos-service","timestamp":"2026-05-19T11:30:56.740Z"}
{"lancamento":1434849895,"level":"info","message":"ℹ️ Título 108225/B já estava baixado. Processo ignorado.","service":"btg-baixa-titulos-service","situacao":"BAIXADO","timestamp":"2026-05-19T11:30:56.755Z"}
{"level":"info","message":"🔎 Processando título 108226/B","service":"btg-baixa-titulos-service","timestamp":"2026-05-19T11:30:56.759Z"}
{"level":"info","message":"🌐 Millennium request: GET /MILLENIUM!JOIN_ONEUP.LANCAMENTOS.CONSULTALANCAMENTOS?cnpj=50.649.490%2F0001-20&n_documento=108226%2FB","service":"btg-baixa-titulos-service","timestamp":"2026-05-19T11:30:56.759Z"}
{"lancamento":1434849908,"level":"info","message":"ℹ️ Título 108226/B já estava baixado. Processo ignorado.","service":"btg-baixa-titulos-service","situacao":"BAIXADO","timestamp":"2026-05-19T11:30:56.774Z"}
{"level":"info","message":"🔎 Processando título 108224/B","service":"btg-baixa-titulos-service","timestamp":"2026-05-19T11:30:56.777Z"}
{"level":"info","message":"🌐 Millennium request: GET /MILLENIUM!JOIN_ONEUP.LANCAMENTOS.CONSULTALANCAMENTOS?cnpj=50.649.490%2F0001-20&n_documento=108224%2FB","service":"btg-baixa-titulos-service","timestamp":"2026-05-19T11:30:56.777Z"}
{"lancamento":1434849892,"level":"info","message":"ℹ️ Título 108224/B já estava baixado. Processo ignorado.","service":"btg-baixa-titulos-service","situacao":"BAIXADO","timestamp":"2026-05-19T11:30:56.793Z"}
{"level":"info","message":"🔎 Processando título 108222/B","service":"btg-baixa-titulos-service","timestamp":"2026-05-19T11:30:56.797Z"}
{"level":"info","message":"🌐 Millennium request: GET /MILLENIUM!JOIN_ONEUP.LANCAMENTOS.CONSULTALANCAMENTOS?cnpj=50.649.490%2F0001-20&n_documento=108222%2FB","service":"btg-baixa-titulos-service","timestamp":"2026-05-19T11:30:56.797Z"}
{"lancamento":1434849889,"level":"info","message":"ℹ️ Título 108222/B já estava baixado. Processo ignorado.","service":"btg-baixa-titulos-service","situacao":"BAIXADO","timestamp":"2026-05-19T11:30:56.811Z"}
{"level":"info","message":"🔎 Processando título 108219/B","service":"btg-baixa-titulos-service","timestamp":"2026-05-19T11:30:56.813Z"}
{"level":"info","message":"🌐 Millennium request: GET /MILLENIUM!JOIN_ONEUP.LANCAMENTOS.CONSULTALANCAMENTOS?cnpj=50.649.490%2F0001-20&n_documento=108219%2FB","service":"btg-baixa-titulos-service","timestamp":"2026-05-19T11:30:56.813Z"}
{"lancamento":1434849878,"level":"info","message":"ℹ️ Título 108219/B já estava baixado. Processo ignorado.","service":"btg-baixa-titulos-service","situacao":"BAIXADO","timestamp":"2026-05-19T11:30:56.828Z"}
{"level":"info","message":"🔎 Processando título 108221/B","service":"btg-baixa-titulos-service","timestamp":"2026-05-19T11:30:56.830Z"}
{"level":"info","message":"🌐 Millennium request: GET /MILLENIUM!JOIN_ONEUP.LANCAMENTOS.CONSULTALANCAMENTOS?cnpj=50.649.490%2F0001-20&n_documento=108221%2FB","service":"btg-baixa-titulos-service","timestamp":"2026-05-19T11:30:56.830Z"}
{"lancamento":1434849886,"level":"info","message":"ℹ️ Título 108221/B já estava baixado. Processo ignorado.","service":"btg-baixa-titulos-service","situacao":"BAIXADO","timestamp":"2026-05-19T11:30:56.847Z"}
{"level":"info","message":"🔎 Processando título 108021/B","service":"btg-baixa-titulos-service","timestamp":"2026-05-19T11:30:56.849Z"}
{"level":"info","message":"🌐 Millennium request: GET /MILLENIUM!JOIN_ONEUP.LANCAMENTOS.CONSULTALANCAMENTOS?cnpj=07.030.508%2F0001-81&n_documento=108021%2FB","service":"btg-baixa-titulos-service","timestamp":"2026-05-19T11:30:56.849Z"}
{"lancamento":1434848940,"level":"info","message":"ℹ️ Título 108021/B já estava baixado. Processo ignorado.","service":"btg-baixa-titulos-service","situacao":"BAIXADO","timestamp":"2026-05-19T11:30:56.862Z"}
{"level":"info","message":"🔎 Processando título 108157/B","service":"btg-baixa-titulos-service","timestamp":"2026-05-19T11:30:56.866Z"}
{"level":"info","message":"🌐 Millennium request: GET /MILLENIUM!JOIN_ONEUP.LANCAMENTOS.CONSULTALANCAMENTOS?cnpj=03.294.992%2F0001-03&n_documento=108157%2FB","service":"btg-baixa-titulos-service","timestamp":"2026-05-19T11:30:56.866Z"}
{"lancamento":1434849582,"level":"info","message":"ℹ️ Título 108157/B já estava baixado. Processo ignorado.","service":"btg-baixa-titulos-service","situacao":"BAIXADO","timestamp":"2026-05-19T11:30:56.879Z"}
{"level":"info","message":"🔎 Processando título 108156/B","service":"btg-baixa-titulos-service","timestamp":"2026-05-19T11:30:56.883Z"}
{"level":"info","message":"🌐 Millennium request: GET /MILLENIUM!JOIN_ONEUP.LANCAMENTOS.CONSULTALANCAMENTOS?cnpj=57.408.548%2F0001-92&n_documento=108156%2FB","service":"btg-baixa-titulos-service","timestamp":"2026-05-19T11:30:56.883Z"}
{"lancamento":1434849578,"level":"info","message":"ℹ️ Título 108156/B já estava baixado. Processo ignorado.","service":"btg-baixa-titulos-service","situacao":"BAIXADO","timestamp":"2026-05-19T11:30:56.896Z"}
{"level":"info","message":"🔎 Processando título 108020/B","service":"btg-baixa-titulos-service","timestamp":"2026-05-19T11:30:56.900Z"}
{"level":"info","message":"🌐 Millennium request: GET /MILLENIUM!JOIN_ONEUP.LANCAMENTOS.CONSULTALANCAMENTOS?cnpj=57.408.548%2F0001-92&n_documento=108020%2FB","service":"btg-baixa-titulos-service","timestamp":"2026-05-19T11:30:56.900Z"}
{"lancamento":1434848919,"level":"info","message":"ℹ️ Título 108020/B já estava baixado. Processo ignorado.","service":"btg-baixa-titulos-service","situacao":"BAIXADO","timestamp":"2026-05-19T11:30:56.911Z"}
{"level":"info","message":"🔎 Processando título 107660/B","service":"btg-baixa-titulos-service","timestamp":"2026-05-19T11:30:56.915Z"}
{"level":"info","message":"🌐 Millennium request: GET /MILLENIUM!JOIN_ONEUP.LANCAMENTOS.CONSULTALANCAMENTOS?cnpj=57.408.548%2F0001-92&n_documento=107660%2FB","service":"btg-baixa-titulos-service","timestamp":"2026-05-19T11:30:56.915Z"}
{"lancamento":1434808276,"level":"info","message":"ℹ️ Título 107660/B já estava baixado. Processo ignorado.","service":"btg-baixa-titulos-service","situacao":"BAIXADO","timestamp":"2026-05-19T11:30:56.929Z"}
{"level":"info","message":"🔎 Processando título 107627/B","service":"btg-baixa-titulos-service","timestamp":"2026-05-19T11:30:56.933Z"}
{"level":"info","message":"🌐 Millennium request: GET /MILLENIUM!JOIN_ONEUP.LANCAMENTOS.CONSULTALANCAMENTOS?cnpj=57.408.548%2F0001-92&n_documento=107627%2FB","service":"btg-baixa-titulos-service","timestamp":"2026-05-19T11:30:56.933Z"}
{"lancamento":1434808245,"level":"info","message":"ℹ️ Título 107627/B já estava baixado. Processo ignorado.","service":"btg-baixa-titulos-service","situacao":"BAIXADO","timestamp":"2026-05-19T11:30:56.948Z"}
{"level":"info","message":"🔎 Processando título 108331/A","service":"btg-baixa-titulos-service","timestamp":"2026-05-19T11:30:56.952Z"}
{"level":"info","message":"🌐 Millennium request: GET /MILLENIUM!JOIN_ONEUP.LANCAMENTOS.CONSULTALANCAMENTOS?cnpj=47.485.403%2F0001-31&n_documento=108331%2FA","service":"btg-baixa-titulos-service","timestamp":"2026-05-19T11:30:56.952Z"}
{"lancamento":1434850368,"level":"info","message":"ℹ️ Título 108331/A já estava baixado. Processo ignorado.","service":"btg-baixa-titulos-service","situacao":"BAIXADO","timestamp":"2026-05-19T11:30:57.054Z"}
{"level":"info","message":"🔎 Processando título 108317/B","service":"btg-baixa-titulos-service","timestamp":"2026-05-19T11:30:57.064Z"}
{"level":"info","message":"🌐 Millennium request: GET /MILLENIUM!JOIN_ONEUP.LANCAMENTOS.CONSULTALANCAMENTOS?cnpj=03.294.992%2F0001-03&n_documento=108317%2FB","service":"btg-baixa-titulos-service","timestamp":"2026-05-19T11:30:57.064Z"}
{"lancamento":1434850304,"level":"info","message":"ℹ️ Título 108317/B já estava baixado. Processo ignorado.","service":"btg-baixa-titulos-service","situacao":"BAIXADO","timestamp":"2026-05-19T11:30:57.089Z"}
{"level":"info","message":"🔎 Processando título 108328/A","service":"btg-baixa-titulos-service","timestamp":"2026-05-19T11:30:57.097Z"}
{"level":"info","message":"🌐 Millennium request: GET /MILLENIUM!JOIN_ONEUP.LANCAMENTOS.CONSULTALANCAMENTOS?cnpj=59.205.187%2F0001-02&n_documento=108328%2FA","service":"btg-baixa-titulos-service","timestamp":"2026-05-19T11:30:57.098Z"}
{"lancamento":1434850361,"level":"info","message":"ℹ️ Título 108328/A já estava baixado. Processo ignorado.","service":"btg-baixa-titulos-service","situacao":"BAIXADO","timestamp":"2026-05-19T11:30:57.126Z"}
{"level":"info","message":"🔎 Processando título 108327/A","service":"btg-baixa-titulos-service","timestamp":"2026-05-19T11:30:57.133Z"}
{"level":"info","message":"🌐 Millennium request: GET /MILLENIUM!JOIN_ONEUP.LANCAMENTOS.CONSULTALANCAMENTOS?cnpj=73.652.158%2F0001-10&n_documento=108327%2FA","service":"btg-baixa-titulos-service","timestamp":"2026-05-19T11:30:57.133Z"}
{"lancamento":1434850355,"level":"info","message":"ℹ️ Título 108327/A já estava baixado. Processo ignorado.","service":"btg-baixa-titulos-service","situacao":"BAIXADO","timestamp":"2026-05-19T11:30:57.148Z"}
{"level":"info","message":"🔎 Processando título 108326/A","service":"btg-baixa-titulos-service","timestamp":"2026-05-19T11:30:57.154Z"}
{"level":"info","message":"🌐 Millennium request: GET /MILLENIUM!JOIN_ONEUP.LANCAMENTOS.CONSULTALANCAMENTOS?cnpj=96.609.490%2F0001-05&n_documento=108326%2FA","service":"btg-baixa-titulos-service","timestamp":"2026-05-19T11:30:57.154Z"}
{"lancamento":1434850352,"level":"info","message":"ℹ️ Título 108326/A já estava baixado. Processo ignorado.","service":"btg-baixa-titulos-service","situacao":"BAIXADO","timestamp":"2026-05-19T11:30:57.170Z"}
{"level":"info","message":"🔎 Processando título 108324/A","service":"btg-baixa-titulos-service","timestamp":"2026-05-19T11:30:57.175Z"}
{"level":"info","message":"🌐 Millennium request: GET /MILLENIUM!JOIN_ONEUP.LANCAMENTOS.CONSULTALANCAMENTOS?cnpj=47.485.403%2F0001-31&n_documento=108324%2FA","service":"btg-baixa-titulos-service","timestamp":"2026-05-19T11:30:57.175Z"}
{"lancamento":1434850349,"level":"info","message":"ℹ️ Título 108324/A já estava baixado. Processo ignorado.","service":"btg-baixa-titulos-service","situacao":"BAIXADO","timestamp":"2026-05-19T11:30:57.193Z"}
{"level":"info","message":"🔎 Processando título 108323/A","service":"btg-baixa-titulos-service","timestamp":"2026-05-19T11:30:57.199Z"}
{"level":"info","message":"🌐 Millennium request: GET /MILLENIUM!JOIN_ONEUP.LANCAMENTOS.CONSULTALANCAMENTOS?cnpj=47.485.403%2F0001-31&n_documento=108323%2FA","service":"btg-baixa-titulos-service","timestamp":"2026-05-19T11:30:57.199Z"}
{"lancamento":1434850340,"level":"info","message":"ℹ️ Título 108323/A já estava baixado. Processo ignorado.","service":"btg-baixa-titulos-service","situacao":"BAIXADO","timestamp":"2026-05-19T11:30:57.213Z"}
{"level":"info","message":"🔎 Processando título 108321/A","service":"btg-baixa-titulos-service","timestamp":"2026-05-19T11:30:57.220Z"}
{"level":"info","message":"🌐 Millennium request: GET /MILLENIUM!JOIN_ONEUP.LANCAMENTOS.CONSULTALANCAMENTOS?cnpj=47.485.403%2F0001-31&n_documento=108321%2FA","service":"btg-baixa-titulos-service","timestamp":"2026-05-19T11:30:57.220Z"}
{"lancamento":1434850331,"level":"info","message":"ℹ️ Título 108321/A já estava baixado. Processo ignorado.","service":"btg-baixa-titulos-service","situacao":"BAIXADO","timestamp":"2026-05-19T11:30:57.235Z"}
{"level":"info","message":"🔎 Processando título 108322/A","service":"btg-baixa-titulos-service","timestamp":"2026-05-19T11:30:57.240Z"}
{"level":"info","message":"🌐 Millennium request: GET /MILLENIUM!JOIN_ONEUP.LANCAMENTOS.CONSULTALANCAMENTOS?cnpj=47.485.403%2F0001-31&n_documento=108322%2FA","service":"btg-baixa-titulos-service","timestamp":"2026-05-19T11:30:57.240Z"}
{"lancamento":1434850335,"level":"info","message":"ℹ️ Título 108322/A já estava baixado. Processo ignorado.","service":"btg-baixa-titulos-service","situacao":"BAIXADO","timestamp":"2026-05-19T11:30:57.256Z"}
{"level":"info","message":"🔎 Processando título 108318/A","service":"btg-baixa-titulos-service","timestamp":"2026-05-19T11:30:57.261Z"}
{"level":"info","message":"🌐 Millennium request: GET /MILLENIUM!JOIN_ONEUP.LANCAMENTOS.CONSULTALANCAMENTOS?cnpj=50.649.490%2F0001-20&n_documento=108318%2FA","service":"btg-baixa-titulos-service","timestamp":"2026-05-19T11:30:57.261Z"}
{"lancamento":1434850322,"level":"info","message":"ℹ️ Título 108318/A já estava baixado. Processo ignorado.","service":"btg-baixa-titulos-service","situacao":"BAIXADO","timestamp":"2026-05-19T11:30:57.275Z"}
{"level":"info","message":"🔎 Processando título 108320/A","service":"btg-baixa-titulos-service","timestamp":"2026-05-19T11:30:57.280Z"}
{"level":"info","message":"🌐 Millennium request: GET /MILLENIUM!JOIN_ONEUP.LANCAMENTOS.CONSULTALANCAMENTOS?cnpj=47.485.403%2F0001-31&n_documento=108320%2FA","service":"btg-baixa-titulos-service","timestamp":"2026-05-19T11:30:57.280Z"}
{"lancamento":1434850326,"level":"info","message":"ℹ️ Título 108320/A já estava baixado. Processo ignorado.","service":"btg-baixa-titulos-service","situacao":"BAIXADO","timestamp":"2026-05-19T11:30:57.294Z"}
{"level":"info","message":"🔎 Processando título 108317/A","service":"btg-baixa-titulos-service","timestamp":"2026-05-19T11:30:57.300Z"}
{"level":"info","message":"🌐 Millennium request: GET /MILLENIUM!JOIN_ONEUP.LANCAMENTOS.CONSULTALANCAMENTOS?cnpj=03.294.992%2F0001-03&n_documento=108317%2FA","service":"btg-baixa-titulos-service","timestamp":"2026-05-19T11:30:57.300Z"}
{"lancamento":1434850303,"level":"info","message":"ℹ️ Título 108317/A já estava baixado. Processo ignorado.","service":"btg-baixa-titulos-service","situacao":"BAIXADO","timestamp":"2026-05-19T11:30:57.321Z"}
{"level":"info","message":"🔎 Processando título 108315/A","service":"btg-baixa-titulos-service","timestamp":"2026-05-19T11:30:57.326Z"}
{"level":"info","message":"🌐 Millennium request: GET /MILLENIUM!JOIN_ONEUP.LANCAMENTOS.CONSULTALANCAMENTOS?cnpj=06.181.589%2F0001-58&n_documento=108315%2FA","service":"btg-baixa-titulos-service","timestamp":"2026-05-19T11:30:57.326Z"}
{"lancamento":1434850296,"level":"info","message":"ℹ️ Título 108315/A já estava baixado. Processo ignorado.","service":"btg-baixa-titulos-service","situacao":"BAIXADO","timestamp":"2026-05-19T11:30:57.341Z"}
{"level":"info","message":"🔎 Processando título 108306/A","service":"btg-baixa-titulos-service","timestamp":"2026-05-19T11:30:57.346Z"}
{"level":"info","message":"🌐 Millennium request: GET /MILLENIUM!JOIN_ONEUP.LANCAMENTOS.CONSULTALANCAMENTOS?cnpj=00.768.271%2F0001-91&n_documento=108306%2FA","service":"btg-baixa-titulos-service","timestamp":"2026-05-19T11:30:57.346Z"}
{"lancamento":1434850217,"level":"info","message":"ℹ️ Título 108306/A já estava baixado. Processo ignorado.","service":"btg-baixa-titulos-service","situacao":"BAIXADO","timestamp":"2026-05-19T11:30:57.360Z"}
{"level":"info","message":"🔎 Processando título 108310/A","service":"btg-baixa-titulos-service","timestamp":"2026-05-19T11:30:57.365Z"}
{"level":"info","message":"🌐 Millennium request: GET /MILLENIUM!JOIN_ONEUP.LANCAMENTOS.CONSULTALANCAMENTOS?cnpj=03.247.651%2F0001-79&n_documento=108310%2FA","service":"btg-baixa-titulos-service","timestamp":"2026-05-19T11:30:57.365Z"}
{"lancamento":1434850284,"level":"info","message":"ℹ️ Título 108310/A já estava baixado. Processo ignorado.","service":"btg-baixa-titulos-service","situacao":"BAIXADO","timestamp":"2026-05-19T11:30:57.378Z"}
{"level":"info","message":"🔎 Processando título 108313/A","service":"btg-baixa-titulos-service","timestamp":"2026-05-19T11:30:57.383Z"}
{"level":"info","message":"🌐 Millennium request: GET /MILLENIUM!JOIN_ONEUP.LANCAMENTOS.CONSULTALANCAMENTOS?cnpj=22.031.998%2F0001-24&n_documento=108313%2FA","service":"btg-baixa-titulos-service","timestamp":"2026-05-19T11:30:57.383Z"}
{"lancamento":1434850289,"level":"info","message":"ℹ️ Título 108313/A já estava baixado. Processo ignorado.","service":"btg-baixa-titulos-service","situacao":"BAIXADO","timestamp":"2026-05-19T11:30:57.398Z"}
{"level":"info","message":"🔎 Processando título 108304/A","service":"btg-baixa-titulos-service","timestamp":"2026-05-19T11:30:57.404Z"}
{"level":"info","message":"🌐 Millennium request: GET /MILLENIUM!JOIN_ONEUP.LANCAMENTOS.CONSULTALANCAMENTOS?cnpj=07.409.302%2F0001-67&n_documento=108304%2FA","service":"btg-baixa-titulos-service","timestamp":"2026-05-19T11:30:57.404Z"}
{"lancamento":1434850212,"level":"info","message":"ℹ️ Título 108304/A já estava baixado. Processo ignorado.","service":"btg-baixa-titulos-service","situacao":"BAIXADO","timestamp":"2026-05-19T11:30:57.424Z"}
{"level":"info","message":"🔎 Processando título 108252/A","service":"btg-baixa-titulos-service","timestamp":"2026-05-19T11:30:57.429Z"}
{"level":"info","message":"🌐 Millennium request: GET /MILLENIUM!JOIN_ONEUP.LANCAMENTOS.CONSULTALANCAMENTOS?cnpj=44.999.259%2F0001-63&n_documento=108252%2FA","service":"btg-baixa-titulos-service","timestamp":"2026-05-19T11:30:57.429Z"}
{"lancamento":1434850042,"level":"info","message":"ℹ️ Título 108252/A já estava baixado. Processo ignorado.","service":"btg-baixa-titulos-service","situacao":"BAIXADO","timestamp":"2026-05-19T11:30:57.449Z"}
{"level":"info","message":"🔎 Processando título 108226/A","service":"btg-baixa-titulos-service","timestamp":"2026-05-19T11:30:57.455Z"}
{"level":"info","message":"🌐 Millennium request: GET /MILLENIUM!JOIN_ONEUP.LANCAMENTOS.CONSULTALANCAMENTOS?cnpj=50.649.490%2F0001-20&n_documento=108226%2FA","service":"btg-baixa-titulos-service","timestamp":"2026-05-19T11:30:57.456Z"}
{"lancamento":1434849907,"level":"info","message":"ℹ️ Título 108226/A já estava baixado. Processo ignorado.","service":"btg-baixa-titulos-service","situacao":"BAIXADO","timestamp":"2026-05-19T11:30:57.468Z"}
{"level":"info","message":"🔎 Processando título 108253/A","service":"btg-baixa-titulos-service","timestamp":"2026-05-19T11:30:57.472Z"}
{"level":"info","message":"🌐 Millennium request: GET /MILLENIUM!JOIN_ONEUP.LANCAMENTOS.CONSULTALANCAMENTOS?cnpj=57.408.548%2F0001-92&n_documento=108253%2FA","service":"btg-baixa-titulos-service","timestamp":"2026-05-19T11:30:57.472Z"}
{"lancamento":1434850047,"level":"info","message":"ℹ️ Título 108253/A já estava baixado. Processo ignorado.","service":"btg-baixa-titulos-service","situacao":"BAIXADO","timestamp":"2026-05-19T11:30:57.486Z"}
{"level":"info","message":"🔎 Processando título 108224/A","service":"btg-baixa-titulos-service","timestamp":"2026-05-19T11:30:57.490Z"}
{"level":"info","message":"🌐 Millennium request: GET /MILLENIUM!JOIN_ONEUP.LANCAMENTOS.CONSULTALANCAMENTOS?cnpj=50.649.490%2F0001-20&n_documento=108224%2FA","service":"btg-baixa-titulos-service","timestamp":"2026-05-19T11:30:57.490Z"}
{"lancamento":1434849891,"level":"info","message":"ℹ️ Título 108224/A já estava baixado. Processo ignorado.","service":"btg-baixa-titulos-service","situacao":"BAIXADO","timestamp":"2026-05-19T11:30:57.590Z"}
{"level":"info","message":"🔎 Processando título 108225/A","service":"btg-baixa-titulos-service","timestamp":"2026-05-19T11:30:57.597Z"}
{"level":"info","message":"🌐 Millennium request: GET /MILLENIUM!JOIN_ONEUP.LANCAMENTOS.CONSULTALANCAMENTOS?cnpj=50.649.490%2F0001-20&n_documento=108225%2FA","service":"btg-baixa-titulos-service","timestamp":"2026-05-19T11:30:57.598Z"}
{"lancamento":1434849894,"level":"info","message":"ℹ️ Título 108225/A já estava baixado. Processo ignorado.","service":"btg-baixa-titulos-service","situacao":"BAIXADO","timestamp":"2026-05-19T11:30:57.614Z"}
{"level":"info","message":"🔎 Processando título 108222/A","service":"btg-baixa-titulos-service","timestamp":"2026-05-19T11:30:57.620Z"}
{"level":"info","message":"🌐 Millennium request: GET /MILLENIUM!JOIN_ONEUP.LANCAMENTOS.CONSULTALANCAMENTOS?cnpj=50.649.490%2F0001-20&n_documento=108222%2FA","service":"btg-baixa-titulos-service","timestamp":"2026-05-19T11:30:57.620Z"}
{"lancamento":1434849888,"level":"info","message":"ℹ️ Título 108222/A já estava baixado. Processo ignorado.","service":"btg-baixa-titulos-service","situacao":"BAIXADO","timestamp":"2026-05-19T11:30:57.635Z"}
{"level":"info","message":"🔎 Processando título 108221/A","service":"btg-baixa-titulos-service","timestamp":"2026-05-19T11:30:57.644Z"}
{"level":"info","message":"🌐 Millennium request: GET /MILLENIUM!JOIN_ONEUP.LANCAMENTOS.CONSULTALANCAMENTOS?cnpj=50.649.490%2F0001-20&n_documento=108221%2FA","service":"btg-baixa-titulos-service","timestamp":"2026-05-19T11:30:57.644Z"}
{"lancamento":1434849885,"level":"info","message":"ℹ️ Título 108221/A já estava baixado. Processo ignorado.","service":"btg-baixa-titulos-service","situacao":"BAIXADO","timestamp":"2026-05-19T11:30:57.658Z"}
{"level":"info","message":"🔎 Processando título 108157/A","service":"btg-baixa-titulos-service","timestamp":"2026-05-19T11:30:57.664Z"}
{"level":"info","message":"🌐 Millennium request: GET /MILLENIUM!JOIN_ONEUP.LANCAMENTOS.CONSULTALANCAMENTOS?cnpj=03.294.992%2F0001-03&n_documento=108157%2FA","service":"btg-baixa-titulos-service","timestamp":"2026-05-19T11:30:57.664Z"}
{"lancamento":1434849581,"level":"info","message":"ℹ️ Título 108157/A já estava baixado. Processo ignorado.","service":"btg-baixa-titulos-service","situacao":"BAIXADO","timestamp":"2026-05-19T11:30:57.680Z"}
{"level":"info","message":"🔎 Processando título 108219/A","service":"btg-baixa-titulos-service","timestamp":"2026-05-19T11:30:57.688Z"}
{"level":"info","message":"🌐 Millennium request: GET /MILLENIUM!JOIN_ONEUP.LANCAMENTOS.CONSULTALANCAMENTOS?cnpj=50.649.490%2F0001-20&n_documento=108219%2FA","service":"btg-baixa-titulos-service","timestamp":"2026-05-19T11:30:57.688Z"}
{"lancamento":1434849877,"level":"info","message":"ℹ️ Título 108219/A já estava baixado. Processo ignorado.","service":"btg-baixa-titulos-service","situacao":"BAIXADO","timestamp":"2026-05-19T11:30:57.701Z"}
{"level":"info","message":"🔎 Processando título 108156/A","service":"btg-baixa-titulos-service","timestamp":"2026-05-19T11:30:57.705Z"}
{"level":"info","message":"🌐 Millennium request: GET /MILLENIUM!JOIN_ONEUP.LANCAMENTOS.CONSULTALANCAMENTOS?cnpj=57.408.548%2F0001-92&n_documento=108156%2FA","service":"btg-baixa-titulos-service","timestamp":"2026-05-19T11:30:57.705Z"}
{"lancamento":1434849577,"level":"info","message":"ℹ️ Título 108156/A já estava baixado. Processo ignorado.","service":"btg-baixa-titulos-service","situacao":"BAIXADO","timestamp":"2026-05-19T11:30:57.719Z"}
{"level":"info","message":"🔎 Processando título 108021/A","service":"btg-baixa-titulos-service","timestamp":"2026-05-19T11:30:57.722Z"}
{"level":"info","message":"🌐 Millennium request: GET /MILLENIUM!JOIN_ONEUP.LANCAMENTOS.CONSULTALANCAMENTOS?cnpj=07.030.508%2F0001-81&n_documento=108021%2FA","service":"btg-baixa-titulos-service","timestamp":"2026-05-19T11:30:57.722Z"}
{"lancamento":1434848939,"level":"info","message":"ℹ️ Título 108021/A já estava baixado. Processo ignorado.","service":"btg-baixa-titulos-service","situacao":"BAIXADO","timestamp":"2026-05-19T11:30:57.735Z"}
{"level":"info","message":"🔎 Processando título 108020/A","service":"btg-baixa-titulos-service","timestamp":"2026-05-19T11:30:57.739Z"}
{"level":"info","message":"🌐 Millennium request: GET /MILLENIUM!JOIN_ONEUP.LANCAMENTOS.CONSULTALANCAMENTOS?cnpj=57.408.548%2F0001-92&n_documento=108020%2FA","service":"btg-baixa-titulos-service","timestamp":"2026-05-19T11:30:57.739Z"}
{"lancamento":1434848918,"level":"info","message":"ℹ️ Título 108020/A já estava baixado. Processo ignorado.","service":"btg-baixa-titulos-service","situacao":"BAIXADO","timestamp":"2026-05-19T11:30:57.753Z"}
{"level":"info","message":"🔎 Processando título 107627/A","service":"btg-baixa-titulos-service","timestamp":"2026-05-19T11:30:57.757Z"}
{"level":"info","message":"🌐 Millennium request: GET /MILLENIUM!JOIN_ONEUP.LANCAMENTOS.CONSULTALANCAMENTOS?cnpj=57.408.548%2F0001-92&n_documento=107627%2FA","service":"btg-baixa-titulos-service","timestamp":"2026-05-19T11:30:57.757Z"}
{"lancamento":1434808244,"level":"info","message":"ℹ️ Título 107627/A já estava baixado. Processo ignorado.","service":"btg-baixa-titulos-service","situacao":"BAIXADO","timestamp":"2026-05-19T11:30:57.772Z"}
{"level":"info","message":"🔎 Processando título 107660/A","service":"btg-baixa-titulos-service","timestamp":"2026-05-19T11:30:57.775Z"}
{"level":"info","message":"🌐 Millennium request: GET /MILLENIUM!JOIN_ONEUP.LANCAMENTOS.CONSULTALANCAMENTOS?cnpj=57.408.548%2F0001-92&n_documento=107660%2FA","service":"btg-baixa-titulos-service","timestamp":"2026-05-19T11:30:57.775Z"}
{"lancamento":1434808275,"level":"info","message":"ℹ️ Título 107660/A já estava baixado. Processo ignorado.","service":"btg-baixa-titulos-service","situacao":"BAIXADO","timestamp":"2026-05-19T11:30:57.788Z"}
{"level":"info","message":"🔎 Processando título 108314","service":"btg-baixa-titulos-service","timestamp":"2026-05-19T11:30:57.792Z"}
{"level":"info","message":"🌐 Millennium request: GET /MILLENIUM!JOIN_ONEUP.LANCAMENTOS.CONSULTALANCAMENTOS?cnpj=02.355.679%2F0001-67&n_documento=108314","service":"btg-baixa-titulos-service","timestamp":"2026-05-19T11:30:57.792Z"}
{"lancamento":1434850295,"level":"info","message":"ℹ️ Título 108314 já estava baixado. Processo ignorado.","service":"btg-baixa-titulos-service","situacao":"BAIXADO","timestamp":"2026-05-19T11:30:57.808Z"}
{"level":"info","message":"🔎 Processando título 108308","service":"btg-baixa-titulos-service","timestamp":"2026-05-19T11:30:57.812Z"}
{"level":"info","message":"🌐 Millennium request: GET /MILLENIUM!JOIN_ONEUP.LANCAMENTOS.CONSULTALANCAMENTOS?cnpj=77.857.555%2F0009-36&n_documento=108308","service":"btg-baixa-titulos-service","timestamp":"2026-05-19T11:30:57.812Z"}
{"lancamento":1434850230,"level":"info","message":"ℹ️ Título 108308 já estava baixado. Processo ignorado.","service":"btg-baixa-titulos-service","situacao":"BAIXADO","timestamp":"2026-05-19T11:30:57.826Z"}
{"level":"info","message":"🔎 Processando título 108251","service":"btg-baixa-titulos-service","timestamp":"2026-05-19T11:30:57.830Z"}
{"level":"info","message":"🌐 Millennium request: GET /MILLENIUM!JOIN_ONEUP.LANCAMENTOS.CONSULTALANCAMENTOS?cnpj=01.009.793%2F0001-72&n_documento=108251","service":"btg-baixa-titulos-service","timestamp":"2026-05-19T11:30:57.830Z"}
{"lancamento":1434850041,"level":"info","message":"ℹ️ Título 108251 já estava baixado. Processo ignorado.","service":"btg-baixa-titulos-service","situacao":"BAIXADO","timestamp":"2026-05-19T11:30:57.843Z"}
{"level":"info","message":"🔎 Processando título 107687","service":"btg-baixa-titulos-service","timestamp":"2026-05-19T11:30:57.848Z"}
{"level":"info","message":"🌐 Millennium request: GET /MILLENIUM!JOIN_ONEUP.LANCAMENTOS.CONSULTALANCAMENTOS?cnpj=01.329.811%2F0001-01&n_documento=107687","service":"btg-baixa-titulos-service","timestamp":"2026-05-19T11:30:57.848Z"}
{"lancamento":1434808382,"level":"info","message":"ℹ️ Título 107687 já estava baixado. Processo ignorado.","service":"btg-baixa-titulos-service","situacao":"BAIXADO","timestamp":"2026-05-19T11:30:57.926Z"}
{"level":"info","message":"🔎 Processando título CORRE 107091","service":"btg-baixa-titulos-service","timestamp":"2026-05-19T11:30:57.936Z"}
{"level":"info","message":"🌐 Millennium request: GET /MILLENIUM!JOIN_ONEUP.LANCAMENTOS.CONSULTALANCAMENTOS?cnpj=21.067.137%2F0001-33&n_documento=CORRE%20107091","service":"btg-baixa-titulos-service","timestamp":"2026-05-19T11:30:57.937Z"}
{"lancamento":1434848054,"level":"info","message":"ℹ️ Título CORRE 107091 já estava baixado. Processo ignorado.","service":"btg-baixa-titulos-service","situacao":"BAIXADO","timestamp":"2026-05-19T11:30:57.955Z"}
{"level":"info","message":"🔎 Processando título CORRE 107089","service":"btg-baixa-titulos-service","timestamp":"2026-05-19T11:30:57.962Z"}
{"level":"info","message":"🌐 Millennium request: GET /MILLENIUM!JOIN_ONEUP.LANCAMENTOS.CONSULTALANCAMENTOS?cnpj=01.934.454%2F0001-00&n_documento=CORRE%20107089","service":"btg-baixa-titulos-service","timestamp":"2026-05-19T11:30:57.963Z"}
{"lancamento":1434848055,"level":"info","message":"ℹ️ Título CORRE 107089 já estava baixado. Processo ignorado.","service":"btg-baixa-titulos-service","situacao":"BAIXADO","timestamp":"2026-05-19T11:30:57.979Z"}
{"level":"info","message":"🔎 Processando título FRE 107098","service":"btg-baixa-titulos-service","timestamp":"2026-05-19T11:30:57.985Z"}
{"level":"info","message":"🌐 Millennium request: GET /MILLENIUM!JOIN_ONEUP.LANCAMENTOS.CONSULTALANCAMENTOS?cnpj=03.294.992%2F0001-03&n_documento=FRE%20107098","service":"btg-baixa-titulos-service","timestamp":"2026-05-19T11:30:57.985Z"}
{"lancamento":1434848060,"level":"info","message":"ℹ️ Título FRE 107098 já estava baixado. Processo ignorado.","service":"btg-baixa-titulos-service","situacao":"BAIXADO","timestamp":"2026-05-19T11:30:57.999Z"}
{"level":"info","message":"🔎 Processando título CORRE 107178","service":"btg-baixa-titulos-service","timestamp":"2026-05-19T11:30:58.005Z"}
{"level":"info","message":"🌐 Millennium request: GET /MILLENIUM!JOIN_ONEUP.LANCAMENTOS.CONSULTALANCAMENTOS?cnpj=01.009.793%2F0001-72&n_documento=CORRE%20107178","service":"btg-baixa-titulos-service","timestamp":"2026-05-19T11:30:58.005Z"}
{"lancamento":1434848056,"level":"info","message":"ℹ️ Título CORRE 107178 já estava baixado. Processo ignorado.","service":"btg-baixa-titulos-service","situacao":"BAIXADO","timestamp":"2026-05-19T11:30:58.103Z"}
{"level":"info","message":"🔎 Processando título FRE 107179","service":"btg-baixa-titulos-service","timestamp":"2026-05-19T11:30:58.114Z"}
{"level":"info","message":"🌐 Millennium request: GET /MILLENIUM!JOIN_ONEUP.LANCAMENTOS.CONSULTALANCAMENTOS?cnpj=31.505.989%2F0001-19&n_documento=FRE%20107179","service":"btg-baixa-titulos-service","timestamp":"2026-05-19T11:30:58.114Z"}
{"lancamento":1434848061,"level":"info","message":"ℹ️ Título FRE 107179 já estava baixado. Processo ignorado.","service":"btg-baixa-titulos-service","situacao":"BAIXADO","timestamp":"2026-05-19T11:30:58.130Z"}
{"level":"info","message":"🔎 Processando título CORRE 106807","service":"btg-baixa-titulos-service","timestamp":"2026-05-19T11:30:58.137Z"}
{"level":"info","message":"🌐 Millennium request: GET /MILLENIUM!JOIN_ONEUP.LANCAMENTOS.CONSULTALANCAMENTOS?cnpj=01.009.793%2F0001-72&n_documento=CORRE%20106807","service":"btg-baixa-titulos-service","timestamp":"2026-05-19T11:30:58.137Z"}
{"lancamento":1434848053,"level":"info","message":"ℹ️ Título CORRE 106807 já estava baixado. Processo ignorado.","service":"btg-baixa-titulos-service","situacao":"BAIXADO","timestamp":"2026-05-19T11:30:58.152Z"}
{"level":"info","message":"🔎 Processando título FRE 107100","service":"btg-baixa-titulos-service","timestamp":"2026-05-19T11:30:58.157Z"}
{"level":"info","message":"🌐 Millennium request: GET /MILLENIUM!JOIN_ONEUP.LANCAMENTOS.CONSULTALANCAMENTOS?cnpj=57.408.548%2F0001-92&n_documento=FRE%20107100","service":"btg-baixa-titulos-service","timestamp":"2026-05-19T11:30:58.157Z"}
{"lancamento":1434848059,"level":"info","message":"ℹ️ Título FRE 107100 já estava baixado. Processo ignorado.","service":"btg-baixa-titulos-service","situacao":"BAIXADO","timestamp":"2026-05-19T11:30:58.173Z"}
{"level":"info","message":"🔎 Processando título CORRE 107483","service":"btg-baixa-titulos-service","timestamp":"2026-05-19T11:30:58.197Z"}
{"level":"info","message":"🌐 Millennium request: GET /MILLENIUM!JOIN_ONEUP.LANCAMENTOS.CONSULTALANCAMENTOS?cnpj=57.408.548%2F0001-92&n_documento=CORRE%20107483","service":"btg-baixa-titulos-service","timestamp":"2026-05-19T11:30:58.197Z"}
{"lancamento":1434848058,"level":"info","message":"ℹ️ Título CORRE 107483 já estava baixado. Processo ignorado.","service":"btg-baixa-titulos-service","situacao":"BAIXADO","timestamp":"2026-05-19T11:30:58.217Z"}
{"level":"info","message":"🔎 Processando título CORRE 106702","service":"btg-baixa-titulos-service","timestamp":"2026-05-19T11:30:58.223Z"}
{"level":"info","message":"🌐 Millennium request: GET /MILLENIUM!JOIN_ONEUP.LANCAMENTOS.CONSULTALANCAMENTOS?cnpj=57.408.548%2F0001-92&n_documento=CORRE%20106702","service":"btg-baixa-titulos-service","timestamp":"2026-05-19T11:30:58.223Z"}
{"lancamento":1434848052,"level":"info","message":"ℹ️ Título CORRE 106702 já estava baixado. Processo ignorado.","service":"btg-baixa-titulos-service","situacao":"BAIXADO","timestamp":"2026-05-19T11:30:58.238Z"}
{"level":"info","message":"🔎 Processando título CORRE 107229","service":"btg-baixa-titulos-service","timestamp":"2026-05-19T11:30:58.245Z"}
{"level":"info","message":"🌐 Millennium request: GET /MILLENIUM!JOIN_ONEUP.LANCAMENTOS.CONSULTALANCAMENTOS?cnpj=57.408.548%2F0001-92&n_documento=CORRE%20107229","service":"btg-baixa-titulos-service","timestamp":"2026-05-19T11:30:58.245Z"}
{"lancamento":1434848057,"level":"info","message":"ℹ️ Título CORRE 107229 já estava baixado. Processo ignorado.","service":"btg-baixa-titulos-service","situacao":"BAIXADO","timestamp":"2026-05-19T11:30:58.261Z"}
{"level":"info","message":"🔎 Processando título 1575/2","service":"btg-baixa-titulos-service","timestamp":"2026-05-19T11:30:58.268Z"}
{"level":"info","message":"🌐 Millennium request: GET /MILLENIUM!JOIN_ONEUP.LANCAMENTOS.CONSULTALANCAMENTOS?n_documento=1575%2F2&cpf=815.438.910-04","service":"btg-baixa-titulos-service","timestamp":"2026-05-19T11:30:58.268Z"}
{"lancamento":1434807256,"level":"info","message":"ℹ️ Título 1575/2 já estava baixado. Processo ignorado.","service":"btg-baixa-titulos-service","situacao":"BAIXADO","timestamp":"2026-05-19T11:30:58.288Z"}
{"level":"info","message":"🔎 Processando título 1575/3","service":"btg-baixa-titulos-service","timestamp":"2026-05-19T11:30:58.295Z"}
{"level":"info","message":"🌐 Millennium request: GET /MILLENIUM!JOIN_ONEUP.LANCAMENTOS.CONSULTALANCAMENTOS?n_documento=1575%2F3&cpf=815.438.910-04","service":"btg-baixa-titulos-service","timestamp":"2026-05-19T11:30:58.296Z"}
{"lancamento":1434807257,"level":"info","message":"ℹ️ Título 1575/3 já estava baixado. Processo ignorado.","service":"btg-baixa-titulos-service","situacao":"BAIXADO","timestamp":"2026-05-19T11:30:58.312Z"}
{"level":"info","message":"🔎 Processando título 1575/1","service":"btg-baixa-titulos-service","timestamp":"2026-05-19T11:30:58.315Z"}
{"level":"info","message":"🌐 Millennium request: GET /MILLENIUM!JOIN_ONEUP.LANCAMENTOS.CONSULTALANCAMENTOS?n_documento=1575%2F1&cpf=815.438.910-04","service":"btg-baixa-titulos-service","timestamp":"2026-05-19T11:30:58.315Z"}
{"lancamento":1434807255,"level":"info","message":"ℹ️ Título 1575/1 já estava baixado. Processo ignorado.","service":"btg-baixa-titulos-service","situacao":"BAIXADO","timestamp":"2026-05-19T11:30:58.332Z"}
{"level":"info","message":"🔎 Processando título 107483/D","service":"btg-baixa-titulos-service","timestamp":"2026-05-19T11:30:58.338Z"}
{"level":"info","message":"🌐 Millennium request: GET /MILLENIUM!JOIN_ONEUP.LANCAMENTOS.CONSULTALANCAMENTOS?cnpj=57.408.548%2F0001-92&n_documento=107483%2FD","service":"btg-baixa-titulos-service","timestamp":"2026-05-19T11:30:58.338Z"}
{"lancamento":1434807305,"level":"info","message":"ℹ️ Título 107483/D já estava baixado. Processo ignorado.","service":"btg-baixa-titulos-service","situacao":"BAIXADO","timestamp":"2026-05-19T11:30:58.354Z"}
{"level":"info","message":"🔎 Processando título 107483/C","service":"btg-baixa-titulos-service","timestamp":"2026-05-19T11:30:58.357Z"}
{"level":"info","message":"🌐 Millennium request: GET /MILLENIUM!JOIN_ONEUP.LANCAMENTOS.CONSULTALANCAMENTOS?cnpj=57.408.548%2F0001-92&n_documento=107483%2FC","service":"btg-baixa-titulos-service","timestamp":"2026-05-19T11:30:58.357Z"}
{"lancamento":1434807304,"level":"info","message":"ℹ️ Título 107483/C já estava baixado. Processo ignorado.","service":"btg-baixa-titulos-service","situacao":"BAIXADO","timestamp":"2026-05-19T11:30:58.373Z"}
{"level":"info","message":"🔎 Processando título 107483/B","service":"btg-baixa-titulos-service","timestamp":"2026-05-19T11:30:58.377Z"}
{"level":"info","message":"🌐 Millennium request: GET /MILLENIUM!JOIN_ONEUP.LANCAMENTOS.CONSULTALANCAMENTOS?cnpj=57.408.548%2F0001-92&n_documento=107483%2FB","service":"btg-baixa-titulos-service","timestamp":"2026-05-19T11:30:58.377Z"}
{"lancamento":1434807303,"level":"info","message":"ℹ️ Título 107483/B já estava baixado. Processo ignorado.","service":"btg-baixa-titulos-service","situacao":"BAIXADO","timestamp":"2026-05-19T11:30:58.390Z"}
{"level":"info","message":"🔎 Processando título 107483/A","service":"btg-baixa-titulos-service","timestamp":"2026-05-19T11:30:58.394Z"}
{"level":"info","message":"🌐 Millennium request: GET /MILLENIUM!JOIN_ONEUP.LANCAMENTOS.CONSULTALANCAMENTOS?cnpj=57.408.548%2F0001-92&n_documento=107483%2FA","service":"btg-baixa-titulos-service","timestamp":"2026-05-19T11:30:58.394Z"}
{"lancamento":1434807302,"level":"info","message":"ℹ️ Título 107483/A já estava baixado. Processo ignorado.","service":"btg-baixa-titulos-service","situacao":"BAIXADO","timestamp":"2026-05-19T11:30:58.407Z"}
{"level":"info","message":"🔎 Processando título 01329811","service":"btg-baixa-titulos-service","timestamp":"2026-05-19T11:30:58.411Z"}
{"level":"info","message":"🌐 Millennium request: GET /MILLENIUM!JOIN_ONEUP.LANCAMENTOS.CONSULTALANCAMENTOS?cnpj=01.329.811%2F0001-01&n_documento=01329811","service":"btg-baixa-titulos-service","timestamp":"2026-05-19T11:30:58.412Z"}
{"erro":"Título não localizado: 01329811","level":"error","message":"❌ Erro no título 01329811","service":"btg-baixa-titulos-service","status":"ERRO_CONSULTA","timestamp":"2026-05-19T11:30:58.424Z"}
{"level":"info","message":"🔎 Processando título 06-VL","service":"btg-baixa-titulos-service","timestamp":"2026-05-19T11:30:58.428Z"}
{"level":"info","message":"🌐 Millennium request: GET /MILLENIUM!JOIN_ONEUP.LANCAMENTOS.CONSULTALANCAMENTOS?n_documento=06-VL&cpf=368.542.398-34","service":"btg-baixa-titulos-service","timestamp":"2026-05-19T11:30:58.428Z"}
{"erro":"Título não localizado: 06-VL","level":"error","message":"❌ Erro no título 06-VL","service":"btg-baixa-titulos-service","status":"ERRO_CONSULTA","timestamp":"2026-05-19T11:30:58.443Z"}
{"level":"info","message":"🔎 Processando título 06-VL","service":"btg-baixa-titulos-service","timestamp":"2026-05-19T11:30:58.449Z"}
{"level":"info","message":"🌐 Millennium request: GET /MILLENIUM!JOIN_ONEUP.LANCAMENTOS.CONSULTALANCAMENTOS?n_documento=06-VL&cpf=368.542.398-34","service":"btg-baixa-titulos-service","timestamp":"2026-05-19T11:30:58.449Z"}
{"erro":"Título não localizado: 06-VL","level":"error","message":"❌ Erro no título 06-VL","service":"btg-baixa-titulos-service","status":"ERRO_CONSULTA","timestamp":"2026-05-19T11:30:58.466Z"}
{"level":"info","message":"🔒 Finalizando sessão Millennium","service":"btg-baixa-titulos-service","timestamp":"2026-05-19T11:30:58.471Z"}
{"level":"info","message":"✅ Sessão Millennium finalizada com sucesso","service":"btg-baixa-titulos-service","timestamp":"2026-05-19T11:30:58.481Z"}
{"erroGeral":null,"erros":8,"finalizadoEm":"2026-05-19T11:30:58.481Z","jaBaixados":664,"level":"info","message":"🏁 Processamento finalizado","processamentoId":"BTG-20260519-F10C6D","service":"btg-baixa-titulos-service","sucesso":5,"timestamp":"2026-05-19T11:30:58.486Z","total":677}
{"level":"info","message":"📲 Enviando resumo por WhatsApp","service":"btg-baixa-titulos-service","timestamp":"2026-05-19T11:30:58.528Z"}
{"level":"info","message":"✅ Resumo enviado por WhatsApp","response":{"companyId":1,"filaId":1108,"message":"Mensagem enviada a fila de transmissão com sucesso","schedule":"2026-05-19T11:31:59.122Z"},"service":"btg-baixa-titulos-service","timestamp":"2026-05-19T11:30:59.869Z"}
{"level":"info","message":"ℹ️ Envio de arquivos WhatsApp desabilitado","service":"btg-baixa-titulos-service","timestamp":"2026-05-19T11:30:59.869Z"}
