{"level":"info","message":"🔐 Iniciando login no Millennium","service":"btg-baixa-titulos-service","timestamp":"2026-05-26T12:59:14.188Z"}
{"level":"info","message":"✅ Login Millennium realizado com sucesso","service":"btg-baixa-titulos-service","timestamp":"2026-05-26T12:59:14.339Z"}
{"level":"info","message":"🚀 Iniciando processamento de 717 títulos","service":"btg-baixa-titulos-service","timestamp":"2026-05-26T12:59:14.339Z"}
{"level":"info","message":"🔎 Processando título 06-VL","service":"btg-baixa-titulos-service","timestamp":"2026-05-26T12:59:14.339Z"}
{"level":"info","message":"🌐 Millennium request: GET /MILLENIUM!JOIN_ONEUP.LANCAMENTOS.CONSULTALANCAMENTOS?n_documento=06-VL&cpf=368.542.398-34","service":"btg-baixa-titulos-service","timestamp":"2026-05-26T12:59:14.340Z"}
{"erro":"Título não localizado: 06-VL","level":"error","message":"❌ Erro no título 06-VL","service":"btg-baixa-titulos-service","status":"ERRO_CONSULTA","timestamp":"2026-05-26T12:59:14.414Z"}
{"level":"info","message":"🔎 Processando título 06-VL","service":"btg-baixa-titulos-service","timestamp":"2026-05-26T12:59:14.416Z"}
{"level":"info","message":"🌐 Millennium request: GET /MILLENIUM!JOIN_ONEUP.LANCAMENTOS.CONSULTALANCAMENTOS?n_documento=06-VL&cpf=368.542.398-34","service":"btg-baixa-titulos-service","timestamp":"2026-05-26T12:59:14.416Z"}
{"erro":"Título não localizado: 06-VL","level":"error","message":"❌ Erro no título 06-VL","service":"btg-baixa-titulos-service","status":"ERRO_CONSULTA","timestamp":"2026-05-26T12:59:14.441Z"}
{"level":"info","message":"🔎 Processando título 01329811","service":"btg-baixa-titulos-service","timestamp":"2026-05-26T12:59:14.442Z"}
{"level":"info","message":"🌐 Millennium request: GET /MILLENIUM!JOIN_ONEUP.LANCAMENTOS.CONSULTALANCAMENTOS?cnpj=01.329.811%2F0001-01&n_documento=01329811","service":"btg-baixa-titulos-service","timestamp":"2026-05-26T12:59:14.442Z"}
{"erro":"Título não localizado: 01329811","level":"error","message":"❌ Erro no título 01329811","service":"btg-baixa-titulos-service","status":"ERRO_CONSULTA","timestamp":"2026-05-26T12:59:14.467Z"}
{"level":"info","message":"🔎 Processando título 107483/A","service":"btg-baixa-titulos-service","timestamp":"2026-05-26T12:59:14.468Z"}
{"level":"info","message":"🌐 Millennium request: GET /MILLENIUM!JOIN_ONEUP.LANCAMENTOS.CONSULTALANCAMENTOS?cnpj=57.408.548%2F0001-92&n_documento=107483%2FA","service":"btg-baixa-titulos-service","timestamp":"2026-05-26T12:59:14.468Z"}
{"lancamento":1434807302,"level":"info","message":"ℹ️ Título 107483/A já estava baixado. Processo ignorado.","service":"btg-baixa-titulos-service","situacao":"BAIXADO","timestamp":"2026-05-26T12:59:14.498Z"}
{"level":"info","message":"🔎 Processando título 107483/B","service":"btg-baixa-titulos-service","timestamp":"2026-05-26T12:59:14.499Z"}
{"level":"info","message":"🌐 Millennium request: GET /MILLENIUM!JOIN_ONEUP.LANCAMENTOS.CONSULTALANCAMENTOS?cnpj=57.408.548%2F0001-92&n_documento=107483%2FB","service":"btg-baixa-titulos-service","timestamp":"2026-05-26T12:59:14.499Z"}
{"lancamento":1434807303,"level":"info","message":"ℹ️ Título 107483/B já estava baixado. Processo ignorado.","service":"btg-baixa-titulos-service","situacao":"BAIXADO","timestamp":"2026-05-26T12:59:14.613Z"}
{"level":"info","message":"🔎 Processando título 107483/C","service":"btg-baixa-titulos-service","timestamp":"2026-05-26T12:59:14.615Z"}
{"level":"info","message":"🌐 Millennium request: GET /MILLENIUM!JOIN_ONEUP.LANCAMENTOS.CONSULTALANCAMENTOS?cnpj=57.408.548%2F0001-92&n_documento=107483%2FC","service":"btg-baixa-titulos-service","timestamp":"2026-05-26T12:59:14.615Z"}
{"lancamento":1434807304,"level":"info","message":"ℹ️ Título 107483/C já estava baixado. Processo ignorado.","service":"btg-baixa-titulos-service","situacao":"BAIXADO","timestamp":"2026-05-26T12:59:14.635Z"}
{"level":"info","message":"🔎 Processando título 107483/D","service":"btg-baixa-titulos-service","timestamp":"2026-05-26T12:59:14.637Z"}
{"level":"info","message":"🌐 Millennium request: GET /MILLENIUM!JOIN_ONEUP.LANCAMENTOS.CONSULTALANCAMENTOS?cnpj=57.408.548%2F0001-92&n_documento=107483%2FD","service":"btg-baixa-titulos-service","timestamp":"2026-05-26T12:59:14.637Z"}
{"lancamento":1434807305,"level":"info","message":"ℹ️ Título 107483/D já estava baixado. Processo ignorado.","service":"btg-baixa-titulos-service","situacao":"BAIXADO","timestamp":"2026-05-26T12:59:14.657Z"}
{"level":"info","message":"🔎 Processando título 1575/1","service":"btg-baixa-titulos-service","timestamp":"2026-05-26T12:59:14.658Z"}
{"level":"info","message":"🌐 Millennium request: GET /MILLENIUM!JOIN_ONEUP.LANCAMENTOS.CONSULTALANCAMENTOS?n_documento=1575%2F1&cpf=815.438.910-04","service":"btg-baixa-titulos-service","timestamp":"2026-05-26T12:59:14.658Z"}
{"lancamento":1434807255,"level":"info","message":"ℹ️ Título 1575/1 já estava baixado. Processo ignorado.","service":"btg-baixa-titulos-service","situacao":"BAIXADO","timestamp":"2026-05-26T12:59:14.675Z"}
{"level":"info","message":"🔎 Processando título 1575/2","service":"btg-baixa-titulos-service","timestamp":"2026-05-26T12:59:14.677Z"}
{"level":"info","message":"🌐 Millennium request: GET /MILLENIUM!JOIN_ONEUP.LANCAMENTOS.CONSULTALANCAMENTOS?n_documento=1575%2F2&cpf=815.438.910-04","service":"btg-baixa-titulos-service","timestamp":"2026-05-26T12:59:14.677Z"}
{"lancamento":1434807256,"level":"info","message":"ℹ️ Título 1575/2 já estava baixado. Processo ignorado.","service":"btg-baixa-titulos-service","situacao":"BAIXADO","timestamp":"2026-05-26T12:59:14.695Z"}
{"level":"info","message":"🔎 Processando título 1575/3","service":"btg-baixa-titulos-service","timestamp":"2026-05-26T12:59:14.697Z"}
{"level":"info","message":"🌐 Millennium request: GET /MILLENIUM!JOIN_ONEUP.LANCAMENTOS.CONSULTALANCAMENTOS?n_documento=1575%2F3&cpf=815.438.910-04","service":"btg-baixa-titulos-service","timestamp":"2026-05-26T12:59:14.697Z"}
{"lancamento":1434807257,"level":"info","message":"ℹ️ Título 1575/3 já estava baixado. Processo ignorado.","service":"btg-baixa-titulos-service","situacao":"BAIXADO","timestamp":"2026-05-26T12:59:14.714Z"}
{"level":"info","message":"🔎 Processando título CORRE 107229","service":"btg-baixa-titulos-service","timestamp":"2026-05-26T12:59:14.716Z"}
{"level":"info","message":"🌐 Millennium request: GET /MILLENIUM!JOIN_ONEUP.LANCAMENTOS.CONSULTALANCAMENTOS?cnpj=57.408.548%2F0001-92&n_documento=CORRE%20107229","service":"btg-baixa-titulos-service","timestamp":"2026-05-26T12:59:14.717Z"}
{"lancamento":1434848057,"level":"info","message":"ℹ️ Título CORRE 107229 já estava baixado. Processo ignorado.","service":"btg-baixa-titulos-service","situacao":"BAIXADO","timestamp":"2026-05-26T12:59:14.735Z"}
{"level":"info","message":"🔎 Processando título CORRE 106702","service":"btg-baixa-titulos-service","timestamp":"2026-05-26T12:59:14.737Z"}
{"level":"info","message":"🌐 Millennium request: GET /MILLENIUM!JOIN_ONEUP.LANCAMENTOS.CONSULTALANCAMENTOS?cnpj=57.408.548%2F0001-92&n_documento=CORRE%20106702","service":"btg-baixa-titulos-service","timestamp":"2026-05-26T12:59:14.737Z"}
{"lancamento":1434848052,"level":"info","message":"ℹ️ Título CORRE 106702 já estava baixado. Processo ignorado.","service":"btg-baixa-titulos-service","situacao":"BAIXADO","timestamp":"2026-05-26T12:59:14.773Z"}
{"level":"info","message":"🔎 Processando título CORRE 107483","service":"btg-baixa-titulos-service","timestamp":"2026-05-26T12:59:14.776Z"}
{"level":"info","message":"🌐 Millennium request: GET /MILLENIUM!JOIN_ONEUP.LANCAMENTOS.CONSULTALANCAMENTOS?cnpj=57.408.548%2F0001-92&n_documento=CORRE%20107483","service":"btg-baixa-titulos-service","timestamp":"2026-05-26T12:59:14.776Z"}
{"lancamento":1434848058,"level":"info","message":"ℹ️ Título CORRE 107483 já estava baixado. Processo ignorado.","service":"btg-baixa-titulos-service","situacao":"BAIXADO","timestamp":"2026-05-26T12:59:14.793Z"}
{"level":"info","message":"🔎 Processando título FRE 107100","service":"btg-baixa-titulos-service","timestamp":"2026-05-26T12:59:14.796Z"}
{"level":"info","message":"🌐 Millennium request: GET /MILLENIUM!JOIN_ONEUP.LANCAMENTOS.CONSULTALANCAMENTOS?cnpj=57.408.548%2F0001-92&n_documento=FRE%20107100","service":"btg-baixa-titulos-service","timestamp":"2026-05-26T12:59:14.796Z"}
{"lancamento":1434848059,"level":"info","message":"ℹ️ Título FRE 107100 já estava baixado. Processo ignorado.","service":"btg-baixa-titulos-service","situacao":"BAIXADO","timestamp":"2026-05-26T12:59:14.814Z"}
{"level":"info","message":"🔎 Processando título CORRE 106807","service":"btg-baixa-titulos-service","timestamp":"2026-05-26T12:59:14.817Z"}
{"level":"info","message":"🌐 Millennium request: GET /MILLENIUM!JOIN_ONEUP.LANCAMENTOS.CONSULTALANCAMENTOS?cnpj=01.009.793%2F0001-72&n_documento=CORRE%20106807","service":"btg-baixa-titulos-service","timestamp":"2026-05-26T12:59:14.817Z"}
{"lancamento":1434848053,"level":"info","message":"ℹ️ Título CORRE 106807 já estava baixado. Processo ignorado.","service":"btg-baixa-titulos-service","situacao":"BAIXADO","timestamp":"2026-05-26T12:59:14.834Z"}
{"level":"info","message":"🔎 Processando título FRE 107179","service":"btg-baixa-titulos-service","timestamp":"2026-05-26T12:59:14.836Z"}
{"level":"info","message":"🌐 Millennium request: GET /MILLENIUM!JOIN_ONEUP.LANCAMENTOS.CONSULTALANCAMENTOS?cnpj=31.505.989%2F0001-19&n_documento=FRE%20107179","service":"btg-baixa-titulos-service","timestamp":"2026-05-26T12:59:14.836Z"}
{"lancamento":1434848061,"level":"info","message":"ℹ️ Título FRE 107179 já estava baixado. Processo ignorado.","service":"btg-baixa-titulos-service","situacao":"BAIXADO","timestamp":"2026-05-26T12:59:14.853Z"}
{"level":"info","message":"🔎 Processando título CORRE 107178","service":"btg-baixa-titulos-service","timestamp":"2026-05-26T12:59:14.855Z"}
{"level":"info","message":"🌐 Millennium request: GET /MILLENIUM!JOIN_ONEUP.LANCAMENTOS.CONSULTALANCAMENTOS?cnpj=01.009.793%2F0001-72&n_documento=CORRE%20107178","service":"btg-baixa-titulos-service","timestamp":"2026-05-26T12:59:14.855Z"}
{"lancamento":1434848056,"level":"info","message":"ℹ️ Título CORRE 107178 já estava baixado. Processo ignorado.","service":"btg-baixa-titulos-service","situacao":"BAIXADO","timestamp":"2026-05-26T12:59:14.873Z"}
{"level":"info","message":"🔎 Processando título CORRE 107089","service":"btg-baixa-titulos-service","timestamp":"2026-05-26T12:59:14.875Z"}
{"level":"info","message":"🌐 Millennium request: GET /MILLENIUM!JOIN_ONEUP.LANCAMENTOS.CONSULTALANCAMENTOS?cnpj=01.934.454%2F0001-00&n_documento=CORRE%20107089","service":"btg-baixa-titulos-service","timestamp":"2026-05-26T12:59:14.876Z"}
{"lancamento":1434848055,"level":"info","message":"ℹ️ Título CORRE 107089 já estava baixado. Processo ignorado.","service":"btg-baixa-titulos-service","situacao":"BAIXADO","timestamp":"2026-05-26T12:59:14.893Z"}
{"level":"info","message":"🔎 Processando título FRE 107098","service":"btg-baixa-titulos-service","timestamp":"2026-05-26T12:59:14.895Z"}
{"level":"info","message":"🌐 Millennium request: GET /MILLENIUM!JOIN_ONEUP.LANCAMENTOS.CONSULTALANCAMENTOS?cnpj=03.294.992%2F0001-03&n_documento=FRE%20107098","service":"btg-baixa-titulos-service","timestamp":"2026-05-26T12:59:14.895Z"}
{"lancamento":1434848060,"level":"info","message":"ℹ️ Título FRE 107098 já estava baixado. Processo ignorado.","service":"btg-baixa-titulos-service","situacao":"BAIXADO","timestamp":"2026-05-26T12:59:14.914Z"}
{"level":"info","message":"🔎 Processando título CORRE 107091","service":"btg-baixa-titulos-service","timestamp":"2026-05-26T12:59:14.915Z"}
{"level":"info","message":"🌐 Millennium request: GET /MILLENIUM!JOIN_ONEUP.LANCAMENTOS.CONSULTALANCAMENTOS?cnpj=21.067.137%2F0001-33&n_documento=CORRE%20107091","service":"btg-baixa-titulos-service","timestamp":"2026-05-26T12:59:14.915Z"}
{"lancamento":1434848054,"level":"info","message":"ℹ️ Título CORRE 107091 já estava baixado. Processo ignorado.","service":"btg-baixa-titulos-service","situacao":"BAIXADO","timestamp":"2026-05-26T12:59:14.930Z"}
{"level":"info","message":"🔎 Processando título 107687","service":"btg-baixa-titulos-service","timestamp":"2026-05-26T12:59:14.931Z"}
{"level":"info","message":"🌐 Millennium request: GET /MILLENIUM!JOIN_ONEUP.LANCAMENTOS.CONSULTALANCAMENTOS?cnpj=01.329.811%2F0001-01&n_documento=107687","service":"btg-baixa-titulos-service","timestamp":"2026-05-26T12:59:14.931Z"}
{"lancamento":1434808382,"level":"info","message":"ℹ️ Título 107687 já estava baixado. Processo ignorado.","service":"btg-baixa-titulos-service","situacao":"BAIXADO","timestamp":"2026-05-26T12:59:14.946Z"}
{"level":"info","message":"🔎 Processando título 108251","service":"btg-baixa-titulos-service","timestamp":"2026-05-26T12:59:14.948Z"}
{"level":"info","message":"🌐 Millennium request: GET /MILLENIUM!JOIN_ONEUP.LANCAMENTOS.CONSULTALANCAMENTOS?cnpj=01.009.793%2F0001-72&n_documento=108251","service":"btg-baixa-titulos-service","timestamp":"2026-05-26T12:59:14.948Z"}
{"lancamento":1434850041,"level":"info","message":"ℹ️ Título 108251 já estava baixado. Processo ignorado.","service":"btg-baixa-titulos-service","situacao":"BAIXADO","timestamp":"2026-05-26T12:59:14.970Z"}
{"level":"info","message":"🔎 Processando título 108308","service":"btg-baixa-titulos-service","timestamp":"2026-05-26T12:59:14.972Z"}
{"level":"info","message":"🌐 Millennium request: GET /MILLENIUM!JOIN_ONEUP.LANCAMENTOS.CONSULTALANCAMENTOS?cnpj=77.857.555%2F0009-36&n_documento=108308","service":"btg-baixa-titulos-service","timestamp":"2026-05-26T12:59:14.973Z"}
{"lancamento":1434850230,"level":"info","message":"ℹ️ Título 108308 já estava baixado. Processo ignorado.","service":"btg-baixa-titulos-service","situacao":"BAIXADO","timestamp":"2026-05-26T12:59:14.991Z"}
{"level":"info","message":"🔎 Processando título 108314","service":"btg-baixa-titulos-service","timestamp":"2026-05-26T12:59:14.993Z"}
{"level":"info","message":"🌐 Millennium request: GET /MILLENIUM!JOIN_ONEUP.LANCAMENTOS.CONSULTALANCAMENTOS?cnpj=02.355.679%2F0001-67&n_documento=108314","service":"btg-baixa-titulos-service","timestamp":"2026-05-26T12:59:14.993Z"}
{"lancamento":1434850295,"level":"info","message":"ℹ️ Título 108314 já estava baixado. Processo ignorado.","service":"btg-baixa-titulos-service","situacao":"BAIXADO","timestamp":"2026-05-26T12:59:15.008Z"}
{"level":"info","message":"🔎 Processando título 107660/A","service":"btg-baixa-titulos-service","timestamp":"2026-05-26T12:59:15.010Z"}
{"level":"info","message":"🌐 Millennium request: GET /MILLENIUM!JOIN_ONEUP.LANCAMENTOS.CONSULTALANCAMENTOS?cnpj=57.408.548%2F0001-92&n_documento=107660%2FA","service":"btg-baixa-titulos-service","timestamp":"2026-05-26T12:59:15.010Z"}
{"lancamento":1434808275,"level":"info","message":"ℹ️ Título 107660/A já estava baixado. Processo ignorado.","service":"btg-baixa-titulos-service","situacao":"BAIXADO","timestamp":"2026-05-26T12:59:15.028Z"}
{"level":"info","message":"🔎 Processando título 107627/A","service":"btg-baixa-titulos-service","timestamp":"2026-05-26T12:59:15.030Z"}
{"level":"info","message":"🌐 Millennium request: GET /MILLENIUM!JOIN_ONEUP.LANCAMENTOS.CONSULTALANCAMENTOS?cnpj=57.408.548%2F0001-92&n_documento=107627%2FA","service":"btg-baixa-titulos-service","timestamp":"2026-05-26T12:59:15.031Z"}
{"lancamento":1434808244,"level":"info","message":"ℹ️ Título 107627/A já estava baixado. Processo ignorado.","service":"btg-baixa-titulos-service","situacao":"BAIXADO","timestamp":"2026-05-26T12:59:15.132Z"}
{"level":"info","message":"🔎 Processando título 108020/A","service":"btg-baixa-titulos-service","timestamp":"2026-05-26T12:59:15.134Z"}
{"level":"info","message":"🌐 Millennium request: GET /MILLENIUM!JOIN_ONEUP.LANCAMENTOS.CONSULTALANCAMENTOS?cnpj=57.408.548%2F0001-92&n_documento=108020%2FA","service":"btg-baixa-titulos-service","timestamp":"2026-05-26T12:59:15.135Z"}
{"lancamento":1434848918,"level":"info","message":"ℹ️ Título 108020/A já estava baixado. Processo ignorado.","service":"btg-baixa-titulos-service","situacao":"BAIXADO","timestamp":"2026-05-26T12:59:15.152Z"}
{"level":"info","message":"🔎 Processando título 108021/A","service":"btg-baixa-titulos-service","timestamp":"2026-05-26T12:59:15.155Z"}
{"level":"info","message":"🌐 Millennium request: GET /MILLENIUM!JOIN_ONEUP.LANCAMENTOS.CONSULTALANCAMENTOS?cnpj=07.030.508%2F0001-81&n_documento=108021%2FA","service":"btg-baixa-titulos-service","timestamp":"2026-05-26T12:59:15.155Z"}
{"lancamento":1434848939,"level":"info","message":"ℹ️ Título 108021/A já estava baixado. Processo ignorado.","service":"btg-baixa-titulos-service","situacao":"BAIXADO","timestamp":"2026-05-26T12:59:15.176Z"}
{"level":"info","message":"🔎 Processando título 108219/A","service":"btg-baixa-titulos-service","timestamp":"2026-05-26T12:59:15.178Z"}
{"level":"info","message":"🌐 Millennium request: GET /MILLENIUM!JOIN_ONEUP.LANCAMENTOS.CONSULTALANCAMENTOS?cnpj=50.649.490%2F0001-20&n_documento=108219%2FA","service":"btg-baixa-titulos-service","timestamp":"2026-05-26T12:59:15.179Z"}
{"lancamento":1434849877,"level":"info","message":"ℹ️ Título 108219/A já estava baixado. Processo ignorado.","service":"btg-baixa-titulos-service","situacao":"BAIXADO","timestamp":"2026-05-26T12:59:15.195Z"}
{"level":"info","message":"🔎 Processando título 108156/A","service":"btg-baixa-titulos-service","timestamp":"2026-05-26T12:59:15.196Z"}
{"level":"info","message":"🌐 Millennium request: GET /MILLENIUM!JOIN_ONEUP.LANCAMENTOS.CONSULTALANCAMENTOS?cnpj=57.408.548%2F0001-92&n_documento=108156%2FA","service":"btg-baixa-titulos-service","timestamp":"2026-05-26T12:59:15.196Z"}
{"lancamento":1434849577,"level":"info","message":"ℹ️ Título 108156/A já estava baixado. Processo ignorado.","service":"btg-baixa-titulos-service","situacao":"BAIXADO","timestamp":"2026-05-26T12:59:15.210Z"}
{"level":"info","message":"🔎 Processando título 108157/A","service":"btg-baixa-titulos-service","timestamp":"2026-05-26T12:59:15.211Z"}
{"level":"info","message":"🌐 Millennium request: GET /MILLENIUM!JOIN_ONEUP.LANCAMENTOS.CONSULTALANCAMENTOS?cnpj=03.294.992%2F0001-03&n_documento=108157%2FA","service":"btg-baixa-titulos-service","timestamp":"2026-05-26T12:59:15.211Z"}
{"lancamento":1434849581,"level":"info","message":"ℹ️ Título 108157/A já estava baixado. Processo ignorado.","service":"btg-baixa-titulos-service","situacao":"BAIXADO","timestamp":"2026-05-26T12:59:15.225Z"}
{"level":"info","message":"🔎 Processando título 108221/A","service":"btg-baixa-titulos-service","timestamp":"2026-05-26T12:59:15.225Z"}
{"level":"info","message":"🌐 Millennium request: GET /MILLENIUM!JOIN_ONEUP.LANCAMENTOS.CONSULTALANCAMENTOS?cnpj=50.649.490%2F0001-20&n_documento=108221%2FA","service":"btg-baixa-titulos-service","timestamp":"2026-05-26T12:59:15.225Z"}
{"lancamento":1434849885,"level":"info","message":"ℹ️ Título 108221/A já estava baixado. Processo ignorado.","service":"btg-baixa-titulos-service","situacao":"BAIXADO","timestamp":"2026-05-26T12:59:15.240Z"}
{"level":"info","message":"🔎 Processando título 108222/A","service":"btg-baixa-titulos-service","timestamp":"2026-05-26T12:59:15.240Z"}
{"level":"info","message":"🌐 Millennium request: GET /MILLENIUM!JOIN_ONEUP.LANCAMENTOS.CONSULTALANCAMENTOS?cnpj=50.649.490%2F0001-20&n_documento=108222%2FA","service":"btg-baixa-titulos-service","timestamp":"2026-05-26T12:59:15.241Z"}
{"lancamento":1434849888,"level":"info","message":"ℹ️ Título 108222/A já estava baixado. Processo ignorado.","service":"btg-baixa-titulos-service","situacao":"BAIXADO","timestamp":"2026-05-26T12:59:15.259Z"}
{"level":"info","message":"🔎 Processando título 108225/A","service":"btg-baixa-titulos-service","timestamp":"2026-05-26T12:59:15.260Z"}
{"level":"info","message":"🌐 Millennium request: GET /MILLENIUM!JOIN_ONEUP.LANCAMENTOS.CONSULTALANCAMENTOS?cnpj=50.649.490%2F0001-20&n_documento=108225%2FA","service":"btg-baixa-titulos-service","timestamp":"2026-05-26T12:59:15.260Z"}
{"lancamento":1434849894,"level":"info","message":"ℹ️ Título 108225/A já estava baixado. Processo ignorado.","service":"btg-baixa-titulos-service","situacao":"BAIXADO","timestamp":"2026-05-26T12:59:15.277Z"}
{"level":"info","message":"🔎 Processando título 108224/A","service":"btg-baixa-titulos-service","timestamp":"2026-05-26T12:59:15.277Z"}
{"level":"info","message":"🌐 Millennium request: GET /MILLENIUM!JOIN_ONEUP.LANCAMENTOS.CONSULTALANCAMENTOS?cnpj=50.649.490%2F0001-20&n_documento=108224%2FA","service":"btg-baixa-titulos-service","timestamp":"2026-05-26T12:59:15.277Z"}
{"lancamento":1434849891,"level":"info","message":"ℹ️ Título 108224/A já estava baixado. Processo ignorado.","service":"btg-baixa-titulos-service","situacao":"BAIXADO","timestamp":"2026-05-26T12:59:15.289Z"}
{"level":"info","message":"🔎 Processando título 108253/A","service":"btg-baixa-titulos-service","timestamp":"2026-05-26T12:59:15.290Z"}
{"level":"info","message":"🌐 Millennium request: GET /MILLENIUM!JOIN_ONEUP.LANCAMENTOS.CONSULTALANCAMENTOS?cnpj=57.408.548%2F0001-92&n_documento=108253%2FA","service":"btg-baixa-titulos-service","timestamp":"2026-05-26T12:59:15.291Z"}
{"lancamento":1434850047,"level":"info","message":"ℹ️ Título 108253/A já estava baixado. Processo ignorado.","service":"btg-baixa-titulos-service","situacao":"BAIXADO","timestamp":"2026-05-26T12:59:15.302Z"}
{"level":"info","message":"🔎 Processando título 108226/A","service":"btg-baixa-titulos-service","timestamp":"2026-05-26T12:59:15.302Z"}
{"level":"info","message":"🌐 Millennium request: GET /MILLENIUM!JOIN_ONEUP.LANCAMENTOS.CONSULTALANCAMENTOS?cnpj=50.649.490%2F0001-20&n_documento=108226%2FA","service":"btg-baixa-titulos-service","timestamp":"2026-05-26T12:59:15.302Z"}
{"lancamento":1434849907,"level":"info","message":"ℹ️ Título 108226/A já estava baixado. Processo ignorado.","service":"btg-baixa-titulos-service","situacao":"BAIXADO","timestamp":"2026-05-26T12:59:15.315Z"}
{"level":"info","message":"🔎 Processando título 108252/A","service":"btg-baixa-titulos-service","timestamp":"2026-05-26T12:59:15.315Z"}
{"level":"info","message":"🌐 Millennium request: GET /MILLENIUM!JOIN_ONEUP.LANCAMENTOS.CONSULTALANCAMENTOS?cnpj=44.999.259%2F0001-63&n_documento=108252%2FA","service":"btg-baixa-titulos-service","timestamp":"2026-05-26T12:59:15.316Z"}
{"lancamento":1434850042,"level":"info","message":"ℹ️ Título 108252/A já estava baixado. Processo ignorado.","service":"btg-baixa-titulos-service","situacao":"BAIXADO","timestamp":"2026-05-26T12:59:15.328Z"}
{"level":"info","message":"🔎 Processando título 108304/A","service":"btg-baixa-titulos-service","timestamp":"2026-05-26T12:59:15.329Z"}
{"level":"info","message":"🌐 Millennium request: GET /MILLENIUM!JOIN_ONEUP.LANCAMENTOS.CONSULTALANCAMENTOS?cnpj=07.409.302%2F0001-67&n_documento=108304%2FA","service":"btg-baixa-titulos-service","timestamp":"2026-05-26T12:59:15.329Z"}
{"lancamento":1434850212,"level":"info","message":"ℹ️ Título 108304/A já estava baixado. Processo ignorado.","service":"btg-baixa-titulos-service","situacao":"BAIXADO","timestamp":"2026-05-26T12:59:15.343Z"}
{"level":"info","message":"🔎 Processando título 108310/A","service":"btg-baixa-titulos-service","timestamp":"2026-05-26T12:59:15.343Z"}
{"level":"info","message":"🌐 Millennium request: GET /MILLENIUM!JOIN_ONEUP.LANCAMENTOS.CONSULTALANCAMENTOS?cnpj=03.247.651%2F0001-79&n_documento=108310%2FA","service":"btg-baixa-titulos-service","timestamp":"2026-05-26T12:59:15.343Z"}
{"lancamento":1434850284,"level":"info","message":"ℹ️ Título 108310/A já estava baixado. Processo ignorado.","service":"btg-baixa-titulos-service","situacao":"BAIXADO","timestamp":"2026-05-26T12:59:15.357Z"}
{"level":"info","message":"🔎 Processando título 108313/A","service":"btg-baixa-titulos-service","timestamp":"2026-05-26T12:59:15.358Z"}
{"level":"info","message":"🌐 Millennium request: GET /MILLENIUM!JOIN_ONEUP.LANCAMENTOS.CONSULTALANCAMENTOS?cnpj=22.031.998%2F0001-24&n_documento=108313%2FA","service":"btg-baixa-titulos-service","timestamp":"2026-05-26T12:59:15.358Z"}
{"lancamento":1434850289,"level":"info","message":"ℹ️ Título 108313/A já estava baixado. Processo ignorado.","service":"btg-baixa-titulos-service","situacao":"BAIXADO","timestamp":"2026-05-26T12:59:15.371Z"}
{"level":"info","message":"🔎 Processando título 108306/A","service":"btg-baixa-titulos-service","timestamp":"2026-05-26T12:59:15.372Z"}
{"level":"info","message":"🌐 Millennium request: GET /MILLENIUM!JOIN_ONEUP.LANCAMENTOS.CONSULTALANCAMENTOS?cnpj=00.768.271%2F0001-91&n_documento=108306%2FA","service":"btg-baixa-titulos-service","timestamp":"2026-05-26T12:59:15.372Z"}
{"lancamento":1434850217,"level":"info","message":"ℹ️ Título 108306/A já estava baixado. Processo ignorado.","service":"btg-baixa-titulos-service","situacao":"BAIXADO","timestamp":"2026-05-26T12:59:15.385Z"}
{"level":"info","message":"🔎 Processando título 108317/A","service":"btg-baixa-titulos-service","timestamp":"2026-05-26T12:59:15.386Z"}
{"level":"info","message":"🌐 Millennium request: GET /MILLENIUM!JOIN_ONEUP.LANCAMENTOS.CONSULTALANCAMENTOS?cnpj=03.294.992%2F0001-03&n_documento=108317%2FA","service":"btg-baixa-titulos-service","timestamp":"2026-05-26T12:59:15.386Z"}
{"lancamento":1434850303,"level":"info","message":"ℹ️ Título 108317/A já estava baixado. Processo ignorado.","service":"btg-baixa-titulos-service","situacao":"BAIXADO","timestamp":"2026-05-26T12:59:15.403Z"}
{"level":"info","message":"🔎 Processando título 108315/A","service":"btg-baixa-titulos-service","timestamp":"2026-05-26T12:59:15.403Z"}
{"level":"info","message":"🌐 Millennium request: GET /MILLENIUM!JOIN_ONEUP.LANCAMENTOS.CONSULTALANCAMENTOS?cnpj=06.181.589%2F0001-58&n_documento=108315%2FA","service":"btg-baixa-titulos-service","timestamp":"2026-05-26T12:59:15.403Z"}
{"lancamento":1434850296,"level":"info","message":"ℹ️ Título 108315/A já estava baixado. Processo ignorado.","service":"btg-baixa-titulos-service","situacao":"BAIXADO","timestamp":"2026-05-26T12:59:15.416Z"}
{"level":"info","message":"🔎 Processando título 108320/A","service":"btg-baixa-titulos-service","timestamp":"2026-05-26T12:59:15.417Z"}
{"level":"info","message":"🌐 Millennium request: GET /MILLENIUM!JOIN_ONEUP.LANCAMENTOS.CONSULTALANCAMENTOS?cnpj=47.485.403%2F0001-31&n_documento=108320%2FA","service":"btg-baixa-titulos-service","timestamp":"2026-05-26T12:59:15.417Z"}
{"lancamento":1434850326,"level":"info","message":"ℹ️ Título 108320/A já estava baixado. Processo ignorado.","service":"btg-baixa-titulos-service","situacao":"BAIXADO","timestamp":"2026-05-26T12:59:15.429Z"}
{"level":"info","message":"🔎 Processando título 108318/A","service":"btg-baixa-titulos-service","timestamp":"2026-05-26T12:59:15.430Z"}
{"level":"info","message":"🌐 Millennium request: GET /MILLENIUM!JOIN_ONEUP.LANCAMENTOS.CONSULTALANCAMENTOS?cnpj=50.649.490%2F0001-20&n_documento=108318%2FA","service":"btg-baixa-titulos-service","timestamp":"2026-05-26T12:59:15.430Z"}
{"lancamento":1434850322,"level":"info","message":"ℹ️ Título 108318/A já estava baixado. Processo ignorado.","service":"btg-baixa-titulos-service","situacao":"BAIXADO","timestamp":"2026-05-26T12:59:15.442Z"}
{"level":"info","message":"🔎 Processando título 108322/A","service":"btg-baixa-titulos-service","timestamp":"2026-05-26T12:59:15.444Z"}
{"level":"info","message":"🌐 Millennium request: GET /MILLENIUM!JOIN_ONEUP.LANCAMENTOS.CONSULTALANCAMENTOS?cnpj=47.485.403%2F0001-31&n_documento=108322%2FA","service":"btg-baixa-titulos-service","timestamp":"2026-05-26T12:59:15.444Z"}
{"lancamento":1434850335,"level":"info","message":"ℹ️ Título 108322/A já estava baixado. Processo ignorado.","service":"btg-baixa-titulos-service","situacao":"BAIXADO","timestamp":"2026-05-26T12:59:15.461Z"}
{"level":"info","message":"🔎 Processando título 108321/A","service":"btg-baixa-titulos-service","timestamp":"2026-05-26T12:59:15.463Z"}
{"level":"info","message":"🌐 Millennium request: GET /MILLENIUM!JOIN_ONEUP.LANCAMENTOS.CONSULTALANCAMENTOS?cnpj=47.485.403%2F0001-31&n_documento=108321%2FA","service":"btg-baixa-titulos-service","timestamp":"2026-05-26T12:59:15.463Z"}
{"lancamento":1434850331,"level":"info","message":"ℹ️ Título 108321/A já estava baixado. Processo ignorado.","service":"btg-baixa-titulos-service","situacao":"BAIXADO","timestamp":"2026-05-26T12:59:15.479Z"}
{"level":"info","message":"🔎 Processando título 108323/A","service":"btg-baixa-titulos-service","timestamp":"2026-05-26T12:59:15.481Z"}
{"level":"info","message":"🌐 Millennium request: GET /MILLENIUM!JOIN_ONEUP.LANCAMENTOS.CONSULTALANCAMENTOS?cnpj=47.485.403%2F0001-31&n_documento=108323%2FA","service":"btg-baixa-titulos-service","timestamp":"2026-05-26T12:59:15.481Z"}
{"lancamento":1434850340,"level":"info","message":"ℹ️ Título 108323/A já estava baixado. Processo ignorado.","service":"btg-baixa-titulos-service","situacao":"BAIXADO","timestamp":"2026-05-26T12:59:15.496Z"}
{"level":"info","message":"🔎 Processando título 108326/A","service":"btg-baixa-titulos-service","timestamp":"2026-05-26T12:59:15.498Z"}
{"level":"info","message":"🌐 Millennium request: GET /MILLENIUM!JOIN_ONEUP.LANCAMENTOS.CONSULTALANCAMENTOS?cnpj=96.609.490%2F0001-05&n_documento=108326%2FA","service":"btg-baixa-titulos-service","timestamp":"2026-05-26T12:59:15.498Z"}
{"lancamento":1434850352,"level":"info","message":"ℹ️ Título 108326/A já estava baixado. Processo ignorado.","service":"btg-baixa-titulos-service","situacao":"BAIXADO","timestamp":"2026-05-26T12:59:15.515Z"}
{"level":"info","message":"🔎 Processando título 108324/A","service":"btg-baixa-titulos-service","timestamp":"2026-05-26T12:59:15.517Z"}
{"level":"info","message":"🌐 Millennium request: GET /MILLENIUM!JOIN_ONEUP.LANCAMENTOS.CONSULTALANCAMENTOS?cnpj=47.485.403%2F0001-31&n_documento=108324%2FA","service":"btg-baixa-titulos-service","timestamp":"2026-05-26T12:59:15.517Z"}
{"lancamento":1434850349,"level":"info","message":"ℹ️ Título 108324/A já estava baixado. Processo ignorado.","service":"btg-baixa-titulos-service","situacao":"BAIXADO","timestamp":"2026-05-26T12:59:15.532Z"}
{"level":"info","message":"🔎 Processando título 108327/A","service":"btg-baixa-titulos-service","timestamp":"2026-05-26T12:59:15.534Z"}
{"level":"info","message":"🌐 Millennium request: GET /MILLENIUM!JOIN_ONEUP.LANCAMENTOS.CONSULTALANCAMENTOS?cnpj=73.652.158%2F0001-10&n_documento=108327%2FA","service":"btg-baixa-titulos-service","timestamp":"2026-05-26T12:59:15.534Z"}
{"lancamento":1434850355,"level":"info","message":"ℹ️ Título 108327/A já estava baixado. Processo ignorado.","service":"btg-baixa-titulos-service","situacao":"BAIXADO","timestamp":"2026-05-26T12:59:15.549Z"}
{"level":"info","message":"🔎 Processando título 108328/A","service":"btg-baixa-titulos-service","timestamp":"2026-05-26T12:59:15.552Z"}
{"level":"info","message":"🌐 Millennium request: GET /MILLENIUM!JOIN_ONEUP.LANCAMENTOS.CONSULTALANCAMENTOS?cnpj=59.205.187%2F0001-02&n_documento=108328%2FA","service":"btg-baixa-titulos-service","timestamp":"2026-05-26T12:59:15.552Z"}
{"lancamento":1434850361,"level":"info","message":"ℹ️ Título 108328/A já estava baixado. Processo ignorado.","service":"btg-baixa-titulos-service","situacao":"BAIXADO","timestamp":"2026-05-26T12:59:15.568Z"}
{"level":"info","message":"🔎 Processando título 108317/B","service":"btg-baixa-titulos-service","timestamp":"2026-05-26T12:59:15.570Z"}
{"level":"info","message":"🌐 Millennium request: GET /MILLENIUM!JOIN_ONEUP.LANCAMENTOS.CONSULTALANCAMENTOS?cnpj=03.294.992%2F0001-03&n_documento=108317%2FB","service":"btg-baixa-titulos-service","timestamp":"2026-05-26T12:59:15.571Z"}
{"lancamento":1434850304,"level":"info","message":"ℹ️ Título 108317/B já estava baixado. Processo ignorado.","service":"btg-baixa-titulos-service","situacao":"BAIXADO","timestamp":"2026-05-26T12:59:15.667Z"}
{"level":"info","message":"🔎 Processando título 108331/A","service":"btg-baixa-titulos-service","timestamp":"2026-05-26T12:59:15.670Z"}
{"level":"info","message":"🌐 Millennium request: GET /MILLENIUM!JOIN_ONEUP.LANCAMENTOS.CONSULTALANCAMENTOS?cnpj=47.485.403%2F0001-31&n_documento=108331%2FA","service":"btg-baixa-titulos-service","timestamp":"2026-05-26T12:59:15.670Z"}
{"lancamento":1434850368,"level":"info","message":"ℹ️ Título 108331/A já estava baixado. Processo ignorado.","service":"btg-baixa-titulos-service","situacao":"BAIXADO","timestamp":"2026-05-26T12:59:15.688Z"}
{"level":"info","message":"🔎 Processando título 107627/B","service":"btg-baixa-titulos-service","timestamp":"2026-05-26T12:59:15.690Z"}
{"level":"info","message":"🌐 Millennium request: GET /MILLENIUM!JOIN_ONEUP.LANCAMENTOS.CONSULTALANCAMENTOS?cnpj=57.408.548%2F0001-92&n_documento=107627%2FB","service":"btg-baixa-titulos-service","timestamp":"2026-05-26T12:59:15.691Z"}
{"lancamento":1434808245,"level":"info","message":"ℹ️ Título 107627/B já estava baixado. Processo ignorado.","service":"btg-baixa-titulos-service","situacao":"BAIXADO","timestamp":"2026-05-26T12:59:15.707Z"}
{"level":"info","message":"🔎 Processando título 107660/B","service":"btg-baixa-titulos-service","timestamp":"2026-05-26T12:59:15.710Z"}
{"level":"info","message":"🌐 Millennium request: GET /MILLENIUM!JOIN_ONEUP.LANCAMENTOS.CONSULTALANCAMENTOS?cnpj=57.408.548%2F0001-92&n_documento=107660%2FB","service":"btg-baixa-titulos-service","timestamp":"2026-05-26T12:59:15.710Z"}
{"lancamento":1434808276,"level":"info","message":"ℹ️ Título 107660/B já estava baixado. Processo ignorado.","service":"btg-baixa-titulos-service","situacao":"BAIXADO","timestamp":"2026-05-26T12:59:15.726Z"}
{"level":"info","message":"🔎 Processando título 108020/B","service":"btg-baixa-titulos-service","timestamp":"2026-05-26T12:59:15.728Z"}
{"level":"info","message":"🌐 Millennium request: GET /MILLENIUM!JOIN_ONEUP.LANCAMENTOS.CONSULTALANCAMENTOS?cnpj=57.408.548%2F0001-92&n_documento=108020%2FB","service":"btg-baixa-titulos-service","timestamp":"2026-05-26T12:59:15.729Z"}
{"lancamento":1434848919,"level":"info","message":"ℹ️ Título 108020/B já estava baixado. Processo ignorado.","service":"btg-baixa-titulos-service","situacao":"BAIXADO","timestamp":"2026-05-26T12:59:15.748Z"}
{"level":"info","message":"🔎 Processando título 108157/B","service":"btg-baixa-titulos-service","timestamp":"2026-05-26T12:59:15.751Z"}
{"level":"info","message":"🌐 Millennium request: GET /MILLENIUM!JOIN_ONEUP.LANCAMENTOS.CONSULTALANCAMENTOS?cnpj=03.294.992%2F0001-03&n_documento=108157%2FB","service":"btg-baixa-titulos-service","timestamp":"2026-05-26T12:59:15.751Z"}
{"lancamento":1434849582,"level":"info","message":"ℹ️ Título 108157/B já estava baixado. Processo ignorado.","service":"btg-baixa-titulos-service","situacao":"BAIXADO","timestamp":"2026-05-26T12:59:15.768Z"}
{"level":"info","message":"🔎 Processando título 108156/B","service":"btg-baixa-titulos-service","timestamp":"2026-05-26T12:59:15.771Z"}
{"level":"info","message":"🌐 Millennium request: GET /MILLENIUM!JOIN_ONEUP.LANCAMENTOS.CONSULTALANCAMENTOS?cnpj=57.408.548%2F0001-92&n_documento=108156%2FB","service":"btg-baixa-titulos-service","timestamp":"2026-05-26T12:59:15.771Z"}
{"lancamento":1434849578,"level":"info","message":"ℹ️ Título 108156/B já estava baixado. Processo ignorado.","service":"btg-baixa-titulos-service","situacao":"BAIXADO","timestamp":"2026-05-26T12:59:15.785Z"}
{"level":"info","message":"🔎 Processando título 108021/B","service":"btg-baixa-titulos-service","timestamp":"2026-05-26T12:59:15.787Z"}
{"level":"info","message":"🌐 Millennium request: GET /MILLENIUM!JOIN_ONEUP.LANCAMENTOS.CONSULTALANCAMENTOS?cnpj=07.030.508%2F0001-81&n_documento=108021%2FB","service":"btg-baixa-titulos-service","timestamp":"2026-05-26T12:59:15.787Z"}
{"lancamento":1434848940,"level":"info","message":"ℹ️ Título 108021/B já estava baixado. Processo ignorado.","service":"btg-baixa-titulos-service","situacao":"BAIXADO","timestamp":"2026-05-26T12:59:15.803Z"}
{"level":"info","message":"🔎 Processando título 108219/B","service":"btg-baixa-titulos-service","timestamp":"2026-05-26T12:59:15.806Z"}
{"level":"info","message":"🌐 Millennium request: GET /MILLENIUM!JOIN_ONEUP.LANCAMENTOS.CONSULTALANCAMENTOS?cnpj=50.649.490%2F0001-20&n_documento=108219%2FB","service":"btg-baixa-titulos-service","timestamp":"2026-05-26T12:59:15.806Z"}
{"lancamento":1434849878,"level":"info","message":"ℹ️ Título 108219/B já estava baixado. Processo ignorado.","service":"btg-baixa-titulos-service","situacao":"BAIXADO","timestamp":"2026-05-26T12:59:15.821Z"}
{"level":"info","message":"🔎 Processando título 108221/B","service":"btg-baixa-titulos-service","timestamp":"2026-05-26T12:59:15.823Z"}
{"level":"info","message":"🌐 Millennium request: GET /MILLENIUM!JOIN_ONEUP.LANCAMENTOS.CONSULTALANCAMENTOS?cnpj=50.649.490%2F0001-20&n_documento=108221%2FB","service":"btg-baixa-titulos-service","timestamp":"2026-05-26T12:59:15.823Z"}
{"lancamento":1434849886,"level":"info","message":"ℹ️ Título 108221/B já estava baixado. Processo ignorado.","service":"btg-baixa-titulos-service","situacao":"BAIXADO","timestamp":"2026-05-26T12:59:15.839Z"}
{"level":"info","message":"🔎 Processando título 108222/B","service":"btg-baixa-titulos-service","timestamp":"2026-05-26T12:59:15.841Z"}
{"level":"info","message":"🌐 Millennium request: GET /MILLENIUM!JOIN_ONEUP.LANCAMENTOS.CONSULTALANCAMENTOS?cnpj=50.649.490%2F0001-20&n_documento=108222%2FB","service":"btg-baixa-titulos-service","timestamp":"2026-05-26T12:59:15.841Z"}
{"lancamento":1434849889,"level":"info","message":"ℹ️ Título 108222/B já estava baixado. Processo ignorado.","service":"btg-baixa-titulos-service","situacao":"BAIXADO","timestamp":"2026-05-26T12:59:15.859Z"}
{"level":"info","message":"🔎 Processando título 108224/B","service":"btg-baixa-titulos-service","timestamp":"2026-05-26T12:59:15.862Z"}
{"level":"info","message":"🌐 Millennium request: GET /MILLENIUM!JOIN_ONEUP.LANCAMENTOS.CONSULTALANCAMENTOS?cnpj=50.649.490%2F0001-20&n_documento=108224%2FB","service":"btg-baixa-titulos-service","timestamp":"2026-05-26T12:59:15.862Z"}
{"lancamento":1434849892,"level":"info","message":"ℹ️ Título 108224/B já estava baixado. Processo ignorado.","service":"btg-baixa-titulos-service","situacao":"BAIXADO","timestamp":"2026-05-26T12:59:15.878Z"}
{"level":"info","message":"🔎 Processando título 108226/B","service":"btg-baixa-titulos-service","timestamp":"2026-05-26T12:59:15.879Z"}
{"level":"info","message":"🌐 Millennium request: GET /MILLENIUM!JOIN_ONEUP.LANCAMENTOS.CONSULTALANCAMENTOS?cnpj=50.649.490%2F0001-20&n_documento=108226%2FB","service":"btg-baixa-titulos-service","timestamp":"2026-05-26T12:59:15.879Z"}
{"lancamento":1434849908,"level":"info","message":"ℹ️ Título 108226/B já estava baixado. Processo ignorado.","service":"btg-baixa-titulos-service","situacao":"BAIXADO","timestamp":"2026-05-26T12:59:15.896Z"}
{"level":"info","message":"🔎 Processando título 108225/B","service":"btg-baixa-titulos-service","timestamp":"2026-05-26T12:59:15.897Z"}
{"level":"info","message":"🌐 Millennium request: GET /MILLENIUM!JOIN_ONEUP.LANCAMENTOS.CONSULTALANCAMENTOS?cnpj=50.649.490%2F0001-20&n_documento=108225%2FB","service":"btg-baixa-titulos-service","timestamp":"2026-05-26T12:59:15.897Z"}
{"lancamento":1434849895,"level":"info","message":"ℹ️ Título 108225/B já estava baixado. Processo ignorado.","service":"btg-baixa-titulos-service","situacao":"BAIXADO","timestamp":"2026-05-26T12:59:15.909Z"}
{"level":"info","message":"🔎 Processando título 108304/B","service":"btg-baixa-titulos-service","timestamp":"2026-05-26T12:59:15.910Z"}
{"level":"info","message":"🌐 Millennium request: GET /MILLENIUM!JOIN_ONEUP.LANCAMENTOS.CONSULTALANCAMENTOS?cnpj=07.409.302%2F0001-67&n_documento=108304%2FB","service":"btg-baixa-titulos-service","timestamp":"2026-05-26T12:59:15.910Z"}
{"lancamento":1434850213,"level":"info","message":"ℹ️ Título 108304/B já estava baixado. Processo ignorado.","service":"btg-baixa-titulos-service","situacao":"BAIXADO","timestamp":"2026-05-26T12:59:15.926Z"}
{"level":"info","message":"🔎 Processando título 106654/A","service":"btg-baixa-titulos-service","timestamp":"2026-05-26T12:59:15.927Z"}
{"level":"info","message":"🌐 Millennium request: GET /MILLENIUM!JOIN_ONEUP.LANCAMENTOS.CONSULTALANCAMENTOS?cnpj=57.408.548%2F0001-92&n_documento=106654%2FA","service":"btg-baixa-titulos-service","timestamp":"2026-05-26T12:59:15.927Z"}
{"lancamento":1434803551,"level":"info","message":"ℹ️ Título 106654/A já estava baixado. Processo ignorado.","service":"btg-baixa-titulos-service","situacao":"BAIXADO","timestamp":"2026-05-26T12:59:15.945Z"}
{"level":"info","message":"🔎 Processando título 106654/B","service":"btg-baixa-titulos-service","timestamp":"2026-05-26T12:59:15.947Z"}
{"level":"info","message":"🌐 Millennium request: GET /MILLENIUM!JOIN_ONEUP.LANCAMENTOS.CONSULTALANCAMENTOS?cnpj=57.408.548%2F0001-92&n_documento=106654%2FB","service":"btg-baixa-titulos-service","timestamp":"2026-05-26T12:59:15.947Z"}
{"lancamento":1434803552,"level":"info","message":"ℹ️ Título 106654/B já estava baixado. Processo ignorado.","service":"btg-baixa-titulos-service","situacao":"BAIXADO","timestamp":"2026-05-26T12:59:15.961Z"}
{"level":"info","message":"🔎 Processando título 106654/C","service":"btg-baixa-titulos-service","timestamp":"2026-05-26T12:59:15.962Z"}
{"level":"info","message":"🌐 Millennium request: GET /MILLENIUM!JOIN_ONEUP.LANCAMENTOS.CONSULTALANCAMENTOS?cnpj=57.408.548%2F0001-92&n_documento=106654%2FC","service":"btg-baixa-titulos-service","timestamp":"2026-05-26T12:59:15.963Z"}
{"lancamento":1434803553,"level":"info","message":"ℹ️ Título 106654/C já estava baixado. Processo ignorado.","service":"btg-baixa-titulos-service","situacao":"BAIXADO","timestamp":"2026-05-26T12:59:15.981Z"}
{"level":"info","message":"🔎 Processando título 106702/A","service":"btg-baixa-titulos-service","timestamp":"2026-05-26T12:59:15.984Z"}
{"level":"info","message":"🌐 Millennium request: GET /MILLENIUM!JOIN_ONEUP.LANCAMENTOS.CONSULTALANCAMENTOS?cnpj=57.408.548%2F0001-92&n_documento=106702%2FA","service":"btg-baixa-titulos-service","timestamp":"2026-05-26T12:59:15.984Z"}
{"lancamento":1434803690,"level":"info","message":"ℹ️ Título 106702/A já estava baixado. Processo ignorado.","service":"btg-baixa-titulos-service","situacao":"BAIXADO","timestamp":"2026-05-26T12:59:15.999Z"}
{"level":"info","message":"🔎 Processando título 106654/D","service":"btg-baixa-titulos-service","timestamp":"2026-05-26T12:59:16.000Z"}
{"level":"info","message":"🌐 Millennium request: GET /MILLENIUM!JOIN_ONEUP.LANCAMENTOS.CONSULTALANCAMENTOS?cnpj=57.408.548%2F0001-92&n_documento=106654%2FD","service":"btg-baixa-titulos-service","timestamp":"2026-05-26T12:59:16.000Z"}
{"lancamento":1434803554,"level":"info","message":"ℹ️ Título 106654/D já estava baixado. Processo ignorado.","service":"btg-baixa-titulos-service","situacao":"BAIXADO","timestamp":"2026-05-26T12:59:16.016Z"}
{"level":"info","message":"🔎 Processando título 106702/B","service":"btg-baixa-titulos-service","timestamp":"2026-05-26T12:59:16.019Z"}
{"level":"info","message":"🌐 Millennium request: GET /MILLENIUM!JOIN_ONEUP.LANCAMENTOS.CONSULTALANCAMENTOS?cnpj=57.408.548%2F0001-92&n_documento=106702%2FB","service":"btg-baixa-titulos-service","timestamp":"2026-05-26T12:59:16.019Z"}
{"lancamento":1434803691,"level":"info","message":"ℹ️ Título 106702/B já estava baixado. Processo ignorado.","service":"btg-baixa-titulos-service","situacao":"BAIXADO","timestamp":"2026-05-26T12:59:16.034Z"}
{"level":"info","message":"🔎 Processando título 106702/C","service":"btg-baixa-titulos-service","timestamp":"2026-05-26T12:59:16.037Z"}
{"level":"info","message":"🌐 Millennium request: GET /MILLENIUM!JOIN_ONEUP.LANCAMENTOS.CONSULTALANCAMENTOS?cnpj=57.408.548%2F0001-92&n_documento=106702%2FC","service":"btg-baixa-titulos-service","timestamp":"2026-05-26T12:59:16.037Z"}
{"lancamento":1434803692,"level":"info","message":"ℹ️ Título 106702/C já estava baixado. Processo ignorado.","service":"btg-baixa-titulos-service","situacao":"BAIXADO","timestamp":"2026-05-26T12:59:16.059Z"}
{"level":"info","message":"🔎 Processando título 106655/A","service":"btg-baixa-titulos-service","timestamp":"2026-05-26T12:59:16.062Z"}
{"level":"info","message":"🌐 Millennium request: GET /MILLENIUM!JOIN_ONEUP.LANCAMENTOS.CONSULTALANCAMENTOS?cnpj=73.652.158%2F0001-10&n_documento=106655%2FA","service":"btg-baixa-titulos-service","timestamp":"2026-05-26T12:59:16.062Z"}
{"lancamento":1434803555,"level":"info","message":"ℹ️ Título 106655/A já estava baixado. Processo ignorado.","service":"btg-baixa-titulos-service","situacao":"BAIXADO","timestamp":"2026-05-26T12:59:16.081Z"}
{"level":"info","message":"🔎 Processando título 106702/D","service":"btg-baixa-titulos-service","timestamp":"2026-05-26T12:59:16.084Z"}
{"level":"info","message":"🌐 Millennium request: GET /MILLENIUM!JOIN_ONEUP.LANCAMENTOS.CONSULTALANCAMENTOS?cnpj=57.408.548%2F0001-92&n_documento=106702%2FD","service":"btg-baixa-titulos-service","timestamp":"2026-05-26T12:59:16.084Z"}
{"lancamento":1434803693,"level":"info","message":"ℹ️ Título 106702/D já estava baixado. Processo ignorado.","service":"btg-baixa-titulos-service","situacao":"BAIXADO","timestamp":"2026-05-26T12:59:16.181Z"}
{"level":"info","message":"🔎 Processando título 106655/B","service":"btg-baixa-titulos-service","timestamp":"2026-05-26T12:59:16.185Z"}
{"level":"info","message":"🌐 Millennium request: GET /MILLENIUM!JOIN_ONEUP.LANCAMENTOS.CONSULTALANCAMENTOS?cnpj=73.652.158%2F0001-10&n_documento=106655%2FB","service":"btg-baixa-titulos-service","timestamp":"2026-05-26T12:59:16.185Z"}
{"lancamento":1434803556,"level":"info","message":"ℹ️ Título 106655/B já estava baixado. Processo ignorado.","service":"btg-baixa-titulos-service","situacao":"BAIXADO","timestamp":"2026-05-26T12:59:16.202Z"}
{"level":"info","message":"🔎 Processando título 106655/C","service":"btg-baixa-titulos-service","timestamp":"2026-05-26T12:59:16.205Z"}
{"level":"info","message":"🌐 Millennium request: GET /MILLENIUM!JOIN_ONEUP.LANCAMENTOS.CONSULTALANCAMENTOS?cnpj=73.652.158%2F0001-10&n_documento=106655%2FC","service":"btg-baixa-titulos-service","timestamp":"2026-05-26T12:59:16.205Z"}
{"lancamento":1434803557,"level":"info","message":"ℹ️ Título 106655/C já estava baixado. Processo ignorado.","service":"btg-baixa-titulos-service","situacao":"BAIXADO","timestamp":"2026-05-26T12:59:16.222Z"}
{"level":"info","message":"🔎 Processando título 106655/D","service":"btg-baixa-titulos-service","timestamp":"2026-05-26T12:59:16.225Z"}
{"level":"info","message":"🌐 Millennium request: GET /MILLENIUM!JOIN_ONEUP.LANCAMENTOS.CONSULTALANCAMENTOS?cnpj=73.652.158%2F0001-10&n_documento=106655%2FD","service":"btg-baixa-titulos-service","timestamp":"2026-05-26T12:59:16.225Z"}
{"lancamento":1434803558,"level":"info","message":"ℹ️ Título 106655/D já estava baixado. Processo ignorado.","service":"btg-baixa-titulos-service","situacao":"BAIXADO","timestamp":"2026-05-26T12:59:16.241Z"}
{"level":"info","message":"🔎 Processando título 106655/E","service":"btg-baixa-titulos-service","timestamp":"2026-05-26T12:59:16.243Z"}
{"level":"info","message":"🌐 Millennium request: GET /MILLENIUM!JOIN_ONEUP.LANCAMENTOS.CONSULTALANCAMENTOS?cnpj=73.652.158%2F0001-10&n_documento=106655%2FE","service":"btg-baixa-titulos-service","timestamp":"2026-05-26T12:59:16.243Z"}
{"lancamento":1434803559,"level":"info","message":"ℹ️ Título 106655/E já estava baixado. Processo ignorado.","service":"btg-baixa-titulos-service","situacao":"BAIXADO","timestamp":"2026-05-26T12:59:16.261Z"}
{"level":"info","message":"🔎 Processando título 106709/A","service":"btg-baixa-titulos-service","timestamp":"2026-05-26T12:59:16.262Z"}
{"level":"info","message":"🌐 Millennium request: GET /MILLENIUM!JOIN_ONEUP.LANCAMENTOS.CONSULTALANCAMENTOS?cnpj=00.768.271%2F0001-91&n_documento=106709%2FA","service":"btg-baixa-titulos-service","timestamp":"2026-05-26T12:59:16.262Z"}
{"lancamento":1434803743,"level":"info","message":"ℹ️ Título 106709/A já estava baixado. Processo ignorado.","service":"btg-baixa-titulos-service","situacao":"BAIXADO","timestamp":"2026-05-26T12:59:16.279Z"}
{"level":"info","message":"🔎 Processando título 106709/B","service":"btg-baixa-titulos-service","timestamp":"2026-05-26T12:59:16.280Z"}
{"level":"info","message":"🌐 Millennium request: GET /MILLENIUM!JOIN_ONEUP.LANCAMENTOS.CONSULTALANCAMENTOS?cnpj=00.768.271%2F0001-91&n_documento=106709%2FB","service":"btg-baixa-titulos-service","timestamp":"2026-05-26T12:59:16.280Z"}
{"lancamento":1434803744,"level":"info","message":"ℹ️ Título 106709/B já estava baixado. Processo ignorado.","service":"btg-baixa-titulos-service","situacao":"BAIXADO","timestamp":"2026-05-26T12:59:16.293Z"}
{"level":"info","message":"🔎 Processando título 106709/C","service":"btg-baixa-titulos-service","timestamp":"2026-05-26T12:59:16.294Z"}
{"level":"info","message":"🌐 Millennium request: GET /MILLENIUM!JOIN_ONEUP.LANCAMENTOS.CONSULTALANCAMENTOS?cnpj=00.768.271%2F0001-91&n_documento=106709%2FC","service":"btg-baixa-titulos-service","timestamp":"2026-05-26T12:59:16.294Z"}
{"lancamento":1434803745,"level":"info","message":"ℹ️ Título 106709/C já estava baixado. Processo ignorado.","service":"btg-baixa-titulos-service","situacao":"BAIXADO","timestamp":"2026-05-26T12:59:16.308Z"}
{"level":"info","message":"🔎 Processando título 106709/D","service":"btg-baixa-titulos-service","timestamp":"2026-05-26T12:59:16.309Z"}
{"level":"info","message":"🌐 Millennium request: GET /MILLENIUM!JOIN_ONEUP.LANCAMENTOS.CONSULTALANCAMENTOS?cnpj=00.768.271%2F0001-91&n_documento=106709%2FD","service":"btg-baixa-titulos-service","timestamp":"2026-05-26T12:59:16.309Z"}
{"lancamento":1434803746,"level":"info","message":"ℹ️ Título 106709/D já estava baixado. Processo ignorado.","service":"btg-baixa-titulos-service","situacao":"BAIXADO","timestamp":"2026-05-26T12:59:16.322Z"}
{"level":"info","message":"🔎 Processando título 106806/B","service":"btg-baixa-titulos-service","timestamp":"2026-05-26T12:59:16.323Z"}
{"level":"info","message":"🌐 Millennium request: GET /MILLENIUM!JOIN_ONEUP.LANCAMENTOS.CONSULTALANCAMENTOS?cnpj=44.999.259%2F0001-63&n_documento=106806%2FB","service":"btg-baixa-titulos-service","timestamp":"2026-05-26T12:59:16.323Z"}
{"lancamento":1434804042,"level":"info","message":"ℹ️ Título 106806/B já estava baixado. Processo ignorado.","service":"btg-baixa-titulos-service","situacao":"BAIXADO","timestamp":"2026-05-26T12:59:16.337Z"}
{"level":"info","message":"🔎 Processando título 106806/C","service":"btg-baixa-titulos-service","timestamp":"2026-05-26T12:59:16.339Z"}
{"level":"info","message":"🌐 Millennium request: GET /MILLENIUM!JOIN_ONEUP.LANCAMENTOS.CONSULTALANCAMENTOS?cnpj=44.999.259%2F0001-63&n_documento=106806%2FC","service":"btg-baixa-titulos-service","timestamp":"2026-05-26T12:59:16.339Z"}
{"lancamento":1434804043,"level":"info","message":"ℹ️ Título 106806/C já estava baixado. Processo ignorado.","service":"btg-baixa-titulos-service","situacao":"BAIXADO","timestamp":"2026-05-26T12:59:16.360Z"}
{"level":"info","message":"🔎 Processando título 106806/A","service":"btg-baixa-titulos-service","timestamp":"2026-05-26T12:59:16.362Z"}
{"level":"info","message":"🌐 Millennium request: GET /MILLENIUM!JOIN_ONEUP.LANCAMENTOS.CONSULTALANCAMENTOS?cnpj=44.999.259%2F0001-63&n_documento=106806%2FA","service":"btg-baixa-titulos-service","timestamp":"2026-05-26T12:59:16.362Z"}
{"lancamento":1434804041,"level":"info","message":"ℹ️ Título 106806/A já estava baixado. Processo ignorado.","service":"btg-baixa-titulos-service","situacao":"BAIXADO","timestamp":"2026-05-26T12:59:16.383Z"}
{"level":"info","message":"🔎 Processando título 106806/E","service":"btg-baixa-titulos-service","timestamp":"2026-05-26T12:59:16.385Z"}
{"level":"info","message":"🌐 Millennium request: GET /MILLENIUM!JOIN_ONEUP.LANCAMENTOS.CONSULTALANCAMENTOS?cnpj=44.999.259%2F0001-63&n_documento=106806%2FE","service":"btg-baixa-titulos-service","timestamp":"2026-05-26T12:59:16.385Z"}
{"lancamento":1434804045,"level":"info","message":"ℹ️ Título 106806/E já estava baixado. Processo ignorado.","service":"btg-baixa-titulos-service","situacao":"BAIXADO","timestamp":"2026-05-26T12:59:16.407Z"}
{"level":"info","message":"🔎 Processando título 106806/D","service":"btg-baixa-titulos-service","timestamp":"2026-05-26T12:59:16.411Z"}
{"level":"info","message":"🌐 Millennium request: GET /MILLENIUM!JOIN_ONEUP.LANCAMENTOS.CONSULTALANCAMENTOS?cnpj=44.999.259%2F0001-63&n_documento=106806%2FD","service":"btg-baixa-titulos-service","timestamp":"2026-05-26T12:59:16.411Z"}
{"lancamento":1434804044,"level":"info","message":"ℹ️ Título 106806/D já estava baixado. Processo ignorado.","service":"btg-baixa-titulos-service","situacao":"BAIXADO","timestamp":"2026-05-26T12:59:16.427Z"}
{"level":"info","message":"🔎 Processando título 108313/B","service":"btg-baixa-titulos-service","timestamp":"2026-05-26T12:59:16.431Z"}
{"level":"info","message":"🌐 Millennium request: GET /MILLENIUM!JOIN_ONEUP.LANCAMENTOS.CONSULTALANCAMENTOS?cnpj=22.031.998%2F0001-24&n_documento=108313%2FB","service":"btg-baixa-titulos-service","timestamp":"2026-05-26T12:59:16.431Z"}
{"lancamento":1434850290,"level":"info","message":"ℹ️ Título 108313/B já estava baixado. Processo ignorado.","service":"btg-baixa-titulos-service","situacao":"BAIXADO","timestamp":"2026-05-26T12:59:16.447Z"}
{"level":"info","message":"🔎 Processando título 108318/B","service":"btg-baixa-titulos-service","timestamp":"2026-05-26T12:59:16.450Z"}
{"level":"info","message":"🌐 Millennium request: GET /MILLENIUM!JOIN_ONEUP.LANCAMENTOS.CONSULTALANCAMENTOS?cnpj=50.649.490%2F0001-20&n_documento=108318%2FB","service":"btg-baixa-titulos-service","timestamp":"2026-05-26T12:59:16.450Z"}
{"lancamento":1434850323,"level":"info","message":"ℹ️ Título 108318/B já estava baixado. Processo ignorado.","service":"btg-baixa-titulos-service","situacao":"BAIXADO","timestamp":"2026-05-26T12:59:16.465Z"}
{"level":"info","message":"🔎 Processando título 108320/B","service":"btg-baixa-titulos-service","timestamp":"2026-05-26T12:59:16.466Z"}
{"level":"info","message":"🌐 Millennium request: GET /MILLENIUM!JOIN_ONEUP.LANCAMENTOS.CONSULTALANCAMENTOS?cnpj=47.485.403%2F0001-31&n_documento=108320%2FB","service":"btg-baixa-titulos-service","timestamp":"2026-05-26T12:59:16.466Z"}
{"lancamento":1434850327,"level":"info","message":"ℹ️ Título 108320/B já estava baixado. Processo ignorado.","service":"btg-baixa-titulos-service","situacao":"BAIXADO","timestamp":"2026-05-26T12:59:16.483Z"}
{"level":"info","message":"🔎 Processando título 107660/D","service":"btg-baixa-titulos-service","timestamp":"2026-05-26T12:59:16.486Z"}
{"level":"info","message":"🌐 Millennium request: GET /MILLENIUM!JOIN_ONEUP.LANCAMENTOS.CONSULTALANCAMENTOS?cnpj=57.408.548%2F0001-92&n_documento=107660%2FD","service":"btg-baixa-titulos-service","timestamp":"2026-05-26T12:59:16.486Z"}
{"lancamento":1434808278,"level":"info","message":"ℹ️ Título 107660/D já estava baixado. Processo ignorado.","service":"btg-baixa-titulos-service","situacao":"BAIXADO","timestamp":"2026-05-26T12:59:16.502Z"}
{"level":"info","message":"🔎 Processando título 108324/B","service":"btg-baixa-titulos-service","timestamp":"2026-05-26T12:59:16.504Z"}
{"level":"info","message":"🌐 Millennium request: GET /MILLENIUM!JOIN_ONEUP.LANCAMENTOS.CONSULTALANCAMENTOS?cnpj=47.485.403%2F0001-31&n_documento=108324%2FB","service":"btg-baixa-titulos-service","timestamp":"2026-05-26T12:59:16.505Z"}
{"lancamento":1434850350,"level":"info","message":"ℹ️ Título 108324/B já estava baixado. Processo ignorado.","service":"btg-baixa-titulos-service","situacao":"BAIXADO","timestamp":"2026-05-26T12:59:16.521Z"}
{"level":"info","message":"🔎 Processando título 108323/B","service":"btg-baixa-titulos-service","timestamp":"2026-05-26T12:59:16.524Z"}
{"level":"info","message":"🌐 Millennium request: GET /MILLENIUM!JOIN_ONEUP.LANCAMENTOS.CONSULTALANCAMENTOS?cnpj=47.485.403%2F0001-31&n_documento=108323%2FB","service":"btg-baixa-titulos-service","timestamp":"2026-05-26T12:59:16.524Z"}
{"lancamento":1434850341,"level":"info","message":"ℹ️ Título 108323/B já estava baixado. Processo ignorado.","service":"btg-baixa-titulos-service","situacao":"BAIXADO","timestamp":"2026-05-26T12:59:16.539Z"}
{"level":"info","message":"🔎 Processando título 108326/B","service":"btg-baixa-titulos-service","timestamp":"2026-05-26T12:59:16.542Z"}
{"level":"info","message":"🌐 Millennium request: GET /MILLENIUM!JOIN_ONEUP.LANCAMENTOS.CONSULTALANCAMENTOS?cnpj=96.609.490%2F0001-05&n_documento=108326%2FB","service":"btg-baixa-titulos-service","timestamp":"2026-05-26T12:59:16.542Z"}
{"lancamento":1434850353,"level":"info","message":"ℹ️ Título 108326/B já estava baixado. Processo ignorado.","service":"btg-baixa-titulos-service","situacao":"BAIXADO","timestamp":"2026-05-26T12:59:16.560Z"}
{"level":"info","message":"🔎 Processando título 108156/D","service":"btg-baixa-titulos-service","timestamp":"2026-05-26T12:59:16.563Z"}
{"level":"info","message":"🌐 Millennium request: GET /MILLENIUM!JOIN_ONEUP.LANCAMENTOS.CONSULTALANCAMENTOS?cnpj=57.408.548%2F0001-92&n_documento=108156%2FD","service":"btg-baixa-titulos-service","timestamp":"2026-05-26T12:59:16.563Z"}
{"lancamento":1434849580,"level":"info","message":"ℹ️ Título 108156/D já estava baixado. Processo ignorado.","service":"btg-baixa-titulos-service","situacao":"BAIXADO","timestamp":"2026-05-26T12:59:16.582Z"}
{"level":"info","message":"🔎 Processando título 108331/B","service":"btg-baixa-titulos-service","timestamp":"2026-05-26T12:59:16.584Z"}
{"level":"info","message":"🌐 Millennium request: GET /MILLENIUM!JOIN_ONEUP.LANCAMENTOS.CONSULTALANCAMENTOS?cnpj=47.485.403%2F0001-31&n_documento=108331%2FB","service":"btg-baixa-titulos-service","timestamp":"2026-05-26T12:59:16.584Z"}
{"lancamento":1434850369,"level":"info","message":"ℹ️ Título 108331/B já estava baixado. Processo ignorado.","service":"btg-baixa-titulos-service","situacao":"BAIXADO","timestamp":"2026-05-26T12:59:16.604Z"}
{"level":"info","message":"🔎 Processando título 108328/B","service":"btg-baixa-titulos-service","timestamp":"2026-05-26T12:59:16.607Z"}
{"level":"info","message":"🌐 Millennium request: GET /MILLENIUM!JOIN_ONEUP.LANCAMENTOS.CONSULTALANCAMENTOS?cnpj=59.205.187%2F0001-02&n_documento=108328%2FB","service":"btg-baixa-titulos-service","timestamp":"2026-05-26T12:59:16.608Z"}
{"lancamento":1434850362,"level":"info","message":"ℹ️ Título 108328/B já estava baixado. Processo ignorado.","service":"btg-baixa-titulos-service","situacao":"BAIXADO","timestamp":"2026-05-26T12:59:16.704Z"}
{"level":"info","message":"🔎 Processando título 108020/D","service":"btg-baixa-titulos-service","timestamp":"2026-05-26T12:59:16.709Z"}
{"level":"info","message":"🌐 Millennium request: GET /MILLENIUM!JOIN_ONEUP.LANCAMENTOS.CONSULTALANCAMENTOS?cnpj=57.408.548%2F0001-92&n_documento=108020%2FD","service":"btg-baixa-titulos-service","timestamp":"2026-05-26T12:59:16.709Z"}
{"lancamento":1434848921,"level":"info","message":"ℹ️ Título 108020/D já estava baixado. Processo ignorado.","service":"btg-baixa-titulos-service","situacao":"BAIXADO","timestamp":"2026-05-26T12:59:16.729Z"}
{"level":"info","message":"🔎 Processando título 108157/D","service":"btg-baixa-titulos-service","timestamp":"2026-05-26T12:59:16.731Z"}
{"level":"info","message":"🌐 Millennium request: GET /MILLENIUM!JOIN_ONEUP.LANCAMENTOS.CONSULTALANCAMENTOS?cnpj=03.294.992%2F0001-03&n_documento=108157%2FD","service":"btg-baixa-titulos-service","timestamp":"2026-05-26T12:59:16.731Z"}
{"lancamento":1434849584,"level":"info","message":"ℹ️ Título 108157/D já estava baixado. Processo ignorado.","service":"btg-baixa-titulos-service","situacao":"BAIXADO","timestamp":"2026-05-26T12:59:16.747Z"}
{"level":"info","message":"🔎 Processando título 108253/B","service":"btg-baixa-titulos-service","timestamp":"2026-05-26T12:59:16.749Z"}
{"level":"info","message":"🌐 Millennium request: GET /MILLENIUM!JOIN_ONEUP.LANCAMENTOS.CONSULTALANCAMENTOS?cnpj=57.408.548%2F0001-92&n_documento=108253%2FB","service":"btg-baixa-titulos-service","timestamp":"2026-05-26T12:59:16.749Z"}
{"lancamento":1434850048,"level":"info","message":"ℹ️ Título 108253/B já estava baixado. Processo ignorado.","service":"btg-baixa-titulos-service","situacao":"BAIXADO","timestamp":"2026-05-26T12:59:16.767Z"}
{"level":"info","message":"🔎 Processando título 108252/B","service":"btg-baixa-titulos-service","timestamp":"2026-05-26T12:59:16.768Z"}
{"level":"info","message":"🌐 Millennium request: GET /MILLENIUM!JOIN_ONEUP.LANCAMENTOS.CONSULTALANCAMENTOS?cnpj=44.999.259%2F0001-63&n_documento=108252%2FB","service":"btg-baixa-titulos-service","timestamp":"2026-05-26T12:59:16.768Z"}
{"lancamento":1434850043,"level":"info","message":"ℹ️ Título 108252/B já estava baixado. Processo ignorado.","service":"btg-baixa-titulos-service","situacao":"BAIXADO","timestamp":"2026-05-26T12:59:16.782Z"}
{"level":"info","message":"🔎 Processando título 108252/D","service":"btg-baixa-titulos-service","timestamp":"2026-05-26T12:59:16.783Z"}
{"level":"info","message":"🌐 Millennium request: GET /MILLENIUM!JOIN_ONEUP.LANCAMENTOS.CONSULTALANCAMENTOS?cnpj=44.999.259%2F0001-63&n_documento=108252%2FD","service":"btg-baixa-titulos-service","timestamp":"2026-05-26T12:59:16.783Z"}
{"lancamento":1434850045,"level":"info","message":"ℹ️ Título 108252/D já estava baixado. Processo ignorado.","service":"btg-baixa-titulos-service","situacao":"BAIXADO","timestamp":"2026-05-26T12:59:16.795Z"}
{"level":"info","message":"🔎 Processando título 108306/D","service":"btg-baixa-titulos-service","timestamp":"2026-05-26T12:59:16.796Z"}
{"level":"info","message":"🌐 Millennium request: GET /MILLENIUM!JOIN_ONEUP.LANCAMENTOS.CONSULTALANCAMENTOS?cnpj=00.768.271%2F0001-91&n_documento=108306%2FD","service":"btg-baixa-titulos-service","timestamp":"2026-05-26T12:59:16.796Z"}
{"lancamento":1434850220,"level":"info","message":"ℹ️ Título 108306/D já estava baixado. Processo ignorado.","service":"btg-baixa-titulos-service","situacao":"BAIXADO","timestamp":"2026-05-26T12:59:16.812Z"}
{"level":"info","message":"🔎 Processando título 108310/D","service":"btg-baixa-titulos-service","timestamp":"2026-05-26T12:59:16.813Z"}
{"level":"info","message":"🌐 Millennium request: GET /MILLENIUM!JOIN_ONEUP.LANCAMENTOS.CONSULTALANCAMENTOS?cnpj=03.247.651%2F0001-79&n_documento=108310%2FD","service":"btg-baixa-titulos-service","timestamp":"2026-05-26T12:59:16.813Z"}
{"lancamento":1434850287,"level":"info","message":"ℹ️ Título 108310/D já estava baixado. Processo ignorado.","service":"btg-baixa-titulos-service","situacao":"BAIXADO","timestamp":"2026-05-26T12:59:16.829Z"}
{"level":"info","message":"🔎 Processando título 108253/D","service":"btg-baixa-titulos-service","timestamp":"2026-05-26T12:59:16.831Z"}
{"level":"info","message":"🌐 Millennium request: GET /MILLENIUM!JOIN_ONEUP.LANCAMENTOS.CONSULTALANCAMENTOS?cnpj=57.408.548%2F0001-92&n_documento=108253%2FD","service":"btg-baixa-titulos-service","timestamp":"2026-05-26T12:59:16.831Z"}
{"lancamento":1434850050,"level":"info","message":"ℹ️ Título 108253/D já estava baixado. Processo ignorado.","service":"btg-baixa-titulos-service","situacao":"BAIXADO","timestamp":"2026-05-26T12:59:16.843Z"}
{"level":"info","message":"🔎 Processando título 108306/B","service":"btg-baixa-titulos-service","timestamp":"2026-05-26T12:59:16.845Z"}
{"level":"info","message":"🌐 Millennium request: GET /MILLENIUM!JOIN_ONEUP.LANCAMENTOS.CONSULTALANCAMENTOS?cnpj=00.768.271%2F0001-91&n_documento=108306%2FB","service":"btg-baixa-titulos-service","timestamp":"2026-05-26T12:59:16.845Z"}
{"lancamento":1434850218,"level":"info","message":"ℹ️ Título 108306/B já estava baixado. Processo ignorado.","service":"btg-baixa-titulos-service","situacao":"BAIXADO","timestamp":"2026-05-26T12:59:16.885Z"}
{"level":"info","message":"🔎 Processando título 108310/B","service":"btg-baixa-titulos-service","timestamp":"2026-05-26T12:59:16.889Z"}
{"level":"info","message":"🌐 Millennium request: GET /MILLENIUM!JOIN_ONEUP.LANCAMENTOS.CONSULTALANCAMENTOS?cnpj=03.247.651%2F0001-79&n_documento=108310%2FB","service":"btg-baixa-titulos-service","timestamp":"2026-05-26T12:59:16.889Z"}
{"lancamento":1434850285,"level":"info","message":"ℹ️ Título 108310/B já estava baixado. Processo ignorado.","service":"btg-baixa-titulos-service","situacao":"BAIXADO","timestamp":"2026-05-26T12:59:16.919Z"}
{"level":"info","message":"🔎 Processando título 108317/G","service":"btg-baixa-titulos-service","timestamp":"2026-05-26T12:59:16.924Z"}
{"level":"info","message":"🌐 Millennium request: GET /MILLENIUM!JOIN_ONEUP.LANCAMENTOS.CONSULTALANCAMENTOS?cnpj=03.294.992%2F0001-03&n_documento=108317%2FG","service":"btg-baixa-titulos-service","timestamp":"2026-05-26T12:59:16.924Z"}
{"lancamento":1434850309,"level":"info","message":"ℹ️ Título 108317/G já estava baixado. Processo ignorado.","service":"btg-baixa-titulos-service","situacao":"BAIXADO","timestamp":"2026-05-26T12:59:16.945Z"}
{"level":"info","message":"🔎 Processando título 108317/C","service":"btg-baixa-titulos-service","timestamp":"2026-05-26T12:59:16.948Z"}
{"level":"info","message":"🌐 Millennium request: GET /MILLENIUM!JOIN_ONEUP.LANCAMENTOS.CONSULTALANCAMENTOS?cnpj=03.294.992%2F0001-03&n_documento=108317%2FC","service":"btg-baixa-titulos-service","timestamp":"2026-05-26T12:59:16.948Z"}
{"lancamento":1434850305,"level":"info","message":"ℹ️ Título 108317/C já estava baixado. Processo ignorado.","service":"btg-baixa-titulos-service","situacao":"BAIXADO","timestamp":"2026-05-26T12:59:16.964Z"}
{"level":"info","message":"🔎 Processando título 108327/B","service":"btg-baixa-titulos-service","timestamp":"2026-05-26T12:59:16.968Z"}
{"level":"info","message":"🌐 Millennium request: GET /MILLENIUM!JOIN_ONEUP.LANCAMENTOS.CONSULTALANCAMENTOS?cnpj=73.652.158%2F0001-10&n_documento=108327%2FB","service":"btg-baixa-titulos-service","timestamp":"2026-05-26T12:59:16.968Z"}
{"lancamento":1434850356,"level":"info","message":"ℹ️ Título 108327/B já estava baixado. Processo ignorado.","service":"btg-baixa-titulos-service","situacao":"BAIXADO","timestamp":"2026-05-26T12:59:16.986Z"}
{"level":"info","message":"🔎 Processando título 108315/B","service":"btg-baixa-titulos-service","timestamp":"2026-05-26T12:59:16.989Z"}
{"level":"info","message":"🌐 Millennium request: GET /MILLENIUM!JOIN_ONEUP.LANCAMENTOS.CONSULTALANCAMENTOS?cnpj=06.181.589%2F0001-58&n_documento=108315%2FB","service":"btg-baixa-titulos-service","timestamp":"2026-05-26T12:59:16.989Z"}
{"lancamento":1434850297,"level":"info","message":"ℹ️ Título 108315/B já estava baixado. Processo ignorado.","service":"btg-baixa-titulos-service","situacao":"BAIXADO","timestamp":"2026-05-26T12:59:17.004Z"}
{"level":"info","message":"🔎 Processando título 108315/D","service":"btg-baixa-titulos-service","timestamp":"2026-05-26T12:59:17.008Z"}
{"level":"info","message":"🌐 Millennium request: GET /MILLENIUM!JOIN_ONEUP.LANCAMENTOS.CONSULTALANCAMENTOS?cnpj=06.181.589%2F0001-58&n_documento=108315%2FD","service":"btg-baixa-titulos-service","timestamp":"2026-05-26T12:59:17.008Z"}
{"lancamento":1434850299,"level":"info","message":"ℹ️ Título 108315/D já estava baixado. Processo ignorado.","service":"btg-baixa-titulos-service","situacao":"BAIXADO","timestamp":"2026-05-26T12:59:17.023Z"}
{"level":"info","message":"🔎 Processando título 107627/C","service":"btg-baixa-titulos-service","timestamp":"2026-05-26T12:59:17.025Z"}
{"level":"info","message":"🌐 Millennium request: GET /MILLENIUM!JOIN_ONEUP.LANCAMENTOS.CONSULTALANCAMENTOS?cnpj=57.408.548%2F0001-92&n_documento=107627%2FC","service":"btg-baixa-titulos-service","timestamp":"2026-05-26T12:59:17.025Z"}
{"lancamento":1434808246,"level":"info","message":"ℹ️ Título 107627/C já estava baixado. Processo ignorado.","service":"btg-baixa-titulos-service","situacao":"BAIXADO","timestamp":"2026-05-26T12:59:17.039Z"}
{"level":"info","message":"🔎 Processando título 108317/D","service":"btg-baixa-titulos-service","timestamp":"2026-05-26T12:59:17.040Z"}
{"level":"info","message":"🌐 Millennium request: GET /MILLENIUM!JOIN_ONEUP.LANCAMENTOS.CONSULTALANCAMENTOS?cnpj=03.294.992%2F0001-03&n_documento=108317%2FD","service":"btg-baixa-titulos-service","timestamp":"2026-05-26T12:59:17.040Z"}
{"lancamento":1434850306,"level":"info","message":"ℹ️ Título 108317/D já estava baixado. Processo ignorado.","service":"btg-baixa-titulos-service","situacao":"BAIXADO","timestamp":"2026-05-26T12:59:17.067Z"}
{"level":"info","message":"🔎 Processando título 108327/D","service":"btg-baixa-titulos-service","timestamp":"2026-05-26T12:59:17.069Z"}
{"level":"info","message":"🌐 Millennium request: GET /MILLENIUM!JOIN_ONEUP.LANCAMENTOS.CONSULTALANCAMENTOS?cnpj=73.652.158%2F0001-10&n_documento=108327%2FD","service":"btg-baixa-titulos-service","timestamp":"2026-05-26T12:59:17.069Z"}
{"lancamento":1434850358,"level":"info","message":"ℹ️ Título 108327/D já estava baixado. Processo ignorado.","service":"btg-baixa-titulos-service","situacao":"BAIXADO","timestamp":"2026-05-26T12:59:17.110Z"}
{"level":"info","message":"🔎 Processando título 108317/H","service":"btg-baixa-titulos-service","timestamp":"2026-05-26T12:59:17.114Z"}
{"level":"info","message":"🌐 Millennium request: GET /MILLENIUM!JOIN_ONEUP.LANCAMENTOS.CONSULTALANCAMENTOS?cnpj=03.294.992%2F0001-03&n_documento=108317%2FH","service":"btg-baixa-titulos-service","timestamp":"2026-05-26T12:59:17.114Z"}
{"lancamento":1434850310,"level":"info","message":"ℹ️ Título 108317/H já estava baixado. Processo ignorado.","service":"btg-baixa-titulos-service","situacao":"BAIXADO","timestamp":"2026-05-26T12:59:17.132Z"}
{"level":"info","message":"🔎 Processando título 108252/E","service":"btg-baixa-titulos-service","timestamp":"2026-05-26T12:59:17.136Z"}
{"level":"info","message":"🌐 Millennium request: GET /MILLENIUM!JOIN_ONEUP.LANCAMENTOS.CONSULTALANCAMENTOS?cnpj=44.999.259%2F0001-63&n_documento=108252%2FE","service":"btg-baixa-titulos-service","timestamp":"2026-05-26T12:59:17.136Z"}
{"lancamento":1434850046,"level":"info","message":"ℹ️ Título 108252/E já estava baixado. Processo ignorado.","service":"btg-baixa-titulos-service","situacao":"BAIXADO","timestamp":"2026-05-26T12:59:17.240Z"}
{"level":"info","message":"🔎 Processando título 108157/E","service":"btg-baixa-titulos-service","timestamp":"2026-05-26T12:59:17.245Z"}
{"level":"info","message":"🌐 Millennium request: GET /MILLENIUM!JOIN_ONEUP.LANCAMENTOS.CONSULTALANCAMENTOS?cnpj=03.294.992%2F0001-03&n_documento=108157%2FE","service":"btg-baixa-titulos-service","timestamp":"2026-05-26T12:59:17.245Z"}
{"lancamento":1434849585,"level":"info","message":"ℹ️ Título 108157/E já estava baixado. Processo ignorado.","service":"btg-baixa-titulos-service","situacao":"BAIXADO","timestamp":"2026-05-26T12:59:17.263Z"}
{"level":"info","message":"🔎 Processando título 108310/E","service":"btg-baixa-titulos-service","timestamp":"2026-05-26T12:59:17.266Z"}
{"level":"info","message":"🌐 Millennium request: GET /MILLENIUM!JOIN_ONEUP.LANCAMENTOS.CONSULTALANCAMENTOS?cnpj=03.247.651%2F0001-79&n_documento=108310%2FE","service":"btg-baixa-titulos-service","timestamp":"2026-05-26T12:59:17.266Z"}
{"lancamento":1434850288,"level":"info","message":"ℹ️ Título 108310/E já estava baixado. Processo ignorado.","service":"btg-baixa-titulos-service","situacao":"BAIXADO","timestamp":"2026-05-26T12:59:17.289Z"}
{"level":"info","message":"🔎 Processando título 108020/C","service":"btg-baixa-titulos-service","timestamp":"2026-05-26T12:59:17.291Z"}
{"level":"info","message":"🌐 Millennium request: GET /MILLENIUM!JOIN_ONEUP.LANCAMENTOS.CONSULTALANCAMENTOS?cnpj=57.408.548%2F0001-92&n_documento=108020%2FC","service":"btg-baixa-titulos-service","timestamp":"2026-05-26T12:59:17.291Z"}
{"lancamento":1434848920,"level":"info","message":"ℹ️ Título 108020/C já estava baixado. Processo ignorado.","service":"btg-baixa-titulos-service","situacao":"BAIXADO","timestamp":"2026-05-26T12:59:17.308Z"}
{"level":"info","message":"🔎 Processando título 107660/C","service":"btg-baixa-titulos-service","timestamp":"2026-05-26T12:59:17.310Z"}
{"level":"info","message":"🌐 Millennium request: GET /MILLENIUM!JOIN_ONEUP.LANCAMENTOS.CONSULTALANCAMENTOS?cnpj=57.408.548%2F0001-92&n_documento=107660%2FC","service":"btg-baixa-titulos-service","timestamp":"2026-05-26T12:59:17.310Z"}
{"lancamento":1434808277,"level":"info","message":"ℹ️ Título 107660/C já estava baixado. Processo ignorado.","service":"btg-baixa-titulos-service","situacao":"BAIXADO","timestamp":"2026-05-26T12:59:17.331Z"}
{"level":"info","message":"🔎 Processando título 108317/I","service":"btg-baixa-titulos-service","timestamp":"2026-05-26T12:59:17.334Z"}
{"level":"info","message":"🌐 Millennium request: GET /MILLENIUM!JOIN_ONEUP.LANCAMENTOS.CONSULTALANCAMENTOS?cnpj=03.294.992%2F0001-03&n_documento=108317%2FI","service":"btg-baixa-titulos-service","timestamp":"2026-05-26T12:59:17.334Z"}
{"lancamento":1434850311,"level":"info","message":"ℹ️ Título 108317/I já estava baixado. Processo ignorado.","service":"btg-baixa-titulos-service","situacao":"BAIXADO","timestamp":"2026-05-26T12:59:17.349Z"}
{"level":"info","message":"🔎 Processando título 108315/E","service":"btg-baixa-titulos-service","timestamp":"2026-05-26T12:59:17.351Z"}
{"level":"info","message":"🌐 Millennium request: GET /MILLENIUM!JOIN_ONEUP.LANCAMENTOS.CONSULTALANCAMENTOS?cnpj=06.181.589%2F0001-58&n_documento=108315%2FE","service":"btg-baixa-titulos-service","timestamp":"2026-05-26T12:59:17.351Z"}
{"lancamento":1434850300,"level":"info","message":"ℹ️ Título 108315/E já estava baixado. Processo ignorado.","service":"btg-baixa-titulos-service","situacao":"BAIXADO","timestamp":"2026-05-26T12:59:17.366Z"}
{"level":"info","message":"🔎 Processando título 108157/C","service":"btg-baixa-titulos-service","timestamp":"2026-05-26T12:59:17.367Z"}
{"level":"info","message":"🌐 Millennium request: GET /MILLENIUM!JOIN_ONEUP.LANCAMENTOS.CONSULTALANCAMENTOS?cnpj=03.294.992%2F0001-03&n_documento=108157%2FC","service":"btg-baixa-titulos-service","timestamp":"2026-05-26T12:59:17.367Z"}
{"lancamento":1434849583,"level":"info","message":"ℹ️ Título 108157/C já estava baixado. Processo ignorado.","service":"btg-baixa-titulos-service","situacao":"BAIXADO","timestamp":"2026-05-26T12:59:17.382Z"}
{"level":"info","message":"🔎 Processando título 108156/C","service":"btg-baixa-titulos-service","timestamp":"2026-05-26T12:59:17.384Z"}
{"level":"info","message":"🌐 Millennium request: GET /MILLENIUM!JOIN_ONEUP.LANCAMENTOS.CONSULTALANCAMENTOS?cnpj=57.408.548%2F0001-92&n_documento=108156%2FC","service":"btg-baixa-titulos-service","timestamp":"2026-05-26T12:59:17.384Z"}
{"lancamento":1434849579,"level":"info","message":"ℹ️ Título 108156/C já estava baixado. Processo ignorado.","service":"btg-baixa-titulos-service","situacao":"BAIXADO","timestamp":"2026-05-26T12:59:17.399Z"}
{"level":"info","message":"🔎 Processando título 108221/C","service":"btg-baixa-titulos-service","timestamp":"2026-05-26T12:59:17.400Z"}
{"level":"info","message":"🌐 Millennium request: GET /MILLENIUM!JOIN_ONEUP.LANCAMENTOS.CONSULTALANCAMENTOS?cnpj=50.649.490%2F0001-20&n_documento=108221%2FC","service":"btg-baixa-titulos-service","timestamp":"2026-05-26T12:59:17.400Z"}
{"lancamento":1434849887,"level":"info","message":"ℹ️ Título 108221/C já estava baixado. Processo ignorado.","service":"btg-baixa-titulos-service","situacao":"BAIXADO","timestamp":"2026-05-26T12:59:17.416Z"}
{"level":"info","message":"🔎 Processando título 108219/C","service":"btg-baixa-titulos-service","timestamp":"2026-05-26T12:59:17.418Z"}
{"level":"info","message":"🌐 Millennium request: GET /MILLENIUM!JOIN_ONEUP.LANCAMENTOS.CONSULTALANCAMENTOS?cnpj=50.649.490%2F0001-20&n_documento=108219%2FC","service":"btg-baixa-titulos-service","timestamp":"2026-05-26T12:59:17.418Z"}
{"lancamento":1434849879,"level":"info","message":"ℹ️ Título 108219/C já estava baixado. Processo ignorado.","service":"btg-baixa-titulos-service","situacao":"BAIXADO","timestamp":"2026-05-26T12:59:17.436Z"}
{"level":"info","message":"🔎 Processando título 108327/E","service":"btg-baixa-titulos-service","timestamp":"2026-05-26T12:59:17.438Z"}
{"level":"info","message":"🌐 Millennium request: GET /MILLENIUM!JOIN_ONEUP.LANCAMENTOS.CONSULTALANCAMENTOS?cnpj=73.652.158%2F0001-10&n_documento=108327%2FE","service":"btg-baixa-titulos-service","timestamp":"2026-05-26T12:59:17.438Z"}
{"lancamento":1434850359,"level":"info","message":"ℹ️ Título 108327/E já estava baixado. Processo ignorado.","service":"btg-baixa-titulos-service","situacao":"BAIXADO","timestamp":"2026-05-26T12:59:17.454Z"}
{"level":"info","message":"🔎 Processando título 108225/C","service":"btg-baixa-titulos-service","timestamp":"2026-05-26T12:59:17.458Z"}
{"level":"info","message":"🌐 Millennium request: GET /MILLENIUM!JOIN_ONEUP.LANCAMENTOS.CONSULTALANCAMENTOS?cnpj=50.649.490%2F0001-20&n_documento=108225%2FC","service":"btg-baixa-titulos-service","timestamp":"2026-05-26T12:59:17.458Z"}
{"lancamento":1434849896,"level":"info","message":"ℹ️ Título 108225/C já estava baixado. Processo ignorado.","service":"btg-baixa-titulos-service","situacao":"BAIXADO","timestamp":"2026-05-26T12:59:17.477Z"}
{"level":"info","message":"🔎 Processando título 108222/C","service":"btg-baixa-titulos-service","timestamp":"2026-05-26T12:59:17.479Z"}
{"level":"info","message":"🌐 Millennium request: GET /MILLENIUM!JOIN_ONEUP.LANCAMENTOS.CONSULTALANCAMENTOS?cnpj=50.649.490%2F0001-20&n_documento=108222%2FC","service":"btg-baixa-titulos-service","timestamp":"2026-05-26T12:59:17.479Z"}
{"lancamento":1434849890,"level":"info","message":"ℹ️ Título 108222/C já estava baixado. Processo ignorado.","service":"btg-baixa-titulos-service","situacao":"BAIXADO","timestamp":"2026-05-26T12:59:17.495Z"}
{"level":"info","message":"🔎 Processando título 108224/C","service":"btg-baixa-titulos-service","timestamp":"2026-05-26T12:59:17.497Z"}
{"level":"info","message":"🌐 Millennium request: GET /MILLENIUM!JOIN_ONEUP.LANCAMENTOS.CONSULTALANCAMENTOS?cnpj=50.649.490%2F0001-20&n_documento=108224%2FC","service":"btg-baixa-titulos-service","timestamp":"2026-05-26T12:59:17.497Z"}
{"lancamento":1434849893,"level":"info","message":"ℹ️ Título 108224/C já estava baixado. Processo ignorado.","service":"btg-baixa-titulos-service","situacao":"BAIXADO","timestamp":"2026-05-26T12:59:17.513Z"}
{"level":"info","message":"🔎 Processando título 108226/C","service":"btg-baixa-titulos-service","timestamp":"2026-05-26T12:59:17.515Z"}
{"level":"info","message":"🌐 Millennium request: GET /MILLENIUM!JOIN_ONEUP.LANCAMENTOS.CONSULTALANCAMENTOS?cnpj=50.649.490%2F0001-20&n_documento=108226%2FC","service":"btg-baixa-titulos-service","timestamp":"2026-05-26T12:59:17.515Z"}
{"lancamento":1434849909,"level":"info","message":"ℹ️ Título 108226/C já estava baixado. Processo ignorado.","service":"btg-baixa-titulos-service","situacao":"BAIXADO","timestamp":"2026-05-26T12:59:17.533Z"}
{"level":"info","message":"🔎 Processando título 108252/C","service":"btg-baixa-titulos-service","timestamp":"2026-05-26T12:59:17.536Z"}
{"level":"info","message":"🌐 Millennium request: GET /MILLENIUM!JOIN_ONEUP.LANCAMENTOS.CONSULTALANCAMENTOS?cnpj=44.999.259%2F0001-63&n_documento=108252%2FC","service":"btg-baixa-titulos-service","timestamp":"2026-05-26T12:59:17.536Z"}
{"lancamento":1434850044,"level":"info","message":"ℹ️ Título 108252/C já estava baixado. Processo ignorado.","service":"btg-baixa-titulos-service","situacao":"BAIXADO","timestamp":"2026-05-26T12:59:17.552Z"}
{"level":"info","message":"🔎 Processando título 108304/C","service":"btg-baixa-titulos-service","timestamp":"2026-05-26T12:59:17.553Z"}
{"level":"info","message":"🌐 Millennium request: GET /MILLENIUM!JOIN_ONEUP.LANCAMENTOS.CONSULTALANCAMENTOS?cnpj=07.409.302%2F0001-67&n_documento=108304%2FC","service":"btg-baixa-titulos-service","timestamp":"2026-05-26T12:59:17.553Z"}
{"lancamento":1434850214,"level":"info","message":"ℹ️ Título 108304/C já estava baixado. Processo ignorado.","service":"btg-baixa-titulos-service","situacao":"BAIXADO","timestamp":"2026-05-26T12:59:17.567Z"}
{"level":"info","message":"🔎 Processando título 108253/C","service":"btg-baixa-titulos-service","timestamp":"2026-05-26T12:59:17.568Z"}
{"level":"info","message":"🌐 Millennium request: GET /MILLENIUM!JOIN_ONEUP.LANCAMENTOS.CONSULTALANCAMENTOS?cnpj=57.408.548%2F0001-92&n_documento=108253%2FC","service":"btg-baixa-titulos-service","timestamp":"2026-05-26T12:59:17.568Z"}
{"lancamento":1434850049,"level":"info","message":"ℹ️ Título 108253/C já estava baixado. Processo ignorado.","service":"btg-baixa-titulos-service","situacao":"BAIXADO","timestamp":"2026-05-26T12:59:17.587Z"}
{"level":"info","message":"🔎 Processando título 108310/C","service":"btg-baixa-titulos-service","timestamp":"2026-05-26T12:59:17.588Z"}
{"level":"info","message":"🌐 Millennium request: GET /MILLENIUM!JOIN_ONEUP.LANCAMENTOS.CONSULTALANCAMENTOS?cnpj=03.247.651%2F0001-79&n_documento=108310%2FC","service":"btg-baixa-titulos-service","timestamp":"2026-05-26T12:59:17.588Z"}
{"lancamento":1434850286,"level":"info","message":"ℹ️ Título 108310/C já estava baixado. Processo ignorado.","service":"btg-baixa-titulos-service","situacao":"BAIXADO","timestamp":"2026-05-26T12:59:17.605Z"}
{"level":"info","message":"🔎 Processando título 108306/C","service":"btg-baixa-titulos-service","timestamp":"2026-05-26T12:59:17.607Z"}
{"level":"info","message":"🌐 Millennium request: GET /MILLENIUM!JOIN_ONEUP.LANCAMENTOS.CONSULTALANCAMENTOS?cnpj=00.768.271%2F0001-91&n_documento=108306%2FC","service":"btg-baixa-titulos-service","timestamp":"2026-05-26T12:59:17.607Z"}
{"lancamento":1434850219,"level":"info","message":"ℹ️ Título 108306/C já estava baixado. Processo ignorado.","service":"btg-baixa-titulos-service","situacao":"BAIXADO","timestamp":"2026-05-26T12:59:17.621Z"}
{"level":"info","message":"🔎 Processando título 108317/E","service":"btg-baixa-titulos-service","timestamp":"2026-05-26T12:59:17.623Z"}
{"level":"info","message":"🌐 Millennium request: GET /MILLENIUM!JOIN_ONEUP.LANCAMENTOS.CONSULTALANCAMENTOS?cnpj=03.294.992%2F0001-03&n_documento=108317%2FE","service":"btg-baixa-titulos-service","timestamp":"2026-05-26T12:59:17.623Z"}
{"lancamento":1434850307,"level":"info","message":"ℹ️ Título 108317/E já estava baixado. Processo ignorado.","service":"btg-baixa-titulos-service","situacao":"BAIXADO","timestamp":"2026-05-26T12:59:17.638Z"}
{"level":"info","message":"🔎 Processando título 108313/C","service":"btg-baixa-titulos-service","timestamp":"2026-05-26T12:59:17.641Z"}
{"level":"info","message":"🌐 Millennium request: GET /MILLENIUM!JOIN_ONEUP.LANCAMENTOS.CONSULTALANCAMENTOS?cnpj=22.031.998%2F0001-24&n_documento=108313%2FC","service":"btg-baixa-titulos-service","timestamp":"2026-05-26T12:59:17.642Z"}
{"lancamento":1434850291,"level":"info","message":"ℹ️ Título 108313/C já estava baixado. Processo ignorado.","service":"btg-baixa-titulos-service","situacao":"BAIXADO","timestamp":"2026-05-26T12:59:17.662Z"}
{"level":"info","message":"🔎 Processando título 108315/C","service":"btg-baixa-titulos-service","timestamp":"2026-05-26T12:59:17.667Z"}
{"level":"info","message":"🌐 Millennium request: GET /MILLENIUM!JOIN_ONEUP.LANCAMENTOS.CONSULTALANCAMENTOS?cnpj=06.181.589%2F0001-58&n_documento=108315%2FC","service":"btg-baixa-titulos-service","timestamp":"2026-05-26T12:59:17.668Z"}
{"lancamento":1434850298,"level":"info","message":"ℹ️ Título 108315/C já estava baixado. Processo ignorado.","service":"btg-baixa-titulos-service","situacao":"BAIXADO","timestamp":"2026-05-26T12:59:17.764Z"}
{"level":"info","message":"🔎 Processando título 108318/C","service":"btg-baixa-titulos-service","timestamp":"2026-05-26T12:59:17.769Z"}
{"level":"info","message":"🌐 Millennium request: GET /MILLENIUM!JOIN_ONEUP.LANCAMENTOS.CONSULTALANCAMENTOS?cnpj=50.649.490%2F0001-20&n_documento=108318%2FC","service":"btg-baixa-titulos-service","timestamp":"2026-05-26T12:59:17.769Z"}
{"lancamento":1434850324,"level":"info","message":"ℹ️ Título 108318/C já estava baixado. Processo ignorado.","service":"btg-baixa-titulos-service","situacao":"BAIXADO","timestamp":"2026-05-26T12:59:17.792Z"}
{"level":"info","message":"🔎 Processando título 108320/C","service":"btg-baixa-titulos-service","timestamp":"2026-05-26T12:59:17.796Z"}
{"level":"info","message":"🌐 Millennium request: GET /MILLENIUM!JOIN_ONEUP.LANCAMENTOS.CONSULTALANCAMENTOS?cnpj=47.485.403%2F0001-31&n_documento=108320%2FC","service":"btg-baixa-titulos-service","timestamp":"2026-05-26T12:59:17.796Z"}
{"lancamento":1434850328,"level":"info","message":"ℹ️ Título 108320/C já estava baixado. Processo ignorado.","service":"btg-baixa-titulos-service","situacao":"BAIXADO","timestamp":"2026-05-26T12:59:17.819Z"}
{"level":"info","message":"🔎 Processando título 108321/C","service":"btg-baixa-titulos-service","timestamp":"2026-05-26T12:59:17.821Z"}
{"level":"info","message":"🌐 Millennium request: GET /MILLENIUM!JOIN_ONEUP.LANCAMENTOS.CONSULTALANCAMENTOS?cnpj=47.485.403%2F0001-31&n_documento=108321%2FC","service":"btg-baixa-titulos-service","timestamp":"2026-05-26T12:59:17.821Z"}
{"lancamento":1434850333,"level":"info","message":"ℹ️ Título 108321/C já estava baixado. Processo ignorado.","service":"btg-baixa-titulos-service","situacao":"BAIXADO","timestamp":"2026-05-26T12:59:17.835Z"}
{"level":"info","message":"🔎 Processando título 108322/C","service":"btg-baixa-titulos-service","timestamp":"2026-05-26T12:59:17.837Z"}
{"level":"info","message":"🌐 Millennium request: GET /MILLENIUM!JOIN_ONEUP.LANCAMENTOS.CONSULTALANCAMENTOS?cnpj=47.485.403%2F0001-31&n_documento=108322%2FC","service":"btg-baixa-titulos-service","timestamp":"2026-05-26T12:59:17.837Z"}
{"lancamento":1434850337,"level":"info","message":"ℹ️ Título 108322/C já estava baixado. Processo ignorado.","service":"btg-baixa-titulos-service","situacao":"BAIXADO","timestamp":"2026-05-26T12:59:17.854Z"}
{"level":"info","message":"🔎 Processando título 108324/C","service":"btg-baixa-titulos-service","timestamp":"2026-05-26T12:59:17.855Z"}
{"level":"info","message":"🌐 Millennium request: GET /MILLENIUM!JOIN_ONEUP.LANCAMENTOS.CONSULTALANCAMENTOS?cnpj=47.485.403%2F0001-31&n_documento=108324%2FC","service":"btg-baixa-titulos-service","timestamp":"2026-05-26T12:59:17.855Z"}
{"lancamento":1434850351,"level":"info","message":"ℹ️ Título 108324/C já estava baixado. Processo ignorado.","service":"btg-baixa-titulos-service","situacao":"BAIXADO","timestamp":"2026-05-26T12:59:17.951Z"}
{"level":"info","message":"🔎 Processando título 108323/C","service":"btg-baixa-titulos-service","timestamp":"2026-05-26T12:59:17.954Z"}
{"level":"info","message":"🌐 Millennium request: GET /MILLENIUM!JOIN_ONEUP.LANCAMENTOS.CONSULTALANCAMENTOS?cnpj=47.485.403%2F0001-31&n_documento=108323%2FC","service":"btg-baixa-titulos-service","timestamp":"2026-05-26T12:59:17.954Z"}
{"lancamento":1434850342,"level":"info","message":"ℹ️ Título 108323/C já estava baixado. Processo ignorado.","service":"btg-baixa-titulos-service","situacao":"BAIXADO","timestamp":"2026-05-26T12:59:17.976Z"}
{"level":"info","message":"🔎 Processando título 108327/C","service":"btg-baixa-titulos-service","timestamp":"2026-05-26T12:59:17.979Z"}
{"level":"info","message":"🌐 Millennium request: GET /MILLENIUM!JOIN_ONEUP.LANCAMENTOS.CONSULTALANCAMENTOS?cnpj=73.652.158%2F0001-10&n_documento=108327%2FC","service":"btg-baixa-titulos-service","timestamp":"2026-05-26T12:59:17.979Z"}
{"lancamento":1434850357,"level":"info","message":"ℹ️ Título 108327/C já estava baixado. Processo ignorado.","service":"btg-baixa-titulos-service","situacao":"BAIXADO","timestamp":"2026-05-26T12:59:18.002Z"}
{"level":"info","message":"🔎 Processando título 108326/C","service":"btg-baixa-titulos-service","timestamp":"2026-05-26T12:59:18.005Z"}
{"level":"info","message":"🌐 Millennium request: GET /MILLENIUM!JOIN_ONEUP.LANCAMENTOS.CONSULTALANCAMENTOS?cnpj=96.609.490%2F0001-05&n_documento=108326%2FC","service":"btg-baixa-titulos-service","timestamp":"2026-05-26T12:59:18.005Z"}
{"lancamento":1434850354,"level":"info","message":"ℹ️ Título 108326/C já estava baixado. Processo ignorado.","service":"btg-baixa-titulos-service","situacao":"BAIXADO","timestamp":"2026-05-26T12:59:18.028Z"}
{"level":"info","message":"🔎 Processando título 108328/C","service":"btg-baixa-titulos-service","timestamp":"2026-05-26T12:59:18.032Z"}
{"level":"info","message":"🌐 Millennium request: GET /MILLENIUM!JOIN_ONEUP.LANCAMENTOS.CONSULTALANCAMENTOS?cnpj=59.205.187%2F0001-02&n_documento=108328%2FC","service":"btg-baixa-titulos-service","timestamp":"2026-05-26T12:59:18.032Z"}
{"lancamento":1434850363,"level":"info","message":"ℹ️ Título 108328/C já estava baixado. Processo ignorado.","service":"btg-baixa-titulos-service","situacao":"BAIXADO","timestamp":"2026-05-26T12:59:18.055Z"}
{"level":"info","message":"🔎 Processando título 108331/C","service":"btg-baixa-titulos-service","timestamp":"2026-05-26T12:59:18.060Z"}
{"level":"info","message":"🌐 Millennium request: GET /MILLENIUM!JOIN_ONEUP.LANCAMENTOS.CONSULTALANCAMENTOS?cnpj=47.485.403%2F0001-31&n_documento=108331%2FC","service":"btg-baixa-titulos-service","timestamp":"2026-05-26T12:59:18.060Z"}
{"lancamento":1434850370,"level":"info","message":"ℹ️ Título 108331/C já estava baixado. Processo ignorado.","service":"btg-baixa-titulos-service","situacao":"BAIXADO","timestamp":"2026-05-26T12:59:18.148Z"}
{"level":"info","message":"🔎 Processando título 108317/F","service":"btg-baixa-titulos-service","timestamp":"2026-05-26T12:59:18.155Z"}
{"level":"info","message":"🌐 Millennium request: GET /MILLENIUM!JOIN_ONEUP.LANCAMENTOS.CONSULTALANCAMENTOS?cnpj=03.294.992%2F0001-03&n_documento=108317%2FF","service":"btg-baixa-titulos-service","timestamp":"2026-05-26T12:59:18.155Z"}
{"lancamento":1434850308,"level":"info","message":"ℹ️ Título 108317/F já estava baixado. Processo ignorado.","service":"btg-baixa-titulos-service","situacao":"BAIXADO","timestamp":"2026-05-26T12:59:18.279Z"}
{"level":"info","message":"🔎 Processando título 107627/D","service":"btg-baixa-titulos-service","timestamp":"2026-05-26T12:59:18.284Z"}
{"level":"info","message":"🌐 Millennium request: GET /MILLENIUM!JOIN_ONEUP.LANCAMENTOS.CONSULTALANCAMENTOS?cnpj=57.408.548%2F0001-92&n_documento=107627%2FD","service":"btg-baixa-titulos-service","timestamp":"2026-05-26T12:59:18.284Z"}
{"lancamento":1434808247,"level":"info","message":"ℹ️ Título 107627/D já estava baixado. Processo ignorado.","service":"btg-baixa-titulos-service","situacao":"BAIXADO","timestamp":"2026-05-26T12:59:18.307Z"}
{"level":"info","message":"🔎 Processando título RA-06-11","service":"btg-baixa-titulos-service","timestamp":"2026-05-26T12:59:18.310Z"}
{"level":"info","message":"🌐 Millennium request: GET /MILLENIUM!JOIN_ONEUP.LANCAMENTOS.CONSULTALANCAMENTOS?cnpj=01.329.811%2F0001-01&n_documento=RA-06-11","service":"btg-baixa-titulos-service","timestamp":"2026-05-26T12:59:18.310Z"}
{"erro":"Título não localizado: RA-06-11","level":"error","message":"❌ Erro no título RA-06-11","service":"btg-baixa-titulos-service","status":"ERRO_CONSULTA","timestamp":"2026-05-26T12:59:18.327Z"}
{"level":"info","message":"🔎 Processando título 109075/C","service":"btg-baixa-titulos-service","timestamp":"2026-05-26T12:59:18.330Z"}
{"level":"info","message":"🌐 Millennium request: GET /MILLENIUM!JOIN_ONEUP.LANCAMENTOS.CONSULTALANCAMENTOS?cnpj=01.329.811%2F0001-01&n_documento=109075%2FC","service":"btg-baixa-titulos-service","timestamp":"2026-05-26T12:59:18.330Z"}
{"erro":"Título não localizado: 109075/C","level":"error","message":"❌ Erro no título 109075/C","service":"btg-baixa-titulos-service","status":"ERRO_CONSULTA","timestamp":"2026-05-26T12:59:18.345Z"}
{"level":"info","message":"🔎 Processando título 106120/B","service":"btg-baixa-titulos-service","timestamp":"2026-05-26T12:59:18.348Z"}
{"level":"info","message":"🌐 Millennium request: GET /MILLENIUM!JOIN_ONEUP.LANCAMENTOS.CONSULTALANCAMENTOS?cnpj=47.485.403%2F0001-31&n_documento=106120%2FB","service":"btg-baixa-titulos-service","timestamp":"2026-05-26T12:59:18.348Z"}
{"lancamento":1434801418,"level":"info","message":"ℹ️ Título 106120/B já estava baixado. Processo ignorado.","service":"btg-baixa-titulos-service","situacao":"BAIXADO","timestamp":"2026-05-26T12:59:18.363Z"}
{"level":"info","message":"🔎 Processando título 106121/B","service":"btg-baixa-titulos-service","timestamp":"2026-05-26T12:59:18.367Z"}
{"level":"info","message":"🌐 Millennium request: GET /MILLENIUM!JOIN_ONEUP.LANCAMENTOS.CONSULTALANCAMENTOS?cnpj=47.485.403%2F0001-31&n_documento=106121%2FB","service":"btg-baixa-titulos-service","timestamp":"2026-05-26T12:59:18.367Z"}
{"lancamento":1434801425,"level":"info","message":"ℹ️ Título 106121/B já estava baixado. Processo ignorado.","service":"btg-baixa-titulos-service","situacao":"BAIXADO","timestamp":"2026-05-26T12:59:18.381Z"}
{"level":"info","message":"🔎 Processando título 106121/C","service":"btg-baixa-titulos-service","timestamp":"2026-05-26T12:59:18.384Z"}
{"level":"info","message":"🌐 Millennium request: GET /MILLENIUM!JOIN_ONEUP.LANCAMENTOS.CONSULTALANCAMENTOS?cnpj=47.485.403%2F0001-31&n_documento=106121%2FC","service":"btg-baixa-titulos-service","timestamp":"2026-05-26T12:59:18.384Z"}
{"lancamento":1434801426,"level":"info","message":"ℹ️ Título 106121/C já estava baixado. Processo ignorado.","service":"btg-baixa-titulos-service","situacao":"BAIXADO","timestamp":"2026-05-26T12:59:18.401Z"}
{"level":"info","message":"🔎 Processando título 106117/B","service":"btg-baixa-titulos-service","timestamp":"2026-05-26T12:59:18.405Z"}
{"level":"info","message":"🌐 Millennium request: GET /MILLENIUM!JOIN_ONEUP.LANCAMENTOS.CONSULTALANCAMENTOS?cnpj=47.485.403%2F0001-31&n_documento=106117%2FB","service":"btg-baixa-titulos-service","timestamp":"2026-05-26T12:59:18.405Z"}
{"lancamento":1434801392,"level":"info","message":"ℹ️ Título 106117/B já estava baixado. Processo ignorado.","service":"btg-baixa-titulos-service","situacao":"BAIXADO","timestamp":"2026-05-26T12:59:18.421Z"}
{"level":"info","message":"🔎 Processando título 106115/B","service":"btg-baixa-titulos-service","timestamp":"2026-05-26T12:59:18.424Z"}
{"level":"info","message":"🌐 Millennium request: GET /MILLENIUM!JOIN_ONEUP.LANCAMENTOS.CONSULTALANCAMENTOS?cnpj=47.485.403%2F0001-31&n_documento=106115%2FB","service":"btg-baixa-titulos-service","timestamp":"2026-05-26T12:59:18.424Z"}
{"lancamento":1434801386,"level":"info","message":"ℹ️ Título 106115/B já estava baixado. Processo ignorado.","service":"btg-baixa-titulos-service","situacao":"BAIXADO","timestamp":"2026-05-26T12:59:18.438Z"}
{"level":"info","message":"🔎 Processando título 106115/A","service":"btg-baixa-titulos-service","timestamp":"2026-05-26T12:59:18.441Z"}
{"level":"info","message":"🌐 Millennium request: GET /MILLENIUM!JOIN_ONEUP.LANCAMENTOS.CONSULTALANCAMENTOS?cnpj=47.485.403%2F0001-31&n_documento=106115%2FA","service":"btg-baixa-titulos-service","timestamp":"2026-05-26T12:59:18.441Z"}
{"lancamento":1434801385,"level":"info","message":"ℹ️ Título 106115/A já estava baixado. Processo ignorado.","service":"btg-baixa-titulos-service","situacao":"BAIXADO","timestamp":"2026-05-26T12:59:18.455Z"}
{"level":"info","message":"🔎 Processando título 106130/B","service":"btg-baixa-titulos-service","timestamp":"2026-05-26T12:59:18.457Z"}
{"level":"info","message":"🌐 Millennium request: GET /MILLENIUM!JOIN_ONEUP.LANCAMENTOS.CONSULTALANCAMENTOS?cnpj=50.649.490%2F0001-20&n_documento=106130%2FB","service":"btg-baixa-titulos-service","timestamp":"2026-05-26T12:59:18.457Z"}
{"lancamento":1434801462,"level":"info","message":"ℹ️ Título 106130/B já estava baixado. Processo ignorado.","service":"btg-baixa-titulos-service","situacao":"BAIXADO","timestamp":"2026-05-26T12:59:18.474Z"}
{"level":"info","message":"🔎 Processando título 106145/B","service":"btg-baixa-titulos-service","timestamp":"2026-05-26T12:59:18.477Z"}
{"level":"info","message":"🌐 Millennium request: GET /MILLENIUM!JOIN_ONEUP.LANCAMENTOS.CONSULTALANCAMENTOS?cnpj=50.649.490%2F0001-20&n_documento=106145%2FB","service":"btg-baixa-titulos-service","timestamp":"2026-05-26T12:59:18.477Z"}
{"lancamento":1434801556,"level":"info","message":"ℹ️ Título 106145/B já estava baixado. Processo ignorado.","service":"btg-baixa-titulos-service","situacao":"BAIXADO","timestamp":"2026-05-26T12:59:18.494Z"}
{"level":"info","message":"🔎 Processando título 106143/B","service":"btg-baixa-titulos-service","timestamp":"2026-05-26T12:59:18.496Z"}
{"level":"info","message":"🌐 Millennium request: GET /MILLENIUM!JOIN_ONEUP.LANCAMENTOS.CONSULTALANCAMENTOS?cnpj=50.649.490%2F0001-20&n_documento=106143%2FB","service":"btg-baixa-titulos-service","timestamp":"2026-05-26T12:59:18.497Z"}
{"lancamento":1434801551,"level":"info","message":"ℹ️ Título 106143/B já estava baixado. Processo ignorado.","service":"btg-baixa-titulos-service","situacao":"BAIXADO","timestamp":"2026-05-26T12:59:18.515Z"}
{"level":"info","message":"🔎 Processando título 106143/C","service":"btg-baixa-titulos-service","timestamp":"2026-05-26T12:59:18.518Z"}
{"level":"info","message":"🌐 Millennium request: GET /MILLENIUM!JOIN_ONEUP.LANCAMENTOS.CONSULTALANCAMENTOS?cnpj=50.649.490%2F0001-20&n_documento=106143%2FC","service":"btg-baixa-titulos-service","timestamp":"2026-05-26T12:59:18.518Z"}
{"lancamento":1434801552,"level":"info","message":"ℹ️ Título 106143/C já estava baixado. Processo ignorado.","service":"btg-baixa-titulos-service","situacao":"BAIXADO","timestamp":"2026-05-26T12:59:18.535Z"}
{"level":"info","message":"🔎 Processando título 106141/B","service":"btg-baixa-titulos-service","timestamp":"2026-05-26T12:59:18.539Z"}
{"level":"info","message":"🌐 Millennium request: GET /MILLENIUM!JOIN_ONEUP.LANCAMENTOS.CONSULTALANCAMENTOS?cnpj=50.649.490%2F0001-20&n_documento=106141%2FB","service":"btg-baixa-titulos-service","timestamp":"2026-05-26T12:59:18.539Z"}
{"lancamento":1434801534,"level":"info","message":"ℹ️ Título 106141/B já estava baixado. Processo ignorado.","service":"btg-baixa-titulos-service","situacao":"BAIXADO","timestamp":"2026-05-26T12:59:18.572Z"}
{"level":"info","message":"🔎 Processando título 106135/C","service":"btg-baixa-titulos-service","timestamp":"2026-05-26T12:59:18.574Z"}
{"level":"info","message":"🌐 Millennium request: GET /MILLENIUM!JOIN_ONEUP.LANCAMENTOS.CONSULTALANCAMENTOS?cnpj=50.649.490%2F0001-20&n_documento=106135%2FC","service":"btg-baixa-titulos-service","timestamp":"2026-05-26T12:59:18.575Z"}
{"lancamento":1434801481,"level":"info","message":"ℹ️ Título 106135/C já estava baixado. Processo ignorado.","service":"btg-baixa-titulos-service","situacao":"BAIXADO","timestamp":"2026-05-26T12:59:18.597Z"}
{"level":"info","message":"🔎 Processando título 106139/B","service":"btg-baixa-titulos-service","timestamp":"2026-05-26T12:59:18.600Z"}
{"level":"info","message":"🌐 Millennium request: GET /MILLENIUM!JOIN_ONEUP.LANCAMENTOS.CONSULTALANCAMENTOS?cnpj=50.649.490%2F0001-20&n_documento=106139%2FB","service":"btg-baixa-titulos-service","timestamp":"2026-05-26T12:59:18.600Z"}
{"lancamento":1434801525,"level":"info","message":"ℹ️ Título 106139/B já estava baixado. Processo ignorado.","service":"btg-baixa-titulos-service","situacao":"BAIXADO","timestamp":"2026-05-26T12:59:18.623Z"}
{"level":"info","message":"🔎 Processando título 106147/C","service":"btg-baixa-titulos-service","timestamp":"2026-05-26T12:59:18.627Z"}
{"level":"info","message":"🌐 Millennium request: GET /MILLENIUM!JOIN_ONEUP.LANCAMENTOS.CONSULTALANCAMENTOS?cnpj=50.649.490%2F0001-20&n_documento=106147%2FC","service":"btg-baixa-titulos-service","timestamp":"2026-05-26T12:59:18.627Z"}
{"lancamento":1434801564,"level":"info","message":"ℹ️ Título 106147/C já estava baixado. Processo ignorado.","service":"btg-baixa-titulos-service","situacao":"BAIXADO","timestamp":"2026-05-26T12:59:18.645Z"}
{"level":"info","message":"🔎 Processando título 106147/B","service":"btg-baixa-titulos-service","timestamp":"2026-05-26T12:59:18.648Z"}
{"level":"info","message":"🌐 Millennium request: GET /MILLENIUM!JOIN_ONEUP.LANCAMENTOS.CONSULTALANCAMENTOS?cnpj=50.649.490%2F0001-20&n_documento=106147%2FB","service":"btg-baixa-titulos-service","timestamp":"2026-05-26T12:59:18.648Z"}
{"lancamento":1434801563,"level":"info","message":"ℹ️ Título 106147/B já estava baixado. Processo ignorado.","service":"btg-baixa-titulos-service","situacao":"BAIXADO","timestamp":"2026-05-26T12:59:18.662Z"}
{"level":"info","message":"🔎 Processando título 108304","service":"btg-baixa-titulos-service","timestamp":"2026-05-26T12:59:18.664Z"}
{"level":"info","message":"🌐 Millennium request: GET /MILLENIUM!JOIN_ONEUP.LANCAMENTOS.CONSULTALANCAMENTOS?cnpj=07.409.302%2F0001-67&n_documento=108304","service":"btg-baixa-titulos-service","timestamp":"2026-05-26T12:59:18.664Z"}
{"lancamento":1434857621,"level":"info","message":"ℹ️ Título 108304 já estava baixado. Processo ignorado.","service":"btg-baixa-titulos-service","situacao":"BAIXADO","timestamp":"2026-05-26T12:59:18.678Z"}
{"level":"info","message":"🔎 Processando título FRE 108251","service":"btg-baixa-titulos-service","timestamp":"2026-05-26T12:59:18.680Z"}
{"level":"info","message":"🌐 Millennium request: GET /MILLENIUM!JOIN_ONEUP.LANCAMENTOS.CONSULTALANCAMENTOS?cnpj=01.009.793%2F0001-72&n_documento=FRE%20108251","service":"btg-baixa-titulos-service","timestamp":"2026-05-26T12:59:18.680Z"}
{"lancamento":1434857395,"level":"info","message":"ℹ️ Título FRE 108251 já estava baixado. Processo ignorado.","service":"btg-baixa-titulos-service","situacao":"BAIXADO","timestamp":"2026-05-26T12:59:18.696Z"}
{"level":"info","message":"🔎 Processando título CORRE 107627","service":"btg-baixa-titulos-service","timestamp":"2026-05-26T12:59:18.698Z"}
{"level":"info","message":"🌐 Millennium request: GET /MILLENIUM!JOIN_ONEUP.LANCAMENTOS.CONSULTALANCAMENTOS?cnpj=57.408.548%2F0001-92&n_documento=CORRE%20107627","service":"btg-baixa-titulos-service","timestamp":"2026-05-26T12:59:18.698Z"}
{"lancamento":1434857433,"level":"info","message":"ℹ️ Título CORRE 107627 já estava baixado. Processo ignorado.","service":"btg-baixa-titulos-service","situacao":"BAIXADO","timestamp":"2026-05-26T12:59:18.804Z"}
{"level":"info","message":"🔎 Processando título CORRE 108020","service":"btg-baixa-titulos-service","timestamp":"2026-05-26T12:59:18.809Z"}
{"level":"info","message":"🌐 Millennium request: GET /MILLENIUM!JOIN_ONEUP.LANCAMENTOS.CONSULTALANCAMENTOS?cnpj=57.408.548%2F0001-92&n_documento=CORRE%20108020","service":"btg-baixa-titulos-service","timestamp":"2026-05-26T12:59:18.810Z"}
{"lancamento":1434857442,"level":"info","message":"ℹ️ Título CORRE 108020 já estava baixado. Processo ignorado.","service":"btg-baixa-titulos-service","situacao":"BAIXADO","timestamp":"2026-05-26T12:59:18.828Z"}
{"level":"info","message":"🔎 Processando título CORRE 108156","service":"btg-baixa-titulos-service","timestamp":"2026-05-26T12:59:18.833Z"}
{"level":"info","message":"🌐 Millennium request: GET /MILLENIUM!JOIN_ONEUP.LANCAMENTOS.CONSULTALANCAMENTOS?cnpj=57.408.548%2F0001-92&n_documento=CORRE%20108156","service":"btg-baixa-titulos-service","timestamp":"2026-05-26T12:59:18.833Z"}
{"lancamento":1434857602,"level":"info","message":"ℹ️ Título CORRE 108156 já estava baixado. Processo ignorado.","service":"btg-baixa-titulos-service","situacao":"BAIXADO","timestamp":"2026-05-26T12:59:18.849Z"}
{"level":"info","message":"🔎 Processando título CORRE 109093","service":"btg-baixa-titulos-service","timestamp":"2026-05-26T12:59:18.854Z"}
{"level":"info","message":"🌐 Millennium request: GET /MILLENIUM!JOIN_ONEUP.LANCAMENTOS.CONSULTALANCAMENTOS?cnpj=57.408.548%2F0001-92&n_documento=CORRE%20109093","service":"btg-baixa-titulos-service","timestamp":"2026-05-26T12:59:18.855Z"}
{"lancamento":1434857622,"level":"info","message":"ℹ️ Título CORRE 109093 já estava baixado. Processo ignorado.","service":"btg-baixa-titulos-service","situacao":"BAIXADO","timestamp":"2026-05-26T12:59:18.871Z"}
{"level":"info","message":"🔎 Processando título FRE 108253","service":"btg-baixa-titulos-service","timestamp":"2026-05-26T12:59:18.876Z"}
{"level":"info","message":"🌐 Millennium request: GET /MILLENIUM!JOIN_ONEUP.LANCAMENTOS.CONSULTALANCAMENTOS?cnpj=57.408.548%2F0001-92&n_documento=FRE%20108253","service":"btg-baixa-titulos-service","timestamp":"2026-05-26T12:59:18.876Z"}
{"lancamento":1434857394,"level":"info","message":"ℹ️ Título FRE 108253 já estava baixado. Processo ignorado.","service":"btg-baixa-titulos-service","situacao":"BAIXADO","timestamp":"2026-05-26T12:59:18.893Z"}
{"level":"info","message":"🔎 Processando título FRE 108317","service":"btg-baixa-titulos-service","timestamp":"2026-05-26T12:59:18.897Z"}
{"level":"info","message":"🌐 Millennium request: GET /MILLENIUM!JOIN_ONEUP.LANCAMENTOS.CONSULTALANCAMENTOS?cnpj=03.294.992%2F0001-03&n_documento=FRE%20108317","service":"btg-baixa-titulos-service","timestamp":"2026-05-26T12:59:18.897Z"}
{"lancamento":1434857396,"level":"info","message":"ℹ️ Título FRE 108317 já estava baixado. Processo ignorado.","service":"btg-baixa-titulos-service","situacao":"BAIXADO","timestamp":"2026-05-26T12:59:18.913Z"}
{"level":"info","message":"🔎 Processando título CORRE 108313","service":"btg-baixa-titulos-service","timestamp":"2026-05-26T12:59:18.916Z"}
{"level":"info","message":"🌐 Millennium request: GET /MILLENIUM!JOIN_ONEUP.LANCAMENTOS.CONSULTALANCAMENTOS?cnpj=22.031.998%2F0001-24&n_documento=CORRE%20108313","service":"btg-baixa-titulos-service","timestamp":"2026-05-26T12:59:18.916Z"}
{"lancamento":1434857617,"level":"info","message":"ℹ️ Título CORRE 108313 já estava baixado. Processo ignorado.","service":"btg-baixa-titulos-service","situacao":"BAIXADO","timestamp":"2026-05-26T12:59:18.935Z"}
{"level":"info","message":"🔎 Processando título CORRE 108314","service":"btg-baixa-titulos-service","timestamp":"2026-05-26T12:59:18.938Z"}
{"level":"info","message":"🌐 Millennium request: GET /MILLENIUM!JOIN_ONEUP.LANCAMENTOS.CONSULTALANCAMENTOS?cnpj=02.355.679%2F0001-67&n_documento=CORRE%20108314","service":"btg-baixa-titulos-service","timestamp":"2026-05-26T12:59:18.938Z"}
{"lancamento":1434857620,"level":"info","message":"ℹ️ Título CORRE 108314 já estava baixado. Processo ignorado.","service":"btg-baixa-titulos-service","situacao":"BAIXADO","timestamp":"2026-05-26T12:59:18.954Z"}
{"level":"info","message":"🔎 Processando título 110759/D","service":"btg-baixa-titulos-service","timestamp":"2026-05-26T12:59:18.958Z"}
{"level":"info","message":"🌐 Millennium request: GET /MILLENIUM!JOIN_ONEUP.LANCAMENTOS.CONSULTALANCAMENTOS?cnpj=73.652.158%2F0001-10&n_documento=110759%2FD","service":"btg-baixa-titulos-service","timestamp":"2026-05-26T12:59:18.958Z"}
{"lancamento":1434866526,"level":"info","message":"ℹ️ Título 110759/D já estava baixado. Processo ignorado.","service":"btg-baixa-titulos-service","situacao":"BAIXADO","timestamp":"2026-05-26T12:59:18.975Z"}
{"level":"info","message":"🔎 Processando título 110759/E","service":"btg-baixa-titulos-service","timestamp":"2026-05-26T12:59:18.979Z"}
{"level":"info","message":"🌐 Millennium request: GET /MILLENIUM!JOIN_ONEUP.LANCAMENTOS.CONSULTALANCAMENTOS?cnpj=73.652.158%2F0001-10&n_documento=110759%2FE","service":"btg-baixa-titulos-service","timestamp":"2026-05-26T12:59:18.979Z"}
{"lancamento":1434866527,"level":"info","message":"📝 Atualizando título 110759/E","payload":{"lancamento":1434866527,"linhaDigitavel":"20890050091469048538980031005806114550000902160","nossoNumero":"72544146904853880","valorJuros":0},"service":"btg-baixa-titulos-service","timestamp":"2026-05-26T12:59:18.995Z"}
{"level":"info","message":"🌐 Millennium request: POST /MILLENIUM!JOIN_ONEUP.LANCAMENTOS.INSEREINFO","service":"btg-baixa-titulos-service","timestamp":"2026-05-26T12:59:18.995Z"}
{"lancamento":1434866527,"level":"info","message":"✅ Título atualizado com sucesso","numeroDocumento":"110759/E","service":"btg-baixa-titulos-service","timestamp":"2026-05-26T12:59:19.037Z","transId":340565589}
{"lancamento":1434866527,"level":"info","message":"💰 Iniciando baixa do título 110759/E","payload":{"CONCILIADO":true,"CONTA":1431333549,"DATA_PAGAMENTO":"2026-05-25","EFETUADO":true,"FILIAL":5,"GERA_OUTRO":false,"LANCAMENTO":1434866527,"OBS":"2026-05-26T12:59:19.038Z - Baixa por retorno automacao importacao excel","STATUS_BAIXA":"N","VALOR":9021.6,"acres_decres":0,"valor_pago":9021.6},"service":"btg-baixa-titulos-service","timestamp":"2026-05-26T12:59:19.038Z"}
{"dataPagamento":"2026-05-25","level":"info","message":"📅 Payload da baixa","service":"btg-baixa-titulos-service","timestamp":"2026-05-26T12:59:19.038Z"}
{"level":"info","message":"🌐 Millennium request: POST /millenium/titulos/baixa","service":"btg-baixa-titulos-service","timestamp":"2026-05-26T12:59:19.038Z"}
{"baixa":1435955766,"level":"info","message":"✅ Título baixado com sucesso","numeroDocumento":"110759/E","service":"btg-baixa-titulos-service","timestamp":"2026-05-26T12:59:20.808Z","valor":9021.6}
{"level":"info","message":"✅ Fluxo concluído para 110759/E","service":"btg-baixa-titulos-service","timestamp":"2026-05-26T12:59:20.809Z"}
{"level":"info","message":"🔎 Processando título 110761","service":"btg-baixa-titulos-service","timestamp":"2026-05-26T12:59:20.815Z"}
{"level":"info","message":"🌐 Millennium request: GET /MILLENIUM!JOIN_ONEUP.LANCAMENTOS.CONSULTALANCAMENTOS?cnpj=01.009.793%2F0001-72&n_documento=110761","service":"btg-baixa-titulos-service","timestamp":"2026-05-26T12:59:20.815Z"}
{"lancamento":1434866540,"level":"info","message":"ℹ️ Título 110761 já estava baixado. Processo ignorado.","service":"btg-baixa-titulos-service","situacao":"BAIXADO","timestamp":"2026-05-26T12:59:20.912Z"}
{"level":"info","message":"🔎 Processando título 110934/A","service":"btg-baixa-titulos-service","timestamp":"2026-05-26T12:59:20.917Z"}
{"level":"info","message":"🌐 Millennium request: GET /MILLENIUM!JOIN_ONEUP.LANCAMENTOS.CONSULTALANCAMENTOS?cnpj=50.649.490%2F0001-20&n_documento=110934%2FA","service":"btg-baixa-titulos-service","timestamp":"2026-05-26T12:59:20.917Z"}
{"lancamento":1434868072,"level":"info","message":"ℹ️ Título 110934/A já estava baixado. Processo ignorado.","service":"btg-baixa-titulos-service","situacao":"BAIXADO","timestamp":"2026-05-26T12:59:20.934Z"}
{"level":"info","message":"🔎 Processando título 110934/B","service":"btg-baixa-titulos-service","timestamp":"2026-05-26T12:59:20.939Z"}
{"level":"info","message":"🌐 Millennium request: GET /MILLENIUM!JOIN_ONEUP.LANCAMENTOS.CONSULTALANCAMENTOS?cnpj=50.649.490%2F0001-20&n_documento=110934%2FB","service":"btg-baixa-titulos-service","timestamp":"2026-05-26T12:59:20.939Z"}
{"lancamento":1434868073,"level":"info","message":"ℹ️ Título 110934/B já estava baixado. Processo ignorado.","service":"btg-baixa-titulos-service","situacao":"BAIXADO","timestamp":"2026-05-26T12:59:20.955Z"}
{"level":"info","message":"🔎 Processando título 110934/C","service":"btg-baixa-titulos-service","timestamp":"2026-05-26T12:59:20.959Z"}
{"level":"info","message":"🌐 Millennium request: GET /MILLENIUM!JOIN_ONEUP.LANCAMENTOS.CONSULTALANCAMENTOS?cnpj=50.649.490%2F0001-20&n_documento=110934%2FC","service":"btg-baixa-titulos-service","timestamp":"2026-05-26T12:59:20.959Z"}
{"lancamento":1434868074,"level":"info","message":"ℹ️ Título 110934/C já estava baixado. Processo ignorado.","service":"btg-baixa-titulos-service","situacao":"BAIXADO","timestamp":"2026-05-26T12:59:20.974Z"}
{"level":"info","message":"🔎 Processando título 110935/A","service":"btg-baixa-titulos-service","timestamp":"2026-05-26T12:59:20.977Z"}
{"level":"info","message":"🌐 Millennium request: GET /MILLENIUM!JOIN_ONEUP.LANCAMENTOS.CONSULTALANCAMENTOS?cnpj=50.649.490%2F0001-20&n_documento=110935%2FA","service":"btg-baixa-titulos-service","timestamp":"2026-05-26T12:59:20.977Z"}
{"lancamento":1434868079,"level":"info","message":"ℹ️ Título 110935/A já estava baixado. Processo ignorado.","service":"btg-baixa-titulos-service","situacao":"BAIXADO","timestamp":"2026-05-26T12:59:20.993Z"}
{"level":"info","message":"🔎 Processando título 109911/A","service":"btg-baixa-titulos-service","timestamp":"2026-05-26T12:59:21.004Z"}
{"level":"info","message":"🌐 Millennium request: GET /MILLENIUM!JOIN_ONEUP.LANCAMENTOS.CONSULTALANCAMENTOS?cnpj=56.961.472%2F0001-65&n_documento=109911%2FA","service":"btg-baixa-titulos-service","timestamp":"2026-05-26T12:59:21.004Z"}
{"lancamento":1434858491,"level":"info","message":"ℹ️ Título 109911/A já estava baixado. Processo ignorado.","service":"btg-baixa-titulos-service","situacao":"BAIXADO","timestamp":"2026-05-26T12:59:21.022Z"}
{"level":"info","message":"🔎 Processando título 110935/B","service":"btg-baixa-titulos-service","timestamp":"2026-05-26T12:59:21.026Z"}
{"level":"info","message":"🌐 Millennium request: GET /MILLENIUM!JOIN_ONEUP.LANCAMENTOS.CONSULTALANCAMENTOS?cnpj=50.649.490%2F0001-20&n_documento=110935%2FB","service":"btg-baixa-titulos-service","timestamp":"2026-05-26T12:59:21.026Z"}
{"lancamento":1434868080,"level":"info","message":"ℹ️ Título 110935/B já estava baixado. Processo ignorado.","service":"btg-baixa-titulos-service","situacao":"BAIXADO","timestamp":"2026-05-26T12:59:21.041Z"}
{"level":"info","message":"🔎 Processando título 110935/C","service":"btg-baixa-titulos-service","timestamp":"2026-05-26T12:59:21.045Z"}
{"level":"info","message":"🌐 Millennium request: GET /MILLENIUM!JOIN_ONEUP.LANCAMENTOS.CONSULTALANCAMENTOS?cnpj=50.649.490%2F0001-20&n_documento=110935%2FC","service":"btg-baixa-titulos-service","timestamp":"2026-05-26T12:59:21.045Z"}
{"lancamento":1434868081,"level":"info","message":"ℹ️ Título 110935/C já estava baixado. Processo ignorado.","service":"btg-baixa-titulos-service","situacao":"BAIXADO","timestamp":"2026-05-26T12:59:21.062Z"}
{"level":"info","message":"🔎 Processando título 109911/B","service":"btg-baixa-titulos-service","timestamp":"2026-05-26T12:59:21.065Z"}
{"level":"info","message":"🌐 Millennium request: GET /MILLENIUM!JOIN_ONEUP.LANCAMENTOS.CONSULTALANCAMENTOS?cnpj=56.961.472%2F0001-65&n_documento=109911%2FB","service":"btg-baixa-titulos-service","timestamp":"2026-05-26T12:59:21.065Z"}
{"lancamento":1434858492,"level":"info","message":"ℹ️ Título 109911/B já estava baixado. Processo ignorado.","service":"btg-baixa-titulos-service","situacao":"BAIXADO","timestamp":"2026-05-26T12:59:21.080Z"}
{"level":"info","message":"🔎 Processando título 110936/A","service":"btg-baixa-titulos-service","timestamp":"2026-05-26T12:59:21.083Z"}
{"level":"info","message":"🌐 Millennium request: GET /MILLENIUM!JOIN_ONEUP.LANCAMENTOS.CONSULTALANCAMENTOS?cnpj=50.649.490%2F0001-20&n_documento=110936%2FA","service":"btg-baixa-titulos-service","timestamp":"2026-05-26T12:59:21.083Z"}
{"lancamento":1434868082,"level":"info","message":"ℹ️ Título 110936/A já estava baixado. Processo ignorado.","service":"btg-baixa-titulos-service","situacao":"BAIXADO","timestamp":"2026-05-26T12:59:21.098Z"}
{"level":"info","message":"🔎 Processando título 109911/C","service":"btg-baixa-titulos-service","timestamp":"2026-05-26T12:59:21.102Z"}
{"level":"info","message":"🌐 Millennium request: GET /MILLENIUM!JOIN_ONEUP.LANCAMENTOS.CONSULTALANCAMENTOS?cnpj=56.961.472%2F0001-65&n_documento=109911%2FC","service":"btg-baixa-titulos-service","timestamp":"2026-05-26T12:59:21.102Z"}
{"lancamento":1434858493,"level":"info","message":"ℹ️ Título 109911/C já estava baixado. Processo ignorado.","service":"btg-baixa-titulos-service","situacao":"BAIXADO","timestamp":"2026-05-26T12:59:21.118Z"}
{"level":"info","message":"🔎 Processando título 110936/B","service":"btg-baixa-titulos-service","timestamp":"2026-05-26T12:59:21.120Z"}
{"level":"info","message":"🌐 Millennium request: GET /MILLENIUM!JOIN_ONEUP.LANCAMENTOS.CONSULTALANCAMENTOS?cnpj=50.649.490%2F0001-20&n_documento=110936%2FB","service":"btg-baixa-titulos-service","timestamp":"2026-05-26T12:59:21.121Z"}
{"lancamento":1434868083,"level":"info","message":"ℹ️ Título 110936/B já estava baixado. Processo ignorado.","service":"btg-baixa-titulos-service","situacao":"BAIXADO","timestamp":"2026-05-26T12:59:21.135Z"}
{"level":"info","message":"🔎 Processando título 109911/D","service":"btg-baixa-titulos-service","timestamp":"2026-05-26T12:59:21.140Z"}
{"level":"info","message":"🌐 Millennium request: GET /MILLENIUM!JOIN_ONEUP.LANCAMENTOS.CONSULTALANCAMENTOS?cnpj=56.961.472%2F0001-65&n_documento=109911%2FD","service":"btg-baixa-titulos-service","timestamp":"2026-05-26T12:59:21.140Z"}
{"lancamento":1434858494,"level":"info","message":"ℹ️ Título 109911/D já estava baixado. Processo ignorado.","service":"btg-baixa-titulos-service","situacao":"BAIXADO","timestamp":"2026-05-26T12:59:21.155Z"}
{"level":"info","message":"🔎 Processando título 110936/C","service":"btg-baixa-titulos-service","timestamp":"2026-05-26T12:59:21.159Z"}
{"level":"info","message":"🌐 Millennium request: GET /MILLENIUM!JOIN_ONEUP.LANCAMENTOS.CONSULTALANCAMENTOS?cnpj=50.649.490%2F0001-20&n_documento=110936%2FC","service":"btg-baixa-titulos-service","timestamp":"2026-05-26T12:59:21.159Z"}
{"lancamento":1434868084,"level":"info","message":"ℹ️ Título 110936/C já estava baixado. Processo ignorado.","service":"btg-baixa-titulos-service","situacao":"BAIXADO","timestamp":"2026-05-26T12:59:21.179Z"}
{"level":"info","message":"🔎 Processando título 110166/A","service":"btg-baixa-titulos-service","timestamp":"2026-05-26T12:59:21.181Z"}
{"level":"info","message":"🌐 Millennium request: GET /MILLENIUM!JOIN_ONEUP.LANCAMENTOS.CONSULTALANCAMENTOS?cnpj=57.408.548%2F0001-92&n_documento=110166%2FA","service":"btg-baixa-titulos-service","timestamp":"2026-05-26T12:59:21.181Z"}
{"lancamento":1434860991,"level":"info","message":"ℹ️ Título 110166/A já estava baixado. Processo ignorado.","service":"btg-baixa-titulos-service","situacao":"BAIXADO","timestamp":"2026-05-26T12:59:21.197Z"}
{"level":"info","message":"🔎 Processando título 110937/A","service":"btg-baixa-titulos-service","timestamp":"2026-05-26T12:59:21.199Z"}
{"level":"info","message":"🌐 Millennium request: GET /MILLENIUM!JOIN_ONEUP.LANCAMENTOS.CONSULTALANCAMENTOS?cnpj=50.649.490%2F0001-20&n_documento=110937%2FA","service":"btg-baixa-titulos-service","timestamp":"2026-05-26T12:59:21.199Z"}
{"lancamento":1434868089,"level":"info","message":"ℹ️ Título 110937/A já estava baixado. Processo ignorado.","service":"btg-baixa-titulos-service","situacao":"BAIXADO","timestamp":"2026-05-26T12:59:21.215Z"}
{"level":"info","message":"🔎 Processando título 110166/B","service":"btg-baixa-titulos-service","timestamp":"2026-05-26T12:59:21.217Z"}
{"level":"info","message":"🌐 Millennium request: GET /MILLENIUM!JOIN_ONEUP.LANCAMENTOS.CONSULTALANCAMENTOS?cnpj=57.408.548%2F0001-92&n_documento=110166%2FB","service":"btg-baixa-titulos-service","timestamp":"2026-05-26T12:59:21.218Z"}
{"lancamento":1434860992,"level":"info","message":"ℹ️ Título 110166/B já estava baixado. Processo ignorado.","service":"btg-baixa-titulos-service","situacao":"BAIXADO","timestamp":"2026-05-26T12:59:21.234Z"}
{"level":"info","message":"🔎 Processando título 110937/B","service":"btg-baixa-titulos-service","timestamp":"2026-05-26T12:59:21.237Z"}
{"level":"info","message":"🌐 Millennium request: GET /MILLENIUM!JOIN_ONEUP.LANCAMENTOS.CONSULTALANCAMENTOS?cnpj=50.649.490%2F0001-20&n_documento=110937%2FB","service":"btg-baixa-titulos-service","timestamp":"2026-05-26T12:59:21.237Z"}
{"lancamento":1434868090,"level":"info","message":"ℹ️ Título 110937/B já estava baixado. Processo ignorado.","service":"btg-baixa-titulos-service","situacao":"BAIXADO","timestamp":"2026-05-26T12:59:21.276Z"}
{"level":"info","message":"🔎 Processando título 110166/C","service":"btg-baixa-titulos-service","timestamp":"2026-05-26T12:59:21.280Z"}
{"level":"info","message":"🌐 Millennium request: GET /MILLENIUM!JOIN_ONEUP.LANCAMENTOS.CONSULTALANCAMENTOS?cnpj=57.408.548%2F0001-92&n_documento=110166%2FC","service":"btg-baixa-titulos-service","timestamp":"2026-05-26T12:59:21.280Z"}
{"lancamento":1434860993,"level":"info","message":"ℹ️ Título 110166/C já estava baixado. Processo ignorado.","service":"btg-baixa-titulos-service","situacao":"BAIXADO","timestamp":"2026-05-26T12:59:21.293Z"}
{"level":"info","message":"🔎 Processando título 110937/C","service":"btg-baixa-titulos-service","timestamp":"2026-05-26T12:59:21.295Z"}
{"level":"info","message":"🌐 Millennium request: GET /MILLENIUM!JOIN_ONEUP.LANCAMENTOS.CONSULTALANCAMENTOS?cnpj=50.649.490%2F0001-20&n_documento=110937%2FC","service":"btg-baixa-titulos-service","timestamp":"2026-05-26T12:59:21.295Z"}
{"lancamento":1434868091,"level":"info","message":"ℹ️ Título 110937/C já estava baixado. Processo ignorado.","service":"btg-baixa-titulos-service","situacao":"BAIXADO","timestamp":"2026-05-26T12:59:21.311Z"}
{"level":"info","message":"🔎 Processando título 110166/D","service":"btg-baixa-titulos-service","timestamp":"2026-05-26T12:59:21.315Z"}
{"level":"info","message":"🌐 Millennium request: GET /MILLENIUM!JOIN_ONEUP.LANCAMENTOS.CONSULTALANCAMENTOS?cnpj=57.408.548%2F0001-92&n_documento=110166%2FD","service":"btg-baixa-titulos-service","timestamp":"2026-05-26T12:59:21.315Z"}
{"lancamento":1434860994,"level":"info","message":"ℹ️ Título 110166/D já estava baixado. Processo ignorado.","service":"btg-baixa-titulos-service","situacao":"BAIXADO","timestamp":"2026-05-26T12:59:21.327Z"}
{"level":"info","message":"🔎 Processando título 110938/A","service":"btg-baixa-titulos-service","timestamp":"2026-05-26T12:59:21.333Z"}
{"level":"info","message":"🌐 Millennium request: GET /MILLENIUM!JOIN_ONEUP.LANCAMENTOS.CONSULTALANCAMENTOS?cnpj=50.649.490%2F0001-20&n_documento=110938%2FA","service":"btg-baixa-titulos-service","timestamp":"2026-05-26T12:59:21.333Z"}
{"lancamento":1434868093,"level":"info","message":"ℹ️ Título 110938/A já estava baixado. Processo ignorado.","service":"btg-baixa-titulos-service","situacao":"BAIXADO","timestamp":"2026-05-26T12:59:21.433Z"}
{"level":"info","message":"🔎 Processando título 110595/A","service":"btg-baixa-titulos-service","timestamp":"2026-05-26T12:59:21.436Z"}
{"level":"info","message":"🌐 Millennium request: GET /MILLENIUM!JOIN_ONEUP.LANCAMENTOS.CONSULTALANCAMENTOS?cnpj=57.408.548%2F0001-92&n_documento=110595%2FA","service":"btg-baixa-titulos-service","timestamp":"2026-05-26T12:59:21.436Z"}
{"lancamento":1434863646,"level":"info","message":"ℹ️ Título 110595/A já estava baixado. Processo ignorado.","service":"btg-baixa-titulos-service","situacao":"BAIXADO","timestamp":"2026-05-26T12:59:21.450Z"}
{"level":"info","message":"🔎 Processando título 110938/B","service":"btg-baixa-titulos-service","timestamp":"2026-05-26T12:59:21.452Z"}
{"level":"info","message":"🌐 Millennium request: GET /MILLENIUM!JOIN_ONEUP.LANCAMENTOS.CONSULTALANCAMENTOS?cnpj=50.649.490%2F0001-20&n_documento=110938%2FB","service":"btg-baixa-titulos-service","timestamp":"2026-05-26T12:59:21.452Z"}
{"lancamento":1434868094,"level":"info","message":"ℹ️ Título 110938/B já estava baixado. Processo ignorado.","service":"btg-baixa-titulos-service","situacao":"BAIXADO","timestamp":"2026-05-26T12:59:21.468Z"}
{"level":"info","message":"🔎 Processando título 110595/B","service":"btg-baixa-titulos-service","timestamp":"2026-05-26T12:59:21.470Z"}
{"level":"info","message":"🌐 Millennium request: GET /MILLENIUM!JOIN_ONEUP.LANCAMENTOS.CONSULTALANCAMENTOS?cnpj=57.408.548%2F0001-92&n_documento=110595%2FB","service":"btg-baixa-titulos-service","timestamp":"2026-05-26T12:59:21.470Z"}
{"lancamento":1434863647,"level":"info","message":"ℹ️ Título 110595/B já estava baixado. Processo ignorado.","service":"btg-baixa-titulos-service","situacao":"BAIXADO","timestamp":"2026-05-26T12:59:21.486Z"}
{"level":"info","message":"🔎 Processando título 110938/C","service":"btg-baixa-titulos-service","timestamp":"2026-05-26T12:59:21.488Z"}
{"level":"info","message":"🌐 Millennium request: GET /MILLENIUM!JOIN_ONEUP.LANCAMENTOS.CONSULTALANCAMENTOS?cnpj=50.649.490%2F0001-20&n_documento=110938%2FC","service":"btg-baixa-titulos-service","timestamp":"2026-05-26T12:59:21.488Z"}
{"lancamento":1434868095,"level":"info","message":"ℹ️ Título 110938/C já estava baixado. Processo ignorado.","service":"btg-baixa-titulos-service","situacao":"BAIXADO","timestamp":"2026-05-26T12:59:21.504Z"}
{"level":"info","message":"🔎 Processando título 110595/C","service":"btg-baixa-titulos-service","timestamp":"2026-05-26T12:59:21.507Z"}
{"level":"info","message":"🌐 Millennium request: GET /MILLENIUM!JOIN_ONEUP.LANCAMENTOS.CONSULTALANCAMENTOS?cnpj=57.408.548%2F0001-92&n_documento=110595%2FC","service":"btg-baixa-titulos-service","timestamp":"2026-05-26T12:59:21.507Z"}
{"lancamento":1434863648,"level":"info","message":"ℹ️ Título 110595/C já estava baixado. Processo ignorado.","service":"btg-baixa-titulos-service","situacao":"BAIXADO","timestamp":"2026-05-26T12:59:21.523Z"}
{"level":"info","message":"🔎 Processando título 110939/A","service":"btg-baixa-titulos-service","timestamp":"2026-05-26T12:59:21.526Z"}
{"level":"info","message":"🌐 Millennium request: GET /MILLENIUM!JOIN_ONEUP.LANCAMENTOS.CONSULTALANCAMENTOS?cnpj=50.649.490%2F0001-20&n_documento=110939%2FA","service":"btg-baixa-titulos-service","timestamp":"2026-05-26T12:59:21.526Z"}
{"lancamento":1434868096,"level":"info","message":"ℹ️ Título 110939/A já estava baixado. Processo ignorado.","service":"btg-baixa-titulos-service","situacao":"BAIXADO","timestamp":"2026-05-26T12:59:21.541Z"}
{"level":"info","message":"🔎 Processando título 110595/D","service":"btg-baixa-titulos-service","timestamp":"2026-05-26T12:59:21.542Z"}
{"level":"info","message":"🌐 Millennium request: GET /MILLENIUM!JOIN_ONEUP.LANCAMENTOS.CONSULTALANCAMENTOS?cnpj=57.408.548%2F0001-92&n_documento=110595%2FD","service":"btg-baixa-titulos-service","timestamp":"2026-05-26T12:59:21.542Z"}
{"lancamento":1434863649,"level":"info","message":"ℹ️ Título 110595/D já estava baixado. Processo ignorado.","service":"btg-baixa-titulos-service","situacao":"BAIXADO","timestamp":"2026-05-26T12:59:21.557Z"}
{"level":"info","message":"🔎 Processando título 110939/B","service":"btg-baixa-titulos-service","timestamp":"2026-05-26T12:59:21.559Z"}
{"level":"info","message":"🌐 Millennium request: GET /MILLENIUM!JOIN_ONEUP.LANCAMENTOS.CONSULTALANCAMENTOS?cnpj=50.649.490%2F0001-20&n_documento=110939%2FB","service":"btg-baixa-titulos-service","timestamp":"2026-05-26T12:59:21.559Z"}
{"lancamento":1434868097,"level":"info","message":"ℹ️ Título 110939/B já estava baixado. Processo ignorado.","service":"btg-baixa-titulos-service","situacao":"BAIXADO","timestamp":"2026-05-26T12:59:21.581Z"}
{"level":"info","message":"🔎 Processando título 110591","service":"btg-baixa-titulos-service","timestamp":"2026-05-26T12:59:21.583Z"}
{"level":"info","message":"🌐 Millennium request: GET /MILLENIUM!JOIN_ONEUP.LANCAMENTOS.CONSULTALANCAMENTOS?cnpj=01.329.811%2F0001-01&n_documento=110591","service":"btg-baixa-titulos-service","timestamp":"2026-05-26T12:59:21.583Z"}
{"lancamento":1434863544,"level":"info","message":"ℹ️ Título 110591 já estava baixado. Processo ignorado.","service":"btg-baixa-titulos-service","situacao":"BAIXADO","timestamp":"2026-05-26T12:59:21.597Z"}
{"level":"info","message":"🔎 Processando título 110939/C","service":"btg-baixa-titulos-service","timestamp":"2026-05-26T12:59:21.599Z"}
{"level":"info","message":"🌐 Millennium request: GET /MILLENIUM!JOIN_ONEUP.LANCAMENTOS.CONSULTALANCAMENTOS?cnpj=50.649.490%2F0001-20&n_documento=110939%2FC","service":"btg-baixa-titulos-service","timestamp":"2026-05-26T12:59:21.599Z"}
{"lancamento":1434868098,"level":"info","message":"ℹ️ Título 110939/C já estava baixado. Processo ignorado.","service":"btg-baixa-titulos-service","situacao":"BAIXADO","timestamp":"2026-05-26T12:59:21.614Z"}
{"level":"info","message":"🔎 Processando título 110168/A","service":"btg-baixa-titulos-service","timestamp":"2026-05-26T12:59:21.616Z"}
{"level":"info","message":"🌐 Millennium request: GET /MILLENIUM!JOIN_ONEUP.LANCAMENTOS.CONSULTALANCAMENTOS?cnpj=59.205.187%2F0001-02&n_documento=110168%2FA","service":"btg-baixa-titulos-service","timestamp":"2026-05-26T12:59:21.617Z"}
{"lancamento":1434860996,"level":"info","message":"ℹ️ Título 110168/A já estava baixado. Processo ignorado.","service":"btg-baixa-titulos-service","situacao":"BAIXADO","timestamp":"2026-05-26T12:59:21.630Z"}
{"level":"info","message":"🔎 Processando título 110941/A","service":"btg-baixa-titulos-service","timestamp":"2026-05-26T12:59:21.633Z"}
{"level":"info","message":"🌐 Millennium request: GET /MILLENIUM!JOIN_ONEUP.LANCAMENTOS.CONSULTALANCAMENTOS?cnpj=50.649.490%2F0001-20&n_documento=110941%2FA","service":"btg-baixa-titulos-service","timestamp":"2026-05-26T12:59:21.633Z"}
{"lancamento":1434868100,"level":"info","message":"ℹ️ Título 110941/A já estava baixado. Processo ignorado.","service":"btg-baixa-titulos-service","situacao":"BAIXADO","timestamp":"2026-05-26T12:59:21.647Z"}
{"level":"info","message":"🔎 Processando título 110168/B","service":"btg-baixa-titulos-service","timestamp":"2026-05-26T12:59:21.650Z"}
{"level":"info","message":"🌐 Millennium request: GET /MILLENIUM!JOIN_ONEUP.LANCAMENTOS.CONSULTALANCAMENTOS?cnpj=59.205.187%2F0001-02&n_documento=110168%2FB","service":"btg-baixa-titulos-service","timestamp":"2026-05-26T12:59:21.650Z"}
{"lancamento":1434860997,"level":"info","message":"ℹ️ Título 110168/B já estava baixado. Processo ignorado.","service":"btg-baixa-titulos-service","situacao":"BAIXADO","timestamp":"2026-05-26T12:59:21.665Z"}
{"level":"info","message":"🔎 Processando título 110941/B","service":"btg-baixa-titulos-service","timestamp":"2026-05-26T12:59:21.668Z"}
{"level":"info","message":"🌐 Millennium request: GET /MILLENIUM!JOIN_ONEUP.LANCAMENTOS.CONSULTALANCAMENTOS?cnpj=50.649.490%2F0001-20&n_documento=110941%2FB","service":"btg-baixa-titulos-service","timestamp":"2026-05-26T12:59:21.669Z"}
{"lancamento":1434868101,"level":"info","message":"ℹ️ Título 110941/B já estava baixado. Processo ignorado.","service":"btg-baixa-titulos-service","situacao":"BAIXADO","timestamp":"2026-05-26T12:59:21.685Z"}
{"level":"info","message":"🔎 Processando título 110168/C","service":"btg-baixa-titulos-service","timestamp":"2026-05-26T12:59:21.689Z"}
{"level":"info","message":"🌐 Millennium request: GET /MILLENIUM!JOIN_ONEUP.LANCAMENTOS.CONSULTALANCAMENTOS?cnpj=59.205.187%2F0001-02&n_documento=110168%2FC","service":"btg-baixa-titulos-service","timestamp":"2026-05-26T12:59:21.689Z"}
{"lancamento":1434860998,"level":"info","message":"ℹ️ Título 110168/C já estava baixado. Processo ignorado.","service":"btg-baixa-titulos-service","situacao":"BAIXADO","timestamp":"2026-05-26T12:59:21.704Z"}
{"level":"info","message":"🔎 Processando título 110941/C","service":"btg-baixa-titulos-service","timestamp":"2026-05-26T12:59:21.706Z"}
{"level":"info","message":"🌐 Millennium request: GET /MILLENIUM!JOIN_ONEUP.LANCAMENTOS.CONSULTALANCAMENTOS?cnpj=50.649.490%2F0001-20&n_documento=110941%2FC","service":"btg-baixa-titulos-service","timestamp":"2026-05-26T12:59:21.706Z"}
{"lancamento":1434868102,"level":"info","message":"ℹ️ Título 110941/C já estava baixado. Processo ignorado.","service":"btg-baixa-titulos-service","situacao":"BAIXADO","timestamp":"2026-05-26T12:59:21.723Z"}
{"level":"info","message":"🔎 Processando título 110594/A","service":"btg-baixa-titulos-service","timestamp":"2026-05-26T12:59:21.726Z"}
{"level":"info","message":"🌐 Millennium request: GET /MILLENIUM!JOIN_ONEUP.LANCAMENTOS.CONSULTALANCAMENTOS?cnpj=00.768.271%2F0001-91&n_documento=110594%2FA","service":"btg-baixa-titulos-service","timestamp":"2026-05-26T12:59:21.726Z"}
{"lancamento":1434863641,"level":"info","message":"ℹ️ Título 110594/A já estava baixado. Processo ignorado.","service":"btg-baixa-titulos-service","situacao":"BAIXADO","timestamp":"2026-05-26T12:59:21.740Z"}
{"level":"info","message":"🔎 Processando título 110942/A","service":"btg-baixa-titulos-service","timestamp":"2026-05-26T12:59:21.743Z"}
{"level":"info","message":"🌐 Millennium request: GET /MILLENIUM!JOIN_ONEUP.LANCAMENTOS.CONSULTALANCAMENTOS?cnpj=50.649.490%2F0001-20&n_documento=110942%2FA","service":"btg-baixa-titulos-service","timestamp":"2026-05-26T12:59:21.743Z"}
{"lancamento":1434868105,"level":"info","message":"ℹ️ Título 110942/A já estava baixado. Processo ignorado.","service":"btg-baixa-titulos-service","situacao":"BAIXADO","timestamp":"2026-05-26T12:59:21.763Z"}
{"level":"info","message":"🔎 Processando título 110942/B","service":"btg-baixa-titulos-service","timestamp":"2026-05-26T12:59:21.765Z"}
{"level":"info","message":"🌐 Millennium request: GET /MILLENIUM!JOIN_ONEUP.LANCAMENTOS.CONSULTALANCAMENTOS?cnpj=50.649.490%2F0001-20&n_documento=110942%2FB","service":"btg-baixa-titulos-service","timestamp":"2026-05-26T12:59:21.765Z"}
{"lancamento":1434868106,"level":"info","message":"ℹ️ Título 110942/B já estava baixado. Processo ignorado.","service":"btg-baixa-titulos-service","situacao":"BAIXADO","timestamp":"2026-05-26T12:59:21.788Z"}
{"level":"info","message":"🔎 Processando título 110594/B","service":"btg-baixa-titulos-service","timestamp":"2026-05-26T12:59:21.799Z"}
{"level":"info","message":"🌐 Millennium request: GET /MILLENIUM!JOIN_ONEUP.LANCAMENTOS.CONSULTALANCAMENTOS?cnpj=00.768.271%2F0001-91&n_documento=110594%2FB","service":"btg-baixa-titulos-service","timestamp":"2026-05-26T12:59:21.799Z"}
{"lancamento":1434863642,"level":"info","message":"ℹ️ Título 110594/B já estava baixado. Processo ignorado.","service":"btg-baixa-titulos-service","situacao":"BAIXADO","timestamp":"2026-05-26T12:59:21.815Z"}
{"level":"info","message":"🔎 Processando título 110942/C","service":"btg-baixa-titulos-service","timestamp":"2026-05-26T12:59:21.819Z"}
{"level":"info","message":"🌐 Millennium request: GET /MILLENIUM!JOIN_ONEUP.LANCAMENTOS.CONSULTALANCAMENTOS?cnpj=50.649.490%2F0001-20&n_documento=110942%2FC","service":"btg-baixa-titulos-service","timestamp":"2026-05-26T12:59:21.819Z"}
{"lancamento":1434868107,"level":"info","message":"ℹ️ Título 110942/C já estava baixado. Processo ignorado.","service":"btg-baixa-titulos-service","situacao":"BAIXADO","timestamp":"2026-05-26T12:59:21.841Z"}
{"level":"info","message":"🔎 Processando título 110594/C","service":"btg-baixa-titulos-service","timestamp":"2026-05-26T12:59:21.844Z"}
{"level":"info","message":"🌐 Millennium request: GET /MILLENIUM!JOIN_ONEUP.LANCAMENTOS.CONSULTALANCAMENTOS?cnpj=00.768.271%2F0001-91&n_documento=110594%2FC","service":"btg-baixa-titulos-service","timestamp":"2026-05-26T12:59:21.844Z"}
{"lancamento":1434863643,"level":"info","message":"ℹ️ Título 110594/C já estava baixado. Processo ignorado.","service":"btg-baixa-titulos-service","situacao":"BAIXADO","timestamp":"2026-05-26T12:59:21.949Z"}
{"level":"info","message":"🔎 Processando título 37614/A","service":"btg-baixa-titulos-service","timestamp":"2026-05-26T12:59:21.954Z"}
{"level":"info","message":"🌐 Millennium request: GET /MILLENIUM!JOIN_ONEUP.LANCAMENTOS.CONSULTALANCAMENTOS?n_documento=37614%2FA&cpf=906.260.791-87","service":"btg-baixa-titulos-service","timestamp":"2026-05-26T12:59:21.954Z"}
{"lancamento":1434861823,"level":"info","message":"ℹ️ Título 37614/A já estava baixado. Processo ignorado.","service":"btg-baixa-titulos-service","situacao":"BAIXADO","timestamp":"2026-05-26T12:59:21.977Z"}
{"level":"info","message":"🔎 Processando título 110594/D","service":"btg-baixa-titulos-service","timestamp":"2026-05-26T12:59:21.982Z"}
{"level":"info","message":"🌐 Millennium request: GET /MILLENIUM!JOIN_ONEUP.LANCAMENTOS.CONSULTALANCAMENTOS?cnpj=00.768.271%2F0001-91&n_documento=110594%2FD","service":"btg-baixa-titulos-service","timestamp":"2026-05-26T12:59:21.983Z"}
{"lancamento":1434863644,"level":"info","message":"ℹ️ Título 110594/D já estava baixado. Processo ignorado.","service":"btg-baixa-titulos-service","situacao":"BAIXADO","timestamp":"2026-05-26T12:59:22.004Z"}
{"level":"info","message":"🔎 Processando título 37614/B","service":"btg-baixa-titulos-service","timestamp":"2026-05-26T12:59:22.009Z"}
{"level":"info","message":"🌐 Millennium request: GET /MILLENIUM!JOIN_ONEUP.LANCAMENTOS.CONSULTALANCAMENTOS?n_documento=37614%2FB&cpf=906.260.791-87","service":"btg-baixa-titulos-service","timestamp":"2026-05-26T12:59:22.009Z"}
{"lancamento":1434861824,"level":"info","message":"ℹ️ Título 37614/B já estava baixado. Processo ignorado.","service":"btg-baixa-titulos-service","situacao":"BAIXADO","timestamp":"2026-05-26T12:59:22.027Z"}
{"level":"info","message":"🔎 Processando título 110594/E","service":"btg-baixa-titulos-service","timestamp":"2026-05-26T12:59:22.039Z"}
{"level":"info","message":"🌐 Millennium request: GET /MILLENIUM!JOIN_ONEUP.LANCAMENTOS.CONSULTALANCAMENTOS?cnpj=00.768.271%2F0001-91&n_documento=110594%2FE","service":"btg-baixa-titulos-service","timestamp":"2026-05-26T12:59:22.039Z"}
{"lancamento":1434863645,"level":"info","message":"ℹ️ Título 110594/E já estava baixado. Processo ignorado.","service":"btg-baixa-titulos-service","situacao":"BAIXADO","timestamp":"2026-05-26T12:59:22.063Z"}
{"level":"info","message":"🔎 Processando título 37614/C","service":"btg-baixa-titulos-service","timestamp":"2026-05-26T12:59:22.067Z"}
{"level":"info","message":"🌐 Millennium request: GET /MILLENIUM!JOIN_ONEUP.LANCAMENTOS.CONSULTALANCAMENTOS?n_documento=37614%2FC&cpf=906.260.791-87","service":"btg-baixa-titulos-service","timestamp":"2026-05-26T12:59:22.067Z"}
{"lancamento":1434861825,"level":"info","message":"ℹ️ Título 37614/C já estava baixado. Processo ignorado.","service":"btg-baixa-titulos-service","situacao":"BAIXADO","timestamp":"2026-05-26T12:59:22.090Z"}
{"level":"info","message":"🔎 Processando título 37614/D","service":"btg-baixa-titulos-service","timestamp":"2026-05-26T12:59:22.095Z"}
{"level":"info","message":"🌐 Millennium request: GET /MILLENIUM!JOIN_ONEUP.LANCAMENTOS.CONSULTALANCAMENTOS?n_documento=37614%2FD&cpf=906.260.791-87","service":"btg-baixa-titulos-service","timestamp":"2026-05-26T12:59:22.095Z"}
{"lancamento":1434861826,"level":"info","message":"ℹ️ Título 37614/D já estava baixado. Processo ignorado.","service":"btg-baixa-titulos-service","situacao":"BAIXADO","timestamp":"2026-05-26T12:59:22.148Z"}
{"level":"info","message":"🔎 Processando título 110233/A","service":"btg-baixa-titulos-service","timestamp":"2026-05-26T12:59:22.153Z"}
{"level":"info","message":"🌐 Millennium request: GET /MILLENIUM!JOIN_ONEUP.LANCAMENTOS.CONSULTALANCAMENTOS?cnpj=07.030.508%2F0001-81&n_documento=110233%2FA","service":"btg-baixa-titulos-service","timestamp":"2026-05-26T12:59:22.153Z"}
{"lancamento":1434861382,"level":"info","message":"ℹ️ Título 110233/A já estava baixado. Processo ignorado.","service":"btg-baixa-titulos-service","situacao":"BAIXADO","timestamp":"2026-05-26T12:59:22.248Z"}
{"level":"info","message":"🔎 Processando título 37614/E","service":"btg-baixa-titulos-service","timestamp":"2026-05-26T12:59:22.253Z"}
{"level":"info","message":"🌐 Millennium request: GET /MILLENIUM!JOIN_ONEUP.LANCAMENTOS.CONSULTALANCAMENTOS?n_documento=37614%2FE&cpf=906.260.791-87","service":"btg-baixa-titulos-service","timestamp":"2026-05-26T12:59:22.253Z"}
{"lancamento":1434861827,"level":"info","message":"ℹ️ Título 37614/E já estava baixado. Processo ignorado.","service":"btg-baixa-titulos-service","situacao":"BAIXADO","timestamp":"2026-05-26T12:59:22.273Z"}
{"level":"info","message":"🔎 Processando título 37614/F","service":"btg-baixa-titulos-service","timestamp":"2026-05-26T12:59:22.277Z"}
{"level":"info","message":"🌐 Millennium request: GET /MILLENIUM!JOIN_ONEUP.LANCAMENTOS.CONSULTALANCAMENTOS?n_documento=37614%2FF&cpf=906.260.791-87","service":"btg-baixa-titulos-service","timestamp":"2026-05-26T12:59:22.277Z"}
{"lancamento":1434861828,"level":"info","message":"ℹ️ Título 37614/F já estava baixado. Processo ignorado.","service":"btg-baixa-titulos-service","situacao":"BAIXADO","timestamp":"2026-05-26T12:59:22.303Z"}
{"level":"info","message":"🔎 Processando título 110596/A","service":"btg-baixa-titulos-service","timestamp":"2026-05-26T12:59:22.308Z"}
{"level":"info","message":"🌐 Millennium request: GET /MILLENIUM!JOIN_ONEUP.LANCAMENTOS.CONSULTALANCAMENTOS?cnpj=44.999.259%2F0001-63&n_documento=110596%2FA","service":"btg-baixa-titulos-service","timestamp":"2026-05-26T12:59:22.308Z"}
{"lancamento":1434863672,"level":"info","message":"ℹ️ Título 110596/A já estava baixado. Processo ignorado.","service":"btg-baixa-titulos-service","situacao":"BAIXADO","timestamp":"2026-05-26T12:59:22.327Z"}
{"level":"info","message":"🔎 Processando título 110596/B","service":"btg-baixa-titulos-service","timestamp":"2026-05-26T12:59:22.333Z"}
{"level":"info","message":"🌐 Millennium request: GET /MILLENIUM!JOIN_ONEUP.LANCAMENTOS.CONSULTALANCAMENTOS?cnpj=44.999.259%2F0001-63&n_documento=110596%2FB","service":"btg-baixa-titulos-service","timestamp":"2026-05-26T12:59:22.333Z"}
{"lancamento":1434863673,"level":"info","message":"ℹ️ Título 110596/B já estava baixado. Processo ignorado.","service":"btg-baixa-titulos-service","situacao":"BAIXADO","timestamp":"2026-05-26T12:59:22.348Z"}
{"level":"info","message":"🔎 Processando título 110596/C","service":"btg-baixa-titulos-service","timestamp":"2026-05-26T12:59:22.352Z"}
{"level":"info","message":"🌐 Millennium request: GET /MILLENIUM!JOIN_ONEUP.LANCAMENTOS.CONSULTALANCAMENTOS?cnpj=44.999.259%2F0001-63&n_documento=110596%2FC","service":"btg-baixa-titulos-service","timestamp":"2026-05-26T12:59:22.352Z"}
{"lancamento":1434863674,"level":"info","message":"ℹ️ Título 110596/C já estava baixado. Processo ignorado.","service":"btg-baixa-titulos-service","situacao":"BAIXADO","timestamp":"2026-05-26T12:59:22.474Z"}
{"level":"info","message":"🔎 Processando título 110596/D","service":"btg-baixa-titulos-service","timestamp":"2026-05-26T12:59:22.478Z"}
{"level":"info","message":"🌐 Millennium request: GET /MILLENIUM!JOIN_ONEUP.LANCAMENTOS.CONSULTALANCAMENTOS?cnpj=44.999.259%2F0001-63&n_documento=110596%2FD","service":"btg-baixa-titulos-service","timestamp":"2026-05-26T12:59:22.478Z"}
{"lancamento":1434863675,"level":"info","message":"ℹ️ Título 110596/D já estava baixado. Processo ignorado.","service":"btg-baixa-titulos-service","situacao":"BAIXADO","timestamp":"2026-05-26T12:59:22.501Z"}
{"level":"info","message":"🔎 Processando título 110596/E","service":"btg-baixa-titulos-service","timestamp":"2026-05-26T12:59:22.505Z"}
{"level":"info","message":"🌐 Millennium request: GET /MILLENIUM!JOIN_ONEUP.LANCAMENTOS.CONSULTALANCAMENTOS?cnpj=44.999.259%2F0001-63&n_documento=110596%2FE","service":"btg-baixa-titulos-service","timestamp":"2026-05-26T12:59:22.505Z"}
{"lancamento":1434863676,"level":"info","message":"ℹ️ Título 110596/E já estava baixado. Processo ignorado.","service":"btg-baixa-titulos-service","situacao":"BAIXADO","timestamp":"2026-05-26T12:59:22.526Z"}
{"level":"info","message":"🔎 Processando título 110754/A","service":"btg-baixa-titulos-service","timestamp":"2026-05-26T12:59:22.531Z"}
{"level":"info","message":"🌐 Millennium request: GET /MILLENIUM!JOIN_ONEUP.LANCAMENTOS.CONSULTALANCAMENTOS?cnpj=03.294.992%2F0001-03&n_documento=110754%2FA","service":"btg-baixa-titulos-service","timestamp":"2026-05-26T12:59:22.531Z"}
{"lancamento":1434866511,"level":"info","message":"ℹ️ Título 110754/A já estava baixado. Processo ignorado.","service":"btg-baixa-titulos-service","situacao":"BAIXADO","timestamp":"2026-05-26T12:59:22.554Z"}
{"level":"info","message":"🔎 Processando título 110597/A","service":"btg-baixa-titulos-service","timestamp":"2026-05-26T12:59:22.558Z"}
{"level":"info","message":"🌐 Millennium request: GET /MILLENIUM!JOIN_ONEUP.LANCAMENTOS.CONSULTALANCAMENTOS?cnpj=03.247.651%2F0001-79&n_documento=110597%2FA","service":"btg-baixa-titulos-service","timestamp":"2026-05-26T12:59:22.558Z"}
{"lancamento":1434863693,"level":"info","message":"ℹ️ Título 110597/A já estava baixado. Processo ignorado.","service":"btg-baixa-titulos-service","situacao":"BAIXADO","timestamp":"2026-05-26T12:59:22.578Z"}
{"level":"info","message":"🔎 Processando título 110597/B","service":"btg-baixa-titulos-service","timestamp":"2026-05-26T12:59:22.582Z"}
{"level":"info","message":"🌐 Millennium request: GET /MILLENIUM!JOIN_ONEUP.LANCAMENTOS.CONSULTALANCAMENTOS?cnpj=03.247.651%2F0001-79&n_documento=110597%2FB","service":"btg-baixa-titulos-service","timestamp":"2026-05-26T12:59:22.582Z"}
{"lancamento":1434863694,"level":"info","message":"ℹ️ Título 110597/B já estava baixado. Processo ignorado.","service":"btg-baixa-titulos-service","situacao":"BAIXADO","timestamp":"2026-05-26T12:59:22.608Z"}
{"level":"info","message":"🔎 Processando título 110597/C","service":"btg-baixa-titulos-service","timestamp":"2026-05-26T12:59:22.612Z"}
{"level":"info","message":"🌐 Millennium request: GET /MILLENIUM!JOIN_ONEUP.LANCAMENTOS.CONSULTALANCAMENTOS?cnpj=03.247.651%2F0001-79&n_documento=110597%2FC","service":"btg-baixa-titulos-service","timestamp":"2026-05-26T12:59:22.612Z"}
{"lancamento":1434863695,"level":"info","message":"ℹ️ Título 110597/C já estava baixado. Processo ignorado.","service":"btg-baixa-titulos-service","situacao":"BAIXADO","timestamp":"2026-05-26T12:59:22.636Z"}
{"level":"info","message":"🔎 Processando título 110597/D","service":"btg-baixa-titulos-service","timestamp":"2026-05-26T12:59:22.641Z"}
{"level":"info","message":"🌐 Millennium request: GET /MILLENIUM!JOIN_ONEUP.LANCAMENTOS.CONSULTALANCAMENTOS?cnpj=03.247.651%2F0001-79&n_documento=110597%2FD","service":"btg-baixa-titulos-service","timestamp":"2026-05-26T12:59:22.642Z"}
{"lancamento":1434863696,"level":"info","message":"ℹ️ Título 110597/D já estava baixado. Processo ignorado.","service":"btg-baixa-titulos-service","situacao":"BAIXADO","timestamp":"2026-05-26T12:59:22.666Z"}
{"level":"info","message":"🔎 Processando título 110597/E","service":"btg-baixa-titulos-service","timestamp":"2026-05-26T12:59:22.670Z"}
{"level":"info","message":"🌐 Millennium request: GET /MILLENIUM!JOIN_ONEUP.LANCAMENTOS.CONSULTALANCAMENTOS?cnpj=03.247.651%2F0001-79&n_documento=110597%2FE","service":"btg-baixa-titulos-service","timestamp":"2026-05-26T12:59:22.670Z"}
{"lancamento":1434863697,"level":"info","message":"ℹ️ Título 110597/E já estava baixado. Processo ignorado.","service":"btg-baixa-titulos-service","situacao":"BAIXADO","timestamp":"2026-05-26T12:59:22.693Z"}
{"level":"info","message":"🔎 Processando título 110754/B","service":"btg-baixa-titulos-service","timestamp":"2026-05-26T12:59:22.698Z"}
{"level":"info","message":"🌐 Millennium request: GET /MILLENIUM!JOIN_ONEUP.LANCAMENTOS.CONSULTALANCAMENTOS?cnpj=03.294.992%2F0001-03&n_documento=110754%2FB","service":"btg-baixa-titulos-service","timestamp":"2026-05-26T12:59:22.698Z"}
{"lancamento":1434866512,"level":"info","message":"ℹ️ Título 110754/B já estava baixado. Processo ignorado.","service":"btg-baixa-titulos-service","situacao":"BAIXADO","timestamp":"2026-05-26T12:59:22.724Z"}
{"level":"info","message":"🔎 Processando título 110754/C","service":"btg-baixa-titulos-service","timestamp":"2026-05-26T12:59:22.729Z"}
{"level":"info","message":"🌐 Millennium request: GET /MILLENIUM!JOIN_ONEUP.LANCAMENTOS.CONSULTALANCAMENTOS?cnpj=03.294.992%2F0001-03&n_documento=110754%2FC","service":"btg-baixa-titulos-service","timestamp":"2026-05-26T12:59:22.729Z"}
{"lancamento":1434866513,"level":"info","message":"ℹ️ Título 110754/C já estava baixado. Processo ignorado.","service":"btg-baixa-titulos-service","situacao":"BAIXADO","timestamp":"2026-05-26T12:59:22.778Z"}
{"level":"info","message":"🔎 Processando título 110754/D","service":"btg-baixa-titulos-service","timestamp":"2026-05-26T12:59:22.785Z"}
{"level":"info","message":"🌐 Millennium request: GET /MILLENIUM!JOIN_ONEUP.LANCAMENTOS.CONSULTALANCAMENTOS?cnpj=03.294.992%2F0001-03&n_documento=110754%2FD","service":"btg-baixa-titulos-service","timestamp":"2026-05-26T12:59:22.785Z"}
{"lancamento":1434866514,"level":"info","message":"ℹ️ Título 110754/D já estava baixado. Processo ignorado.","service":"btg-baixa-titulos-service","situacao":"BAIXADO","timestamp":"2026-05-26T12:59:22.809Z"}
{"level":"info","message":"🔎 Processando título 110754/E","service":"btg-baixa-titulos-service","timestamp":"2026-05-26T12:59:22.821Z"}
{"level":"info","message":"🌐 Millennium request: GET /MILLENIUM!JOIN_ONEUP.LANCAMENTOS.CONSULTALANCAMENTOS?cnpj=03.294.992%2F0001-03&n_documento=110754%2FE","service":"btg-baixa-titulos-service","timestamp":"2026-05-26T12:59:22.821Z"}
{"lancamento":1434866515,"level":"info","message":"ℹ️ Título 110754/E já estava baixado. Processo ignorado.","service":"btg-baixa-titulos-service","situacao":"BAIXADO","timestamp":"2026-05-26T12:59:22.855Z"}
{"level":"info","message":"🔎 Processando título 110754/F","service":"btg-baixa-titulos-service","timestamp":"2026-05-26T12:59:22.861Z"}
{"level":"info","message":"🌐 Millennium request: GET /MILLENIUM!JOIN_ONEUP.LANCAMENTOS.CONSULTALANCAMENTOS?cnpj=03.294.992%2F0001-03&n_documento=110754%2FF","service":"btg-baixa-titulos-service","timestamp":"2026-05-26T12:59:22.861Z"}
{"lancamento":1434866516,"level":"info","message":"ℹ️ Título 110754/F já estava baixado. Processo ignorado.","service":"btg-baixa-titulos-service","situacao":"BAIXADO","timestamp":"2026-05-26T12:59:22.896Z"}
{"level":"info","message":"🔎 Processando título 110754/G","service":"btg-baixa-titulos-service","timestamp":"2026-05-26T12:59:22.903Z"}
{"level":"info","message":"🌐 Millennium request: GET /MILLENIUM!JOIN_ONEUP.LANCAMENTOS.CONSULTALANCAMENTOS?cnpj=03.294.992%2F0001-03&n_documento=110754%2FG","service":"btg-baixa-titulos-service","timestamp":"2026-05-26T12:59:22.903Z"}
{"lancamento":1434866517,"level":"info","message":"ℹ️ Título 110754/G já estava baixado. Processo ignorado.","service":"btg-baixa-titulos-service","situacao":"BAIXADO","timestamp":"2026-05-26T12:59:23.007Z"}
{"level":"info","message":"🔎 Processando título 110754/H","service":"btg-baixa-titulos-service","timestamp":"2026-05-26T12:59:23.013Z"}
{"level":"info","message":"🌐 Millennium request: GET /MILLENIUM!JOIN_ONEUP.LANCAMENTOS.CONSULTALANCAMENTOS?cnpj=03.294.992%2F0001-03&n_documento=110754%2FH","service":"btg-baixa-titulos-service","timestamp":"2026-05-26T12:59:23.013Z"}
{"lancamento":1434866518,"level":"info","message":"📝 Atualizando título 110754/H","payload":{"lancamento":1434866518,"linhaDigitavel":"20890050091643948774157031005804214400000214089","nossoNumero":"38946164394877457","valorJuros":0},"service":"btg-baixa-titulos-service","timestamp":"2026-05-26T12:59:23.030Z"}
{"level":"info","message":"🌐 Millennium request: POST /MILLENIUM!JOIN_ONEUP.LANCAMENTOS.INSEREINFO","service":"btg-baixa-titulos-service","timestamp":"2026-05-26T12:59:23.031Z"}
{"lancamento":1434866518,"level":"info","message":"✅ Título atualizado com sucesso","numeroDocumento":"110754/H","service":"btg-baixa-titulos-service","timestamp":"2026-05-26T12:59:23.046Z","transId":340565591}
{"lancamento":1434866518,"level":"info","message":"💰 Iniciando baixa do título 110754/H","payload":{"CONCILIADO":true,"CONTA":1431333549,"DATA_PAGAMENTO":"2026-05-25","EFETUADO":true,"FILIAL":5,"GERA_OUTRO":false,"LANCAMENTO":1434866518,"OBS":"2026-05-26T12:59:23.046Z - Baixa por retorno automacao importacao excel","STATUS_BAIXA":"N","VALOR":2189.41,"acres_decres":48.52,"valor_pago":2189.41},"service":"btg-baixa-titulos-service","timestamp":"2026-05-26T12:59:23.046Z"}
{"dataPagamento":"2026-05-25","level":"info","message":"📅 Payload da baixa","service":"btg-baixa-titulos-service","timestamp":"2026-05-26T12:59:23.046Z"}
{"level":"info","message":"🌐 Millennium request: POST /millenium/titulos/baixa","service":"btg-baixa-titulos-service","timestamp":"2026-05-26T12:59:23.046Z"}
{"baixa":1435955767,"level":"info","message":"✅ Título baixado com sucesso","numeroDocumento":"110754/H","service":"btg-baixa-titulos-service","timestamp":"2026-05-26T12:59:23.122Z","valor":2189.41}
{"level":"info","message":"✅ Fluxo concluído para 110754/H","service":"btg-baixa-titulos-service","timestamp":"2026-05-26T12:59:23.122Z"}
{"level":"info","message":"🔎 Processando título 110757/A","service":"btg-baixa-titulos-service","timestamp":"2026-05-26T12:59:23.128Z"}
{"level":"info","message":"🌐 Millennium request: GET /MILLENIUM!JOIN_ONEUP.LANCAMENTOS.CONSULTALANCAMENTOS?cnpj=59.205.187%2F0001-02&n_documento=110757%2FA","service":"btg-baixa-titulos-service","timestamp":"2026-05-26T12:59:23.128Z"}
{"lancamento":1434866520,"level":"info","message":"ℹ️ Título 110757/A já estava baixado. Processo ignorado.","service":"btg-baixa-titulos-service","situacao":"BAIXADO","timestamp":"2026-05-26T12:59:23.144Z"}
{"level":"info","message":"🔎 Processando título 110757/B","service":"btg-baixa-titulos-service","timestamp":"2026-05-26T12:59:23.149Z"}
{"level":"info","message":"🌐 Millennium request: GET /MILLENIUM!JOIN_ONEUP.LANCAMENTOS.CONSULTALANCAMENTOS?cnpj=59.205.187%2F0001-02&n_documento=110757%2FB","service":"btg-baixa-titulos-service","timestamp":"2026-05-26T12:59:23.149Z"}
{"lancamento":1434866521,"level":"info","message":"ℹ️ Título 110757/B já estava baixado. Processo ignorado.","service":"btg-baixa-titulos-service","situacao":"BAIXADO","timestamp":"2026-05-26T12:59:23.166Z"}
{"level":"info","message":"🔎 Processando título 110757/C","service":"btg-baixa-titulos-service","timestamp":"2026-05-26T12:59:23.172Z"}
{"level":"info","message":"🌐 Millennium request: GET /MILLENIUM!JOIN_ONEUP.LANCAMENTOS.CONSULTALANCAMENTOS?cnpj=59.205.187%2F0001-02&n_documento=110757%2FC","service":"btg-baixa-titulos-service","timestamp":"2026-05-26T12:59:23.172Z"}
{"lancamento":1434866522,"level":"info","message":"ℹ️ Título 110757/C já estava baixado. Processo ignorado.","service":"btg-baixa-titulos-service","situacao":"BAIXADO","timestamp":"2026-05-26T12:59:23.192Z"}
{"level":"info","message":"🔎 Processando título 110759/A","service":"btg-baixa-titulos-service","timestamp":"2026-05-26T12:59:23.195Z"}
{"level":"info","message":"🌐 Millennium request: GET /MILLENIUM!JOIN_ONEUP.LANCAMENTOS.CONSULTALANCAMENTOS?cnpj=73.652.158%2F0001-10&n_documento=110759%2FA","service":"btg-baixa-titulos-service","timestamp":"2026-05-26T12:59:23.195Z"}
{"lancamento":1434866523,"level":"info","message":"ℹ️ Título 110759/A já estava baixado. Processo ignorado.","service":"btg-baixa-titulos-service","situacao":"BAIXADO","timestamp":"2026-05-26T12:59:23.209Z"}
{"level":"info","message":"🔎 Processando título 110759/B","service":"btg-baixa-titulos-service","timestamp":"2026-05-26T12:59:23.213Z"}
{"level":"info","message":"🌐 Millennium request: GET /MILLENIUM!JOIN_ONEUP.LANCAMENTOS.CONSULTALANCAMENTOS?cnpj=73.652.158%2F0001-10&n_documento=110759%2FB","service":"btg-baixa-titulos-service","timestamp":"2026-05-26T12:59:23.213Z"}
{"lancamento":1434866524,"level":"info","message":"ℹ️ Título 110759/B já estava baixado. Processo ignorado.","service":"btg-baixa-titulos-service","situacao":"BAIXADO","timestamp":"2026-05-26T12:59:23.227Z"}
{"level":"info","message":"🔎 Processando título 110759/C","service":"btg-baixa-titulos-service","timestamp":"2026-05-26T12:59:23.230Z"}
{"level":"info","message":"🌐 Millennium request: GET /MILLENIUM!JOIN_ONEUP.LANCAMENTOS.CONSULTALANCAMENTOS?cnpj=73.652.158%2F0001-10&n_documento=110759%2FC","service":"btg-baixa-titulos-service","timestamp":"2026-05-26T12:59:23.230Z"}
{"lancamento":1434866525,"level":"info","message":"ℹ️ Título 110759/C já estava baixado. Processo ignorado.","service":"btg-baixa-titulos-service","situacao":"BAIXADO","timestamp":"2026-05-26T12:59:23.245Z"}
{"level":"info","message":"🔎 Processando título 110946","service":"btg-baixa-titulos-service","timestamp":"2026-05-26T12:59:23.247Z"}
{"level":"info","message":"🌐 Millennium request: GET /MILLENIUM!JOIN_ONEUP.LANCAMENTOS.CONSULTALANCAMENTOS?cnpj=01.329.811%2F0001-01&n_documento=110946","service":"btg-baixa-titulos-service","timestamp":"2026-05-26T12:59:23.247Z"}
{"lancamento":1434868117,"level":"info","message":"ℹ️ Título 110946 já estava baixado. Processo ignorado.","service":"btg-baixa-titulos-service","situacao":"BAIXADO","timestamp":"2026-05-26T12:59:23.261Z"}
{"level":"info","message":"🔎 Processando título 110976","service":"btg-baixa-titulos-service","timestamp":"2026-05-26T12:59:23.264Z"}
{"level":"info","message":"🌐 Millennium request: GET /MILLENIUM!JOIN_ONEUP.LANCAMENTOS.CONSULTALANCAMENTOS?cnpj=77.857.555%2F0009-36&n_documento=110976","service":"btg-baixa-titulos-service","timestamp":"2026-05-26T12:59:23.264Z"}
{"lancamento":1434868578,"level":"info","message":"ℹ️ Título 110976 já estava baixado. Processo ignorado.","service":"btg-baixa-titulos-service","situacao":"BAIXADO","timestamp":"2026-05-26T12:59:23.278Z"}
{"level":"info","message":"🔎 Processando título 111250/B","service":"btg-baixa-titulos-service","timestamp":"2026-05-26T12:59:23.280Z"}
{"level":"info","message":"🌐 Millennium request: GET /MILLENIUM!JOIN_ONEUP.LANCAMENTOS.CONSULTALANCAMENTOS?cnpj=47.485.403%2F0001-31&n_documento=111250%2FB","service":"btg-baixa-titulos-service","timestamp":"2026-05-26T12:59:23.281Z"}
{"lancamento":1434870044,"level":"info","message":"ℹ️ Título 111250/B já estava baixado. Processo ignorado.","service":"btg-baixa-titulos-service","situacao":"BAIXADO","timestamp":"2026-05-26T12:59:23.296Z"}
{"level":"info","message":"🔎 Processando título 109093/A","service":"btg-baixa-titulos-service","timestamp":"2026-05-26T12:59:23.299Z"}
{"level":"info","message":"🌐 Millennium request: GET /MILLENIUM!JOIN_ONEUP.LANCAMENTOS.CONSULTALANCAMENTOS?cnpj=57.408.548%2F0001-92&n_documento=109093%2FA","service":"btg-baixa-titulos-service","timestamp":"2026-05-26T12:59:23.299Z"}
{"lancamento":1434854191,"level":"info","message":"ℹ️ Título 109093/A já estava baixado. Processo ignorado.","service":"btg-baixa-titulos-service","situacao":"BAIXADO","timestamp":"2026-05-26T12:59:23.312Z"}
{"level":"info","message":"🔎 Processando título 109093/B","service":"btg-baixa-titulos-service","timestamp":"2026-05-26T12:59:23.314Z"}
{"level":"info","message":"🌐 Millennium request: GET /MILLENIUM!JOIN_ONEUP.LANCAMENTOS.CONSULTALANCAMENTOS?cnpj=57.408.548%2F0001-92&n_documento=109093%2FB","service":"btg-baixa-titulos-service","timestamp":"2026-05-26T12:59:23.314Z"}
{"lancamento":1434854192,"level":"info","message":"ℹ️ Título 109093/B já estava baixado. Processo ignorado.","service":"btg-baixa-titulos-service","situacao":"BAIXADO","timestamp":"2026-05-26T12:59:23.329Z"}
{"level":"info","message":"🔎 Processando título 111250/C","service":"btg-baixa-titulos-service","timestamp":"2026-05-26T12:59:23.331Z"}
{"level":"info","message":"🌐 Millennium request: GET /MILLENIUM!JOIN_ONEUP.LANCAMENTOS.CONSULTALANCAMENTOS?cnpj=47.485.403%2F0001-31&n_documento=111250%2FC","service":"btg-baixa-titulos-service","timestamp":"2026-05-26T12:59:23.331Z"}
{"lancamento":1434870045,"level":"info","message":"ℹ️ Título 111250/C já estava baixado. Processo ignorado.","service":"btg-baixa-titulos-service","situacao":"BAIXADO","timestamp":"2026-05-26T12:59:23.386Z"}
{"level":"info","message":"🔎 Processando título 109093/C","service":"btg-baixa-titulos-service","timestamp":"2026-05-26T12:59:23.393Z"}
{"level":"info","message":"🌐 Millennium request: GET /MILLENIUM!JOIN_ONEUP.LANCAMENTOS.CONSULTALANCAMENTOS?cnpj=57.408.548%2F0001-92&n_documento=109093%2FC","service":"btg-baixa-titulos-service","timestamp":"2026-05-26T12:59:23.393Z"}
{"lancamento":1434854193,"level":"info","message":"ℹ️ Título 109093/C já estava baixado. Processo ignorado.","service":"btg-baixa-titulos-service","situacao":"BAIXADO","timestamp":"2026-05-26T12:59:23.423Z"}
{"level":"info","message":"🔎 Processando título 111251/A","service":"btg-baixa-titulos-service","timestamp":"2026-05-26T12:59:23.429Z"}
{"level":"info","message":"🌐 Millennium request: GET /MILLENIUM!JOIN_ONEUP.LANCAMENTOS.CONSULTALANCAMENTOS?cnpj=47.485.403%2F0001-31&n_documento=111251%2FA","service":"btg-baixa-titulos-service","timestamp":"2026-05-26T12:59:23.430Z"}
{"lancamento":1434870057,"level":"info","message":"ℹ️ Título 111251/A já estava baixado. Processo ignorado.","service":"btg-baixa-titulos-service","situacao":"BAIXADO","timestamp":"2026-05-26T12:59:23.530Z"}
{"level":"info","message":"🔎 Processando título 109093/D","service":"btg-baixa-titulos-service","timestamp":"2026-05-26T12:59:23.537Z"}
{"level":"info","message":"🌐 Millennium request: GET /MILLENIUM!JOIN_ONEUP.LANCAMENTOS.CONSULTALANCAMENTOS?cnpj=57.408.548%2F0001-92&n_documento=109093%2FD","service":"btg-baixa-titulos-service","timestamp":"2026-05-26T12:59:23.537Z"}
{"lancamento":1434854194,"level":"info","message":"ℹ️ Título 109093/D já estava baixado. Processo ignorado.","service":"btg-baixa-titulos-service","situacao":"BAIXADO","timestamp":"2026-05-26T12:59:23.553Z"}
{"level":"info","message":"🔎 Processando título 111251/B","service":"btg-baixa-titulos-service","timestamp":"2026-05-26T12:59:23.559Z"}
{"level":"info","message":"🌐 Millennium request: GET /MILLENIUM!JOIN_ONEUP.LANCAMENTOS.CONSULTALANCAMENTOS?cnpj=47.485.403%2F0001-31&n_documento=111251%2FB","service":"btg-baixa-titulos-service","timestamp":"2026-05-26T12:59:23.559Z"}
{"lancamento":1434870058,"level":"info","message":"ℹ️ Título 111251/B já estava baixado. Processo ignorado.","service":"btg-baixa-titulos-service","situacao":"BAIXADO","timestamp":"2026-05-26T12:59:23.576Z"}
{"level":"info","message":"🔎 Processando título 111251/C","service":"btg-baixa-titulos-service","timestamp":"2026-05-26T12:59:23.581Z"}
{"level":"info","message":"🌐 Millennium request: GET /MILLENIUM!JOIN_ONEUP.LANCAMENTOS.CONSULTALANCAMENTOS?cnpj=47.485.403%2F0001-31&n_documento=111251%2FC","service":"btg-baixa-titulos-service","timestamp":"2026-05-26T12:59:23.581Z"}
{"lancamento":1434870059,"level":"info","message":"ℹ️ Título 111251/C já estava baixado. Processo ignorado.","service":"btg-baixa-titulos-service","situacao":"BAIXADO","timestamp":"2026-05-26T12:59:23.597Z"}
{"level":"info","message":"🔎 Processando título 110977/A","service":"btg-baixa-titulos-service","timestamp":"2026-05-26T12:59:23.603Z"}
{"level":"info","message":"🌐 Millennium request: GET /MILLENIUM!JOIN_ONEUP.LANCAMENTOS.CONSULTALANCAMENTOS?cnpj=57.408.548%2F0001-92&n_documento=110977%2FA","service":"btg-baixa-titulos-service","timestamp":"2026-05-26T12:59:23.603Z"}
{"lancamento":1434868580,"level":"info","message":"ℹ️ Título 110977/A já estava baixado. Processo ignorado.","service":"btg-baixa-titulos-service","situacao":"BAIXADO","timestamp":"2026-05-26T12:59:23.618Z"}
{"level":"info","message":"🔎 Processando título 111252/C","service":"btg-baixa-titulos-service","timestamp":"2026-05-26T12:59:23.622Z"}
{"level":"info","message":"🌐 Millennium request: GET /MILLENIUM!JOIN_ONEUP.LANCAMENTOS.CONSULTALANCAMENTOS?cnpj=47.485.403%2F0001-31&n_documento=111252%2FC","service":"btg-baixa-titulos-service","timestamp":"2026-05-26T12:59:23.623Z"}
{"lancamento":1434870065,"level":"info","message":"ℹ️ Título 111252/C já estava baixado. Processo ignorado.","service":"btg-baixa-titulos-service","situacao":"BAIXADO","timestamp":"2026-05-26T12:59:23.638Z"}
{"level":"info","message":"🔎 Processando título 111253/A","service":"btg-baixa-titulos-service","timestamp":"2026-05-26T12:59:23.642Z"}
{"level":"info","message":"🌐 Millennium request: GET /MILLENIUM!JOIN_ONEUP.LANCAMENTOS.CONSULTALANCAMENTOS?cnpj=47.485.403%2F0001-31&n_documento=111253%2FA","service":"btg-baixa-titulos-service","timestamp":"2026-05-26T12:59:23.642Z"}
{"lancamento":1434870066,"level":"info","message":"ℹ️ Título 111253/A já estava baixado. Processo ignorado.","service":"btg-baixa-titulos-service","situacao":"BAIXADO","timestamp":"2026-05-26T12:59:23.658Z"}
{"level":"info","message":"🔎 Processando título 111253/B","service":"btg-baixa-titulos-service","timestamp":"2026-05-26T12:59:23.661Z"}
{"level":"info","message":"🌐 Millennium request: GET /MILLENIUM!JOIN_ONEUP.LANCAMENTOS.CONSULTALANCAMENTOS?cnpj=47.485.403%2F0001-31&n_documento=111253%2FB","service":"btg-baixa-titulos-service","timestamp":"2026-05-26T12:59:23.661Z"}
{"lancamento":1434870067,"level":"info","message":"ℹ️ Título 111253/B já estava baixado. Processo ignorado.","service":"btg-baixa-titulos-service","situacao":"BAIXADO","timestamp":"2026-05-26T12:59:23.675Z"}
{"level":"info","message":"🔎 Processando título 110977/B","service":"btg-baixa-titulos-service","timestamp":"2026-05-26T12:59:23.678Z"}
{"level":"info","message":"🌐 Millennium request: GET /MILLENIUM!JOIN_ONEUP.LANCAMENTOS.CONSULTALANCAMENTOS?cnpj=57.408.548%2F0001-92&n_documento=110977%2FB","service":"btg-baixa-titulos-service","timestamp":"2026-05-26T12:59:23.678Z"}
{"lancamento":1434868581,"level":"info","message":"ℹ️ Título 110977/B já estava baixado. Processo ignorado.","service":"btg-baixa-titulos-service","situacao":"BAIXADO","timestamp":"2026-05-26T12:59:23.691Z"}
{"level":"info","message":"🔎 Processando título 110977/C","service":"btg-baixa-titulos-service","timestamp":"2026-05-26T12:59:23.694Z"}
{"level":"info","message":"🌐 Millennium request: GET /MILLENIUM!JOIN_ONEUP.LANCAMENTOS.CONSULTALANCAMENTOS?cnpj=57.408.548%2F0001-92&n_documento=110977%2FC","service":"btg-baixa-titulos-service","timestamp":"2026-05-26T12:59:23.694Z"}
{"lancamento":1434868582,"level":"info","message":"ℹ️ Título 110977/C já estava baixado. Processo ignorado.","service":"btg-baixa-titulos-service","situacao":"BAIXADO","timestamp":"2026-05-26T12:59:23.708Z"}
{"level":"info","message":"🔎 Processando título 110977/D","service":"btg-baixa-titulos-service","timestamp":"2026-05-26T12:59:23.712Z"}
{"level":"info","message":"🌐 Millennium request: GET /MILLENIUM!JOIN_ONEUP.LANCAMENTOS.CONSULTALANCAMENTOS?cnpj=57.408.548%2F0001-92&n_documento=110977%2FD","service":"btg-baixa-titulos-service","timestamp":"2026-05-26T12:59:23.712Z"}
{"lancamento":1434868583,"level":"info","message":"ℹ️ Título 110977/D já estava baixado. Processo ignorado.","service":"btg-baixa-titulos-service","situacao":"BAIXADO","timestamp":"2026-05-26T12:59:23.732Z"}
{"level":"info","message":"🔎 Processando título 111043/A","service":"btg-baixa-titulos-service","timestamp":"2026-05-26T12:59:23.736Z"}
{"level":"info","message":"🌐 Millennium request: GET /MILLENIUM!JOIN_ONEUP.LANCAMENTOS.CONSULTALANCAMENTOS?cnpj=57.408.548%2F0001-92&n_documento=111043%2FA","service":"btg-baixa-titulos-service","timestamp":"2026-05-26T12:59:23.736Z"}
{"lancamento":1434868703,"level":"info","message":"ℹ️ Título 111043/A já estava baixado. Processo ignorado.","service":"btg-baixa-titulos-service","situacao":"BAIXADO","timestamp":"2026-05-26T12:59:23.751Z"}
{"level":"info","message":"🔎 Processando título 111043/B","service":"btg-baixa-titulos-service","timestamp":"2026-05-26T12:59:23.754Z"}
{"level":"info","message":"🌐 Millennium request: GET /MILLENIUM!JOIN_ONEUP.LANCAMENTOS.CONSULTALANCAMENTOS?cnpj=57.408.548%2F0001-92&n_documento=111043%2FB","service":"btg-baixa-titulos-service","timestamp":"2026-05-26T12:59:23.754Z"}
{"lancamento":1434868704,"level":"info","message":"ℹ️ Título 111043/B já estava baixado. Processo ignorado.","service":"btg-baixa-titulos-service","situacao":"BAIXADO","timestamp":"2026-05-26T12:59:23.770Z"}
{"level":"info","message":"🔎 Processando título 111043/C","service":"btg-baixa-titulos-service","timestamp":"2026-05-26T12:59:23.774Z"}
{"level":"info","message":"🌐 Millennium request: GET /MILLENIUM!JOIN_ONEUP.LANCAMENTOS.CONSULTALANCAMENTOS?cnpj=57.408.548%2F0001-92&n_documento=111043%2FC","service":"btg-baixa-titulos-service","timestamp":"2026-05-26T12:59:23.774Z"}
{"lancamento":1434868705,"level":"info","message":"ℹ️ Título 111043/C já estava baixado. Processo ignorado.","service":"btg-baixa-titulos-service","situacao":"BAIXADO","timestamp":"2026-05-26T12:59:23.789Z"}
{"level":"info","message":"🔎 Processando título 111043/D","service":"btg-baixa-titulos-service","timestamp":"2026-05-26T12:59:23.793Z"}
{"level":"info","message":"🌐 Millennium request: GET /MILLENIUM!JOIN_ONEUP.LANCAMENTOS.CONSULTALANCAMENTOS?cnpj=57.408.548%2F0001-92&n_documento=111043%2FD","service":"btg-baixa-titulos-service","timestamp":"2026-05-26T12:59:23.793Z"}
{"lancamento":1434868706,"level":"info","message":"ℹ️ Título 111043/D já estava baixado. Processo ignorado.","service":"btg-baixa-titulos-service","situacao":"BAIXADO","timestamp":"2026-05-26T12:59:23.808Z"}
{"level":"info","message":"🔎 Processando título 109244/A","service":"btg-baixa-titulos-service","timestamp":"2026-05-26T12:59:23.811Z"}
{"level":"info","message":"🌐 Millennium request: GET /MILLENIUM!JOIN_ONEUP.LANCAMENTOS.CONSULTALANCAMENTOS?cnpj=03.247.651%2F0001-79&n_documento=109244%2FA","service":"btg-baixa-titulos-service","timestamp":"2026-05-26T12:59:23.811Z"}
{"lancamento":1434855321,"level":"info","message":"ℹ️ Título 109244/A já estava baixado. Processo ignorado.","service":"btg-baixa-titulos-service","situacao":"BAIXADO","timestamp":"2026-05-26T12:59:23.856Z"}
{"level":"info","message":"🔎 Processando título 111254/A","service":"btg-baixa-titulos-service","timestamp":"2026-05-26T12:59:23.861Z"}
{"level":"info","message":"🌐 Millennium request: GET /MILLENIUM!JOIN_ONEUP.LANCAMENTOS.CONSULTALANCAMENTOS?cnpj=47.485.403%2F0001-31&n_documento=111254%2FA","service":"btg-baixa-titulos-service","timestamp":"2026-05-26T12:59:23.861Z"}
{"lancamento":1434870071,"level":"info","message":"ℹ️ Título 111254/A já estava baixado. Processo ignorado.","service":"btg-baixa-titulos-service","situacao":"BAIXADO","timestamp":"2026-05-26T12:59:23.879Z"}
{"level":"info","message":"🔎 Processando título 109244/B","service":"btg-baixa-titulos-service","timestamp":"2026-05-26T12:59:23.884Z"}
{"level":"info","message":"🌐 Millennium request: GET /MILLENIUM!JOIN_ONEUP.LANCAMENTOS.CONSULTALANCAMENTOS?cnpj=03.247.651%2F0001-79&n_documento=109244%2FB","service":"btg-baixa-titulos-service","timestamp":"2026-05-26T12:59:23.884Z"}
{"lancamento":1434855322,"level":"info","message":"ℹ️ Título 109244/B já estava baixado. Processo ignorado.","service":"btg-baixa-titulos-service","situacao":"BAIXADO","timestamp":"2026-05-26T12:59:23.898Z"}
{"level":"info","message":"🔎 Processando título 109244/C","service":"btg-baixa-titulos-service","timestamp":"2026-05-26T12:59:23.902Z"}
{"level":"info","message":"🌐 Millennium request: GET /MILLENIUM!JOIN_ONEUP.LANCAMENTOS.CONSULTALANCAMENTOS?cnpj=03.247.651%2F0001-79&n_documento=109244%2FC","service":"btg-baixa-titulos-service","timestamp":"2026-05-26T12:59:23.902Z"}
{"lancamento":1434855323,"level":"info","message":"ℹ️ Título 109244/C já estava baixado. Processo ignorado.","service":"btg-baixa-titulos-service","situacao":"BAIXADO","timestamp":"2026-05-26T12:59:23.917Z"}
{"level":"info","message":"🔎 Processando título 111254/B","service":"btg-baixa-titulos-service","timestamp":"2026-05-26T12:59:23.920Z"}
{"level":"info","message":"🌐 Millennium request: GET /MILLENIUM!JOIN_ONEUP.LANCAMENTOS.CONSULTALANCAMENTOS?cnpj=47.485.403%2F0001-31&n_documento=111254%2FB","service":"btg-baixa-titulos-service","timestamp":"2026-05-26T12:59:23.920Z"}
{"lancamento":1434870072,"level":"info","message":"ℹ️ Título 111254/B já estava baixado. Processo ignorado.","service":"btg-baixa-titulos-service","situacao":"BAIXADO","timestamp":"2026-05-26T12:59:23.933Z"}
{"level":"info","message":"🔎 Processando título 111254/C","service":"btg-baixa-titulos-service","timestamp":"2026-05-26T12:59:23.936Z"}
{"level":"info","message":"🌐 Millennium request: GET /MILLENIUM!JOIN_ONEUP.LANCAMENTOS.CONSULTALANCAMENTOS?cnpj=47.485.403%2F0001-31&n_documento=111254%2FC","service":"btg-baixa-titulos-service","timestamp":"2026-05-26T12:59:23.936Z"}
{"lancamento":1434870073,"level":"info","message":"ℹ️ Título 111254/C já estava baixado. Processo ignorado.","service":"btg-baixa-titulos-service","situacao":"BAIXADO","timestamp":"2026-05-26T12:59:23.952Z"}
{"level":"info","message":"🔎 Processando título 109244/D","service":"btg-baixa-titulos-service","timestamp":"2026-05-26T12:59:23.955Z"}
{"level":"info","message":"🌐 Millennium request: GET /MILLENIUM!JOIN_ONEUP.LANCAMENTOS.CONSULTALANCAMENTOS?cnpj=03.247.651%2F0001-79&n_documento=109244%2FD","service":"btg-baixa-titulos-service","timestamp":"2026-05-26T12:59:23.956Z"}
{"lancamento":1434855324,"level":"info","message":"ℹ️ Título 109244/D já estava baixado. Processo ignorado.","service":"btg-baixa-titulos-service","situacao":"BAIXADO","timestamp":"2026-05-26T12:59:24.055Z"}
{"level":"info","message":"🔎 Processando título 109244/E","service":"btg-baixa-titulos-service","timestamp":"2026-05-26T12:59:24.063Z"}
{"level":"info","message":"🌐 Millennium request: GET /MILLENIUM!JOIN_ONEUP.LANCAMENTOS.CONSULTALANCAMENTOS?cnpj=03.247.651%2F0001-79&n_documento=109244%2FE","service":"btg-baixa-titulos-service","timestamp":"2026-05-26T12:59:24.064Z"}
{"lancamento":1434855325,"level":"info","message":"ℹ️ Título 109244/E já estava baixado. Processo ignorado.","service":"btg-baixa-titulos-service","situacao":"BAIXADO","timestamp":"2026-05-26T12:59:24.079Z"}
{"level":"info","message":"🔎 Processando título 111256/B","service":"btg-baixa-titulos-service","timestamp":"2026-05-26T12:59:24.085Z"}
{"level":"info","message":"🌐 Millennium request: GET /MILLENIUM!JOIN_ONEUP.LANCAMENTOS.CONSULTALANCAMENTOS?cnpj=47.485.403%2F0001-31&n_documento=111256%2FB","service":"btg-baixa-titulos-service","timestamp":"2026-05-26T12:59:24.085Z"}
{"lancamento":1434870086,"level":"info","message":"ℹ️ Título 111256/B já estava baixado. Processo ignorado.","service":"btg-baixa-titulos-service","situacao":"BAIXADO","timestamp":"2026-05-26T12:59:24.101Z"}
{"level":"info","message":"🔎 Processando título 111256/C","service":"btg-baixa-titulos-service","timestamp":"2026-05-26T12:59:24.106Z"}
{"level":"info","message":"🌐 Millennium request: GET /MILLENIUM!JOIN_ONEUP.LANCAMENTOS.CONSULTALANCAMENTOS?cnpj=47.485.403%2F0001-31&n_documento=111256%2FC","service":"btg-baixa-titulos-service","timestamp":"2026-05-26T12:59:24.106Z"}
{"lancamento":1434870087,"level":"info","message":"ℹ️ Título 111256/C já estava baixado. Processo ignorado.","service":"btg-baixa-titulos-service","situacao":"BAIXADO","timestamp":"2026-05-26T12:59:24.122Z"}
{"level":"info","message":"🔎 Processando título 109417/A","service":"btg-baixa-titulos-service","timestamp":"2026-05-26T12:59:24.126Z"}
{"level":"info","message":"🌐 Millennium request: GET /MILLENIUM!JOIN_ONEUP.LANCAMENTOS.CONSULTALANCAMENTOS?cnpj=00.768.271%2F0001-91&n_documento=109417%2FA","service":"btg-baixa-titulos-service","timestamp":"2026-05-26T12:59:24.126Z"}
{"lancamento":1434856128,"level":"info","message":"ℹ️ Título 109417/A já estava baixado. Processo ignorado.","service":"btg-baixa-titulos-service","situacao":"BAIXADO","timestamp":"2026-05-26T12:59:24.143Z"}
{"level":"info","message":"🔎 Processando título 111257/A","service":"btg-baixa-titulos-service","timestamp":"2026-05-26T12:59:24.149Z"}
{"level":"info","message":"🌐 Millennium request: GET /MILLENIUM!JOIN_ONEUP.LANCAMENTOS.CONSULTALANCAMENTOS?cnpj=47.485.403%2F0001-31&n_documento=111257%2FA","service":"btg-baixa-titulos-service","timestamp":"2026-05-26T12:59:24.149Z"}
{"lancamento":1434870090,"level":"info","message":"ℹ️ Título 111257/A já estava baixado. Processo ignorado.","service":"btg-baixa-titulos-service","situacao":"BAIXADO","timestamp":"2026-05-26T12:59:24.163Z"}
{"level":"info","message":"🔎 Processando título 111257/B","service":"btg-baixa-titulos-service","timestamp":"2026-05-26T12:59:24.165Z"}
{"level":"info","message":"🌐 Millennium request: GET /MILLENIUM!JOIN_ONEUP.LANCAMENTOS.CONSULTALANCAMENTOS?cnpj=47.485.403%2F0001-31&n_documento=111257%2FB","service":"btg-baixa-titulos-service","timestamp":"2026-05-26T12:59:24.165Z"}
{"lancamento":1434870091,"level":"info","message":"ℹ️ Título 111257/B já estava baixado. Processo ignorado.","service":"btg-baixa-titulos-service","situacao":"BAIXADO","timestamp":"2026-05-26T12:59:24.179Z"}
{"level":"info","message":"🔎 Processando título 109417/B","service":"btg-baixa-titulos-service","timestamp":"2026-05-26T12:59:24.181Z"}
{"level":"info","message":"🌐 Millennium request: GET /MILLENIUM!JOIN_ONEUP.LANCAMENTOS.CONSULTALANCAMENTOS?cnpj=00.768.271%2F0001-91&n_documento=109417%2FB","service":"btg-baixa-titulos-service","timestamp":"2026-05-26T12:59:24.181Z"}
{"lancamento":1434856129,"level":"info","message":"ℹ️ Título 109417/B já estava baixado. Processo ignorado.","service":"btg-baixa-titulos-service","situacao":"BAIXADO","timestamp":"2026-05-26T12:59:24.194Z"}
{"level":"info","message":"🔎 Processando título 111257/C","service":"btg-baixa-titulos-service","timestamp":"2026-05-26T12:59:24.196Z"}
{"level":"info","message":"🌐 Millennium request: GET /MILLENIUM!JOIN_ONEUP.LANCAMENTOS.CONSULTALANCAMENTOS?cnpj=47.485.403%2F0001-31&n_documento=111257%2FC","service":"btg-baixa-titulos-service","timestamp":"2026-05-26T12:59:24.196Z"}
{"lancamento":1434870092,"level":"info","message":"ℹ️ Título 111257/C já estava baixado. Processo ignorado.","service":"btg-baixa-titulos-service","situacao":"BAIXADO","timestamp":"2026-05-26T12:59:24.234Z"}
{"level":"info","message":"🔎 Processando título 109417/C","service":"btg-baixa-titulos-service","timestamp":"2026-05-26T12:59:24.238Z"}
{"level":"info","message":"🌐 Millennium request: GET /MILLENIUM!JOIN_ONEUP.LANCAMENTOS.CONSULTALANCAMENTOS?cnpj=00.768.271%2F0001-91&n_documento=109417%2FC","service":"btg-baixa-titulos-service","timestamp":"2026-05-26T12:59:24.238Z"}
{"lancamento":1434856130,"level":"info","message":"ℹ️ Título 109417/C já estava baixado. Processo ignorado.","service":"btg-baixa-titulos-service","situacao":"BAIXADO","timestamp":"2026-05-26T12:59:24.254Z"}
{"level":"info","message":"🔎 Processando título 109417/D","service":"btg-baixa-titulos-service","timestamp":"2026-05-26T12:59:24.257Z"}
{"level":"info","message":"🌐 Millennium request: GET /MILLENIUM!JOIN_ONEUP.LANCAMENTOS.CONSULTALANCAMENTOS?cnpj=00.768.271%2F0001-91&n_documento=109417%2FD","service":"btg-baixa-titulos-service","timestamp":"2026-05-26T12:59:24.257Z"}
{"lancamento":1434856131,"level":"info","message":"ℹ️ Título 109417/D já estava baixado. Processo ignorado.","service":"btg-baixa-titulos-service","situacao":"BAIXADO","timestamp":"2026-05-26T12:59:24.274Z"}
{"level":"info","message":"🔎 Processando título 111369/A","service":"btg-baixa-titulos-service","timestamp":"2026-05-26T12:59:24.278Z"}
{"level":"info","message":"🌐 Millennium request: GET /MILLENIUM!JOIN_ONEUP.LANCAMENTOS.CONSULTALANCAMENTOS?cnpj=57.408.548%2F0001-92&n_documento=111369%2FA","service":"btg-baixa-titulos-service","timestamp":"2026-05-26T12:59:24.278Z"}
{"lancamento":1434871083,"level":"info","message":"ℹ️ Título 111369/A já estava baixado. Processo ignorado.","service":"btg-baixa-titulos-service","situacao":"BAIXADO","timestamp":"2026-05-26T12:59:24.293Z"}
{"level":"info","message":"🔎 Processando título 111369/B","service":"btg-baixa-titulos-service","timestamp":"2026-05-26T12:59:24.295Z"}
{"level":"info","message":"🌐 Millennium request: GET /MILLENIUM!JOIN_ONEUP.LANCAMENTOS.CONSULTALANCAMENTOS?cnpj=57.408.548%2F0001-92&n_documento=111369%2FB","service":"btg-baixa-titulos-service","timestamp":"2026-05-26T12:59:24.295Z"}
{"lancamento":1434871084,"level":"info","message":"ℹ️ Título 111369/B já estava baixado. Processo ignorado.","service":"btg-baixa-titulos-service","situacao":"BAIXADO","timestamp":"2026-05-26T12:59:24.308Z"}
{"level":"info","message":"🔎 Processando título 109795/A","service":"btg-baixa-titulos-service","timestamp":"2026-05-26T12:59:24.311Z"}
{"level":"info","message":"🌐 Millennium request: GET /MILLENIUM!JOIN_ONEUP.LANCAMENTOS.CONSULTALANCAMENTOS?cnpj=44.999.259%2F0001-63&n_documento=109795%2FA","service":"btg-baixa-titulos-service","timestamp":"2026-05-26T12:59:24.311Z"}
{"lancamento":1434857916,"level":"info","message":"ℹ️ Título 109795/A já estava baixado. Processo ignorado.","service":"btg-baixa-titulos-service","situacao":"BAIXADO","timestamp":"2026-05-26T12:59:24.327Z"}
{"level":"info","message":"🔎 Processando título 111369/C","service":"btg-baixa-titulos-service","timestamp":"2026-05-26T12:59:24.331Z"}
{"level":"info","message":"🌐 Millennium request: GET /MILLENIUM!JOIN_ONEUP.LANCAMENTOS.CONSULTALANCAMENTOS?cnpj=57.408.548%2F0001-92&n_documento=111369%2FC","service":"btg-baixa-titulos-service","timestamp":"2026-05-26T12:59:24.331Z"}
{"lancamento":1434871085,"level":"info","message":"ℹ️ Título 111369/C já estava baixado. Processo ignorado.","service":"btg-baixa-titulos-service","situacao":"BAIXADO","timestamp":"2026-05-26T12:59:24.346Z"}
{"level":"info","message":"🔎 Processando título 109795/B","service":"btg-baixa-titulos-service","timestamp":"2026-05-26T12:59:24.350Z"}
{"level":"info","message":"🌐 Millennium request: GET /MILLENIUM!JOIN_ONEUP.LANCAMENTOS.CONSULTALANCAMENTOS?cnpj=44.999.259%2F0001-63&n_documento=109795%2FB","service":"btg-baixa-titulos-service","timestamp":"2026-05-26T12:59:24.350Z"}
{"lancamento":1434857917,"level":"info","message":"ℹ️ Título 109795/B já estava baixado. Processo ignorado.","service":"btg-baixa-titulos-service","situacao":"BAIXADO","timestamp":"2026-05-26T12:59:24.364Z"}
{"level":"info","message":"🔎 Processando título 111369/D","service":"btg-baixa-titulos-service","timestamp":"2026-05-26T12:59:24.367Z"}
{"level":"info","message":"🌐 Millennium request: GET /MILLENIUM!JOIN_ONEUP.LANCAMENTOS.CONSULTALANCAMENTOS?cnpj=57.408.548%2F0001-92&n_documento=111369%2FD","service":"btg-baixa-titulos-service","timestamp":"2026-05-26T12:59:24.367Z"}
{"lancamento":1434871086,"level":"info","message":"ℹ️ Título 111369/D já estava baixado. Processo ignorado.","service":"btg-baixa-titulos-service","situacao":"BAIXADO","timestamp":"2026-05-26T12:59:24.380Z"}
{"level":"info","message":"🔎 Processando título 109795/C","service":"btg-baixa-titulos-service","timestamp":"2026-05-26T12:59:24.383Z"}
{"level":"info","message":"🌐 Millennium request: GET /MILLENIUM!JOIN_ONEUP.LANCAMENTOS.CONSULTALANCAMENTOS?cnpj=44.999.259%2F0001-63&n_documento=109795%2FC","service":"btg-baixa-titulos-service","timestamp":"2026-05-26T12:59:24.383Z"}
{"lancamento":1434857918,"level":"info","message":"ℹ️ Título 109795/C já estava baixado. Processo ignorado.","service":"btg-baixa-titulos-service","situacao":"BAIXADO","timestamp":"2026-05-26T12:59:24.439Z"}
{"level":"info","message":"🔎 Processando título 109795/D","service":"btg-baixa-titulos-service","timestamp":"2026-05-26T12:59:24.446Z"}
{"level":"info","message":"🌐 Millennium request: GET /MILLENIUM!JOIN_ONEUP.LANCAMENTOS.CONSULTALANCAMENTOS?cnpj=44.999.259%2F0001-63&n_documento=109795%2FD","service":"btg-baixa-titulos-service","timestamp":"2026-05-26T12:59:24.446Z"}
{"lancamento":1434857919,"level":"info","message":"ℹ️ Título 109795/D já estava baixado. Processo ignorado.","service":"btg-baixa-titulos-service","situacao":"BAIXADO","timestamp":"2026-05-26T12:59:24.463Z"}
{"level":"info","message":"🔎 Processando título 109795/E","service":"btg-baixa-titulos-service","timestamp":"2026-05-26T12:59:24.469Z"}
{"level":"info","message":"🌐 Millennium request: GET /MILLENIUM!JOIN_ONEUP.LANCAMENTOS.CONSULTALANCAMENTOS?cnpj=44.999.259%2F0001-63&n_documento=109795%2FE","service":"btg-baixa-titulos-service","timestamp":"2026-05-26T12:59:24.469Z"}
{"lancamento":1434857920,"level":"info","message":"ℹ️ Título 109795/E já estava baixado. Processo ignorado.","service":"btg-baixa-titulos-service","situacao":"BAIXADO","timestamp":"2026-05-26T12:59:24.568Z"}
{"level":"info","message":"🔎 Processando título 109505/A","service":"btg-baixa-titulos-service","timestamp":"2026-05-26T12:59:24.571Z"}
{"level":"info","message":"🌐 Millennium request: GET /MILLENIUM!JOIN_ONEUP.LANCAMENTOS.CONSULTALANCAMENTOS?cnpj=21.067.137%2F0001-33&n_documento=109505%2FA","service":"btg-baixa-titulos-service","timestamp":"2026-05-26T12:59:24.571Z"}
{"lancamento":1434856380,"level":"info","message":"ℹ️ Título 109505/A já estava baixado. Processo ignorado.","service":"btg-baixa-titulos-service","situacao":"BAIXADO","timestamp":"2026-05-26T12:59:24.586Z"}
{"level":"info","message":"🔎 Processando título 109505/B","service":"btg-baixa-titulos-service","timestamp":"2026-05-26T12:59:24.589Z"}
{"level":"info","message":"🌐 Millennium request: GET /MILLENIUM!JOIN_ONEUP.LANCAMENTOS.CONSULTALANCAMENTOS?cnpj=21.067.137%2F0001-33&n_documento=109505%2FB","service":"btg-baixa-titulos-service","timestamp":"2026-05-26T12:59:24.589Z"}
{"lancamento":1434856381,"level":"info","message":"ℹ️ Título 109505/B já estava baixado. Processo ignorado.","service":"btg-baixa-titulos-service","situacao":"BAIXADO","timestamp":"2026-05-26T12:59:24.605Z"}
{"level":"info","message":"🔎 Processando título 109505/C","service":"btg-baixa-titulos-service","timestamp":"2026-05-26T12:59:24.608Z"}
{"level":"info","message":"🌐 Millennium request: GET /MILLENIUM!JOIN_ONEUP.LANCAMENTOS.CONSULTALANCAMENTOS?cnpj=21.067.137%2F0001-33&n_documento=109505%2FC","service":"btg-baixa-titulos-service","timestamp":"2026-05-26T12:59:24.608Z"}
{"lancamento":1434856382,"level":"info","message":"ℹ️ Título 109505/C já estava baixado. Processo ignorado.","service":"btg-baixa-titulos-service","situacao":"BAIXADO","timestamp":"2026-05-26T12:59:24.645Z"}
{"level":"info","message":"🔎 Processando título 109783/A","service":"btg-baixa-titulos-service","timestamp":"2026-05-26T12:59:24.650Z"}
{"level":"info","message":"🌐 Millennium request: GET /MILLENIUM!JOIN_ONEUP.LANCAMENTOS.CONSULTALANCAMENTOS?cnpj=59.205.187%2F0001-02&n_documento=109783%2FA","service":"btg-baixa-titulos-service","timestamp":"2026-05-26T12:59:24.650Z"}
{"lancamento":1434857851,"level":"info","message":"ℹ️ Título 109783/A já estava baixado. Processo ignorado.","service":"btg-baixa-titulos-service","situacao":"BAIXADO","timestamp":"2026-05-26T12:59:24.665Z"}
{"level":"info","message":"🔎 Processando título 109783/B","service":"btg-baixa-titulos-service","timestamp":"2026-05-26T12:59:24.669Z"}
{"level":"info","message":"🌐 Millennium request: GET /MILLENIUM!JOIN_ONEUP.LANCAMENTOS.CONSULTALANCAMENTOS?cnpj=59.205.187%2F0001-02&n_documento=109783%2FB","service":"btg-baixa-titulos-service","timestamp":"2026-05-26T12:59:24.669Z"}
{"lancamento":1434857852,"level":"info","message":"ℹ️ Título 109783/B já estava baixado. Processo ignorado.","service":"btg-baixa-titulos-service","situacao":"BAIXADO","timestamp":"2026-05-26T12:59:24.683Z"}
{"level":"info","message":"🔎 Processando título 109783/C","service":"btg-baixa-titulos-service","timestamp":"2026-05-26T12:59:24.687Z"}
{"level":"info","message":"🌐 Millennium request: GET /MILLENIUM!JOIN_ONEUP.LANCAMENTOS.CONSULTALANCAMENTOS?cnpj=59.205.187%2F0001-02&n_documento=109783%2FC","service":"btg-baixa-titulos-service","timestamp":"2026-05-26T12:59:24.687Z"}
{"lancamento":1434857853,"level":"info","message":"ℹ️ Título 109783/C já estava baixado. Processo ignorado.","service":"btg-baixa-titulos-service","situacao":"BAIXADO","timestamp":"2026-05-26T12:59:24.699Z"}
{"level":"info","message":"🔎 Processando título 111087","service":"btg-baixa-titulos-service","timestamp":"2026-05-26T12:59:24.702Z"}
{"level":"info","message":"🌐 Millennium request: GET /MILLENIUM!JOIN_ONEUP.LANCAMENTOS.CONSULTALANCAMENTOS?cnpj=09.598.379%2F0001-58&n_documento=111087","service":"btg-baixa-titulos-service","timestamp":"2026-05-26T12:59:24.702Z"}
{"lancamento":1434868811,"level":"info","message":"ℹ️ Título 111087 já estava baixado. Processo ignorado.","service":"btg-baixa-titulos-service","situacao":"BAIXADO","timestamp":"2026-05-26T12:59:24.718Z"}
{"level":"info","message":"🔎 Processando título 111088/A","service":"btg-baixa-titulos-service","timestamp":"2026-05-26T12:59:24.723Z"}
{"level":"info","message":"🌐 Millennium request: GET /MILLENIUM!JOIN_ONEUP.LANCAMENTOS.CONSULTALANCAMENTOS?cnpj=57.408.548%2F0001-92&n_documento=111088%2FA","service":"btg-baixa-titulos-service","timestamp":"2026-05-26T12:59:24.723Z"}
{"lancamento":1434868819,"level":"info","message":"ℹ️ Título 111088/A já estava baixado. Processo ignorado.","service":"btg-baixa-titulos-service","situacao":"BAIXADO","timestamp":"2026-05-26T12:59:24.736Z"}
{"level":"info","message":"🔎 Processando título 111088/B","service":"btg-baixa-titulos-service","timestamp":"2026-05-26T12:59:24.739Z"}
{"level":"info","message":"🌐 Millennium request: GET /MILLENIUM!JOIN_ONEUP.LANCAMENTOS.CONSULTALANCAMENTOS?cnpj=57.408.548%2F0001-92&n_documento=111088%2FB","service":"btg-baixa-titulos-service","timestamp":"2026-05-26T12:59:24.740Z"}
{"lancamento":1434868820,"level":"info","message":"ℹ️ Título 111088/B já estava baixado. Processo ignorado.","service":"btg-baixa-titulos-service","situacao":"BAIXADO","timestamp":"2026-05-26T12:59:24.754Z"}
{"level":"info","message":"🔎 Processando título 111088/C","service":"btg-baixa-titulos-service","timestamp":"2026-05-26T12:59:24.758Z"}
{"level":"info","message":"🌐 Millennium request: GET /MILLENIUM!JOIN_ONEUP.LANCAMENTOS.CONSULTALANCAMENTOS?cnpj=57.408.548%2F0001-92&n_documento=111088%2FC","service":"btg-baixa-titulos-service","timestamp":"2026-05-26T12:59:24.758Z"}
{"lancamento":1434868821,"level":"info","message":"ℹ️ Título 111088/C já estava baixado. Processo ignorado.","service":"btg-baixa-titulos-service","situacao":"BAIXADO","timestamp":"2026-05-26T12:59:24.773Z"}
{"level":"info","message":"🔎 Processando título 111088/D","service":"btg-baixa-titulos-service","timestamp":"2026-05-26T12:59:24.776Z"}
{"level":"info","message":"🌐 Millennium request: GET /MILLENIUM!JOIN_ONEUP.LANCAMENTOS.CONSULTALANCAMENTOS?cnpj=57.408.548%2F0001-92&n_documento=111088%2FD","service":"btg-baixa-titulos-service","timestamp":"2026-05-26T12:59:24.776Z"}
{"lancamento":1434868822,"level":"info","message":"ℹ️ Título 111088/D já estava baixado. Processo ignorado.","service":"btg-baixa-titulos-service","situacao":"BAIXADO","timestamp":"2026-05-26T12:59:24.790Z"}
{"level":"info","message":"🔎 Processando título 111089/B","service":"btg-baixa-titulos-service","timestamp":"2026-05-26T12:59:24.793Z"}
{"level":"info","message":"🌐 Millennium request: GET /MILLENIUM!JOIN_ONEUP.LANCAMENTOS.CONSULTALANCAMENTOS?cnpj=47.485.403%2F0001-31&n_documento=111089%2FB","service":"btg-baixa-titulos-service","timestamp":"2026-05-26T12:59:24.793Z"}
{"lancamento":1434868843,"level":"info","message":"ℹ️ Título 111089/B já estava baixado. Processo ignorado.","service":"btg-baixa-titulos-service","situacao":"BAIXADO","timestamp":"2026-05-26T12:59:24.814Z"}
{"level":"info","message":"🔎 Processando título 111249/B","service":"btg-baixa-titulos-service","timestamp":"2026-05-26T12:59:24.819Z"}
{"level":"info","message":"🌐 Millennium request: GET /MILLENIUM!JOIN_ONEUP.LANCAMENTOS.CONSULTALANCAMENTOS?cnpj=47.485.403%2F0001-31&n_documento=111249%2FB","service":"btg-baixa-titulos-service","timestamp":"2026-05-26T12:59:24.819Z"}
{"lancamento":1434870034,"level":"info","message":"ℹ️ Título 111249/B já estava baixado. Processo ignorado.","service":"btg-baixa-titulos-service","situacao":"BAIXADO","timestamp":"2026-05-26T12:59:24.834Z"}
{"level":"info","message":"🔎 Processando título 111249/C","service":"btg-baixa-titulos-service","timestamp":"2026-05-26T12:59:24.838Z"}
{"level":"info","message":"🌐 Millennium request: GET /MILLENIUM!JOIN_ONEUP.LANCAMENTOS.CONSULTALANCAMENTOS?cnpj=47.485.403%2F0001-31&n_documento=111249%2FC","service":"btg-baixa-titulos-service","timestamp":"2026-05-26T12:59:24.838Z"}
{"lancamento":1434870035,"level":"info","message":"ℹ️ Título 111249/C já estava baixado. Processo ignorado.","service":"btg-baixa-titulos-service","situacao":"BAIXADO","timestamp":"2026-05-26T12:59:24.852Z"}
{"level":"info","message":"🔎 Processando título 111250/A","service":"btg-baixa-titulos-service","timestamp":"2026-05-26T12:59:24.855Z"}
{"level":"info","message":"🌐 Millennium request: GET /MILLENIUM!JOIN_ONEUP.LANCAMENTOS.CONSULTALANCAMENTOS?cnpj=47.485.403%2F0001-31&n_documento=111250%2FA","service":"btg-baixa-titulos-service","timestamp":"2026-05-26T12:59:24.855Z"}
{"lancamento":1434870043,"level":"info","message":"ℹ️ Título 111250/A já estava baixado. Processo ignorado.","service":"btg-baixa-titulos-service","situacao":"BAIXADO","timestamp":"2026-05-26T12:59:24.870Z"}
{"level":"info","message":"🔎 Processando título 111394/A","service":"btg-baixa-titulos-service","timestamp":"2026-05-26T12:59:24.873Z"}
{"level":"info","message":"🌐 Millennium request: GET /MILLENIUM!JOIN_ONEUP.LANCAMENTOS.CONSULTALANCAMENTOS?cnpj=57.408.548%2F0001-92&n_documento=111394%2FA","service":"btg-baixa-titulos-service","timestamp":"2026-05-26T12:59:24.873Z"}
{"lancamento":1434871221,"level":"info","message":"ℹ️ Título 111394/A já estava baixado. Processo ignorado.","service":"btg-baixa-titulos-service","situacao":"BAIXADO","timestamp":"2026-05-26T12:59:24.887Z"}
{"level":"info","message":"🔎 Processando título 111394/B","service":"btg-baixa-titulos-service","timestamp":"2026-05-26T12:59:24.890Z"}
{"level":"info","message":"🌐 Millennium request: GET /MILLENIUM!JOIN_ONEUP.LANCAMENTOS.CONSULTALANCAMENTOS?cnpj=57.408.548%2F0001-92&n_documento=111394%2FB","service":"btg-baixa-titulos-service","timestamp":"2026-05-26T12:59:24.890Z"}
{"lancamento":1434871222,"level":"info","message":"ℹ️ Título 111394/B já estava baixado. Processo ignorado.","service":"btg-baixa-titulos-service","situacao":"BAIXADO","timestamp":"2026-05-26T12:59:24.904Z"}
{"level":"info","message":"🔎 Processando título 111394/C","service":"btg-baixa-titulos-service","timestamp":"2026-05-26T12:59:24.908Z"}
{"level":"info","message":"🌐 Millennium request: GET /MILLENIUM!JOIN_ONEUP.LANCAMENTOS.CONSULTALANCAMENTOS?cnpj=57.408.548%2F0001-92&n_documento=111394%2FC","service":"btg-baixa-titulos-service","timestamp":"2026-05-26T12:59:24.908Z"}
{"lancamento":1434871223,"level":"info","message":"ℹ️ Título 111394/C já estava baixado. Processo ignorado.","service":"btg-baixa-titulos-service","situacao":"BAIXADO","timestamp":"2026-05-26T12:59:24.922Z"}
{"level":"info","message":"🔎 Processando título 111394/D","service":"btg-baixa-titulos-service","timestamp":"2026-05-26T12:59:24.925Z"}
{"level":"info","message":"🌐 Millennium request: GET /MILLENIUM!JOIN_ONEUP.LANCAMENTOS.CONSULTALANCAMENTOS?cnpj=57.408.548%2F0001-92&n_documento=111394%2FD","service":"btg-baixa-titulos-service","timestamp":"2026-05-26T12:59:24.925Z"}
{"lancamento":1434871224,"level":"info","message":"ℹ️ Título 111394/D já estava baixado. Processo ignorado.","service":"btg-baixa-titulos-service","situacao":"BAIXADO","timestamp":"2026-05-26T12:59:24.951Z"}
{"level":"info","message":"🔎 Processando título 111854/A","service":"btg-baixa-titulos-service","timestamp":"2026-05-26T12:59:24.958Z"}
{"level":"info","message":"🌐 Millennium request: GET /MILLENIUM!JOIN_ONEUP.LANCAMENTOS.CONSULTALANCAMENTOS?cnpj=57.408.548%2F0001-92&n_documento=111854%2FA","service":"btg-baixa-titulos-service","timestamp":"2026-05-26T12:59:24.958Z"}
{"lancamento":1434874741,"level":"info","message":"ℹ️ Título 111854/A já estava baixado. Processo ignorado.","service":"btg-baixa-titulos-service","situacao":"BAIXADO","timestamp":"2026-05-26T12:59:24.998Z"}
{"level":"info","message":"🔎 Processando título 111854/B","service":"btg-baixa-titulos-service","timestamp":"2026-05-26T12:59:25.002Z"}
{"level":"info","message":"🌐 Millennium request: GET /MILLENIUM!JOIN_ONEUP.LANCAMENTOS.CONSULTALANCAMENTOS?cnpj=57.408.548%2F0001-92&n_documento=111854%2FB","service":"btg-baixa-titulos-service","timestamp":"2026-05-26T12:59:25.002Z"}
{"lancamento":1434874742,"level":"info","message":"ℹ️ Título 111854/B já estava baixado. Processo ignorado.","service":"btg-baixa-titulos-service","situacao":"BAIXADO","timestamp":"2026-05-26T12:59:25.143Z"}
{"level":"info","message":"🔎 Processando título 111854/C","service":"btg-baixa-titulos-service","timestamp":"2026-05-26T12:59:25.148Z"}
{"level":"info","message":"🌐 Millennium request: GET /MILLENIUM!JOIN_ONEUP.LANCAMENTOS.CONSULTALANCAMENTOS?cnpj=57.408.548%2F0001-92&n_documento=111854%2FC","service":"btg-baixa-titulos-service","timestamp":"2026-05-26T12:59:25.148Z"}
{"lancamento":1434874743,"level":"info","message":"ℹ️ Título 111854/C já estava baixado. Processo ignorado.","service":"btg-baixa-titulos-service","situacao":"BAIXADO","timestamp":"2026-05-26T12:59:25.241Z"}
{"level":"info","message":"🔎 Processando título 111854/D","service":"btg-baixa-titulos-service","timestamp":"2026-05-26T12:59:25.243Z"}
{"level":"info","message":"🌐 Millennium request: GET /MILLENIUM!JOIN_ONEUP.LANCAMENTOS.CONSULTALANCAMENTOS?cnpj=57.408.548%2F0001-92&n_documento=111854%2FD","service":"btg-baixa-titulos-service","timestamp":"2026-05-26T12:59:25.243Z"}
{"lancamento":1434874744,"level":"info","message":"ℹ️ Título 111854/D já estava baixado. Processo ignorado.","service":"btg-baixa-titulos-service","situacao":"BAIXADO","timestamp":"2026-05-26T12:59:25.270Z"}
{"level":"info","message":"🔎 Processando título 111399","service":"btg-baixa-titulos-service","timestamp":"2026-05-26T12:59:25.271Z"}
{"level":"info","message":"🌐 Millennium request: GET /MILLENIUM!JOIN_ONEUP.LANCAMENTOS.CONSULTALANCAMENTOS?cnpj=01.009.793%2F0001-72&n_documento=111399","service":"btg-baixa-titulos-service","timestamp":"2026-05-26T12:59:25.271Z"}
{"lancamento":1434871265,"level":"info","message":"ℹ️ Título 111399 já estava baixado. Processo ignorado.","service":"btg-baixa-titulos-service","situacao":"BAIXADO","timestamp":"2026-05-26T12:59:25.286Z"}
{"level":"info","message":"🔎 Processando título 111596/A","service":"btg-baixa-titulos-service","timestamp":"2026-05-26T12:59:25.287Z"}
{"level":"info","message":"🌐 Millennium request: GET /MILLENIUM!JOIN_ONEUP.LANCAMENTOS.CONSULTALANCAMENTOS?cnpj=47.485.403%2F0001-31&n_documento=111596%2FA","service":"btg-baixa-titulos-service","timestamp":"2026-05-26T12:59:25.287Z"}
{"lancamento":1434873151,"level":"info","message":"ℹ️ Título 111596/A já estava baixado. Processo ignorado.","service":"btg-baixa-titulos-service","situacao":"BAIXADO","timestamp":"2026-05-26T12:59:25.307Z"}
{"level":"info","message":"🔎 Processando título 111596/B","service":"btg-baixa-titulos-service","timestamp":"2026-05-26T12:59:25.308Z"}
{"level":"info","message":"🌐 Millennium request: GET /MILLENIUM!JOIN_ONEUP.LANCAMENTOS.CONSULTALANCAMENTOS?cnpj=47.485.403%2F0001-31&n_documento=111596%2FB","service":"btg-baixa-titulos-service","timestamp":"2026-05-26T12:59:25.308Z"}
{"lancamento":1434873152,"level":"info","message":"ℹ️ Título 111596/B já estava baixado. Processo ignorado.","service":"btg-baixa-titulos-service","situacao":"BAIXADO","timestamp":"2026-05-26T12:59:25.321Z"}
{"level":"info","message":"🔎 Processando título 111596/C","service":"btg-baixa-titulos-service","timestamp":"2026-05-26T12:59:25.323Z"}
{"level":"info","message":"🌐 Millennium request: GET /MILLENIUM!JOIN_ONEUP.LANCAMENTOS.CONSULTALANCAMENTOS?cnpj=47.485.403%2F0001-31&n_documento=111596%2FC","service":"btg-baixa-titulos-service","timestamp":"2026-05-26T12:59:25.323Z"}
{"lancamento":1434873153,"level":"info","message":"ℹ️ Título 111596/C já estava baixado. Processo ignorado.","service":"btg-baixa-titulos-service","situacao":"BAIXADO","timestamp":"2026-05-26T12:59:25.343Z"}
{"level":"info","message":"🔎 Processando título 111596/D","service":"btg-baixa-titulos-service","timestamp":"2026-05-26T12:59:25.345Z"}
{"level":"info","message":"🌐 Millennium request: GET /MILLENIUM!JOIN_ONEUP.LANCAMENTOS.CONSULTALANCAMENTOS?cnpj=47.485.403%2F0001-31&n_documento=111596%2FD","service":"btg-baixa-titulos-service","timestamp":"2026-05-26T12:59:25.345Z"}
{"lancamento":1434873154,"level":"info","message":"ℹ️ Título 111596/D já estava baixado. Processo ignorado.","service":"btg-baixa-titulos-service","situacao":"BAIXADO","timestamp":"2026-05-26T12:59:25.367Z"}
{"level":"info","message":"🔎 Processando título 111850/A","service":"btg-baixa-titulos-service","timestamp":"2026-05-26T12:59:25.370Z"}
{"level":"info","message":"🌐 Millennium request: GET /MILLENIUM!JOIN_ONEUP.LANCAMENTOS.CONSULTALANCAMENTOS?cnpj=73.652.158%2F0001-10&n_documento=111850%2FA","service":"btg-baixa-titulos-service","timestamp":"2026-05-26T12:59:25.370Z"}
{"lancamento":1434874730,"level":"info","message":"ℹ️ Título 111850/A já estava baixado. Processo ignorado.","service":"btg-baixa-titulos-service","situacao":"BAIXADO","timestamp":"2026-05-26T12:59:25.395Z"}
{"level":"info","message":"🔎 Processando título 111850/B","service":"btg-baixa-titulos-service","timestamp":"2026-05-26T12:59:25.398Z"}
{"level":"info","message":"🌐 Millennium request: GET /MILLENIUM!JOIN_ONEUP.LANCAMENTOS.CONSULTALANCAMENTOS?cnpj=73.652.158%2F0001-10&n_documento=111850%2FB","service":"btg-baixa-titulos-service","timestamp":"2026-05-26T12:59:25.398Z"}
{"lancamento":1434874731,"level":"info","message":"ℹ️ Título 111850/B já estava baixado. Processo ignorado.","service":"btg-baixa-titulos-service","situacao":"BAIXADO","timestamp":"2026-05-26T12:59:25.434Z"}
{"level":"info","message":"🔎 Processando título 111850/C","service":"btg-baixa-titulos-service","timestamp":"2026-05-26T12:59:25.441Z"}
{"level":"info","message":"🌐 Millennium request: GET /MILLENIUM!JOIN_ONEUP.LANCAMENTOS.CONSULTALANCAMENTOS?cnpj=73.652.158%2F0001-10&n_documento=111850%2FC","service":"btg-baixa-titulos-service","timestamp":"2026-05-26T12:59:25.441Z"}
{"lancamento":1434874732,"level":"info","message":"ℹ️ Título 111850/C já estava baixado. Processo ignorado.","service":"btg-baixa-titulos-service","situacao":"BAIXADO","timestamp":"2026-05-26T12:59:25.477Z"}
{"level":"info","message":"🔎 Processando título 111850/D","service":"btg-baixa-titulos-service","timestamp":"2026-05-26T12:59:25.484Z"}
{"level":"info","message":"🌐 Millennium request: GET /MILLENIUM!JOIN_ONEUP.LANCAMENTOS.CONSULTALANCAMENTOS?cnpj=73.652.158%2F0001-10&n_documento=111850%2FD","service":"btg-baixa-titulos-service","timestamp":"2026-05-26T12:59:25.484Z"}
{"lancamento":1434874733,"level":"info","message":"ℹ️ Título 111850/D já estava baixado. Processo ignorado.","service":"btg-baixa-titulos-service","situacao":"BAIXADO","timestamp":"2026-05-26T12:59:25.512Z"}
{"level":"info","message":"🔎 Processando título 111850/E","service":"btg-baixa-titulos-service","timestamp":"2026-05-26T12:59:25.519Z"}
{"level":"info","message":"🌐 Millennium request: GET /MILLENIUM!JOIN_ONEUP.LANCAMENTOS.CONSULTALANCAMENTOS?cnpj=73.652.158%2F0001-10&n_documento=111850%2FE","service":"btg-baixa-titulos-service","timestamp":"2026-05-26T12:59:25.519Z"}
{"lancamento":1434874734,"level":"info","message":"ℹ️ Título 111850/E já estava baixado. Processo ignorado.","service":"btg-baixa-titulos-service","situacao":"BAIXADO","timestamp":"2026-05-26T12:59:25.622Z"}
{"level":"info","message":"🔎 Processando título 111595","service":"btg-baixa-titulos-service","timestamp":"2026-05-26T12:59:25.629Z"}
{"level":"info","message":"🌐 Millennium request: GET /MILLENIUM!JOIN_ONEUP.LANCAMENTOS.CONSULTALANCAMENTOS?cnpj=01.329.811%2F0001-01&n_documento=111595","service":"btg-baixa-titulos-service","timestamp":"2026-05-26T12:59:25.630Z"}
{"lancamento":1434873150,"level":"info","message":"ℹ️ Título 111595 já estava baixado. Processo ignorado.","service":"btg-baixa-titulos-service","situacao":"BAIXADO","timestamp":"2026-05-26T12:59:25.659Z"}
{"level":"info","message":"🔎 Processando título 111857/A","service":"btg-baixa-titulos-service","timestamp":"2026-05-26T12:59:25.666Z"}
{"level":"info","message":"🌐 Millennium request: GET /MILLENIUM!JOIN_ONEUP.LANCAMENTOS.CONSULTALANCAMENTOS?cnpj=21.067.137%2F0001-33&n_documento=111857%2FA","service":"btg-baixa-titulos-service","timestamp":"2026-05-26T12:59:25.667Z"}
{"lancamento":1434874750,"level":"info","message":"ℹ️ Título 111857/A já estava baixado. Processo ignorado.","service":"btg-baixa-titulos-service","situacao":"BAIXADO","timestamp":"2026-05-26T12:59:25.740Z"}
{"level":"info","message":"🔎 Processando título 111857/B","service":"btg-baixa-titulos-service","timestamp":"2026-05-26T12:59:25.747Z"}
{"level":"info","message":"🌐 Millennium request: GET /MILLENIUM!JOIN_ONEUP.LANCAMENTOS.CONSULTALANCAMENTOS?cnpj=21.067.137%2F0001-33&n_documento=111857%2FB","service":"btg-baixa-titulos-service","timestamp":"2026-05-26T12:59:25.747Z"}
{"lancamento":1434874751,"level":"info","message":"ℹ️ Título 111857/B já estava baixado. Processo ignorado.","service":"btg-baixa-titulos-service","situacao":"BAIXADO","timestamp":"2026-05-26T12:59:25.772Z"}
{"level":"info","message":"🔎 Processando título 111857/C","service":"btg-baixa-titulos-service","timestamp":"2026-05-26T12:59:25.778Z"}
{"level":"info","message":"🌐 Millennium request: GET /MILLENIUM!JOIN_ONEUP.LANCAMENTOS.CONSULTALANCAMENTOS?cnpj=21.067.137%2F0001-33&n_documento=111857%2FC","service":"btg-baixa-titulos-service","timestamp":"2026-05-26T12:59:25.778Z"}
{"lancamento":1434874752,"level":"info","message":"ℹ️ Título 111857/C já estava baixado. Processo ignorado.","service":"btg-baixa-titulos-service","situacao":"BAIXADO","timestamp":"2026-05-26T12:59:25.812Z"}
{"level":"info","message":"🔎 Processando título 111852","service":"btg-baixa-titulos-service","timestamp":"2026-05-26T12:59:25.817Z"}
{"level":"info","message":"🌐 Millennium request: GET /MILLENIUM!JOIN_ONEUP.LANCAMENTOS.CONSULTALANCAMENTOS?cnpj=09.598.379%2F0001-58&n_documento=111852","service":"btg-baixa-titulos-service","timestamp":"2026-05-26T12:59:25.817Z"}
{"lancamento":1434874737,"level":"info","message":"ℹ️ Título 111852 já estava baixado. Processo ignorado.","service":"btg-baixa-titulos-service","situacao":"BAIXADO","timestamp":"2026-05-26T12:59:25.918Z"}
{"level":"info","message":"🔎 Processando título 111423/A","service":"btg-baixa-titulos-service","timestamp":"2026-05-26T12:59:25.926Z"}
{"level":"info","message":"🌐 Millennium request: GET /MILLENIUM!JOIN_ONEUP.LANCAMENTOS.CONSULTALANCAMENTOS?cnpj=96.609.490%2F0001-05&n_documento=111423%2FA","service":"btg-baixa-titulos-service","timestamp":"2026-05-26T12:59:25.926Z"}
{"lancamento":1434871827,"level":"info","message":"ℹ️ Título 111423/A já estava baixado. Processo ignorado.","service":"btg-baixa-titulos-service","situacao":"BAIXADO","timestamp":"2026-05-26T12:59:25.987Z"}
{"level":"info","message":"🔎 Processando título 111423/B","service":"btg-baixa-titulos-service","timestamp":"2026-05-26T12:59:25.995Z"}
{"level":"info","message":"🌐 Millennium request: GET /MILLENIUM!JOIN_ONEUP.LANCAMENTOS.CONSULTALANCAMENTOS?cnpj=96.609.490%2F0001-05&n_documento=111423%2FB","service":"btg-baixa-titulos-service","timestamp":"2026-05-26T12:59:25.995Z"}
{"lancamento":1434871828,"level":"info","message":"ℹ️ Título 111423/B já estava baixado. Processo ignorado.","service":"btg-baixa-titulos-service","situacao":"BAIXADO","timestamp":"2026-05-26T12:59:26.025Z"}
{"level":"info","message":"🔎 Processando título 111423/C","service":"btg-baixa-titulos-service","timestamp":"2026-05-26T12:59:26.032Z"}
{"level":"info","message":"🌐 Millennium request: GET /MILLENIUM!JOIN_ONEUP.LANCAMENTOS.CONSULTALANCAMENTOS?cnpj=96.609.490%2F0001-05&n_documento=111423%2FC","service":"btg-baixa-titulos-service","timestamp":"2026-05-26T12:59:26.033Z"}
{"lancamento":1434871829,"level":"info","message":"ℹ️ Título 111423/C já estava baixado. Processo ignorado.","service":"btg-baixa-titulos-service","situacao":"BAIXADO","timestamp":"2026-05-26T12:59:26.159Z"}
{"level":"info","message":"🔎 Processando título CORRE 110761","service":"btg-baixa-titulos-service","timestamp":"2026-05-26T12:59:26.167Z"}
{"level":"info","message":"🌐 Millennium request: GET /MILLENIUM!JOIN_ONEUP.LANCAMENTOS.CONSULTALANCAMENTOS?cnpj=01.009.793%2F0001-72&n_documento=CORRE%20110761","service":"btg-baixa-titulos-service","timestamp":"2026-05-26T12:59:26.167Z"}
{"lancamento":1434878951,"level":"info","message":"ℹ️ Título CORRE 110761 já estava baixado. Processo ignorado.","service":"btg-baixa-titulos-service","situacao":"BAIXADO","timestamp":"2026-05-26T12:59:26.185Z"}
{"level":"info","message":"🔎 Processando título CORRE 111399","service":"btg-baixa-titulos-service","timestamp":"2026-05-26T12:59:26.192Z"}
{"level":"info","message":"🌐 Millennium request: GET /MILLENIUM!JOIN_ONEUP.LANCAMENTOS.CONSULTALANCAMENTOS?cnpj=01.009.793%2F0001-72&n_documento=CORRE%20111399","service":"btg-baixa-titulos-service","timestamp":"2026-05-26T12:59:26.192Z"}
{"lancamento":1434878953,"level":"info","message":"ℹ️ Título CORRE 111399 já estava baixado. Processo ignorado.","service":"btg-baixa-titulos-service","situacao":"BAIXADO","timestamp":"2026-05-26T12:59:26.218Z"}
{"level":"info","message":"🔎 Processando título CORRE 110251","service":"btg-baixa-titulos-service","timestamp":"2026-05-26T12:59:26.223Z"}
{"level":"info","message":"🌐 Millennium request: GET /MILLENIUM!JOIN_ONEUP.LANCAMENTOS.CONSULTALANCAMENTOS?cnpj=01.329.811%2F0001-01&n_documento=CORRE%20110251","service":"btg-baixa-titulos-service","timestamp":"2026-05-26T12:59:26.223Z"}
{"lancamento":1434878949,"level":"info","message":"ℹ️ Título CORRE 110251 já estava baixado. Processo ignorado.","service":"btg-baixa-titulos-service","situacao":"BAIXADO","timestamp":"2026-05-26T12:59:26.248Z"}
{"level":"info","message":"🔎 Processando título CORRE 110166","service":"btg-baixa-titulos-service","timestamp":"2026-05-26T12:59:26.253Z"}
{"level":"info","message":"🌐 Millennium request: GET /MILLENIUM!JOIN_ONEUP.LANCAMENTOS.CONSULTALANCAMENTOS?cnpj=57.408.548%2F0001-92&n_documento=CORRE%20110166","service":"btg-baixa-titulos-service","timestamp":"2026-05-26T12:59:26.253Z"}
{"lancamento":1434878948,"level":"info","message":"ℹ️ Título CORRE 110166 já estava baixado. Processo ignorado.","service":"btg-baixa-titulos-service","situacao":"BAIXADO","timestamp":"2026-05-26T12:59:26.304Z"}
{"level":"info","message":"🔎 Processando título CORRE 111088","service":"btg-baixa-titulos-service","timestamp":"2026-05-26T12:59:26.313Z"}
{"level":"info","message":"🌐 Millennium request: GET /MILLENIUM!JOIN_ONEUP.LANCAMENTOS.CONSULTALANCAMENTOS?cnpj=57.408.548%2F0001-92&n_documento=CORRE%20111088","service":"btg-baixa-titulos-service","timestamp":"2026-05-26T12:59:26.313Z"}
{"lancamento":1434878952,"level":"info","message":"ℹ️ Título CORRE 111088 já estava baixado. Processo ignorado.","service":"btg-baixa-titulos-service","situacao":"BAIXADO","timestamp":"2026-05-26T12:59:26.340Z"}
{"level":"info","message":"🔎 Processando título CORRE 111369","service":"btg-baixa-titulos-service","timestamp":"2026-05-26T12:59:26.346Z"}
{"level":"info","message":"🌐 Millennium request: GET /MILLENIUM!JOIN_ONEUP.LANCAMENTOS.CONSULTALANCAMENTOS?cnpj=57.408.548%2F0001-92&n_documento=CORRE%20111369","service":"btg-baixa-titulos-service","timestamp":"2026-05-26T12:59:26.346Z"}
{"lancamento":1434878955,"level":"info","message":"ℹ️ Título CORRE 111369 já estava baixado. Processo ignorado.","service":"btg-baixa-titulos-service","situacao":"BAIXADO","timestamp":"2026-05-26T12:59:26.373Z"}
{"level":"info","message":"🔎 Processando título FRE 110595","service":"btg-baixa-titulos-service","timestamp":"2026-05-26T12:59:26.376Z"}
{"level":"info","message":"🌐 Millennium request: GET /MILLENIUM!JOIN_ONEUP.LANCAMENTOS.CONSULTALANCAMENTOS?cnpj=57.408.548%2F0001-92&n_documento=FRE%20110595","service":"btg-baixa-titulos-service","timestamp":"2026-05-26T12:59:26.376Z"}
{"lancamento":1434878956,"level":"info","message":"ℹ️ Título FRE 110595 já estava baixado. Processo ignorado.","service":"btg-baixa-titulos-service","situacao":"BAIXADO","timestamp":"2026-05-26T12:59:26.399Z"}
{"level":"info","message":"🔎 Processando título FRE 110754","service":"btg-baixa-titulos-service","timestamp":"2026-05-26T12:59:26.401Z"}
{"level":"info","message":"🌐 Millennium request: GET /MILLENIUM!JOIN_ONEUP.LANCAMENTOS.CONSULTALANCAMENTOS?cnpj=03.294.992%2F0001-03&n_documento=FRE%20110754","service":"btg-baixa-titulos-service","timestamp":"2026-05-26T12:59:26.401Z"}
{"lancamento":1434878959,"level":"info","message":"ℹ️ Título FRE 110754 já estava baixado. Processo ignorado.","service":"btg-baixa-titulos-service","situacao":"BAIXADO","timestamp":"2026-05-26T12:59:26.425Z"}
{"level":"info","message":"🔎 Processando título 112542/A","service":"btg-baixa-titulos-service","timestamp":"2026-05-26T12:59:26.429Z"}
{"level":"info","message":"🌐 Millennium request: GET /MILLENIUM!JOIN_ONEUP.LANCAMENTOS.CONSULTALANCAMENTOS?cnpj=21.067.137%2F0001-33&n_documento=112542%2FA","service":"btg-baixa-titulos-service","timestamp":"2026-05-26T12:59:26.429Z"}
{"lancamento":1434878814,"level":"info","message":"ℹ️ Título 112542/A já estava baixado. Processo ignorado.","service":"btg-baixa-titulos-service","situacao":"BAIXADO","timestamp":"2026-05-26T12:59:26.453Z"}
{"level":"info","message":"🔎 Processando título 112542/B","service":"btg-baixa-titulos-service","timestamp":"2026-05-26T12:59:26.456Z"}
{"level":"info","message":"🌐 Millennium request: GET /MILLENIUM!JOIN_ONEUP.LANCAMENTOS.CONSULTALANCAMENTOS?cnpj=21.067.137%2F0001-33&n_documento=112542%2FB","service":"btg-baixa-titulos-service","timestamp":"2026-05-26T12:59:26.456Z"}
{"lancamento":1434878815,"level":"info","message":"ℹ️ Título 112542/B já estava baixado. Processo ignorado.","service":"btg-baixa-titulos-service","situacao":"BAIXADO","timestamp":"2026-05-26T12:59:26.476Z"}
{"level":"info","message":"🔎 Processando título 112542/C","service":"btg-baixa-titulos-service","timestamp":"2026-05-26T12:59:26.479Z"}
{"level":"info","message":"🌐 Millennium request: GET /MILLENIUM!JOIN_ONEUP.LANCAMENTOS.CONSULTALANCAMENTOS?cnpj=21.067.137%2F0001-33&n_documento=112542%2FC","service":"btg-baixa-titulos-service","timestamp":"2026-05-26T12:59:26.479Z"}
{"lancamento":1434878816,"level":"info","message":"ℹ️ Título 112542/C já estava baixado. Processo ignorado.","service":"btg-baixa-titulos-service","situacao":"BAIXADO","timestamp":"2026-05-26T12:59:26.506Z"}
{"level":"info","message":"🔎 Processando título CORRE 109505","service":"btg-baixa-titulos-service","timestamp":"2026-05-26T12:59:26.510Z"}
{"level":"info","message":"🌐 Millennium request: GET /MILLENIUM!JOIN_ONEUP.LANCAMENTOS.CONSULTALANCAMENTOS?cnpj=21.067.137%2F0001-33&n_documento=CORRE%20109505","service":"btg-baixa-titulos-service","timestamp":"2026-05-26T12:59:26.510Z"}
{"lancamento":1434878942,"level":"info","message":"ℹ️ Título CORRE 109505 já estava baixado. Processo ignorado.","service":"btg-baixa-titulos-service","situacao":"BAIXADO","timestamp":"2026-05-26T12:59:26.537Z"}
{"level":"info","message":"🔎 Processando título 112541/A","service":"btg-baixa-titulos-service","timestamp":"2026-05-26T12:59:26.542Z"}
{"level":"info","message":"🌐 Millennium request: GET /MILLENIUM!JOIN_ONEUP.LANCAMENTOS.CONSULTALANCAMENTOS?cnpj=59.205.187%2F0001-02&n_documento=112541%2FA","service":"btg-baixa-titulos-service","timestamp":"2026-05-26T12:59:26.542Z"}
{"lancamento":1434878804,"level":"info","message":"ℹ️ Título 112541/A já estava baixado. Processo ignorado.","service":"btg-baixa-titulos-service","situacao":"BAIXADO","timestamp":"2026-05-26T12:59:26.567Z"}
{"level":"info","message":"🔎 Processando título 112541/B","service":"btg-baixa-titulos-service","timestamp":"2026-05-26T12:59:26.572Z"}
{"level":"info","message":"🌐 Millennium request: GET /MILLENIUM!JOIN_ONEUP.LANCAMENTOS.CONSULTALANCAMENTOS?cnpj=59.205.187%2F0001-02&n_documento=112541%2FB","service":"btg-baixa-titulos-service","timestamp":"2026-05-26T12:59:26.572Z"}
{"lancamento":1434878805,"level":"info","message":"ℹ️ Título 112541/B já estava baixado. Processo ignorado.","service":"btg-baixa-titulos-service","situacao":"BAIXADO","timestamp":"2026-05-26T12:59:26.667Z"}
{"level":"info","message":"🔎 Processando título 112541/C","service":"btg-baixa-titulos-service","timestamp":"2026-05-26T12:59:26.675Z"}
{"level":"info","message":"🌐 Millennium request: GET /MILLENIUM!JOIN_ONEUP.LANCAMENTOS.CONSULTALANCAMENTOS?cnpj=59.205.187%2F0001-02&n_documento=112541%2FC","service":"btg-baixa-titulos-service","timestamp":"2026-05-26T12:59:26.675Z"}
{"lancamento":1434878806,"level":"info","message":"ℹ️ Título 112541/C já estava baixado. Processo ignorado.","service":"btg-baixa-titulos-service","situacao":"BAIXADO","timestamp":"2026-05-26T12:59:26.704Z"}
{"level":"info","message":"🔎 Processando título FRE 111087","service":"btg-baixa-titulos-service","timestamp":"2026-05-26T12:59:26.712Z"}
{"level":"info","message":"🌐 Millennium request: GET /MILLENIUM!JOIN_ONEUP.LANCAMENTOS.CONSULTALANCAMENTOS?cnpj=09.598.379%2F0001-58&n_documento=FRE%20111087","service":"btg-baixa-titulos-service","timestamp":"2026-05-26T12:59:26.712Z"}
{"lancamento":1434878962,"level":"info","message":"ℹ️ Título FRE 111087 já estava baixado. Processo ignorado.","service":"btg-baixa-titulos-service","situacao":"BAIXADO","timestamp":"2026-05-26T12:59:26.740Z"}
{"level":"info","message":"🔎 Processando título 112648/A","service":"btg-baixa-titulos-service","timestamp":"2026-05-26T12:59:26.746Z"}
{"level":"info","message":"🌐 Millennium request: GET /MILLENIUM!JOIN_ONEUP.LANCAMENTOS.CONSULTALANCAMENTOS?cnpj=03.247.651%2F0001-79&n_documento=112648%2FA","service":"btg-baixa-titulos-service","timestamp":"2026-05-26T12:59:26.746Z"}
{"lancamento":1434880179,"level":"info","message":"ℹ️ Título 112648/A já estava baixado. Processo ignorado.","service":"btg-baixa-titulos-service","situacao":"BAIXADO","timestamp":"2026-05-26T12:59:26.762Z"}
{"level":"info","message":"🔎 Processando título 112648/B","service":"btg-baixa-titulos-service","timestamp":"2026-05-26T12:59:26.768Z"}
{"level":"info","message":"🌐 Millennium request: GET /MILLENIUM!JOIN_ONEUP.LANCAMENTOS.CONSULTALANCAMENTOS?cnpj=03.247.651%2F0001-79&n_documento=112648%2FB","service":"btg-baixa-titulos-service","timestamp":"2026-05-26T12:59:26.768Z"}
{"lancamento":1434880180,"level":"info","message":"ℹ️ Título 112648/B já estava baixado. Processo ignorado.","service":"btg-baixa-titulos-service","situacao":"BAIXADO","timestamp":"2026-05-26T12:59:26.783Z"}
{"level":"info","message":"🔎 Processando título 112648/C","service":"btg-baixa-titulos-service","timestamp":"2026-05-26T12:59:26.788Z"}
{"level":"info","message":"🌐 Millennium request: GET /MILLENIUM!JOIN_ONEUP.LANCAMENTOS.CONSULTALANCAMENTOS?cnpj=03.247.651%2F0001-79&n_documento=112648%2FC","service":"btg-baixa-titulos-service","timestamp":"2026-05-26T12:59:26.788Z"}
{"lancamento":1434880181,"level":"info","message":"ℹ️ Título 112648/C já estava baixado. Processo ignorado.","service":"btg-baixa-titulos-service","situacao":"BAIXADO","timestamp":"2026-05-26T12:59:26.813Z"}
{"level":"info","message":"🔎 Processando título 112648/D","service":"btg-baixa-titulos-service","timestamp":"2026-05-26T12:59:26.819Z"}
{"level":"info","message":"🌐 Millennium request: GET /MILLENIUM!JOIN_ONEUP.LANCAMENTOS.CONSULTALANCAMENTOS?cnpj=03.247.651%2F0001-79&n_documento=112648%2FD","service":"btg-baixa-titulos-service","timestamp":"2026-05-26T12:59:26.819Z"}
{"lancamento":1434880182,"level":"info","message":"ℹ️ Título 112648/D já estava baixado. Processo ignorado.","service":"btg-baixa-titulos-service","situacao":"BAIXADO","timestamp":"2026-05-26T12:59:26.855Z"}
{"level":"info","message":"🔎 Processando título 112648/E","service":"btg-baixa-titulos-service","timestamp":"2026-05-26T12:59:26.860Z"}
{"level":"info","message":"🌐 Millennium request: GET /MILLENIUM!JOIN_ONEUP.LANCAMENTOS.CONSULTALANCAMENTOS?cnpj=03.247.651%2F0001-79&n_documento=112648%2FE","service":"btg-baixa-titulos-service","timestamp":"2026-05-26T12:59:26.861Z"}
{"lancamento":1434880183,"level":"info","message":"ℹ️ Título 112648/E já estava baixado. Processo ignorado.","service":"btg-baixa-titulos-service","situacao":"BAIXADO","timestamp":"2026-05-26T12:59:26.886Z"}
{"level":"info","message":"🔎 Processando título 113263/A","service":"btg-baixa-titulos-service","timestamp":"2026-05-26T12:59:26.892Z"}
{"level":"info","message":"🌐 Millennium request: GET /MILLENIUM!JOIN_ONEUP.LANCAMENTOS.CONSULTALANCAMENTOS?cnpj=73.652.158%2F0001-10&n_documento=113263%2FA","service":"btg-baixa-titulos-service","timestamp":"2026-05-26T12:59:26.892Z"}
{"lancamento":1434882806,"level":"info","message":"ℹ️ Título 113263/A já estava baixado. Processo ignorado.","service":"btg-baixa-titulos-service","situacao":"BAIXADO","timestamp":"2026-05-26T12:59:26.917Z"}
{"level":"info","message":"🔎 Processando título 113263/B","service":"btg-baixa-titulos-service","timestamp":"2026-05-26T12:59:26.922Z"}
{"level":"info","message":"🌐 Millennium request: GET /MILLENIUM!JOIN_ONEUP.LANCAMENTOS.CONSULTALANCAMENTOS?cnpj=73.652.158%2F0001-10&n_documento=113263%2FB","service":"btg-baixa-titulos-service","timestamp":"2026-05-26T12:59:26.922Z"}
{"lancamento":1434882807,"level":"info","message":"ℹ️ Título 113263/B já estava baixado. Processo ignorado.","service":"btg-baixa-titulos-service","situacao":"BAIXADO","timestamp":"2026-05-26T12:59:26.965Z"}
{"level":"info","message":"🔎 Processando título 113263/C","service":"btg-baixa-titulos-service","timestamp":"2026-05-26T12:59:26.971Z"}
{"level":"info","message":"🌐 Millennium request: GET /MILLENIUM!JOIN_ONEUP.LANCAMENTOS.CONSULTALANCAMENTOS?cnpj=73.652.158%2F0001-10&n_documento=113263%2FC","service":"btg-baixa-titulos-service","timestamp":"2026-05-26T12:59:26.972Z"}
{"lancamento":1434882808,"level":"info","message":"ℹ️ Título 113263/C já estava baixado. Processo ignorado.","service":"btg-baixa-titulos-service","situacao":"BAIXADO","timestamp":"2026-05-26T12:59:26.990Z"}
{"level":"info","message":"🔎 Processando título 113263/D","service":"btg-baixa-titulos-service","timestamp":"2026-05-26T12:59:26.996Z"}
{"level":"info","message":"🌐 Millennium request: GET /MILLENIUM!JOIN_ONEUP.LANCAMENTOS.CONSULTALANCAMENTOS?cnpj=73.652.158%2F0001-10&n_documento=113263%2FD","service":"btg-baixa-titulos-service","timestamp":"2026-05-26T12:59:26.996Z"}
{"lancamento":1434882809,"level":"info","message":"ℹ️ Título 113263/D já estava baixado. Processo ignorado.","service":"btg-baixa-titulos-service","situacao":"BAIXADO","timestamp":"2026-05-26T12:59:27.017Z"}
{"level":"info","message":"🔎 Processando título 113263/E","service":"btg-baixa-titulos-service","timestamp":"2026-05-26T12:59:27.023Z"}
{"level":"info","message":"🌐 Millennium request: GET /MILLENIUM!JOIN_ONEUP.LANCAMENTOS.CONSULTALANCAMENTOS?cnpj=73.652.158%2F0001-10&n_documento=113263%2FE","service":"btg-baixa-titulos-service","timestamp":"2026-05-26T12:59:27.023Z"}
{"lancamento":1434882810,"level":"info","message":"ℹ️ Título 113263/E já estava baixado. Processo ignorado.","service":"btg-baixa-titulos-service","situacao":"BAIXADO","timestamp":"2026-05-26T12:59:27.047Z"}
{"level":"info","message":"🔎 Processando título 112761/A","service":"btg-baixa-titulos-service","timestamp":"2026-05-26T12:59:27.052Z"}
{"level":"info","message":"🌐 Millennium request: GET /MILLENIUM!JOIN_ONEUP.LANCAMENTOS.CONSULTALANCAMENTOS?cnpj=21.067.137%2F0001-33&n_documento=112761%2FA","service":"btg-baixa-titulos-service","timestamp":"2026-05-26T12:59:27.052Z"}
{"lancamento":1434880539,"level":"info","message":"ℹ️ Título 112761/A já estava baixado. Processo ignorado.","service":"btg-baixa-titulos-service","situacao":"BAIXADO","timestamp":"2026-05-26T12:59:27.076Z"}
{"level":"info","message":"🔎 Processando título 112761/B","service":"btg-baixa-titulos-service","timestamp":"2026-05-26T12:59:27.082Z"}
{"level":"info","message":"🌐 Millennium request: GET /MILLENIUM!JOIN_ONEUP.LANCAMENTOS.CONSULTALANCAMENTOS?cnpj=21.067.137%2F0001-33&n_documento=112761%2FB","service":"btg-baixa-titulos-service","timestamp":"2026-05-26T12:59:27.082Z"}
{"lancamento":1434880540,"level":"info","message":"ℹ️ Título 112761/B já estava baixado. Processo ignorado.","service":"btg-baixa-titulos-service","situacao":"BAIXADO","timestamp":"2026-05-26T12:59:27.193Z"}
{"level":"info","message":"🔎 Processando título 112761/C","service":"btg-baixa-titulos-service","timestamp":"2026-05-26T12:59:27.201Z"}
{"level":"info","message":"🌐 Millennium request: GET /MILLENIUM!JOIN_ONEUP.LANCAMENTOS.CONSULTALANCAMENTOS?cnpj=21.067.137%2F0001-33&n_documento=112761%2FC","service":"btg-baixa-titulos-service","timestamp":"2026-05-26T12:59:27.201Z"}
{"lancamento":1434880541,"level":"info","message":"ℹ️ Título 112761/C já estava baixado. Processo ignorado.","service":"btg-baixa-titulos-service","situacao":"BAIXADO","timestamp":"2026-05-26T12:59:27.217Z"}
{"level":"info","message":"🔎 Processando título 112947/A","service":"btg-baixa-titulos-service","timestamp":"2026-05-26T12:59:27.224Z"}
{"level":"info","message":"🌐 Millennium request: GET /MILLENIUM!JOIN_ONEUP.LANCAMENTOS.CONSULTALANCAMENTOS?cnpj=57.408.548%2F0001-92&n_documento=112947%2FA","service":"btg-baixa-titulos-service","timestamp":"2026-05-26T12:59:27.225Z"}
{"lancamento":1434881459,"level":"info","message":"ℹ️ Título 112947/A já estava baixado. Processo ignorado.","service":"btg-baixa-titulos-service","situacao":"BAIXADO","timestamp":"2026-05-26T12:59:27.241Z"}
{"level":"info","message":"🔎 Processando título 112947/B","service":"btg-baixa-titulos-service","timestamp":"2026-05-26T12:59:27.246Z"}
{"level":"info","message":"🌐 Millennium request: GET /MILLENIUM!JOIN_ONEUP.LANCAMENTOS.CONSULTALANCAMENTOS?cnpj=57.408.548%2F0001-92&n_documento=112947%2FB","service":"btg-baixa-titulos-service","timestamp":"2026-05-26T12:59:27.246Z"}
{"lancamento":1434881460,"level":"info","message":"ℹ️ Título 112947/B já estava baixado. Processo ignorado.","service":"btg-baixa-titulos-service","situacao":"BAIXADO","timestamp":"2026-05-26T12:59:27.270Z"}
{"level":"info","message":"🔎 Processando título 112947/C","service":"btg-baixa-titulos-service","timestamp":"2026-05-26T12:59:27.276Z"}
{"level":"info","message":"🌐 Millennium request: GET /MILLENIUM!JOIN_ONEUP.LANCAMENTOS.CONSULTALANCAMENTOS?cnpj=57.408.548%2F0001-92&n_documento=112947%2FC","service":"btg-baixa-titulos-service","timestamp":"2026-05-26T12:59:27.276Z"}
{"lancamento":1434881461,"level":"info","message":"ℹ️ Título 112947/C já estava baixado. Processo ignorado.","service":"btg-baixa-titulos-service","situacao":"BAIXADO","timestamp":"2026-05-26T12:59:27.315Z"}
{"level":"info","message":"🔎 Processando título 112947/D","service":"btg-baixa-titulos-service","timestamp":"2026-05-26T12:59:27.321Z"}
{"level":"info","message":"🌐 Millennium request: GET /MILLENIUM!JOIN_ONEUP.LANCAMENTOS.CONSULTALANCAMENTOS?cnpj=57.408.548%2F0001-92&n_documento=112947%2FD","service":"btg-baixa-titulos-service","timestamp":"2026-05-26T12:59:27.321Z"}
{"lancamento":1434881462,"level":"info","message":"ℹ️ Título 112947/D já estava baixado. Processo ignorado.","service":"btg-baixa-titulos-service","situacao":"BAIXADO","timestamp":"2026-05-26T12:59:27.338Z"}
{"level":"info","message":"🔎 Processando título 113264/A","service":"btg-baixa-titulos-service","timestamp":"2026-05-26T12:59:27.344Z"}
{"level":"info","message":"🌐 Millennium request: GET /MILLENIUM!JOIN_ONEUP.LANCAMENTOS.CONSULTALANCAMENTOS?cnpj=57.408.548%2F0001-92&n_documento=113264%2FA","service":"btg-baixa-titulos-service","timestamp":"2026-05-26T12:59:27.344Z"}
{"lancamento":1434882818,"level":"info","message":"ℹ️ Título 113264/A já estava baixado. Processo ignorado.","service":"btg-baixa-titulos-service","situacao":"BAIXADO","timestamp":"2026-05-26T12:59:27.364Z"}
{"level":"info","message":"🔎 Processando título 113264/B","service":"btg-baixa-titulos-service","timestamp":"2026-05-26T12:59:27.369Z"}
{"level":"info","message":"🌐 Millennium request: GET /MILLENIUM!JOIN_ONEUP.LANCAMENTOS.CONSULTALANCAMENTOS?cnpj=57.408.548%2F0001-92&n_documento=113264%2FB","service":"btg-baixa-titulos-service","timestamp":"2026-05-26T12:59:27.369Z"}
{"lancamento":1434882819,"level":"info","message":"ℹ️ Título 113264/B já estava baixado. Processo ignorado.","service":"btg-baixa-titulos-service","situacao":"BAIXADO","timestamp":"2026-05-26T12:59:27.405Z"}
{"level":"info","message":"🔎 Processando título 113264/C","service":"btg-baixa-titulos-service","timestamp":"2026-05-26T12:59:27.414Z"}
{"level":"info","message":"🌐 Millennium request: GET /MILLENIUM!JOIN_ONEUP.LANCAMENTOS.CONSULTALANCAMENTOS?cnpj=57.408.548%2F0001-92&n_documento=113264%2FC","service":"btg-baixa-titulos-service","timestamp":"2026-05-26T12:59:27.414Z"}
{"lancamento":1434882820,"level":"info","message":"ℹ️ Título 113264/C já estava baixado. Processo ignorado.","service":"btg-baixa-titulos-service","situacao":"BAIXADO","timestamp":"2026-05-26T12:59:27.440Z"}
{"level":"info","message":"🔎 Processando título 113264/D","service":"btg-baixa-titulos-service","timestamp":"2026-05-26T12:59:27.446Z"}
{"level":"info","message":"🌐 Millennium request: GET /MILLENIUM!JOIN_ONEUP.LANCAMENTOS.CONSULTALANCAMENTOS?cnpj=57.408.548%2F0001-92&n_documento=113264%2FD","service":"btg-baixa-titulos-service","timestamp":"2026-05-26T12:59:27.446Z"}
{"lancamento":1434882821,"level":"info","message":"ℹ️ Título 113264/D já estava baixado. Processo ignorado.","service":"btg-baixa-titulos-service","situacao":"BAIXADO","timestamp":"2026-05-26T12:59:27.467Z"}
{"level":"info","message":"🔎 Processando título 113269/A","service":"btg-baixa-titulos-service","timestamp":"2026-05-26T12:59:27.472Z"}
{"level":"info","message":"🌐 Millennium request: GET /MILLENIUM!JOIN_ONEUP.LANCAMENTOS.CONSULTALANCAMENTOS?cnpj=57.408.548%2F0001-92&n_documento=113269%2FA","service":"btg-baixa-titulos-service","timestamp":"2026-05-26T12:59:27.472Z"}
{"lancamento":1434882834,"level":"info","message":"ℹ️ Título 113269/A já estava baixado. Processo ignorado.","service":"btg-baixa-titulos-service","situacao":"BAIXADO","timestamp":"2026-05-26T12:59:27.494Z"}
{"level":"info","message":"🔎 Processando título 113269/B","service":"btg-baixa-titulos-service","timestamp":"2026-05-26T12:59:27.499Z"}
{"level":"info","message":"🌐 Millennium request: GET /MILLENIUM!JOIN_ONEUP.LANCAMENTOS.CONSULTALANCAMENTOS?cnpj=57.408.548%2F0001-92&n_documento=113269%2FB","service":"btg-baixa-titulos-service","timestamp":"2026-05-26T12:59:27.499Z"}
{"lancamento":1434882835,"level":"info","message":"ℹ️ Título 113269/B já estava baixado. Processo ignorado.","service":"btg-baixa-titulos-service","situacao":"BAIXADO","timestamp":"2026-05-26T12:59:27.523Z"}
{"level":"info","message":"🔎 Processando título 113269/C","service":"btg-baixa-titulos-service","timestamp":"2026-05-26T12:59:27.528Z"}
{"level":"info","message":"🌐 Millennium request: GET /MILLENIUM!JOIN_ONEUP.LANCAMENTOS.CONSULTALANCAMENTOS?cnpj=57.408.548%2F0001-92&n_documento=113269%2FC","service":"btg-baixa-titulos-service","timestamp":"2026-05-26T12:59:27.528Z"}
{"lancamento":1434882836,"level":"info","message":"ℹ️ Título 113269/C já estava baixado. Processo ignorado.","service":"btg-baixa-titulos-service","situacao":"BAIXADO","timestamp":"2026-05-26T12:59:27.555Z"}
{"level":"info","message":"🔎 Processando título 113269/D","service":"btg-baixa-titulos-service","timestamp":"2026-05-26T12:59:27.561Z"}
{"level":"info","message":"🌐 Millennium request: GET /MILLENIUM!JOIN_ONEUP.LANCAMENTOS.CONSULTALANCAMENTOS?cnpj=57.408.548%2F0001-92&n_documento=113269%2FD","service":"btg-baixa-titulos-service","timestamp":"2026-05-26T12:59:27.561Z"}
{"lancamento":1434882837,"level":"info","message":"ℹ️ Título 113269/D já estava baixado. Processo ignorado.","service":"btg-baixa-titulos-service","situacao":"BAIXADO","timestamp":"2026-05-26T12:59:27.595Z"}
{"level":"info","message":"🔎 Processando título 113329/A","service":"btg-baixa-titulos-service","timestamp":"2026-05-26T12:59:27.602Z"}
{"level":"info","message":"🌐 Millennium request: GET /MILLENIUM!JOIN_ONEUP.LANCAMENTOS.CONSULTALANCAMENTOS?cnpj=57.408.548%2F0001-92&n_documento=113329%2FA","service":"btg-baixa-titulos-service","timestamp":"2026-05-26T12:59:27.603Z"}
{"lancamento":1434884025,"level":"info","message":"ℹ️ Título 113329/A já estava baixado. Processo ignorado.","service":"btg-baixa-titulos-service","situacao":"BAIXADO","timestamp":"2026-05-26T12:59:27.717Z"}
{"level":"info","message":"🔎 Processando título 113329/B","service":"btg-baixa-titulos-service","timestamp":"2026-05-26T12:59:27.726Z"}
{"level":"info","message":"🌐 Millennium request: GET /MILLENIUM!JOIN_ONEUP.LANCAMENTOS.CONSULTALANCAMENTOS?cnpj=57.408.548%2F0001-92&n_documento=113329%2FB","service":"btg-baixa-titulos-service","timestamp":"2026-05-26T12:59:27.726Z"}
{"lancamento":1434884026,"level":"info","message":"ℹ️ Título 113329/B já estava baixado. Processo ignorado.","service":"btg-baixa-titulos-service","situacao":"BAIXADO","timestamp":"2026-05-26T12:59:27.742Z"}
{"level":"info","message":"🔎 Processando título 113329/C","service":"btg-baixa-titulos-service","timestamp":"2026-05-26T12:59:27.749Z"}
{"level":"info","message":"🌐 Millennium request: GET /MILLENIUM!JOIN_ONEUP.LANCAMENTOS.CONSULTALANCAMENTOS?cnpj=57.408.548%2F0001-92&n_documento=113329%2FC","service":"btg-baixa-titulos-service","timestamp":"2026-05-26T12:59:27.749Z"}
{"lancamento":1434884027,"level":"info","message":"ℹ️ Título 113329/C já estava baixado. Processo ignorado.","service":"btg-baixa-titulos-service","situacao":"BAIXADO","timestamp":"2026-05-26T12:59:27.770Z"}
{"level":"info","message":"🔎 Processando título 113329/D","service":"btg-baixa-titulos-service","timestamp":"2026-05-26T12:59:27.776Z"}
{"level":"info","message":"🌐 Millennium request: GET /MILLENIUM!JOIN_ONEUP.LANCAMENTOS.CONSULTALANCAMENTOS?cnpj=57.408.548%2F0001-92&n_documento=113329%2FD","service":"btg-baixa-titulos-service","timestamp":"2026-05-26T12:59:27.776Z"}
{"lancamento":1434884028,"level":"info","message":"ℹ️ Título 113329/D já estava baixado. Processo ignorado.","service":"btg-baixa-titulos-service","situacao":"BAIXADO","timestamp":"2026-05-26T12:59:27.793Z"}
{"level":"info","message":"🔎 Processando título 113474/A","service":"btg-baixa-titulos-service","timestamp":"2026-05-26T12:59:27.798Z"}
{"level":"info","message":"🌐 Millennium request: GET /MILLENIUM!JOIN_ONEUP.LANCAMENTOS.CONSULTALANCAMENTOS?cnpj=57.408.548%2F0001-92&n_documento=113474%2FA","service":"btg-baixa-titulos-service","timestamp":"2026-05-26T12:59:27.798Z"}
{"lancamento":1434884925,"level":"info","message":"ℹ️ Título 113474/A já estava baixado. Processo ignorado.","service":"btg-baixa-titulos-service","situacao":"BAIXADO","timestamp":"2026-05-26T12:59:27.819Z"}
{"level":"info","message":"🔎 Processando título 113474/B","service":"btg-baixa-titulos-service","timestamp":"2026-05-26T12:59:27.822Z"}
{"level":"info","message":"🌐 Millennium request: GET /MILLENIUM!JOIN_ONEUP.LANCAMENTOS.CONSULTALANCAMENTOS?cnpj=57.408.548%2F0001-92&n_documento=113474%2FB","service":"btg-baixa-titulos-service","timestamp":"2026-05-26T12:59:27.822Z"}
{"lancamento":1434884926,"level":"info","message":"ℹ️ Título 113474/B já estava baixado. Processo ignorado.","service":"btg-baixa-titulos-service","situacao":"BAIXADO","timestamp":"2026-05-26T12:59:27.840Z"}
{"level":"info","message":"🔎 Processando título 113474/C","service":"btg-baixa-titulos-service","timestamp":"2026-05-26T12:59:27.844Z"}
{"level":"info","message":"🌐 Millennium request: GET /MILLENIUM!JOIN_ONEUP.LANCAMENTOS.CONSULTALANCAMENTOS?cnpj=57.408.548%2F0001-92&n_documento=113474%2FC","service":"btg-baixa-titulos-service","timestamp":"2026-05-26T12:59:27.844Z"}
{"lancamento":1434884927,"level":"info","message":"ℹ️ Título 113474/C já estava baixado. Processo ignorado.","service":"btg-baixa-titulos-service","situacao":"BAIXADO","timestamp":"2026-05-26T12:59:27.865Z"}
{"level":"info","message":"🔎 Processando título 113474/D","service":"btg-baixa-titulos-service","timestamp":"2026-05-26T12:59:27.869Z"}
{"level":"info","message":"🌐 Millennium request: GET /MILLENIUM!JOIN_ONEUP.LANCAMENTOS.CONSULTALANCAMENTOS?cnpj=57.408.548%2F0001-92&n_documento=113474%2FD","service":"btg-baixa-titulos-service","timestamp":"2026-05-26T12:59:27.869Z"}
{"lancamento":1434884928,"level":"info","message":"ℹ️ Título 113474/D já estava baixado. Processo ignorado.","service":"btg-baixa-titulos-service","situacao":"BAIXADO","timestamp":"2026-05-26T12:59:27.884Z"}
{"level":"info","message":"🔎 Processando título 38105/A","service":"btg-baixa-titulos-service","timestamp":"2026-05-26T12:59:27.887Z"}
{"level":"info","message":"🌐 Millennium request: GET /MILLENIUM!JOIN_ONEUP.LANCAMENTOS.CONSULTALANCAMENTOS?n_documento=38105%2FA&cpf=231.048.214-53","service":"btg-baixa-titulos-service","timestamp":"2026-05-26T12:59:27.887Z"}
{"lancamento":1434883534,"level":"info","message":"ℹ️ Título 38105/A já estava baixado. Processo ignorado.","service":"btg-baixa-titulos-service","situacao":"BAIXADO","timestamp":"2026-05-26T12:59:27.994Z"}
{"level":"info","message":"🔎 Processando título 38105/B","service":"btg-baixa-titulos-service","timestamp":"2026-05-26T12:59:28.005Z"}
{"level":"info","message":"🌐 Millennium request: GET /MILLENIUM!JOIN_ONEUP.LANCAMENTOS.CONSULTALANCAMENTOS?n_documento=38105%2FB&cpf=231.048.214-53","service":"btg-baixa-titulos-service","timestamp":"2026-05-26T12:59:28.005Z"}
{"lancamento":1434883535,"level":"info","message":"ℹ️ Título 38105/B já estava baixado. Processo ignorado.","service":"btg-baixa-titulos-service","situacao":"BAIXADO","timestamp":"2026-05-26T12:59:28.033Z"}
{"level":"info","message":"🔎 Processando título 113573/A","service":"btg-baixa-titulos-service","timestamp":"2026-05-26T12:59:28.040Z"}
{"level":"info","message":"🌐 Millennium request: GET /MILLENIUM!JOIN_ONEUP.LANCAMENTOS.CONSULTALANCAMENTOS?cnpj=50.649.490%2F0001-20&n_documento=113573%2FA","service":"btg-baixa-titulos-service","timestamp":"2026-05-26T12:59:28.040Z"}
{"lancamento":1434886187,"level":"info","message":"ℹ️ Título 113573/A já estava baixado. Processo ignorado.","service":"btg-baixa-titulos-service","situacao":"BAIXADO","timestamp":"2026-05-26T12:59:28.117Z"}
{"level":"info","message":"🔎 Processando título 113573/B","service":"btg-baixa-titulos-service","timestamp":"2026-05-26T12:59:28.126Z"}
{"level":"info","message":"🌐 Millennium request: GET /MILLENIUM!JOIN_ONEUP.LANCAMENTOS.CONSULTALANCAMENTOS?cnpj=50.649.490%2F0001-20&n_documento=113573%2FB","service":"btg-baixa-titulos-service","timestamp":"2026-05-26T12:59:28.126Z"}
{"lancamento":1434886188,"level":"info","message":"ℹ️ Título 113573/B já estava baixado. Processo ignorado.","service":"btg-baixa-titulos-service","situacao":"BAIXADO","timestamp":"2026-05-26T12:59:28.282Z"}
{"level":"info","message":"🔎 Processando título 113573/C","service":"btg-baixa-titulos-service","timestamp":"2026-05-26T12:59:28.291Z"}
{"level":"info","message":"🌐 Millennium request: GET /MILLENIUM!JOIN_ONEUP.LANCAMENTOS.CONSULTALANCAMENTOS?cnpj=50.649.490%2F0001-20&n_documento=113573%2FC","service":"btg-baixa-titulos-service","timestamp":"2026-05-26T12:59:28.291Z"}
{"lancamento":1434886189,"level":"info","message":"ℹ️ Título 113573/C já estava baixado. Processo ignorado.","service":"btg-baixa-titulos-service","situacao":"BAIXADO","timestamp":"2026-05-26T12:59:28.312Z"}
{"level":"info","message":"🔎 Processando título 113574/A","service":"btg-baixa-titulos-service","timestamp":"2026-05-26T12:59:28.318Z"}
{"level":"info","message":"🌐 Millennium request: GET /MILLENIUM!JOIN_ONEUP.LANCAMENTOS.CONSULTALANCAMENTOS?cnpj=50.649.490%2F0001-20&n_documento=113574%2FA","service":"btg-baixa-titulos-service","timestamp":"2026-05-26T12:59:28.318Z"}
{"lancamento":1434886190,"level":"info","message":"ℹ️ Título 113574/A já estava baixado. Processo ignorado.","service":"btg-baixa-titulos-service","situacao":"BAIXADO","timestamp":"2026-05-26T12:59:28.341Z"}
{"level":"info","message":"🔎 Processando título 113574/B","service":"btg-baixa-titulos-service","timestamp":"2026-05-26T12:59:28.346Z"}
{"level":"info","message":"🌐 Millennium request: GET /MILLENIUM!JOIN_ONEUP.LANCAMENTOS.CONSULTALANCAMENTOS?cnpj=50.649.490%2F0001-20&n_documento=113574%2FB","service":"btg-baixa-titulos-service","timestamp":"2026-05-26T12:59:28.346Z"}
{"lancamento":1434886191,"level":"info","message":"ℹ️ Título 113574/B já estava baixado. Processo ignorado.","service":"btg-baixa-titulos-service","situacao":"BAIXADO","timestamp":"2026-05-26T12:59:28.368Z"}
{"level":"info","message":"🔎 Processando título 113574/C","service":"btg-baixa-titulos-service","timestamp":"2026-05-26T12:59:28.372Z"}
{"level":"info","message":"🌐 Millennium request: GET /MILLENIUM!JOIN_ONEUP.LANCAMENTOS.CONSULTALANCAMENTOS?cnpj=50.649.490%2F0001-20&n_documento=113574%2FC","service":"btg-baixa-titulos-service","timestamp":"2026-05-26T12:59:28.372Z"}
{"lancamento":1434886192,"level":"info","message":"ℹ️ Título 113574/C já estava baixado. Processo ignorado.","service":"btg-baixa-titulos-service","situacao":"BAIXADO","timestamp":"2026-05-26T12:59:28.387Z"}
{"level":"info","message":"🔎 Processando título 113575/A","service":"btg-baixa-titulos-service","timestamp":"2026-05-26T12:59:28.391Z"}
{"level":"info","message":"🌐 Millennium request: GET /MILLENIUM!JOIN_ONEUP.LANCAMENTOS.CONSULTALANCAMENTOS?cnpj=50.649.490%2F0001-20&n_documento=113575%2FA","service":"btg-baixa-titulos-service","timestamp":"2026-05-26T12:59:28.391Z"}
{"lancamento":1434886194,"level":"info","message":"ℹ️ Título 113575/A já estava baixado. Processo ignorado.","service":"btg-baixa-titulos-service","situacao":"BAIXADO","timestamp":"2026-05-26T12:59:28.406Z"}
{"level":"info","message":"🔎 Processando título 113575/B","service":"btg-baixa-titulos-service","timestamp":"2026-05-26T12:59:28.410Z"}
{"level":"info","message":"🌐 Millennium request: GET /MILLENIUM!JOIN_ONEUP.LANCAMENTOS.CONSULTALANCAMENTOS?cnpj=50.649.490%2F0001-20&n_documento=113575%2FB","service":"btg-baixa-titulos-service","timestamp":"2026-05-26T12:59:28.410Z"}
{"lancamento":1434886195,"level":"info","message":"ℹ️ Título 113575/B já estava baixado. Processo ignorado.","service":"btg-baixa-titulos-service","situacao":"BAIXADO","timestamp":"2026-05-26T12:59:28.426Z"}
{"level":"info","message":"🔎 Processando título 113575/C","service":"btg-baixa-titulos-service","timestamp":"2026-05-26T12:59:28.431Z"}
{"level":"info","message":"🌐 Millennium request: GET /MILLENIUM!JOIN_ONEUP.LANCAMENTOS.CONSULTALANCAMENTOS?cnpj=50.649.490%2F0001-20&n_documento=113575%2FC","service":"btg-baixa-titulos-service","timestamp":"2026-05-26T12:59:28.431Z"}
{"lancamento":1434886196,"level":"info","message":"ℹ️ Título 113575/C já estava baixado. Processo ignorado.","service":"btg-baixa-titulos-service","situacao":"BAIXADO","timestamp":"2026-05-26T12:59:28.443Z"}
{"level":"info","message":"🔎 Processando título 113576/A","service":"btg-baixa-titulos-service","timestamp":"2026-05-26T12:59:28.447Z"}
{"level":"info","message":"🌐 Millennium request: GET /MILLENIUM!JOIN_ONEUP.LANCAMENTOS.CONSULTALANCAMENTOS?cnpj=50.649.490%2F0001-20&n_documento=113576%2FA","service":"btg-baixa-titulos-service","timestamp":"2026-05-26T12:59:28.447Z"}
{"lancamento":1434886198,"level":"info","message":"ℹ️ Título 113576/A já estava baixado. Processo ignorado.","service":"btg-baixa-titulos-service","situacao":"BAIXADO","timestamp":"2026-05-26T12:59:28.460Z"}
{"level":"info","message":"🔎 Processando título 113576/B","service":"btg-baixa-titulos-service","timestamp":"2026-05-26T12:59:28.466Z"}
{"level":"info","message":"🌐 Millennium request: GET /MILLENIUM!JOIN_ONEUP.LANCAMENTOS.CONSULTALANCAMENTOS?cnpj=50.649.490%2F0001-20&n_documento=113576%2FB","service":"btg-baixa-titulos-service","timestamp":"2026-05-26T12:59:28.466Z"}
{"lancamento":1434886199,"level":"info","message":"ℹ️ Título 113576/B já estava baixado. Processo ignorado.","service":"btg-baixa-titulos-service","situacao":"BAIXADO","timestamp":"2026-05-26T12:59:28.479Z"}
{"level":"info","message":"🔎 Processando título 113576/C","service":"btg-baixa-titulos-service","timestamp":"2026-05-26T12:59:28.483Z"}
{"level":"info","message":"🌐 Millennium request: GET /MILLENIUM!JOIN_ONEUP.LANCAMENTOS.CONSULTALANCAMENTOS?cnpj=50.649.490%2F0001-20&n_documento=113576%2FC","service":"btg-baixa-titulos-service","timestamp":"2026-05-26T12:59:28.483Z"}
{"lancamento":1434886200,"level":"info","message":"ℹ️ Título 113576/C já estava baixado. Processo ignorado.","service":"btg-baixa-titulos-service","situacao":"BAIXADO","timestamp":"2026-05-26T12:59:28.497Z"}
{"level":"info","message":"🔎 Processando título 113577/A","service":"btg-baixa-titulos-service","timestamp":"2026-05-26T12:59:28.501Z"}
{"level":"info","message":"🌐 Millennium request: GET /MILLENIUM!JOIN_ONEUP.LANCAMENTOS.CONSULTALANCAMENTOS?cnpj=50.649.490%2F0001-20&n_documento=113577%2FA","service":"btg-baixa-titulos-service","timestamp":"2026-05-26T12:59:28.501Z"}
{"lancamento":1434886204,"level":"info","message":"ℹ️ Título 113577/A já estava baixado. Processo ignorado.","service":"btg-baixa-titulos-service","situacao":"BAIXADO","timestamp":"2026-05-26T12:59:28.554Z"}
{"level":"info","message":"🔎 Processando título 113577/B","service":"btg-baixa-titulos-service","timestamp":"2026-05-26T12:59:28.561Z"}
{"level":"info","message":"🌐 Millennium request: GET /MILLENIUM!JOIN_ONEUP.LANCAMENTOS.CONSULTALANCAMENTOS?cnpj=50.649.490%2F0001-20&n_documento=113577%2FB","service":"btg-baixa-titulos-service","timestamp":"2026-05-26T12:59:28.561Z"}
{"lancamento":1434886205,"level":"info","message":"ℹ️ Título 113577/B já estava baixado. Processo ignorado.","service":"btg-baixa-titulos-service","situacao":"BAIXADO","timestamp":"2026-05-26T12:59:28.580Z"}
{"level":"info","message":"🔎 Processando título 113577/C","service":"btg-baixa-titulos-service","timestamp":"2026-05-26T12:59:28.586Z"}
{"level":"info","message":"🌐 Millennium request: GET /MILLENIUM!JOIN_ONEUP.LANCAMENTOS.CONSULTALANCAMENTOS?cnpj=50.649.490%2F0001-20&n_documento=113577%2FC","service":"btg-baixa-titulos-service","timestamp":"2026-05-26T12:59:28.586Z"}
{"lancamento":1434886206,"level":"info","message":"ℹ️ Título 113577/C já estava baixado. Processo ignorado.","service":"btg-baixa-titulos-service","situacao":"BAIXADO","timestamp":"2026-05-26T12:59:28.606Z"}
{"level":"info","message":"🔎 Processando título 113578/A","service":"btg-baixa-titulos-service","timestamp":"2026-05-26T12:59:28.611Z"}
{"level":"info","message":"🌐 Millennium request: GET /MILLENIUM!JOIN_ONEUP.LANCAMENTOS.CONSULTALANCAMENTOS?cnpj=50.649.490%2F0001-20&n_documento=113578%2FA","service":"btg-baixa-titulos-service","timestamp":"2026-05-26T12:59:28.611Z"}
{"lancamento":1434886210,"level":"info","message":"ℹ️ Título 113578/A já estava baixado. Processo ignorado.","service":"btg-baixa-titulos-service","situacao":"BAIXADO","timestamp":"2026-05-26T12:59:28.634Z"}
{"level":"info","message":"🔎 Processando título 113578/B","service":"btg-baixa-titulos-service","timestamp":"2026-05-26T12:59:28.639Z"}
{"level":"info","message":"🌐 Millennium request: GET /MILLENIUM!JOIN_ONEUP.LANCAMENTOS.CONSULTALANCAMENTOS?cnpj=50.649.490%2F0001-20&n_documento=113578%2FB","service":"btg-baixa-titulos-service","timestamp":"2026-05-26T12:59:28.640Z"}
{"lancamento":1434886211,"level":"info","message":"ℹ️ Título 113578/B já estava baixado. Processo ignorado.","service":"btg-baixa-titulos-service","situacao":"BAIXADO","timestamp":"2026-05-26T12:59:28.655Z"}
{"level":"info","message":"🔎 Processando título 113578/C","service":"btg-baixa-titulos-service","timestamp":"2026-05-26T12:59:28.659Z"}
{"level":"info","message":"🌐 Millennium request: GET /MILLENIUM!JOIN_ONEUP.LANCAMENTOS.CONSULTALANCAMENTOS?cnpj=50.649.490%2F0001-20&n_documento=113578%2FC","service":"btg-baixa-titulos-service","timestamp":"2026-05-26T12:59:28.659Z"}
{"lancamento":1434886212,"level":"info","message":"ℹ️ Título 113578/C já estava baixado. Processo ignorado.","service":"btg-baixa-titulos-service","situacao":"BAIXADO","timestamp":"2026-05-26T12:59:28.764Z"}
{"level":"info","message":"🔎 Processando título 113579/A","service":"btg-baixa-titulos-service","timestamp":"2026-05-26T12:59:28.774Z"}
{"level":"info","message":"🌐 Millennium request: GET /MILLENIUM!JOIN_ONEUP.LANCAMENTOS.CONSULTALANCAMENTOS?cnpj=50.649.490%2F0001-20&n_documento=113579%2FA","service":"btg-baixa-titulos-service","timestamp":"2026-05-26T12:59:28.774Z"}
{"lancamento":1434886226,"level":"info","message":"ℹ️ Título 113579/A já estava baixado. Processo ignorado.","service":"btg-baixa-titulos-service","situacao":"BAIXADO","timestamp":"2026-05-26T12:59:28.790Z"}
{"level":"info","message":"🔎 Processando título 113579/B","service":"btg-baixa-titulos-service","timestamp":"2026-05-26T12:59:28.797Z"}
{"level":"info","message":"🌐 Millennium request: GET /MILLENIUM!JOIN_ONEUP.LANCAMENTOS.CONSULTALANCAMENTOS?cnpj=50.649.490%2F0001-20&n_documento=113579%2FB","service":"btg-baixa-titulos-service","timestamp":"2026-05-26T12:59:28.797Z"}
{"lancamento":1434886227,"level":"info","message":"ℹ️ Título 113579/B já estava baixado. Processo ignorado.","service":"btg-baixa-titulos-service","situacao":"BAIXADO","timestamp":"2026-05-26T12:59:28.816Z"}
{"level":"info","message":"🔎 Processando título 113579/C","service":"btg-baixa-titulos-service","timestamp":"2026-05-26T12:59:28.820Z"}
{"level":"info","message":"🌐 Millennium request: GET /MILLENIUM!JOIN_ONEUP.LANCAMENTOS.CONSULTALANCAMENTOS?cnpj=50.649.490%2F0001-20&n_documento=113579%2FC","service":"btg-baixa-titulos-service","timestamp":"2026-05-26T12:59:28.820Z"}
{"lancamento":1434886228,"level":"info","message":"ℹ️ Título 113579/C já estava baixado. Processo ignorado.","service":"btg-baixa-titulos-service","situacao":"BAIXADO","timestamp":"2026-05-26T12:59:28.844Z"}
{"level":"info","message":"🔎 Processando título 113580/A","service":"btg-baixa-titulos-service","timestamp":"2026-05-26T12:59:28.850Z"}
{"level":"info","message":"🌐 Millennium request: GET /MILLENIUM!JOIN_ONEUP.LANCAMENTOS.CONSULTALANCAMENTOS?cnpj=50.649.490%2F0001-20&n_documento=113580%2FA","service":"btg-baixa-titulos-service","timestamp":"2026-05-26T12:59:28.850Z"}
{"lancamento":1434886234,"level":"info","message":"ℹ️ Título 113580/A já estava baixado. Processo ignorado.","service":"btg-baixa-titulos-service","situacao":"BAIXADO","timestamp":"2026-05-26T12:59:28.870Z"}
{"level":"info","message":"🔎 Processando título 113580/B","service":"btg-baixa-titulos-service","timestamp":"2026-05-26T12:59:28.876Z"}
{"level":"info","message":"🌐 Millennium request: GET /MILLENIUM!JOIN_ONEUP.LANCAMENTOS.CONSULTALANCAMENTOS?cnpj=50.649.490%2F0001-20&n_documento=113580%2FB","service":"btg-baixa-titulos-service","timestamp":"2026-05-26T12:59:28.876Z"}
{"lancamento":1434886235,"level":"info","message":"ℹ️ Título 113580/B já estava baixado. Processo ignorado.","service":"btg-baixa-titulos-service","situacao":"BAIXADO","timestamp":"2026-05-26T12:59:28.897Z"}
{"level":"info","message":"🔎 Processando título 113580/C","service":"btg-baixa-titulos-service","timestamp":"2026-05-26T12:59:28.901Z"}
{"level":"info","message":"🌐 Millennium request: GET /MILLENIUM!JOIN_ONEUP.LANCAMENTOS.CONSULTALANCAMENTOS?cnpj=50.649.490%2F0001-20&n_documento=113580%2FC","service":"btg-baixa-titulos-service","timestamp":"2026-05-26T12:59:28.901Z"}
{"lancamento":1434886236,"level":"info","message":"ℹ️ Título 113580/C já estava baixado. Processo ignorado.","service":"btg-baixa-titulos-service","situacao":"BAIXADO","timestamp":"2026-05-26T12:59:28.923Z"}
{"level":"info","message":"🔎 Processando título 113581/A","service":"btg-baixa-titulos-service","timestamp":"2026-05-26T12:59:28.928Z"}
{"level":"info","message":"🌐 Millennium request: GET /MILLENIUM!JOIN_ONEUP.LANCAMENTOS.CONSULTALANCAMENTOS?cnpj=50.649.490%2F0001-20&n_documento=113581%2FA","service":"btg-baixa-titulos-service","timestamp":"2026-05-26T12:59:28.928Z"}
{"lancamento":1434886238,"level":"info","message":"ℹ️ Título 113581/A já estava baixado. Processo ignorado.","service":"btg-baixa-titulos-service","situacao":"BAIXADO","timestamp":"2026-05-26T12:59:28.948Z"}
{"level":"info","message":"🔎 Processando título 113581/B","service":"btg-baixa-titulos-service","timestamp":"2026-05-26T12:59:28.953Z"}
{"level":"info","message":"🌐 Millennium request: GET /MILLENIUM!JOIN_ONEUP.LANCAMENTOS.CONSULTALANCAMENTOS?cnpj=50.649.490%2F0001-20&n_documento=113581%2FB","service":"btg-baixa-titulos-service","timestamp":"2026-05-26T12:59:28.953Z"}
{"lancamento":1434886239,"level":"info","message":"ℹ️ Título 113581/B já estava baixado. Processo ignorado.","service":"btg-baixa-titulos-service","situacao":"BAIXADO","timestamp":"2026-05-26T12:59:28.974Z"}
{"level":"info","message":"🔎 Processando título 113581/C","service":"btg-baixa-titulos-service","timestamp":"2026-05-26T12:59:28.978Z"}
{"level":"info","message":"🌐 Millennium request: GET /MILLENIUM!JOIN_ONEUP.LANCAMENTOS.CONSULTALANCAMENTOS?cnpj=50.649.490%2F0001-20&n_documento=113581%2FC","service":"btg-baixa-titulos-service","timestamp":"2026-05-26T12:59:28.978Z"}
{"lancamento":1434886240,"level":"info","message":"ℹ️ Título 113581/C já estava baixado. Processo ignorado.","service":"btg-baixa-titulos-service","situacao":"BAIXADO","timestamp":"2026-05-26T12:59:29.095Z"}
{"level":"info","message":"🔎 Processando título 111992","service":"btg-baixa-titulos-service","timestamp":"2026-05-26T12:59:29.104Z"}
{"level":"info","message":"🌐 Millennium request: GET /MILLENIUM!JOIN_ONEUP.LANCAMENTOS.CONSULTALANCAMENTOS?cnpj=01.009.793%2F0001-72&n_documento=111992","service":"btg-baixa-titulos-service","timestamp":"2026-05-26T12:59:29.104Z"}
{"lancamento":1434875843,"level":"info","message":"ℹ️ Título 111992 já estava baixado. Processo ignorado.","service":"btg-baixa-titulos-service","situacao":"BAIXADO","timestamp":"2026-05-26T12:59:29.124Z"}
{"level":"info","message":"🔎 Processando título 116065","service":"btg-baixa-titulos-service","timestamp":"2026-05-26T12:59:29.131Z"}
{"level":"info","message":"🌐 Millennium request: GET /MILLENIUM!JOIN_ONEUP.LANCAMENTOS.CONSULTALANCAMENTOS?cnpj=77.857.555%2F0009-36&n_documento=116065","service":"btg-baixa-titulos-service","timestamp":"2026-05-26T12:59:29.131Z"}
{"lancamento":1434897716,"level":"info","message":"ℹ️ Título 116065 já estava baixado. Processo ignorado.","service":"btg-baixa-titulos-service","situacao":"BAIXADO","timestamp":"2026-05-26T12:59:29.152Z"}
{"level":"info","message":"🔎 Processando título 79825/A","service":"btg-baixa-titulos-service","timestamp":"2026-05-26T12:59:29.157Z"}
{"level":"info","message":"🌐 Millennium request: GET /MILLENIUM!JOIN_ONEUP.LANCAMENTOS.CONSULTALANCAMENTOS?n_documento=79825%2FA&cpf=208.249.121-87","service":"btg-baixa-titulos-service","timestamp":"2026-05-26T12:59:29.158Z"}
{"lancamento":1434888953,"level":"info","message":"ℹ️ Título 79825/A já estava baixado. Processo ignorado.","service":"btg-baixa-titulos-service","situacao":"BAIXADO","timestamp":"2026-05-26T12:59:29.180Z"}
{"level":"info","message":"🔎 Processando título 79831/A","service":"btg-baixa-titulos-service","timestamp":"2026-05-26T12:59:29.185Z"}
{"level":"info","message":"🌐 Millennium request: GET /MILLENIUM!JOIN_ONEUP.LANCAMENTOS.CONSULTALANCAMENTOS?n_documento=79831%2FA&cpf=208.249.121-87","service":"btg-baixa-titulos-service","timestamp":"2026-05-26T12:59:29.185Z"}
{"lancamento":1434889032,"level":"info","message":"ℹ️ Título 79831/A já estava baixado. Processo ignorado.","service":"btg-baixa-titulos-service","situacao":"BAIXADO","timestamp":"2026-05-26T12:59:29.291Z"}
{"level":"info","message":"🔎 Processando título 79825/B","service":"btg-baixa-titulos-service","timestamp":"2026-05-26T12:59:29.295Z"}
{"level":"info","message":"🌐 Millennium request: GET /MILLENIUM!JOIN_ONEUP.LANCAMENTOS.CONSULTALANCAMENTOS?n_documento=79825%2FB&cpf=208.249.121-87","service":"btg-baixa-titulos-service","timestamp":"2026-05-26T12:59:29.295Z"}
{"lancamento":1434888954,"level":"info","message":"ℹ️ Título 79825/B já estava baixado. Processo ignorado.","service":"btg-baixa-titulos-service","situacao":"BAIXADO","timestamp":"2026-05-26T12:59:29.315Z"}
{"level":"info","message":"🔎 Processando título 79831/B","service":"btg-baixa-titulos-service","timestamp":"2026-05-26T12:59:29.320Z"}
{"level":"info","message":"🌐 Millennium request: GET /MILLENIUM!JOIN_ONEUP.LANCAMENTOS.CONSULTALANCAMENTOS?n_documento=79831%2FB&cpf=208.249.121-87","service":"btg-baixa-titulos-service","timestamp":"2026-05-26T12:59:29.321Z"}
{"lancamento":1434889035,"level":"info","message":"ℹ️ Título 79831/B já estava baixado. Processo ignorado.","service":"btg-baixa-titulos-service","situacao":"BAIXADO","timestamp":"2026-05-26T12:59:29.341Z"}
{"level":"info","message":"🔎 Processando título 114564/A","service":"btg-baixa-titulos-service","timestamp":"2026-05-26T12:59:29.344Z"}
{"level":"info","message":"🌐 Millennium request: GET /MILLENIUM!JOIN_ONEUP.LANCAMENTOS.CONSULTALANCAMENTOS?cnpj=21.067.137%2F0001-33&n_documento=114564%2FA","service":"btg-baixa-titulos-service","timestamp":"2026-05-26T12:59:29.344Z"}
{"lancamento":1434891151,"level":"info","message":"ℹ️ Título 114564/A já estava baixado. Processo ignorado.","service":"btg-baixa-titulos-service","situacao":"BAIXADO","timestamp":"2026-05-26T12:59:29.363Z"}
{"level":"info","message":"🔎 Processando título 116077/A","service":"btg-baixa-titulos-service","timestamp":"2026-05-26T12:59:29.368Z"}
{"level":"info","message":"🌐 Millennium request: GET /MILLENIUM!JOIN_ONEUP.LANCAMENTOS.CONSULTALANCAMENTOS?cnpj=57.408.548%2F0001-92&n_documento=116077%2FA","service":"btg-baixa-titulos-service","timestamp":"2026-05-26T12:59:29.368Z"}
{"lancamento":1434897774,"level":"info","message":"ℹ️ Título 116077/A já estava baixado. Processo ignorado.","service":"btg-baixa-titulos-service","situacao":"BAIXADO","timestamp":"2026-05-26T12:59:29.389Z"}
{"level":"info","message":"🔎 Processando título 114564/B","service":"btg-baixa-titulos-service","timestamp":"2026-05-26T12:59:29.393Z"}
{"level":"info","message":"🌐 Millennium request: GET /MILLENIUM!JOIN_ONEUP.LANCAMENTOS.CONSULTALANCAMENTOS?cnpj=21.067.137%2F0001-33&n_documento=114564%2FB","service":"btg-baixa-titulos-service","timestamp":"2026-05-26T12:59:29.393Z"}
{"lancamento":1434891152,"level":"info","message":"ℹ️ Título 114564/B já estava baixado. Processo ignorado.","service":"btg-baixa-titulos-service","situacao":"BAIXADO","timestamp":"2026-05-26T12:59:29.415Z"}
{"level":"info","message":"🔎 Processando título 116078/B","service":"btg-baixa-titulos-service","timestamp":"2026-05-26T12:59:29.419Z"}
{"level":"info","message":"🌐 Millennium request: GET /MILLENIUM!JOIN_ONEUP.LANCAMENTOS.CONSULTALANCAMENTOS?cnpj=01.934.454%2F0001-00&n_documento=116078%2FB","service":"btg-baixa-titulos-service","timestamp":"2026-05-26T12:59:29.419Z"}
{"lancamento":1434897838,"level":"info","message":"ℹ️ Título 116078/B já estava baixado. Processo ignorado.","service":"btg-baixa-titulos-service","situacao":"BAIXADO","timestamp":"2026-05-26T12:59:29.442Z"}
{"level":"info","message":"🔎 Processando título 79825/C","service":"btg-baixa-titulos-service","timestamp":"2026-05-26T12:59:29.447Z"}
{"level":"info","message":"🌐 Millennium request: GET /MILLENIUM!JOIN_ONEUP.LANCAMENTOS.CONSULTALANCAMENTOS?n_documento=79825%2FC&cpf=208.249.121-87","service":"btg-baixa-titulos-service","timestamp":"2026-05-26T12:59:29.447Z"}
{"lancamento":1434888955,"level":"info","message":"ℹ️ Título 79825/C já estava baixado. Processo ignorado.","service":"btg-baixa-titulos-service","situacao":"BAIXADO","timestamp":"2026-05-26T12:59:29.468Z"}
{"level":"info","message":"🔎 Processando título 114564/C","service":"btg-baixa-titulos-service","timestamp":"2026-05-26T12:59:29.472Z"}
{"level":"info","message":"🌐 Millennium request: GET /MILLENIUM!JOIN_ONEUP.LANCAMENTOS.CONSULTALANCAMENTOS?cnpj=21.067.137%2F0001-33&n_documento=114564%2FC","service":"btg-baixa-titulos-service","timestamp":"2026-05-26T12:59:29.473Z"}
{"lancamento":1434891153,"level":"info","message":"ℹ️ Título 114564/C já estava baixado. Processo ignorado.","service":"btg-baixa-titulos-service","situacao":"BAIXADO","timestamp":"2026-05-26T12:59:29.497Z"}
{"level":"info","message":"🔎 Processando título 114867/C","service":"btg-baixa-titulos-service","timestamp":"2026-05-26T12:59:29.502Z"}
{"level":"info","message":"🌐 Millennium request: GET /MILLENIUM!JOIN_ONEUP.LANCAMENTOS.CONSULTALANCAMENTOS?cnpj=44.999.259%2F0001-63&n_documento=114867%2FC","service":"btg-baixa-titulos-service","timestamp":"2026-05-26T12:59:29.502Z"}
{"lancamento":1434892198,"level":"info","message":"ℹ️ Título 114867/C já estava baixado. Processo ignorado.","service":"btg-baixa-titulos-service","situacao":"BAIXADO","timestamp":"2026-05-26T12:59:29.522Z"}
{"level":"info","message":"🔎 Processando título 115017/B","service":"btg-baixa-titulos-service","timestamp":"2026-05-26T12:59:29.528Z"}
{"level":"info","message":"🌐 Millennium request: GET /MILLENIUM!JOIN_ONEUP.LANCAMENTOS.CONSULTALANCAMENTOS?cnpj=47.485.403%2F0001-31&n_documento=115017%2FB","service":"btg-baixa-titulos-service","timestamp":"2026-05-26T12:59:29.528Z"}
{"lancamento":1434892787,"level":"info","message":"ℹ️ Título 115017/B já estava baixado. Processo ignorado.","service":"btg-baixa-titulos-service","situacao":"BAIXADO","timestamp":"2026-05-26T12:59:29.617Z"}
{"level":"info","message":"🔎 Processando título 115017/C","service":"btg-baixa-titulos-service","timestamp":"2026-05-26T12:59:29.626Z"}
{"level":"info","message":"🌐 Millennium request: GET /MILLENIUM!JOIN_ONEUP.LANCAMENTOS.CONSULTALANCAMENTOS?cnpj=47.485.403%2F0001-31&n_documento=115017%2FC","service":"btg-baixa-titulos-service","timestamp":"2026-05-26T12:59:29.627Z"}
{"lancamento":1434892788,"level":"info","message":"ℹ️ Título 115017/C já estava baixado. Processo ignorado.","service":"btg-baixa-titulos-service","situacao":"BAIXADO","timestamp":"2026-05-26T12:59:29.667Z"}
{"level":"info","message":"🔎 Processando título 115018/B","service":"btg-baixa-titulos-service","timestamp":"2026-05-26T12:59:29.676Z"}
{"level":"info","message":"🌐 Millennium request: GET /MILLENIUM!JOIN_ONEUP.LANCAMENTOS.CONSULTALANCAMENTOS?cnpj=47.485.403%2F0001-31&n_documento=115018%2FB","service":"btg-baixa-titulos-service","timestamp":"2026-05-26T12:59:29.676Z"}
{"lancamento":1434892790,"level":"info","message":"ℹ️ Título 115018/B já estava baixado. Processo ignorado.","service":"btg-baixa-titulos-service","situacao":"BAIXADO","timestamp":"2026-05-26T12:59:29.700Z"}
{"level":"info","message":"🔎 Processando título 115018/C","service":"btg-baixa-titulos-service","timestamp":"2026-05-26T12:59:29.707Z"}
{"level":"info","message":"🌐 Millennium request: GET /MILLENIUM!JOIN_ONEUP.LANCAMENTOS.CONSULTALANCAMENTOS?cnpj=47.485.403%2F0001-31&n_documento=115018%2FC","service":"btg-baixa-titulos-service","timestamp":"2026-05-26T12:59:29.707Z"}
{"lancamento":1434892791,"level":"info","message":"ℹ️ Título 115018/C já estava baixado. Processo ignorado.","service":"btg-baixa-titulos-service","situacao":"BAIXADO","timestamp":"2026-05-26T12:59:29.814Z"}
{"level":"info","message":"🔎 Processando título 115019/B","service":"btg-baixa-titulos-service","timestamp":"2026-05-26T12:59:29.822Z"}
{"level":"info","message":"🌐 Millennium request: GET /MILLENIUM!JOIN_ONEUP.LANCAMENTOS.CONSULTALANCAMENTOS?cnpj=47.485.403%2F0001-31&n_documento=115019%2FB","service":"btg-baixa-titulos-service","timestamp":"2026-05-26T12:59:29.823Z"}
{"lancamento":1434892793,"level":"info","message":"ℹ️ Título 115019/B já estava baixado. Processo ignorado.","service":"btg-baixa-titulos-service","situacao":"BAIXADO","timestamp":"2026-05-26T12:59:29.843Z"}
{"level":"info","message":"🔎 Processando título 115019/C","service":"btg-baixa-titulos-service","timestamp":"2026-05-26T12:59:29.849Z"}
{"level":"info","message":"🌐 Millennium request: GET /MILLENIUM!JOIN_ONEUP.LANCAMENTOS.CONSULTALANCAMENTOS?cnpj=47.485.403%2F0001-31&n_documento=115019%2FC","service":"btg-baixa-titulos-service","timestamp":"2026-05-26T12:59:29.849Z"}
{"lancamento":1434892794,"level":"info","message":"ℹ️ Título 115019/C já estava baixado. Processo ignorado.","service":"btg-baixa-titulos-service","situacao":"BAIXADO","timestamp":"2026-05-26T12:59:29.870Z"}
{"level":"info","message":"🔎 Processando título 115020/B","service":"btg-baixa-titulos-service","timestamp":"2026-05-26T12:59:29.874Z"}
{"level":"info","message":"🌐 Millennium request: GET /MILLENIUM!JOIN_ONEUP.LANCAMENTOS.CONSULTALANCAMENTOS?cnpj=47.485.403%2F0001-31&n_documento=115020%2FB","service":"btg-baixa-titulos-service","timestamp":"2026-05-26T12:59:29.874Z"}
{"lancamento":1434892798,"level":"info","message":"ℹ️ Título 115020/B já estava baixado. Processo ignorado.","service":"btg-baixa-titulos-service","situacao":"BAIXADO","timestamp":"2026-05-26T12:59:29.891Z"}
{"level":"info","message":"🔎 Processando título 115020/C","service":"btg-baixa-titulos-service","timestamp":"2026-05-26T12:59:29.896Z"}
{"level":"info","message":"🌐 Millennium request: GET /MILLENIUM!JOIN_ONEUP.LANCAMENTOS.CONSULTALANCAMENTOS?cnpj=47.485.403%2F0001-31&n_documento=115020%2FC","service":"btg-baixa-titulos-service","timestamp":"2026-05-26T12:59:29.896Z"}
{"lancamento":1434892799,"level":"info","message":"ℹ️ Título 115020/C já estava baixado. Processo ignorado.","service":"btg-baixa-titulos-service","situacao":"BAIXADO","timestamp":"2026-05-26T12:59:29.941Z"}
{"level":"info","message":"🔎 Processando título 115021/B","service":"btg-baixa-titulos-service","timestamp":"2026-05-26T12:59:29.949Z"}
{"level":"info","message":"🌐 Millennium request: GET /MILLENIUM!JOIN_ONEUP.LANCAMENTOS.CONSULTALANCAMENTOS?cnpj=47.485.403%2F0001-31&n_documento=115021%2FB","service":"btg-baixa-titulos-service","timestamp":"2026-05-26T12:59:29.949Z"}
{"lancamento":1434892801,"level":"info","message":"ℹ️ Título 115021/B já estava baixado. Processo ignorado.","service":"btg-baixa-titulos-service","situacao":"BAIXADO","timestamp":"2026-05-26T12:59:29.995Z"}
{"level":"info","message":"🔎 Processando título 115021/C","service":"btg-baixa-titulos-service","timestamp":"2026-05-26T12:59:30.005Z"}
{"level":"info","message":"🌐 Millennium request: GET /MILLENIUM!JOIN_ONEUP.LANCAMENTOS.CONSULTALANCAMENTOS?cnpj=47.485.403%2F0001-31&n_documento=115021%2FC","service":"btg-baixa-titulos-service","timestamp":"2026-05-26T12:59:30.005Z"}
{"lancamento":1434892802,"level":"info","message":"ℹ️ Título 115021/C já estava baixado. Processo ignorado.","service":"btg-baixa-titulos-service","situacao":"BAIXADO","timestamp":"2026-05-26T12:59:30.034Z"}
{"level":"info","message":"🔎 Processando título 116057/A","service":"btg-baixa-titulos-service","timestamp":"2026-05-26T12:59:30.042Z"}
{"level":"info","message":"🌐 Millennium request: GET /MILLENIUM!JOIN_ONEUP.LANCAMENTOS.CONSULTALANCAMENTOS?cnpj=73.652.158%2F0001-10&n_documento=116057%2FA","service":"btg-baixa-titulos-service","timestamp":"2026-05-26T12:59:30.042Z"}
{"lancamento":1434897653,"level":"info","message":"ℹ️ Título 116057/A já estava baixado. Processo ignorado.","service":"btg-baixa-titulos-service","situacao":"BAIXADO","timestamp":"2026-05-26T12:59:30.057Z"}
{"level":"info","message":"🔎 Processando título 115843/C","service":"btg-baixa-titulos-service","timestamp":"2026-05-26T12:59:30.063Z"}
{"level":"info","message":"🌐 Millennium request: GET /MILLENIUM!JOIN_ONEUP.LANCAMENTOS.CONSULTALANCAMENTOS?cnpj=50.649.490%2F0001-20&n_documento=115843%2FC","service":"btg-baixa-titulos-service","timestamp":"2026-05-26T12:59:30.064Z"}
{"lancamento":1434896967,"level":"info","message":"ℹ️ Título 115843/C já estava baixado. Processo ignorado.","service":"btg-baixa-titulos-service","situacao":"BAIXADO","timestamp":"2026-05-26T12:59:30.082Z"}
{"level":"info","message":"🔎 Processando título 115843/A","service":"btg-baixa-titulos-service","timestamp":"2026-05-26T12:59:30.088Z"}
{"level":"info","message":"🌐 Millennium request: GET /MILLENIUM!JOIN_ONEUP.LANCAMENTOS.CONSULTALANCAMENTOS?cnpj=50.649.490%2F0001-20&n_documento=115843%2FA","service":"btg-baixa-titulos-service","timestamp":"2026-05-26T12:59:30.088Z"}
{"lancamento":1434896965,"level":"info","message":"ℹ️ Título 115843/A já estava baixado. Processo ignorado.","service":"btg-baixa-titulos-service","situacao":"BAIXADO","timestamp":"2026-05-26T12:59:30.105Z"}
{"level":"info","message":"🔎 Processando título 115845/A","service":"btg-baixa-titulos-service","timestamp":"2026-05-26T12:59:30.110Z"}
{"level":"info","message":"🌐 Millennium request: GET /MILLENIUM!JOIN_ONEUP.LANCAMENTOS.CONSULTALANCAMENTOS?cnpj=50.649.490%2F0001-20&n_documento=115845%2FA","service":"btg-baixa-titulos-service","timestamp":"2026-05-26T12:59:30.110Z"}
{"lancamento":1434896968,"level":"info","message":"ℹ️ Título 115845/A já estava baixado. Processo ignorado.","service":"btg-baixa-titulos-service","situacao":"BAIXADO","timestamp":"2026-05-26T12:59:30.124Z"}
{"level":"info","message":"🔎 Processando título 115845/C","service":"btg-baixa-titulos-service","timestamp":"2026-05-26T12:59:30.129Z"}
{"level":"info","message":"🌐 Millennium request: GET /MILLENIUM!JOIN_ONEUP.LANCAMENTOS.CONSULTALANCAMENTOS?cnpj=50.649.490%2F0001-20&n_documento=115845%2FC","service":"btg-baixa-titulos-service","timestamp":"2026-05-26T12:59:30.129Z"}
{"lancamento":1434896970,"level":"info","message":"ℹ️ Título 115845/C já estava baixado. Processo ignorado.","service":"btg-baixa-titulos-service","situacao":"BAIXADO","timestamp":"2026-05-26T12:59:30.148Z"}
{"level":"info","message":"🔎 Processando título 115846/A","service":"btg-baixa-titulos-service","timestamp":"2026-05-26T12:59:30.152Z"}
{"level":"info","message":"🌐 Millennium request: GET /MILLENIUM!JOIN_ONEUP.LANCAMENTOS.CONSULTALANCAMENTOS?cnpj=50.649.490%2F0001-20&n_documento=115846%2FA","service":"btg-baixa-titulos-service","timestamp":"2026-05-26T12:59:30.152Z"}
{"lancamento":1434896972,"level":"info","message":"ℹ️ Título 115846/A já estava baixado. Processo ignorado.","service":"btg-baixa-titulos-service","situacao":"BAIXADO","timestamp":"2026-05-26T12:59:30.167Z"}
{"level":"info","message":"🔎 Processando título 115847/A","service":"btg-baixa-titulos-service","timestamp":"2026-05-26T12:59:30.171Z"}
{"level":"info","message":"🌐 Millennium request: GET /MILLENIUM!JOIN_ONEUP.LANCAMENTOS.CONSULTALANCAMENTOS?cnpj=50.649.490%2F0001-20&n_documento=115847%2FA","service":"btg-baixa-titulos-service","timestamp":"2026-05-26T12:59:30.171Z"}
{"lancamento":1434896976,"level":"info","message":"ℹ️ Título 115847/A já estava baixado. Processo ignorado.","service":"btg-baixa-titulos-service","situacao":"BAIXADO","timestamp":"2026-05-26T12:59:30.186Z"}
{"level":"info","message":"🔎 Processando título 115848/A","service":"btg-baixa-titulos-service","timestamp":"2026-05-26T12:59:30.192Z"}
{"level":"info","message":"🌐 Millennium request: GET /MILLENIUM!JOIN_ONEUP.LANCAMENTOS.CONSULTALANCAMENTOS?cnpj=50.649.490%2F0001-20&n_documento=115848%2FA","service":"btg-baixa-titulos-service","timestamp":"2026-05-26T12:59:30.192Z"}
{"lancamento":1434896980,"level":"info","message":"ℹ️ Título 115848/A já estava baixado. Processo ignorado.","service":"btg-baixa-titulos-service","situacao":"BAIXADO","timestamp":"2026-05-26T12:59:30.207Z"}
{"level":"info","message":"🔎 Processando título 115846/C","service":"btg-baixa-titulos-service","timestamp":"2026-05-26T12:59:30.210Z"}
{"level":"info","message":"🌐 Millennium request: GET /MILLENIUM!JOIN_ONEUP.LANCAMENTOS.CONSULTALANCAMENTOS?cnpj=50.649.490%2F0001-20&n_documento=115846%2FC","service":"btg-baixa-titulos-service","timestamp":"2026-05-26T12:59:30.210Z"}
{"lancamento":1434896974,"level":"info","message":"ℹ️ Título 115846/C já estava baixado. Processo ignorado.","service":"btg-baixa-titulos-service","situacao":"BAIXADO","timestamp":"2026-05-26T12:59:30.222Z"}
{"level":"info","message":"🔎 Processando título 115849/A","service":"btg-baixa-titulos-service","timestamp":"2026-05-26T12:59:30.224Z"}
{"level":"info","message":"🌐 Millennium request: GET /MILLENIUM!JOIN_ONEUP.LANCAMENTOS.CONSULTALANCAMENTOS?cnpj=50.649.490%2F0001-20&n_documento=115849%2FA","service":"btg-baixa-titulos-service","timestamp":"2026-05-26T12:59:30.224Z"}
{"lancamento":1434896984,"level":"info","message":"ℹ️ Título 115849/A já estava baixado. Processo ignorado.","service":"btg-baixa-titulos-service","situacao":"BAIXADO","timestamp":"2026-05-26T12:59:30.237Z"}
{"level":"info","message":"🔎 Processando título 115847/C","service":"btg-baixa-titulos-service","timestamp":"2026-05-26T12:59:30.239Z"}
{"level":"info","message":"🌐 Millennium request: GET /MILLENIUM!JOIN_ONEUP.LANCAMENTOS.CONSULTALANCAMENTOS?cnpj=50.649.490%2F0001-20&n_documento=115847%2FC","service":"btg-baixa-titulos-service","timestamp":"2026-05-26T12:59:30.239Z"}
{"lancamento":1434896978,"level":"info","message":"ℹ️ Título 115847/C já estava baixado. Processo ignorado.","service":"btg-baixa-titulos-service","situacao":"BAIXADO","timestamp":"2026-05-26T12:59:30.334Z"}
{"level":"info","message":"🔎 Processando título 116036/A","service":"btg-baixa-titulos-service","timestamp":"2026-05-26T12:59:30.338Z"}
{"level":"info","message":"🌐 Millennium request: GET /MILLENIUM!JOIN_ONEUP.LANCAMENTOS.CONSULTALANCAMENTOS?cnpj=50.649.490%2F0001-20&n_documento=116036%2FA","service":"btg-baixa-titulos-service","timestamp":"2026-05-26T12:59:30.338Z"}
{"lancamento":1434897514,"level":"info","message":"ℹ️ Título 116036/A já estava baixado. Processo ignorado.","service":"btg-baixa-titulos-service","situacao":"BAIXADO","timestamp":"2026-05-26T12:59:30.354Z"}
{"level":"info","message":"🔎 Processando título 115848/C","service":"btg-baixa-titulos-service","timestamp":"2026-05-26T12:59:30.358Z"}
{"level":"info","message":"🌐 Millennium request: GET /MILLENIUM!JOIN_ONEUP.LANCAMENTOS.CONSULTALANCAMENTOS?cnpj=50.649.490%2F0001-20&n_documento=115848%2FC","service":"btg-baixa-titulos-service","timestamp":"2026-05-26T12:59:30.358Z"}
{"lancamento":1434896982,"level":"info","message":"ℹ️ Título 115848/C já estava baixado. Processo ignorado.","service":"btg-baixa-titulos-service","situacao":"BAIXADO","timestamp":"2026-05-26T12:59:30.373Z"}
{"level":"info","message":"🔎 Processando título 115843/B","service":"btg-baixa-titulos-service","timestamp":"2026-05-26T12:59:30.376Z"}
{"level":"info","message":"🌐 Millennium request: GET /MILLENIUM!JOIN_ONEUP.LANCAMENTOS.CONSULTALANCAMENTOS?cnpj=50.649.490%2F0001-20&n_documento=115843%2FB","service":"btg-baixa-titulos-service","timestamp":"2026-05-26T12:59:30.376Z"}
{"lancamento":1434896966,"level":"info","message":"ℹ️ Título 115843/B já estava baixado. Processo ignorado.","service":"btg-baixa-titulos-service","situacao":"BAIXADO","timestamp":"2026-05-26T12:59:30.389Z"}
{"level":"info","message":"🔎 Processando título 115849/C","service":"btg-baixa-titulos-service","timestamp":"2026-05-26T12:59:30.393Z"}
{"level":"info","message":"🌐 Millennium request: GET /MILLENIUM!JOIN_ONEUP.LANCAMENTOS.CONSULTALANCAMENTOS?cnpj=50.649.490%2F0001-20&n_documento=115849%2FC","service":"btg-baixa-titulos-service","timestamp":"2026-05-26T12:59:30.393Z"}
{"lancamento":1434896986,"level":"info","message":"ℹ️ Título 115849/C já estava baixado. Processo ignorado.","service":"btg-baixa-titulos-service","situacao":"BAIXADO","timestamp":"2026-05-26T12:59:30.407Z"}
{"level":"info","message":"🔎 Processando título 115845/B","service":"btg-baixa-titulos-service","timestamp":"2026-05-26T12:59:30.411Z"}
{"level":"info","message":"🌐 Millennium request: GET /MILLENIUM!JOIN_ONEUP.LANCAMENTOS.CONSULTALANCAMENTOS?cnpj=50.649.490%2F0001-20&n_documento=115845%2FB","service":"btg-baixa-titulos-service","timestamp":"2026-05-26T12:59:30.411Z"}
{"lancamento":1434896969,"level":"info","message":"ℹ️ Título 115845/B já estava baixado. Processo ignorado.","service":"btg-baixa-titulos-service","situacao":"BAIXADO","timestamp":"2026-05-26T12:59:30.424Z"}
{"level":"info","message":"🔎 Processando título 116036/C","service":"btg-baixa-titulos-service","timestamp":"2026-05-26T12:59:30.428Z"}
{"level":"info","message":"🌐 Millennium request: GET /MILLENIUM!JOIN_ONEUP.LANCAMENTOS.CONSULTALANCAMENTOS?cnpj=50.649.490%2F0001-20&n_documento=116036%2FC","service":"btg-baixa-titulos-service","timestamp":"2026-05-26T12:59:30.428Z"}
{"lancamento":1434897516,"level":"info","message":"ℹ️ Título 116036/C já estava baixado. Processo ignorado.","service":"btg-baixa-titulos-service","situacao":"BAIXADO","timestamp":"2026-05-26T12:59:30.442Z"}
{"level":"info","message":"🔎 Processando título 115846/B","service":"btg-baixa-titulos-service","timestamp":"2026-05-26T12:59:30.446Z"}
{"level":"info","message":"🌐 Millennium request: GET /MILLENIUM!JOIN_ONEUP.LANCAMENTOS.CONSULTALANCAMENTOS?cnpj=50.649.490%2F0001-20&n_documento=115846%2FB","service":"btg-baixa-titulos-service","timestamp":"2026-05-26T12:59:30.446Z"}
{"lancamento":1434896973,"level":"info","message":"ℹ️ Título 115846/B já estava baixado. Processo ignorado.","service":"btg-baixa-titulos-service","situacao":"BAIXADO","timestamp":"2026-05-26T12:59:30.467Z"}
{"level":"info","message":"🔎 Processando título 116057/C","service":"btg-baixa-titulos-service","timestamp":"2026-05-26T12:59:30.472Z"}
{"level":"info","message":"🌐 Millennium request: GET /MILLENIUM!JOIN_ONEUP.LANCAMENTOS.CONSULTALANCAMENTOS?cnpj=73.652.158%2F0001-10&n_documento=116057%2FC","service":"btg-baixa-titulos-service","timestamp":"2026-05-26T12:59:30.472Z"}
{"lancamento":1434897655,"level":"info","message":"ℹ️ Título 116057/C já estava baixado. Processo ignorado.","service":"btg-baixa-titulos-service","situacao":"BAIXADO","timestamp":"2026-05-26T12:59:30.484Z"}
{"level":"info","message":"🔎 Processando título 115847/B","service":"btg-baixa-titulos-service","timestamp":"2026-05-26T12:59:30.488Z"}
{"level":"info","message":"🌐 Millennium request: GET /MILLENIUM!JOIN_ONEUP.LANCAMENTOS.CONSULTALANCAMENTOS?cnpj=50.649.490%2F0001-20&n_documento=115847%2FB","service":"btg-baixa-titulos-service","timestamp":"2026-05-26T12:59:30.488Z"}
{"lancamento":1434896977,"level":"info","message":"ℹ️ Título 115847/B já estava baixado. Processo ignorado.","service":"btg-baixa-titulos-service","situacao":"BAIXADO","timestamp":"2026-05-26T12:59:30.504Z"}
{"level":"info","message":"🔎 Processando título 116059/C","service":"btg-baixa-titulos-service","timestamp":"2026-05-26T12:59:30.509Z"}
{"level":"info","message":"🌐 Millennium request: GET /MILLENIUM!JOIN_ONEUP.LANCAMENTOS.CONSULTALANCAMENTOS?cnpj=00.768.271%2F0001-91&n_documento=116059%2FC","service":"btg-baixa-titulos-service","timestamp":"2026-05-26T12:59:30.509Z"}
{"lancamento":1434897662,"level":"info","message":"ℹ️ Título 116059/C já estava baixado. Processo ignorado.","service":"btg-baixa-titulos-service","situacao":"BAIXADO","timestamp":"2026-05-26T12:59:30.524Z"}
{"level":"info","message":"🔎 Processando título 114867/A","service":"btg-baixa-titulos-service","timestamp":"2026-05-26T12:59:30.528Z"}
{"level":"info","message":"🌐 Millennium request: GET /MILLENIUM!JOIN_ONEUP.LANCAMENTOS.CONSULTALANCAMENTOS?cnpj=44.999.259%2F0001-63&n_documento=114867%2FA","service":"btg-baixa-titulos-service","timestamp":"2026-05-26T12:59:30.528Z"}
{"lancamento":1434892196,"level":"info","message":"ℹ️ Título 114867/A já estava baixado. Processo ignorado.","service":"btg-baixa-titulos-service","situacao":"BAIXADO","timestamp":"2026-05-26T12:59:30.544Z"}
{"level":"info","message":"🔎 Processando título 116068/A","service":"btg-baixa-titulos-service","timestamp":"2026-05-26T12:59:30.549Z"}
{"level":"info","message":"🌐 Millennium request: GET /MILLENIUM!JOIN_ONEUP.LANCAMENTOS.CONSULTALANCAMENTOS?cnpj=44.999.259%2F0001-63&n_documento=116068%2FA","service":"btg-baixa-titulos-service","timestamp":"2026-05-26T12:59:30.549Z"}
{"lancamento":1434897730,"level":"info","message":"ℹ️ Título 116068/A já estava baixado. Processo ignorado.","service":"btg-baixa-titulos-service","situacao":"BAIXADO","timestamp":"2026-05-26T12:59:30.561Z"}
{"level":"info","message":"🔎 Processando título 114867/B","service":"btg-baixa-titulos-service","timestamp":"2026-05-26T12:59:30.566Z"}
{"level":"info","message":"🌐 Millennium request: GET /MILLENIUM!JOIN_ONEUP.LANCAMENTOS.CONSULTALANCAMENTOS?cnpj=44.999.259%2F0001-63&n_documento=114867%2FB","service":"btg-baixa-titulos-service","timestamp":"2026-05-26T12:59:30.566Z"}
{"lancamento":1434892197,"level":"info","message":"ℹ️ Título 114867/B já estava baixado. Processo ignorado.","service":"btg-baixa-titulos-service","situacao":"BAIXADO","timestamp":"2026-05-26T12:59:30.596Z"}
{"level":"info","message":"🔎 Processando título 116068/C","service":"btg-baixa-titulos-service","timestamp":"2026-05-26T12:59:30.603Z"}
{"level":"info","message":"🌐 Millennium request: GET /MILLENIUM!JOIN_ONEUP.LANCAMENTOS.CONSULTALANCAMENTOS?cnpj=44.999.259%2F0001-63&n_documento=116068%2FC","service":"btg-baixa-titulos-service","timestamp":"2026-05-26T12:59:30.603Z"}
{"lancamento":1434897732,"level":"info","message":"ℹ️ Título 116068/C já estava baixado. Processo ignorado.","service":"btg-baixa-titulos-service","situacao":"BAIXADO","timestamp":"2026-05-26T12:59:30.618Z"}
{"level":"info","message":"🔎 Processando título 116059/A","service":"btg-baixa-titulos-service","timestamp":"2026-05-26T12:59:30.623Z"}
{"level":"info","message":"🌐 Millennium request: GET /MILLENIUM!JOIN_ONEUP.LANCAMENTOS.CONSULTALANCAMENTOS?cnpj=00.768.271%2F0001-91&n_documento=116059%2FA","service":"btg-baixa-titulos-service","timestamp":"2026-05-26T12:59:30.623Z"}
{"lancamento":1434897660,"level":"info","message":"ℹ️ Título 116059/A já estava baixado. Processo ignorado.","service":"btg-baixa-titulos-service","situacao":"BAIXADO","timestamp":"2026-05-26T12:59:30.641Z"}
{"level":"info","message":"🔎 Processando título 116074/A","service":"btg-baixa-titulos-service","timestamp":"2026-05-26T12:59:30.646Z"}
{"level":"info","message":"🌐 Millennium request: GET /MILLENIUM!JOIN_ONEUP.LANCAMENTOS.CONSULTALANCAMENTOS?cnpj=59.205.187%2F0001-02&n_documento=116074%2FA","service":"btg-baixa-titulos-service","timestamp":"2026-05-26T12:59:30.646Z"}
{"lancamento":1434897762,"level":"info","message":"ℹ️ Título 116074/A já estava baixado. Processo ignorado.","service":"btg-baixa-titulos-service","situacao":"BAIXADO","timestamp":"2026-05-26T12:59:30.658Z"}
{"level":"info","message":"🔎 Processando título 116069/C","service":"btg-baixa-titulos-service","timestamp":"2026-05-26T12:59:30.662Z"}
{"level":"info","message":"🌐 Millennium request: GET /MILLENIUM!JOIN_ONEUP.LANCAMENTOS.CONSULTALANCAMENTOS?cnpj=03.294.992%2F0001-03&n_documento=116069%2FC","service":"btg-baixa-titulos-service","timestamp":"2026-05-26T12:59:30.663Z"}
{"lancamento":1434897737,"level":"info","message":"ℹ️ Título 116069/C já estava baixado. Processo ignorado.","service":"btg-baixa-titulos-service","situacao":"BAIXADO","timestamp":"2026-05-26T12:59:30.676Z"}
{"level":"info","message":"🔎 Processando título 116078/A","service":"btg-baixa-titulos-service","timestamp":"2026-05-26T12:59:30.682Z"}
{"level":"info","message":"🌐 Millennium request: GET /MILLENIUM!JOIN_ONEUP.LANCAMENTOS.CONSULTALANCAMENTOS?cnpj=01.934.454%2F0001-00&n_documento=116078%2FA","service":"btg-baixa-titulos-service","timestamp":"2026-05-26T12:59:30.682Z"}
{"lancamento":1434897837,"level":"info","message":"ℹ️ Título 116078/A já estava baixado. Processo ignorado.","service":"btg-baixa-titulos-service","situacao":"BAIXADO","timestamp":"2026-05-26T12:59:30.693Z"}
{"level":"info","message":"🔎 Processando título 116070/C","service":"btg-baixa-titulos-service","timestamp":"2026-05-26T12:59:30.697Z"}
{"level":"info","message":"🌐 Millennium request: GET /MILLENIUM!JOIN_ONEUP.LANCAMENTOS.CONSULTALANCAMENTOS?cnpj=03.247.651%2F0001-79&n_documento=116070%2FC","service":"btg-baixa-titulos-service","timestamp":"2026-05-26T12:59:30.697Z"}
{"lancamento":1434897742,"level":"info","message":"ℹ️ Título 116070/C já estava baixado. Processo ignorado.","service":"btg-baixa-titulos-service","situacao":"BAIXADO","timestamp":"2026-05-26T12:59:30.709Z"}
{"level":"info","message":"🔎 Processando título 116069/A","service":"btg-baixa-titulos-service","timestamp":"2026-05-26T12:59:30.713Z"}
{"level":"info","message":"🌐 Millennium request: GET /MILLENIUM!JOIN_ONEUP.LANCAMENTOS.CONSULTALANCAMENTOS?cnpj=03.294.992%2F0001-03&n_documento=116069%2FA","service":"btg-baixa-titulos-service","timestamp":"2026-05-26T12:59:30.713Z"}
{"lancamento":1434897735,"level":"info","message":"ℹ️ Título 116069/A já estava baixado. Processo ignorado.","service":"btg-baixa-titulos-service","situacao":"BAIXADO","timestamp":"2026-05-26T12:59:30.727Z"}
{"level":"info","message":"🔎 Processando título 116071/C","service":"btg-baixa-titulos-service","timestamp":"2026-05-26T12:59:30.731Z"}
{"level":"info","message":"🌐 Millennium request: GET /MILLENIUM!JOIN_ONEUP.LANCAMENTOS.CONSULTALANCAMENTOS?cnpj=06.181.589%2F0001-58&n_documento=116071%2FC","service":"btg-baixa-titulos-service","timestamp":"2026-05-26T12:59:30.731Z"}
{"lancamento":1434897749,"level":"info","message":"ℹ️ Título 116071/C já estava baixado. Processo ignorado.","service":"btg-baixa-titulos-service","situacao":"BAIXADO","timestamp":"2026-05-26T12:59:30.742Z"}
{"level":"info","message":"🔎 Processando título 116070/A","service":"btg-baixa-titulos-service","timestamp":"2026-05-26T12:59:30.746Z"}
{"level":"info","message":"🌐 Millennium request: GET /MILLENIUM!JOIN_ONEUP.LANCAMENTOS.CONSULTALANCAMENTOS?cnpj=03.247.651%2F0001-79&n_documento=116070%2FA","service":"btg-baixa-titulos-service","timestamp":"2026-05-26T12:59:30.746Z"}
{"lancamento":1434897740,"level":"info","message":"ℹ️ Título 116070/A já estava baixado. Processo ignorado.","service":"btg-baixa-titulos-service","situacao":"BAIXADO","timestamp":"2026-05-26T12:59:30.761Z"}
{"level":"info","message":"🔎 Processando título 116071/A","service":"btg-baixa-titulos-service","timestamp":"2026-05-26T12:59:30.765Z"}
{"level":"info","message":"🌐 Millennium request: GET /MILLENIUM!JOIN_ONEUP.LANCAMENTOS.CONSULTALANCAMENTOS?cnpj=06.181.589%2F0001-58&n_documento=116071%2FA","service":"btg-baixa-titulos-service","timestamp":"2026-05-26T12:59:30.765Z"}
{"lancamento":1434897747,"level":"info","message":"ℹ️ Título 116071/A já estava baixado. Processo ignorado.","service":"btg-baixa-titulos-service","situacao":"BAIXADO","timestamp":"2026-05-26T12:59:30.861Z"}
{"level":"info","message":"🔎 Processando título 115848/B","service":"btg-baixa-titulos-service","timestamp":"2026-05-26T12:59:30.868Z"}
{"level":"info","message":"🌐 Millennium request: GET /MILLENIUM!JOIN_ONEUP.LANCAMENTOS.CONSULTALANCAMENTOS?cnpj=50.649.490%2F0001-20&n_documento=115848%2FB","service":"btg-baixa-titulos-service","timestamp":"2026-05-26T12:59:30.868Z"}
{"lancamento":1434896981,"level":"info","message":"ℹ️ Título 115848/B já estava baixado. Processo ignorado.","service":"btg-baixa-titulos-service","situacao":"BAIXADO","timestamp":"2026-05-26T12:59:30.885Z"}
{"level":"info","message":"🔎 Processando título 116074/C","service":"btg-baixa-titulos-service","timestamp":"2026-05-26T12:59:30.891Z"}
{"level":"info","message":"🌐 Millennium request: GET /MILLENIUM!JOIN_ONEUP.LANCAMENTOS.CONSULTALANCAMENTOS?cnpj=59.205.187%2F0001-02&n_documento=116074%2FC","service":"btg-baixa-titulos-service","timestamp":"2026-05-26T12:59:30.891Z"}
{"lancamento":1434897764,"level":"info","message":"ℹ️ Título 116074/C já estava baixado. Processo ignorado.","service":"btg-baixa-titulos-service","situacao":"BAIXADO","timestamp":"2026-05-26T12:59:30.906Z"}
{"level":"info","message":"🔎 Processando título 115849/B","service":"btg-baixa-titulos-service","timestamp":"2026-05-26T12:59:30.912Z"}
{"level":"info","message":"🌐 Millennium request: GET /MILLENIUM!JOIN_ONEUP.LANCAMENTOS.CONSULTALANCAMENTOS?cnpj=50.649.490%2F0001-20&n_documento=115849%2FB","service":"btg-baixa-titulos-service","timestamp":"2026-05-26T12:59:30.912Z"}
{"lancamento":1434896985,"level":"info","message":"ℹ️ Título 115849/B já estava baixado. Processo ignorado.","service":"btg-baixa-titulos-service","situacao":"BAIXADO","timestamp":"2026-05-26T12:59:30.928Z"}
{"level":"info","message":"🔎 Processando título 116077/B","service":"btg-baixa-titulos-service","timestamp":"2026-05-26T12:59:30.933Z"}
{"level":"info","message":"🌐 Millennium request: GET /MILLENIUM!JOIN_ONEUP.LANCAMENTOS.CONSULTALANCAMENTOS?cnpj=57.408.548%2F0001-92&n_documento=116077%2FB","service":"btg-baixa-titulos-service","timestamp":"2026-05-26T12:59:30.933Z"}
{"lancamento":1434897775,"level":"info","message":"ℹ️ Título 116077/B já estava baixado. Processo ignorado.","service":"btg-baixa-titulos-service","situacao":"BAIXADO","timestamp":"2026-05-26T12:59:30.946Z"}
{"level":"info","message":"🔎 Processando título 116036/B","service":"btg-baixa-titulos-service","timestamp":"2026-05-26T12:59:30.950Z"}
{"level":"info","message":"🌐 Millennium request: GET /MILLENIUM!JOIN_ONEUP.LANCAMENTOS.CONSULTALANCAMENTOS?cnpj=50.649.490%2F0001-20&n_documento=116036%2FB","service":"btg-baixa-titulos-service","timestamp":"2026-05-26T12:59:30.951Z"}
{"lancamento":1434897515,"level":"info","message":"ℹ️ Título 116036/B já estava baixado. Processo ignorado.","service":"btg-baixa-titulos-service","situacao":"BAIXADO","timestamp":"2026-05-26T12:59:30.966Z"}
{"level":"info","message":"🔎 Processando título 116078/C","service":"btg-baixa-titulos-service","timestamp":"2026-05-26T12:59:30.970Z"}
{"level":"info","message":"🌐 Millennium request: GET /MILLENIUM!JOIN_ONEUP.LANCAMENTOS.CONSULTALANCAMENTOS?cnpj=01.934.454%2F0001-00&n_documento=116078%2FC","service":"btg-baixa-titulos-service","timestamp":"2026-05-26T12:59:30.970Z"}
{"lancamento":1434897839,"level":"info","message":"ℹ️ Título 116078/C já estava baixado. Processo ignorado.","service":"btg-baixa-titulos-service","situacao":"BAIXADO","timestamp":"2026-05-26T12:59:30.985Z"}
{"level":"info","message":"🔎 Processando título 116057/B","service":"btg-baixa-titulos-service","timestamp":"2026-05-26T12:59:30.989Z"}
{"level":"info","message":"🌐 Millennium request: GET /MILLENIUM!JOIN_ONEUP.LANCAMENTOS.CONSULTALANCAMENTOS?cnpj=73.652.158%2F0001-10&n_documento=116057%2FB","service":"btg-baixa-titulos-service","timestamp":"2026-05-26T12:59:30.989Z"}
{"lancamento":1434897654,"level":"info","message":"ℹ️ Título 116057/B já estava baixado. Processo ignorado.","service":"btg-baixa-titulos-service","situacao":"BAIXADO","timestamp":"2026-05-26T12:59:31.009Z"}
{"level":"info","message":"🔎 Processando título 116059/B","service":"btg-baixa-titulos-service","timestamp":"2026-05-26T12:59:31.013Z"}
{"level":"info","message":"🌐 Millennium request: GET /MILLENIUM!JOIN_ONEUP.LANCAMENTOS.CONSULTALANCAMENTOS?cnpj=00.768.271%2F0001-91&n_documento=116059%2FB","service":"btg-baixa-titulos-service","timestamp":"2026-05-26T12:59:31.013Z"}
{"lancamento":1434897661,"level":"info","message":"ℹ️ Título 116059/B já estava baixado. Processo ignorado.","service":"btg-baixa-titulos-service","situacao":"BAIXADO","timestamp":"2026-05-26T12:59:31.041Z"}
{"level":"info","message":"🔎 Processando título 114867/D","service":"btg-baixa-titulos-service","timestamp":"2026-05-26T12:59:31.046Z"}
{"level":"info","message":"🌐 Millennium request: GET /MILLENIUM!JOIN_ONEUP.LANCAMENTOS.CONSULTALANCAMENTOS?cnpj=44.999.259%2F0001-63&n_documento=114867%2FD","service":"btg-baixa-titulos-service","timestamp":"2026-05-26T12:59:31.046Z"}
{"lancamento":1434892199,"level":"info","message":"ℹ️ Título 114867/D já estava baixado. Processo ignorado.","service":"btg-baixa-titulos-service","situacao":"BAIXADO","timestamp":"2026-05-26T12:59:31.063Z"}
{"level":"info","message":"🔎 Processando título 116068/B","service":"btg-baixa-titulos-service","timestamp":"2026-05-26T12:59:31.067Z"}
{"level":"info","message":"🌐 Millennium request: GET /MILLENIUM!JOIN_ONEUP.LANCAMENTOS.CONSULTALANCAMENTOS?cnpj=44.999.259%2F0001-63&n_documento=116068%2FB","service":"btg-baixa-titulos-service","timestamp":"2026-05-26T12:59:31.067Z"}
{"lancamento":1434897731,"level":"info","message":"ℹ️ Título 116068/B já estava baixado. Processo ignorado.","service":"btg-baixa-titulos-service","situacao":"BAIXADO","timestamp":"2026-05-26T12:59:31.096Z"}
{"level":"info","message":"🔎 Processando título 116069/B","service":"btg-baixa-titulos-service","timestamp":"2026-05-26T12:59:31.099Z"}
{"level":"info","message":"🌐 Millennium request: GET /MILLENIUM!JOIN_ONEUP.LANCAMENTOS.CONSULTALANCAMENTOS?cnpj=03.294.992%2F0001-03&n_documento=116069%2FB","service":"btg-baixa-titulos-service","timestamp":"2026-05-26T12:59:31.099Z"}
{"lancamento":1434897736,"level":"info","message":"ℹ️ Título 116069/B já estava baixado. Processo ignorado.","service":"btg-baixa-titulos-service","situacao":"BAIXADO","timestamp":"2026-05-26T12:59:31.122Z"}
{"level":"info","message":"🔎 Processando título 116059/D","service":"btg-baixa-titulos-service","timestamp":"2026-05-26T12:59:31.126Z"}
{"level":"info","message":"🌐 Millennium request: GET /MILLENIUM!JOIN_ONEUP.LANCAMENTOS.CONSULTALANCAMENTOS?cnpj=00.768.271%2F0001-91&n_documento=116059%2FD","service":"btg-baixa-titulos-service","timestamp":"2026-05-26T12:59:31.126Z"}
{"lancamento":1434897663,"level":"info","message":"📝 Atualizando título 116059/D","payload":{"lancamento":1434897663,"linhaDigitavel":"20890050091695892632782031005802114610000376400","nossoNumero":"42517869589263282","valorJuros":0},"service":"btg-baixa-titulos-service","timestamp":"2026-05-26T12:59:31.148Z"}
{"level":"info","message":"🌐 Millennium request: POST /MILLENIUM!JOIN_ONEUP.LANCAMENTOS.INSEREINFO","service":"btg-baixa-titulos-service","timestamp":"2026-05-26T12:59:31.149Z"}
{"lancamento":1434897663,"level":"info","message":"✅ Título atualizado com sucesso","numeroDocumento":"116059/D","service":"btg-baixa-titulos-service","timestamp":"2026-05-26T12:59:31.166Z","transId":340565593}
{"lancamento":1434897663,"level":"info","message":"💰 Iniciando baixa do título 116059/D","payload":{"CONCILIADO":true,"CONTA":1431333549,"DATA_PAGAMENTO":"2026-05-25","EFETUADO":true,"FILIAL":5,"GERA_OUTRO":false,"LANCAMENTO":1434897663,"OBS":"2026-05-26T12:59:31.166Z - Baixa por retorno automacao importacao excel","STATUS_BAIXA":"N","VALOR":3764,"acres_decres":0,"valor_pago":3764},"service":"btg-baixa-titulos-service","timestamp":"2026-05-26T12:59:31.166Z"}
{"dataPagamento":"2026-05-25","level":"info","message":"📅 Payload da baixa","service":"btg-baixa-titulos-service","timestamp":"2026-05-26T12:59:31.166Z"}
{"level":"info","message":"🌐 Millennium request: POST /millenium/titulos/baixa","service":"btg-baixa-titulos-service","timestamp":"2026-05-26T12:59:31.167Z"}
{"baixa":1435955768,"level":"info","message":"✅ Título baixado com sucesso","numeroDocumento":"116059/D","service":"btg-baixa-titulos-service","timestamp":"2026-05-26T12:59:31.270Z","valor":3764}
{"level":"info","message":"✅ Fluxo concluído para 116059/D","service":"btg-baixa-titulos-service","timestamp":"2026-05-26T12:59:31.270Z"}
{"level":"info","message":"🔎 Processando título 116070/B","service":"btg-baixa-titulos-service","timestamp":"2026-05-26T12:59:31.277Z"}
{"level":"info","message":"🌐 Millennium request: GET /MILLENIUM!JOIN_ONEUP.LANCAMENTOS.CONSULTALANCAMENTOS?cnpj=03.247.651%2F0001-79&n_documento=116070%2FB","service":"btg-baixa-titulos-service","timestamp":"2026-05-26T12:59:31.277Z"}
{"lancamento":1434897741,"level":"info","message":"ℹ️ Título 116070/B já estava baixado. Processo ignorado.","service":"btg-baixa-titulos-service","situacao":"BAIXADO","timestamp":"2026-05-26T12:59:31.386Z"}
{"level":"info","message":"🔎 Processando título 116071/B","service":"btg-baixa-titulos-service","timestamp":"2026-05-26T12:59:31.396Z"}
{"level":"info","message":"🌐 Millennium request: GET /MILLENIUM!JOIN_ONEUP.LANCAMENTOS.CONSULTALANCAMENTOS?cnpj=06.181.589%2F0001-58&n_documento=116071%2FB","service":"btg-baixa-titulos-service","timestamp":"2026-05-26T12:59:31.396Z"}
{"lancamento":1434897748,"level":"info","message":"ℹ️ Título 116071/B já estava baixado. Processo ignorado.","service":"btg-baixa-titulos-service","situacao":"BAIXADO","timestamp":"2026-05-26T12:59:31.412Z"}
{"level":"info","message":"🔎 Processando título 116072/B","service":"btg-baixa-titulos-service","timestamp":"2026-05-26T12:59:31.417Z"}
{"level":"info","message":"🌐 Millennium request: GET /MILLENIUM!JOIN_ONEUP.LANCAMENTOS.CONSULTALANCAMENTOS?cnpj=21.067.137%2F0001-33&n_documento=116072%2FB","service":"btg-baixa-titulos-service","timestamp":"2026-05-26T12:59:31.417Z"}
{"lancamento":1434897756,"level":"info","message":"ℹ️ Título 116072/B já estava baixado. Processo ignorado.","service":"btg-baixa-titulos-service","situacao":"BAIXADO","timestamp":"2026-05-26T12:59:31.433Z"}
{"level":"info","message":"🔎 Processando título 116074/B","service":"btg-baixa-titulos-service","timestamp":"2026-05-26T12:59:31.439Z"}
{"level":"info","message":"🌐 Millennium request: GET /MILLENIUM!JOIN_ONEUP.LANCAMENTOS.CONSULTALANCAMENTOS?cnpj=59.205.187%2F0001-02&n_documento=116074%2FB","service":"btg-baixa-titulos-service","timestamp":"2026-05-26T12:59:31.439Z"}
{"lancamento":1434897763,"level":"info","message":"ℹ️ Título 116074/B já estava baixado. Processo ignorado.","service":"btg-baixa-titulos-service","situacao":"BAIXADO","timestamp":"2026-05-26T12:59:31.455Z"}
{"level":"info","message":"🔎 Processando título 116055","service":"btg-baixa-titulos-service","timestamp":"2026-05-26T12:59:31.458Z"}
{"level":"info","message":"🌐 Millennium request: GET /MILLENIUM!JOIN_ONEUP.LANCAMENTOS.CONSULTALANCAMENTOS?cnpj=01.009.793%2F0001-72&n_documento=116055","service":"btg-baixa-titulos-service","timestamp":"2026-05-26T12:59:31.458Z"}
{"lancamento":1434897633,"level":"info","message":"ℹ️ Título 116055 já estava baixado. Processo ignorado.","service":"btg-baixa-titulos-service","situacao":"BAIXADO","timestamp":"2026-05-26T12:59:31.473Z"}
{"level":"info","message":"🔎 Processando título 116058","service":"btg-baixa-titulos-service","timestamp":"2026-05-26T12:59:31.476Z"}
{"level":"info","message":"🌐 Millennium request: GET /MILLENIUM!JOIN_ONEUP.LANCAMENTOS.CONSULTALANCAMENTOS?cnpj=02.355.679%2F0001-67&n_documento=116058","service":"btg-baixa-titulos-service","timestamp":"2026-05-26T12:59:31.476Z"}
{"lancamento":1434897658,"level":"info","message":"ℹ️ Título 116058 já estava baixado. Processo ignorado.","service":"btg-baixa-titulos-service","situacao":"BAIXADO","timestamp":"2026-05-26T12:59:31.491Z"}
{"level":"info","message":"🔎 Processando título 116617/A","service":"btg-baixa-titulos-service","timestamp":"2026-05-26T12:59:31.494Z"}
{"level":"info","message":"🌐 Millennium request: GET /MILLENIUM!JOIN_ONEUP.LANCAMENTOS.CONSULTALANCAMENTOS?cnpj=44.999.259%2F0001-63&n_documento=116617%2FA","service":"btg-baixa-titulos-service","timestamp":"2026-05-26T12:59:31.494Z"}
{"lancamento":1434899997,"level":"info","message":"ℹ️ Título 116617/A já estava baixado. Processo ignorado.","service":"btg-baixa-titulos-service","situacao":"BAIXADO","timestamp":"2026-05-26T12:59:31.538Z"}
{"level":"info","message":"🔎 Processando título 116617/B","service":"btg-baixa-titulos-service","timestamp":"2026-05-26T12:59:31.541Z"}
{"level":"info","message":"🌐 Millennium request: GET /MILLENIUM!JOIN_ONEUP.LANCAMENTOS.CONSULTALANCAMENTOS?cnpj=44.999.259%2F0001-63&n_documento=116617%2FB","service":"btg-baixa-titulos-service","timestamp":"2026-05-26T12:59:31.542Z"}
{"lancamento":1434899998,"level":"info","message":"ℹ️ Título 116617/B já estava baixado. Processo ignorado.","service":"btg-baixa-titulos-service","situacao":"BAIXADO","timestamp":"2026-05-26T12:59:31.558Z"}
{"level":"info","message":"🔎 Processando título 116617/C","service":"btg-baixa-titulos-service","timestamp":"2026-05-26T12:59:31.562Z"}
{"level":"info","message":"🌐 Millennium request: GET /MILLENIUM!JOIN_ONEUP.LANCAMENTOS.CONSULTALANCAMENTOS?cnpj=44.999.259%2F0001-63&n_documento=116617%2FC","service":"btg-baixa-titulos-service","timestamp":"2026-05-26T12:59:31.563Z"}
{"lancamento":1434899999,"level":"info","message":"ℹ️ Título 116617/C já estava baixado. Processo ignorado.","service":"btg-baixa-titulos-service","situacao":"BAIXADO","timestamp":"2026-05-26T12:59:31.584Z"}
{"level":"info","message":"🔎 Processando título 116864/A","service":"btg-baixa-titulos-service","timestamp":"2026-05-26T12:59:31.588Z"}
{"level":"info","message":"🌐 Millennium request: GET /MILLENIUM!JOIN_ONEUP.LANCAMENTOS.CONSULTALANCAMENTOS?cnpj=57.408.548%2F0001-92&n_documento=116864%2FA","service":"btg-baixa-titulos-service","timestamp":"2026-05-26T12:59:31.588Z"}
{"lancamento":1434901257,"level":"info","message":"ℹ️ Título 116864/A já estava baixado. Processo ignorado.","service":"btg-baixa-titulos-service","situacao":"BAIXADO","timestamp":"2026-05-26T12:59:31.603Z"}
{"level":"info","message":"🔎 Processando título 116864/B","service":"btg-baixa-titulos-service","timestamp":"2026-05-26T12:59:31.607Z"}
{"level":"info","message":"🌐 Millennium request: GET /MILLENIUM!JOIN_ONEUP.LANCAMENTOS.CONSULTALANCAMENTOS?cnpj=57.408.548%2F0001-92&n_documento=116864%2FB","service":"btg-baixa-titulos-service","timestamp":"2026-05-26T12:59:31.607Z"}
{"lancamento":1434901258,"level":"info","message":"ℹ️ Título 116864/B já estava baixado. Processo ignorado.","service":"btg-baixa-titulos-service","situacao":"BAIXADO","timestamp":"2026-05-26T12:59:31.620Z"}
{"level":"info","message":"🔎 Processando título 116729/A","service":"btg-baixa-titulos-service","timestamp":"2026-05-26T12:59:31.624Z"}
{"level":"info","message":"🌐 Millennium request: GET /MILLENIUM!JOIN_ONEUP.LANCAMENTOS.CONSULTALANCAMENTOS?cnpj=03.294.992%2F0001-03&n_documento=116729%2FA","service":"btg-baixa-titulos-service","timestamp":"2026-05-26T12:59:31.624Z"}
{"lancamento":1434900395,"level":"info","message":"ℹ️ Título 116729/A já estava baixado. Processo ignorado.","service":"btg-baixa-titulos-service","situacao":"BAIXADO","timestamp":"2026-05-26T12:59:31.637Z"}
{"level":"info","message":"🔎 Processando título 116729/B","service":"btg-baixa-titulos-service","timestamp":"2026-05-26T12:59:31.641Z"}
{"level":"info","message":"🌐 Millennium request: GET /MILLENIUM!JOIN_ONEUP.LANCAMENTOS.CONSULTALANCAMENTOS?cnpj=03.294.992%2F0001-03&n_documento=116729%2FB","service":"btg-baixa-titulos-service","timestamp":"2026-05-26T12:59:31.641Z"}
{"lancamento":1434900396,"level":"info","message":"ℹ️ Título 116729/B já estava baixado. Processo ignorado.","service":"btg-baixa-titulos-service","situacao":"BAIXADO","timestamp":"2026-05-26T12:59:31.659Z"}
{"level":"info","message":"🔎 Processando título 116729/C","service":"btg-baixa-titulos-service","timestamp":"2026-05-26T12:59:31.663Z"}
{"level":"info","message":"🌐 Millennium request: GET /MILLENIUM!JOIN_ONEUP.LANCAMENTOS.CONSULTALANCAMENTOS?cnpj=03.294.992%2F0001-03&n_documento=116729%2FC","service":"btg-baixa-titulos-service","timestamp":"2026-05-26T12:59:31.663Z"}
{"lancamento":1434900397,"level":"info","message":"ℹ️ Título 116729/C já estava baixado. Processo ignorado.","service":"btg-baixa-titulos-service","situacao":"BAIXADO","timestamp":"2026-05-26T12:59:31.677Z"}
{"level":"info","message":"🔎 Processando título 118020","service":"btg-baixa-titulos-service","timestamp":"2026-05-26T12:59:31.682Z"}
{"level":"info","message":"🌐 Millennium request: GET /MILLENIUM!JOIN_ONEUP.LANCAMENTOS.CONSULTALANCAMENTOS?cnpj=02.355.679%2F0001-67&n_documento=118020","service":"btg-baixa-titulos-service","timestamp":"2026-05-26T12:59:31.682Z"}
{"lancamento":1434907451,"level":"info","message":"ℹ️ Título 118020 já estava baixado. Processo ignorado.","service":"btg-baixa-titulos-service","situacao":"BAIXADO","timestamp":"2026-05-26T12:59:31.697Z"}
{"level":"info","message":"🔎 Processando título 118022","service":"btg-baixa-titulos-service","timestamp":"2026-05-26T12:59:31.701Z"}
{"level":"info","message":"🌐 Millennium request: GET /MILLENIUM!JOIN_ONEUP.LANCAMENTOS.CONSULTALANCAMENTOS?cnpj=01.009.793%2F0001-72&n_documento=118022","service":"btg-baixa-titulos-service","timestamp":"2026-05-26T12:59:31.701Z"}
{"lancamento":1434907460,"level":"info","message":"ℹ️ Título 118022 já estava baixado. Processo ignorado.","service":"btg-baixa-titulos-service","situacao":"BAIXADO","timestamp":"2026-05-26T12:59:31.715Z"}
{"level":"info","message":"🔎 Processando título 117810","service":"btg-baixa-titulos-service","timestamp":"2026-05-26T12:59:31.719Z"}
{"level":"info","message":"🌐 Millennium request: GET /MILLENIUM!JOIN_ONEUP.LANCAMENTOS.CONSULTALANCAMENTOS?cnpj=77.857.555%2F0009-36&n_documento=117810","service":"btg-baixa-titulos-service","timestamp":"2026-05-26T12:59:31.719Z"}
{"lancamento":1434906758,"level":"info","message":"ℹ️ Título 117810 já estava baixado. Processo ignorado.","service":"btg-baixa-titulos-service","situacao":"BAIXADO","timestamp":"2026-05-26T12:59:31.736Z"}
{"level":"info","message":"🔎 Processando título 117913","service":"btg-baixa-titulos-service","timestamp":"2026-05-26T12:59:31.740Z"}
{"level":"info","message":"🌐 Millennium request: GET /MILLENIUM!JOIN_ONEUP.LANCAMENTOS.CONSULTALANCAMENTOS?cnpj=77.857.555%2F0009-36&n_documento=117913","service":"btg-baixa-titulos-service","timestamp":"2026-05-26T12:59:31.740Z"}
{"lancamento":1434907081,"level":"info","message":"ℹ️ Título 117913 já estava baixado. Processo ignorado.","service":"btg-baixa-titulos-service","situacao":"BAIXADO","timestamp":"2026-05-26T12:59:31.753Z"}
{"level":"info","message":"🔎 Processando título 117763/A","service":"btg-baixa-titulos-service","timestamp":"2026-05-26T12:59:31.757Z"}
{"level":"info","message":"🌐 Millennium request: GET /MILLENIUM!JOIN_ONEUP.LANCAMENTOS.CONSULTALANCAMENTOS?cnpj=73.652.158%2F0001-10&n_documento=117763%2FA","service":"btg-baixa-titulos-service","timestamp":"2026-05-26T12:59:31.757Z"}
{"lancamento":1434906203,"level":"info","message":"ℹ️ Título 117763/A já estava baixado. Processo ignorado.","service":"btg-baixa-titulos-service","situacao":"BAIXADO","timestamp":"2026-05-26T12:59:31.773Z"}
{"level":"info","message":"🔎 Processando título 117909/A","service":"btg-baixa-titulos-service","timestamp":"2026-05-26T12:59:31.777Z"}
{"level":"info","message":"🌐 Millennium request: GET /MILLENIUM!JOIN_ONEUP.LANCAMENTOS.CONSULTALANCAMENTOS?cnpj=73.652.158%2F0001-10&n_documento=117909%2FA","service":"btg-baixa-titulos-service","timestamp":"2026-05-26T12:59:31.777Z"}
{"lancamento":1434907061,"level":"info","message":"ℹ️ Título 117909/A já estava baixado. Processo ignorado.","service":"btg-baixa-titulos-service","situacao":"BAIXADO","timestamp":"2026-05-26T12:59:31.793Z"}
{"level":"info","message":"🔎 Processando título 117763/B","service":"btg-baixa-titulos-service","timestamp":"2026-05-26T12:59:31.802Z"}
{"level":"info","message":"🌐 Millennium request: GET /MILLENIUM!JOIN_ONEUP.LANCAMENTOS.CONSULTALANCAMENTOS?cnpj=73.652.158%2F0001-10&n_documento=117763%2FB","service":"btg-baixa-titulos-service","timestamp":"2026-05-26T12:59:31.802Z"}
{"lancamento":1434906204,"level":"info","message":"ℹ️ Título 117763/B já estava baixado. Processo ignorado.","service":"btg-baixa-titulos-service","situacao":"BAIXADO","timestamp":"2026-05-26T12:59:31.817Z"}
{"level":"info","message":"🔎 Processando título 117909/B","service":"btg-baixa-titulos-service","timestamp":"2026-05-26T12:59:31.820Z"}
{"level":"info","message":"🌐 Millennium request: GET /MILLENIUM!JOIN_ONEUP.LANCAMENTOS.CONSULTALANCAMENTOS?cnpj=73.652.158%2F0001-10&n_documento=117909%2FB","service":"btg-baixa-titulos-service","timestamp":"2026-05-26T12:59:31.820Z"}
{"lancamento":1434907062,"level":"info","message":"ℹ️ Título 117909/B já estava baixado. Processo ignorado.","service":"btg-baixa-titulos-service","situacao":"BAIXADO","timestamp":"2026-05-26T12:59:31.919Z"}
{"level":"info","message":"🔎 Processando título 118023/A","service":"btg-baixa-titulos-service","timestamp":"2026-05-26T12:59:31.924Z"}
{"level":"info","message":"🌐 Millennium request: GET /MILLENIUM!JOIN_ONEUP.LANCAMENTOS.CONSULTALANCAMENTOS?cnpj=50.649.490%2F0001-20&n_documento=118023%2FA","service":"btg-baixa-titulos-service","timestamp":"2026-05-26T12:59:31.924Z"}
{"lancamento":1434907456,"level":"info","message":"ℹ️ Título 118023/A já estava baixado. Processo ignorado.","service":"btg-baixa-titulos-service","situacao":"BAIXADO","timestamp":"2026-05-26T12:59:31.943Z"}
{"level":"info","message":"🔎 Processando título 117241/A","service":"btg-baixa-titulos-service","timestamp":"2026-05-26T12:59:31.948Z"}
{"level":"info","message":"🌐 Millennium request: GET /MILLENIUM!JOIN_ONEUP.LANCAMENTOS.CONSULTALANCAMENTOS?cnpj=03.294.992%2F0001-03&n_documento=117241%2FA","service":"btg-baixa-titulos-service","timestamp":"2026-05-26T12:59:31.948Z"}
{"lancamento":1434902858,"level":"info","message":"ℹ️ Título 117241/A já estava baixado. Processo ignorado.","service":"btg-baixa-titulos-service","situacao":"BAIXADO","timestamp":"2026-05-26T12:59:31.985Z"}
{"level":"info","message":"🔎 Processando título 117845/A","service":"btg-baixa-titulos-service","timestamp":"2026-05-26T12:59:31.992Z"}
{"level":"info","message":"🌐 Millennium request: GET /MILLENIUM!JOIN_ONEUP.LANCAMENTOS.CONSULTALANCAMENTOS?cnpj=03.294.992%2F0001-03&n_documento=117845%2FA","service":"btg-baixa-titulos-service","timestamp":"2026-05-26T12:59:31.992Z"}
{"lancamento":1434906818,"level":"info","message":"ℹ️ Título 117845/A já estava baixado. Processo ignorado.","service":"btg-baixa-titulos-service","situacao":"BAIXADO","timestamp":"2026-05-26T12:59:32.007Z"}
{"level":"info","message":"🔎 Processando título 117915/A","service":"btg-baixa-titulos-service","timestamp":"2026-05-26T12:59:32.011Z"}
{"level":"info","message":"🌐 Millennium request: GET /MILLENIUM!JOIN_ONEUP.LANCAMENTOS.CONSULTALANCAMENTOS?cnpj=03.294.992%2F0001-03&n_documento=117915%2FA","service":"btg-baixa-titulos-service","timestamp":"2026-05-26T12:59:32.012Z"}
{"lancamento":1434907088,"level":"info","message":"ℹ️ Título 117915/A já estava baixado. Processo ignorado.","service":"btg-baixa-titulos-service","situacao":"BAIXADO","timestamp":"2026-05-26T12:59:32.025Z"}
{"level":"info","message":"🔎 Processando título 118044/A","service":"btg-baixa-titulos-service","timestamp":"2026-05-26T12:59:32.030Z"}
{"level":"info","message":"🌐 Millennium request: GET /MILLENIUM!JOIN_ONEUP.LANCAMENTOS.CONSULTALANCAMENTOS?cnpj=03.294.992%2F0001-03&n_documento=118044%2FA","service":"btg-baixa-titulos-service","timestamp":"2026-05-26T12:59:32.030Z"}
{"lancamento":1434907499,"level":"info","message":"ℹ️ Título 118044/A já estava baixado. Processo ignorado.","service":"btg-baixa-titulos-service","situacao":"BAIXADO","timestamp":"2026-05-26T12:59:32.056Z"}
{"level":"info","message":"🔎 Processando título 117241/B","service":"btg-baixa-titulos-service","timestamp":"2026-05-26T12:59:32.061Z"}
{"level":"info","message":"🌐 Millennium request: GET /MILLENIUM!JOIN_ONEUP.LANCAMENTOS.CONSULTALANCAMENTOS?cnpj=03.294.992%2F0001-03&n_documento=117241%2FB","service":"btg-baixa-titulos-service","timestamp":"2026-05-26T12:59:32.061Z"}
{"lancamento":1434902859,"level":"info","message":"ℹ️ Título 117241/B já estava baixado. Processo ignorado.","service":"btg-baixa-titulos-service","situacao":"BAIXADO","timestamp":"2026-05-26T12:59:32.083Z"}
{"level":"info","message":"🔎 Processando título 117845/B","service":"btg-baixa-titulos-service","timestamp":"2026-05-26T12:59:32.088Z"}
{"level":"info","message":"🌐 Millennium request: GET /MILLENIUM!JOIN_ONEUP.LANCAMENTOS.CONSULTALANCAMENTOS?cnpj=03.294.992%2F0001-03&n_documento=117845%2FB","service":"btg-baixa-titulos-service","timestamp":"2026-05-26T12:59:32.088Z"}
{"lancamento":1434906819,"level":"info","message":"ℹ️ Título 117845/B já estava baixado. Processo ignorado.","service":"btg-baixa-titulos-service","situacao":"BAIXADO","timestamp":"2026-05-26T12:59:32.114Z"}
{"level":"info","message":"🔎 Processando título 117893/A","service":"btg-baixa-titulos-service","timestamp":"2026-05-26T12:59:32.119Z"}
{"level":"info","message":"🌐 Millennium request: GET /MILLENIUM!JOIN_ONEUP.LANCAMENTOS.CONSULTALANCAMENTOS?cnpj=44.999.259%2F0001-63&n_documento=117893%2FA","service":"btg-baixa-titulos-service","timestamp":"2026-05-26T12:59:32.119Z"}
{"lancamento":1434906876,"level":"info","message":"ℹ️ Título 117893/A já estava baixado. Processo ignorado.","service":"btg-baixa-titulos-service","situacao":"BAIXADO","timestamp":"2026-05-26T12:59:32.137Z"}
{"level":"info","message":"🔎 Processando título 117914/A","service":"btg-baixa-titulos-service","timestamp":"2026-05-26T12:59:32.143Z"}
{"level":"info","message":"🌐 Millennium request: GET /MILLENIUM!JOIN_ONEUP.LANCAMENTOS.CONSULTALANCAMENTOS?cnpj=44.999.259%2F0001-63&n_documento=117914%2FA","service":"btg-baixa-titulos-service","timestamp":"2026-05-26T12:59:32.143Z"}
{"lancamento":1434907083,"level":"info","message":"ℹ️ Título 117914/A já estava baixado. Processo ignorado.","service":"btg-baixa-titulos-service","situacao":"BAIXADO","timestamp":"2026-05-26T12:59:32.160Z"}
{"level":"info","message":"🔎 Processando título 117893/B","service":"btg-baixa-titulos-service","timestamp":"2026-05-26T12:59:32.166Z"}
{"level":"info","message":"🌐 Millennium request: GET /MILLENIUM!JOIN_ONEUP.LANCAMENTOS.CONSULTALANCAMENTOS?cnpj=44.999.259%2F0001-63&n_documento=117893%2FB","service":"btg-baixa-titulos-service","timestamp":"2026-05-26T12:59:32.166Z"}
{"lancamento":1434906877,"level":"info","message":"ℹ️ Título 117893/B já estava baixado. Processo ignorado.","service":"btg-baixa-titulos-service","situacao":"BAIXADO","timestamp":"2026-05-26T12:59:32.183Z"}
{"level":"info","message":"🔎 Processando título 117766/A","service":"btg-baixa-titulos-service","timestamp":"2026-05-26T12:59:32.187Z"}
{"level":"info","message":"🌐 Millennium request: GET /MILLENIUM!JOIN_ONEUP.LANCAMENTOS.CONSULTALANCAMENTOS?cnpj=57.408.548%2F0001-92&n_documento=117766%2FA","service":"btg-baixa-titulos-service","timestamp":"2026-05-26T12:59:32.187Z"}
{"lancamento":1434906313,"level":"info","message":"ℹ️ Título 117766/A já estava baixado. Processo ignorado.","service":"btg-baixa-titulos-service","situacao":"BAIXADO","timestamp":"2026-05-26T12:59:32.204Z"}
{"level":"info","message":"🔎 Processando título 117911/A","service":"btg-baixa-titulos-service","timestamp":"2026-05-26T12:59:32.209Z"}
{"level":"info","message":"🌐 Millennium request: GET /MILLENIUM!JOIN_ONEUP.LANCAMENTOS.CONSULTALANCAMENTOS?cnpj=57.408.548%2F0001-92&n_documento=117911%2FA","service":"btg-baixa-titulos-service","timestamp":"2026-05-26T12:59:32.209Z"}
{"lancamento":1434907071,"level":"info","message":"ℹ️ Título 117911/A já estava baixado. Processo ignorado.","service":"btg-baixa-titulos-service","situacao":"BAIXADO","timestamp":"2026-05-26T12:59:32.231Z"}
{"level":"info","message":"🔎 Processando título 117914/B","service":"btg-baixa-titulos-service","timestamp":"2026-05-26T12:59:32.237Z"}
{"level":"info","message":"🌐 Millennium request: GET /MILLENIUM!JOIN_ONEUP.LANCAMENTOS.CONSULTALANCAMENTOS?cnpj=44.999.259%2F0001-63&n_documento=117914%2FB","service":"btg-baixa-titulos-service","timestamp":"2026-05-26T12:59:32.237Z"}
{"lancamento":1434907084,"level":"info","message":"ℹ️ Título 117914/B já estava baixado. Processo ignorado.","service":"btg-baixa-titulos-service","situacao":"BAIXADO","timestamp":"2026-05-26T12:59:32.255Z"}
{"level":"info","message":"🔎 Processando título 117915/B","service":"btg-baixa-titulos-service","timestamp":"2026-05-26T12:59:32.263Z"}
{"level":"info","message":"🌐 Millennium request: GET /MILLENIUM!JOIN_ONEUP.LANCAMENTOS.CONSULTALANCAMENTOS?cnpj=03.294.992%2F0001-03&n_documento=117915%2FB","service":"btg-baixa-titulos-service","timestamp":"2026-05-26T12:59:32.263Z"}
{"lancamento":1434907089,"level":"info","message":"ℹ️ Título 117915/B já estava baixado. Processo ignorado.","service":"btg-baixa-titulos-service","situacao":"BAIXADO","timestamp":"2026-05-26T12:59:32.278Z"}
{"level":"info","message":"🔎 Processando título 118023/B","service":"btg-baixa-titulos-service","timestamp":"2026-05-26T12:59:32.281Z"}
{"level":"info","message":"🌐 Millennium request: GET /MILLENIUM!JOIN_ONEUP.LANCAMENTOS.CONSULTALANCAMENTOS?cnpj=50.649.490%2F0001-20&n_documento=118023%2FB","service":"btg-baixa-titulos-service","timestamp":"2026-05-26T12:59:32.281Z"}
{"lancamento":1434907457,"level":"info","message":"ℹ️ Título 118023/B já estava baixado. Processo ignorado.","service":"btg-baixa-titulos-service","situacao":"BAIXADO","timestamp":"2026-05-26T12:59:32.294Z"}
{"level":"info","message":"🔎 Processando título 118044/B","service":"btg-baixa-titulos-service","timestamp":"2026-05-26T12:59:32.297Z"}
{"level":"info","message":"🌐 Millennium request: GET /MILLENIUM!JOIN_ONEUP.LANCAMENTOS.CONSULTALANCAMENTOS?cnpj=03.294.992%2F0001-03&n_documento=118044%2FB","service":"btg-baixa-titulos-service","timestamp":"2026-05-26T12:59:32.297Z"}
{"lancamento":1434907500,"level":"info","message":"ℹ️ Título 118044/B já estava baixado. Processo ignorado.","service":"btg-baixa-titulos-service","situacao":"BAIXADO","timestamp":"2026-05-26T12:59:32.314Z"}
{"level":"info","message":"🔎 Processando título 117241/C","service":"btg-baixa-titulos-service","timestamp":"2026-05-26T12:59:32.319Z"}
{"level":"info","message":"🌐 Millennium request: GET /MILLENIUM!JOIN_ONEUP.LANCAMENTOS.CONSULTALANCAMENTOS?cnpj=03.294.992%2F0001-03&n_documento=117241%2FC","service":"btg-baixa-titulos-service","timestamp":"2026-05-26T12:59:32.319Z"}
{"lancamento":1434902860,"level":"info","message":"ℹ️ Título 117241/C já estava baixado. Processo ignorado.","service":"btg-baixa-titulos-service","situacao":"BAIXADO","timestamp":"2026-05-26T12:59:32.333Z"}
{"level":"info","message":"🔎 Processando título 117766/B","service":"btg-baixa-titulos-service","timestamp":"2026-05-26T12:59:32.337Z"}
{"level":"info","message":"🌐 Millennium request: GET /MILLENIUM!JOIN_ONEUP.LANCAMENTOS.CONSULTALANCAMENTOS?cnpj=57.408.548%2F0001-92&n_documento=117766%2FB","service":"btg-baixa-titulos-service","timestamp":"2026-05-26T12:59:32.337Z"}
{"lancamento":1434906314,"level":"info","message":"📝 Atualizando título 117766/B","payload":{"lancamento":1434906314,"linhaDigitavel":"20890050091534190324134031005803114560003302400","nossoNumero":"51449053419032434","valorJuros":0},"service":"btg-baixa-titulos-service","timestamp":"2026-05-26T12:59:32.433Z"}
{"level":"info","message":"🌐 Millennium request: POST /MILLENIUM!JOIN_ONEUP.LANCAMENTOS.INSEREINFO","service":"btg-baixa-titulos-service","timestamp":"2026-05-26T12:59:32.433Z"}
{"lancamento":1434906314,"level":"info","message":"✅ Título atualizado com sucesso","numeroDocumento":"117766/B","service":"btg-baixa-titulos-service","timestamp":"2026-05-26T12:59:32.451Z","transId":340565595}
{"lancamento":1434906314,"level":"info","message":"💰 Iniciando baixa do título 117766/B","payload":{"CONCILIADO":true,"CONTA":1431333549,"DATA_PAGAMENTO":"2026-05-25","EFETUADO":true,"FILIAL":5,"GERA_OUTRO":false,"LANCAMENTO":1434906314,"OBS":"2026-05-26T12:59:32.453Z - Baixa por retorno automacao importacao excel","STATUS_BAIXA":"N","VALOR":33024,"acres_decres":0,"valor_pago":33024},"service":"btg-baixa-titulos-service","timestamp":"2026-05-26T12:59:32.453Z"}
{"dataPagamento":"2026-05-25","level":"info","message":"📅 Payload da baixa","service":"btg-baixa-titulos-service","timestamp":"2026-05-26T12:59:32.453Z"}
{"level":"info","message":"🌐 Millennium request: POST /millenium/titulos/baixa","service":"btg-baixa-titulos-service","timestamp":"2026-05-26T12:59:32.453Z"}
{"baixa":1435955769,"level":"info","message":"✅ Título baixado com sucesso","numeroDocumento":"117766/B","service":"btg-baixa-titulos-service","timestamp":"2026-05-26T12:59:32.532Z","valor":33024}
{"level":"info","message":"✅ Fluxo concluído para 117766/B","service":"btg-baixa-titulos-service","timestamp":"2026-05-26T12:59:32.532Z"}
{"level":"info","message":"🔎 Processando título 117763/C","service":"btg-baixa-titulos-service","timestamp":"2026-05-26T12:59:32.540Z"}
{"level":"info","message":"🌐 Millennium request: GET /MILLENIUM!JOIN_ONEUP.LANCAMENTOS.CONSULTALANCAMENTOS?cnpj=73.652.158%2F0001-10&n_documento=117763%2FC","service":"btg-baixa-titulos-service","timestamp":"2026-05-26T12:59:32.540Z"}
{"lancamento":1434906205,"level":"info","message":"📝 Atualizando título 117763/C","payload":{"lancamento":1434906205,"linhaDigitavel":"20890050091536090329600031005804814570000911808","nossoNumero":"68062053609032900","valorJuros":0},"service":"btg-baixa-titulos-service","timestamp":"2026-05-26T12:59:32.557Z"}
{"level":"info","message":"🌐 Millennium request: POST /MILLENIUM!JOIN_ONEUP.LANCAMENTOS.INSEREINFO","service":"btg-baixa-titulos-service","timestamp":"2026-05-26T12:59:32.557Z"}
{"lancamento":1434906205,"level":"info","message":"✅ Título atualizado com sucesso","numeroDocumento":"117763/C","service":"btg-baixa-titulos-service","timestamp":"2026-05-26T12:59:32.574Z","transId":340565597}
{"lancamento":1434906205,"level":"info","message":"💰 Iniciando baixa do título 117763/C","payload":{"CONCILIADO":true,"CONTA":1431333549,"DATA_PAGAMENTO":"2026-05-25","EFETUADO":true,"FILIAL":5,"GERA_OUTRO":false,"LANCAMENTO":1434906205,"OBS":"2026-05-26T12:59:32.574Z - Baixa por retorno automacao importacao excel","STATUS_BAIXA":"N","VALOR":9118.08,"acres_decres":0,"valor_pago":9118.08},"service":"btg-baixa-titulos-service","timestamp":"2026-05-26T12:59:32.574Z"}
{"dataPagamento":"2026-05-25","level":"info","message":"📅 Payload da baixa","service":"btg-baixa-titulos-service","timestamp":"2026-05-26T12:59:32.574Z"}
{"level":"info","message":"🌐 Millennium request: POST /millenium/titulos/baixa","service":"btg-baixa-titulos-service","timestamp":"2026-05-26T12:59:32.574Z"}
{"baixa":1435955770,"level":"info","message":"✅ Título baixado com sucesso","numeroDocumento":"117763/C","service":"btg-baixa-titulos-service","timestamp":"2026-05-26T12:59:32.648Z","valor":9118.08}
{"level":"info","message":"✅ Fluxo concluído para 117763/C","service":"btg-baixa-titulos-service","timestamp":"2026-05-26T12:59:32.648Z"}
{"level":"info","message":"🔎 Processando título 117893/C","service":"btg-baixa-titulos-service","timestamp":"2026-05-26T12:59:32.656Z"}
{"level":"info","message":"🌐 Millennium request: GET /MILLENIUM!JOIN_ONEUP.LANCAMENTOS.CONSULTALANCAMENTOS?cnpj=44.999.259%2F0001-63&n_documento=117893%2FC","service":"btg-baixa-titulos-service","timestamp":"2026-05-26T12:59:32.656Z"}
{"lancamento":1434906878,"level":"info","message":"📝 Atualizando título 117893/C","payload":{"lancamento":1434906878,"linhaDigitavel":"20890050091512890338004031005806114570001378112","nossoNumero":"56690751289033804","valorJuros":0},"service":"btg-baixa-titulos-service","timestamp":"2026-05-26T12:59:32.672Z"}
{"level":"info","message":"🌐 Millennium request: POST /MILLENIUM!JOIN_ONEUP.LANCAMENTOS.INSEREINFO","service":"btg-baixa-titulos-service","timestamp":"2026-05-26T12:59:32.673Z"}
{"lancamento":1434906878,"level":"info","message":"✅ Título atualizado com sucesso","numeroDocumento":"117893/C","service":"btg-baixa-titulos-service","timestamp":"2026-05-26T12:59:32.689Z","transId":340565599}
{"lancamento":1434906878,"level":"info","message":"💰 Iniciando baixa do título 117893/C","payload":{"CONCILIADO":true,"CONTA":1431333549,"DATA_PAGAMENTO":"2026-05-25","EFETUADO":true,"FILIAL":5,"GERA_OUTRO":false,"LANCAMENTO":1434906878,"OBS":"2026-05-26T12:59:32.689Z - Baixa por retorno automacao importacao excel","STATUS_BAIXA":"N","VALOR":13781.12,"acres_decres":0,"valor_pago":13781.12},"service":"btg-baixa-titulos-service","timestamp":"2026-05-26T12:59:32.689Z"}
{"dataPagamento":"2026-05-25","level":"info","message":"📅 Payload da baixa","service":"btg-baixa-titulos-service","timestamp":"2026-05-26T12:59:32.689Z"}
{"level":"info","message":"🌐 Millennium request: POST /millenium/titulos/baixa","service":"btg-baixa-titulos-service","timestamp":"2026-05-26T12:59:32.689Z"}
{"baixa":1435955771,"level":"info","message":"✅ Título baixado com sucesso","numeroDocumento":"117893/C","service":"btg-baixa-titulos-service","timestamp":"2026-05-26T12:59:32.757Z","valor":13781.12}
{"level":"info","message":"✅ Fluxo concluído para 117893/C","service":"btg-baixa-titulos-service","timestamp":"2026-05-26T12:59:32.758Z"}
{"level":"info","message":"🔎 Processando título 117909/C","service":"btg-baixa-titulos-service","timestamp":"2026-05-26T12:59:32.767Z"}
{"level":"info","message":"🌐 Millennium request: GET /MILLENIUM!JOIN_ONEUP.LANCAMENTOS.CONSULTALANCAMENTOS?cnpj=73.652.158%2F0001-10&n_documento=117909%2FC","service":"btg-baixa-titulos-service","timestamp":"2026-05-26T12:59:32.767Z"}
{"lancamento":1434907063,"level":"info","message":"📝 Atualizando título 117909/C","payload":{"lancamento":1434907063,"linhaDigitavel":"20890050091765790342796031005802314570000079680","nossoNumero":"49836976579034296","valorJuros":0},"service":"btg-baixa-titulos-service","timestamp":"2026-05-26T12:59:32.782Z"}
{"level":"info","message":"🌐 Millennium request: POST /MILLENIUM!JOIN_ONEUP.LANCAMENTOS.INSEREINFO","service":"btg-baixa-titulos-service","timestamp":"2026-05-26T12:59:32.782Z"}
{"lancamento":1434907063,"level":"info","message":"✅ Título atualizado com sucesso","numeroDocumento":"117909/C","service":"btg-baixa-titulos-service","timestamp":"2026-05-26T12:59:32.797Z","transId":340565601}
{"lancamento":1434907063,"level":"info","message":"💰 Iniciando baixa do título 117909/C","payload":{"CONCILIADO":true,"CONTA":1431333549,"DATA_PAGAMENTO":"2026-05-25","EFETUADO":true,"FILIAL":5,"GERA_OUTRO":false,"LANCAMENTO":1434907063,"OBS":"2026-05-26T12:59:32.797Z - Baixa por retorno automacao importacao excel","STATUS_BAIXA":"N","VALOR":796.8,"acres_decres":0,"valor_pago":796.8},"service":"btg-baixa-titulos-service","timestamp":"2026-05-26T12:59:32.797Z"}
{"dataPagamento":"2026-05-25","level":"info","message":"📅 Payload da baixa","service":"btg-baixa-titulos-service","timestamp":"2026-05-26T12:59:32.797Z"}
{"level":"info","message":"🌐 Millennium request: POST /millenium/titulos/baixa","service":"btg-baixa-titulos-service","timestamp":"2026-05-26T12:59:32.798Z"}
{"baixa":1435955772,"level":"info","message":"✅ Título baixado com sucesso","numeroDocumento":"117909/C","service":"btg-baixa-titulos-service","timestamp":"2026-05-26T12:59:32.864Z","valor":796.8}
{"level":"info","message":"✅ Fluxo concluído para 117909/C","service":"btg-baixa-titulos-service","timestamp":"2026-05-26T12:59:32.864Z"}
{"level":"info","message":"🔎 Processando título 117911/B","service":"btg-baixa-titulos-service","timestamp":"2026-05-26T12:59:32.876Z"}
{"level":"info","message":"🌐 Millennium request: GET /MILLENIUM!JOIN_ONEUP.LANCAMENTOS.CONSULTALANCAMENTOS?cnpj=57.408.548%2F0001-92&n_documento=117911%2FB","service":"btg-baixa-titulos-service","timestamp":"2026-05-26T12:59:32.877Z"}
{"lancamento":1434907072,"level":"info","message":"📝 Atualizando título 117911/B","payload":{"lancamento":1434907072,"linhaDigitavel":"20890050091309490347642031005806114570000140063","nossoNumero":"40292130949034742","valorJuros":0},"service":"btg-baixa-titulos-service","timestamp":"2026-05-26T12:59:32.968Z"}
{"level":"info","message":"🌐 Millennium request: POST /MILLENIUM!JOIN_ONEUP.LANCAMENTOS.INSEREINFO","service":"btg-baixa-titulos-service","timestamp":"2026-05-26T12:59:32.968Z"}
{"lancamento":1434907072,"level":"info","message":"✅ Título atualizado com sucesso","numeroDocumento":"117911/B","service":"btg-baixa-titulos-service","timestamp":"2026-05-26T12:59:32.986Z","transId":340565603}
{"lancamento":1434907072,"level":"info","message":"💰 Iniciando baixa do título 117911/B","payload":{"CONCILIADO":true,"CONTA":1431333549,"DATA_PAGAMENTO":"2026-05-25","EFETUADO":true,"FILIAL":5,"GERA_OUTRO":false,"LANCAMENTO":1434907072,"OBS":"2026-05-26T12:59:32.987Z - Baixa por retorno automacao importacao excel","STATUS_BAIXA":"N","VALOR":1400.63,"acres_decres":0,"valor_pago":1400.63},"service":"btg-baixa-titulos-service","timestamp":"2026-05-26T12:59:32.987Z"}
{"dataPagamento":"2026-05-25","level":"info","message":"📅 Payload da baixa","service":"btg-baixa-titulos-service","timestamp":"2026-05-26T12:59:32.987Z"}
{"level":"info","message":"🌐 Millennium request: POST /millenium/titulos/baixa","service":"btg-baixa-titulos-service","timestamp":"2026-05-26T12:59:32.987Z"}
{"baixa":1435955773,"level":"info","message":"✅ Título baixado com sucesso","numeroDocumento":"117911/B","service":"btg-baixa-titulos-service","timestamp":"2026-05-26T12:59:33.059Z","valor":1400.63}
{"level":"info","message":"✅ Fluxo concluído para 117911/B","service":"btg-baixa-titulos-service","timestamp":"2026-05-26T12:59:33.059Z"}
{"level":"info","message":"🔎 Processando título 117914/C","service":"btg-baixa-titulos-service","timestamp":"2026-05-26T12:59:33.064Z"}
{"level":"info","message":"🌐 Millennium request: GET /MILLENIUM!JOIN_ONEUP.LANCAMENTOS.CONSULTALANCAMENTOS?cnpj=44.999.259%2F0001-63&n_documento=117914%2FC","service":"btg-baixa-titulos-service","timestamp":"2026-05-26T12:59:33.064Z"}
{"lancamento":1434907085,"level":"info","message":"📝 Atualizando título 117914/C","payload":{"lancamento":1434907085,"linhaDigitavel":"20890050091228490352825031005801514570000119520","nossoNumero":"83922322849035225","valorJuros":0},"service":"btg-baixa-titulos-service","timestamp":"2026-05-26T12:59:33.081Z"}
{"level":"info","message":"🌐 Millennium request: POST /MILLENIUM!JOIN_ONEUP.LANCAMENTOS.INSEREINFO","service":"btg-baixa-titulos-service","timestamp":"2026-05-26T12:59:33.081Z"}
{"lancamento":1434907085,"level":"info","message":"✅ Título atualizado com sucesso","numeroDocumento":"117914/C","service":"btg-baixa-titulos-service","timestamp":"2026-05-26T12:59:33.099Z","transId":340565605}
{"lancamento":1434907085,"level":"info","message":"💰 Iniciando baixa do título 117914/C","payload":{"CONCILIADO":true,"CONTA":1431333549,"DATA_PAGAMENTO":"2026-05-25","EFETUADO":true,"FILIAL":5,"GERA_OUTRO":false,"LANCAMENTO":1434907085,"OBS":"2026-05-26T12:59:33.099Z - Baixa por retorno automacao importacao excel","STATUS_BAIXA":"N","VALOR":1195.2,"acres_decres":0,"valor_pago":1195.2},"service":"btg-baixa-titulos-service","timestamp":"2026-05-26T12:59:33.100Z"}
{"dataPagamento":"2026-05-25","level":"info","message":"📅 Payload da baixa","service":"btg-baixa-titulos-service","timestamp":"2026-05-26T12:59:33.100Z"}
{"level":"info","message":"🌐 Millennium request: POST /millenium/titulos/baixa","service":"btg-baixa-titulos-service","timestamp":"2026-05-26T12:59:33.100Z"}
{"baixa":1435955774,"level":"info","message":"✅ Título baixado com sucesso","numeroDocumento":"117914/C","service":"btg-baixa-titulos-service","timestamp":"2026-05-26T12:59:33.190Z","valor":1195.2}
{"level":"info","message":"✅ Fluxo concluído para 117914/C","service":"btg-baixa-titulos-service","timestamp":"2026-05-26T12:59:33.190Z"}
{"level":"info","message":"🔎 Processando título 117915/C","service":"btg-baixa-titulos-service","timestamp":"2026-05-26T12:59:33.199Z"}
{"level":"info","message":"🌐 Millennium request: GET /MILLENIUM!JOIN_ONEUP.LANCAMENTOS.CONSULTALANCAMENTOS?cnpj=03.294.992%2F0001-03&n_documento=117915%2FC","service":"btg-baixa-titulos-service","timestamp":"2026-05-26T12:59:33.199Z"}
{"lancamento":1434907090,"level":"info","message":"📝 Atualizando título 117915/C","payload":{"lancamento":1434907090,"linhaDigitavel":"20890050091918890357973031005801114570000076480","nossoNumero":"29475591889035773","valorJuros":0},"service":"btg-baixa-titulos-service","timestamp":"2026-05-26T12:59:33.215Z"}
{"level":"info","message":"🌐 Millennium request: POST /MILLENIUM!JOIN_ONEUP.LANCAMENTOS.INSEREINFO","service":"btg-baixa-titulos-service","timestamp":"2026-05-26T12:59:33.215Z"}
{"lancamento":1434907090,"level":"info","message":"✅ Título atualizado com sucesso","numeroDocumento":"117915/C","service":"btg-baixa-titulos-service","timestamp":"2026-05-26T12:59:33.232Z","transId":340565607}
{"lancamento":1434907090,"level":"info","message":"💰 Iniciando baixa do título 117915/C","payload":{"CONCILIADO":true,"CONTA":1431333549,"DATA_PAGAMENTO":"2026-05-25","EFETUADO":true,"FILIAL":5,"GERA_OUTRO":false,"LANCAMENTO":1434907090,"OBS":"2026-05-26T12:59:33.232Z - Baixa por retorno automacao importacao excel","STATUS_BAIXA":"N","VALOR":764.8,"acres_decres":0,"valor_pago":764.8},"service":"btg-baixa-titulos-service","timestamp":"2026-05-26T12:59:33.233Z"}
{"dataPagamento":"2026-05-25","level":"info","message":"📅 Payload da baixa","service":"btg-baixa-titulos-service","timestamp":"2026-05-26T12:59:33.233Z"}
{"level":"info","message":"🌐 Millennium request: POST /millenium/titulos/baixa","service":"btg-baixa-titulos-service","timestamp":"2026-05-26T12:59:33.233Z"}
{"baixa":1435955775,"level":"info","message":"✅ Título baixado com sucesso","numeroDocumento":"117915/C","service":"btg-baixa-titulos-service","timestamp":"2026-05-26T12:59:33.320Z","valor":764.8}
{"level":"info","message":"✅ Fluxo concluído para 117915/C","service":"btg-baixa-titulos-service","timestamp":"2026-05-26T12:59:33.321Z"}
{"level":"info","message":"🔎 Processando título 117183/A","service":"btg-baixa-titulos-service","timestamp":"2026-05-26T12:59:33.327Z"}
{"level":"info","message":"🌐 Millennium request: GET /MILLENIUM!JOIN_ONEUP.LANCAMENTOS.CONSULTALANCAMENTOS?cnpj=31.505.989%2F0001-19&n_documento=117183%2FA","service":"btg-baixa-titulos-service","timestamp":"2026-05-26T12:59:33.327Z"}
{"lancamento":1434902696,"level":"info","message":"ℹ️ Título 117183/A já estava baixado. Processo ignorado.","service":"btg-baixa-titulos-service","situacao":"BAIXADO","timestamp":"2026-05-26T12:59:33.341Z"}
{"level":"info","message":"🔎 Processando título 117183/B","service":"btg-baixa-titulos-service","timestamp":"2026-05-26T12:59:33.346Z"}
{"level":"info","message":"🌐 Millennium request: GET /MILLENIUM!JOIN_ONEUP.LANCAMENTOS.CONSULTALANCAMENTOS?cnpj=31.505.989%2F0001-19&n_documento=117183%2FB","service":"btg-baixa-titulos-service","timestamp":"2026-05-26T12:59:33.346Z"}
{"lancamento":1434902697,"level":"info","message":"ℹ️ Título 117183/B já estava baixado. Processo ignorado.","service":"btg-baixa-titulos-service","situacao":"BAIXADO","timestamp":"2026-05-26T12:59:33.360Z"}
{"level":"info","message":"🔎 Processando título 117490/A","service":"btg-baixa-titulos-service","timestamp":"2026-05-26T12:59:33.364Z"}
{"level":"info","message":"🌐 Millennium request: GET /MILLENIUM!JOIN_ONEUP.LANCAMENTOS.CONSULTALANCAMENTOS?cnpj=01.934.454%2F0001-00&n_documento=117490%2FA","service":"btg-baixa-titulos-service","timestamp":"2026-05-26T12:59:33.365Z"}
{"lancamento":1434904409,"level":"info","message":"ℹ️ Título 117490/A já estava baixado. Processo ignorado.","service":"btg-baixa-titulos-service","situacao":"BAIXADO","timestamp":"2026-05-26T12:59:33.381Z"}
{"level":"info","message":"🔎 Processando título 118018/A","service":"btg-baixa-titulos-service","timestamp":"2026-05-26T12:59:33.386Z"}
{"level":"info","message":"🌐 Millennium request: GET /MILLENIUM!JOIN_ONEUP.LANCAMENTOS.CONSULTALANCAMENTOS?cnpj=01.934.454%2F0001-00&n_documento=118018%2FA","service":"btg-baixa-titulos-service","timestamp":"2026-05-26T12:59:33.386Z"}
{"lancamento":1434907448,"level":"info","message":"ℹ️ Título 118018/A já estava baixado. Processo ignorado.","service":"btg-baixa-titulos-service","situacao":"BAIXADO","timestamp":"2026-05-26T12:59:33.482Z"}
{"level":"info","message":"🔎 Processando título 117490/B","service":"btg-baixa-titulos-service","timestamp":"2026-05-26T12:59:33.488Z"}
{"level":"info","message":"🌐 Millennium request: GET /MILLENIUM!JOIN_ONEUP.LANCAMENTOS.CONSULTALANCAMENTOS?cnpj=01.934.454%2F0001-00&n_documento=117490%2FB","service":"btg-baixa-titulos-service","timestamp":"2026-05-26T12:59:33.488Z"}
{"lancamento":1434904410,"level":"info","message":"ℹ️ Título 117490/B já estava baixado. Processo ignorado.","service":"btg-baixa-titulos-service","situacao":"BAIXADO","timestamp":"2026-05-26T12:59:33.504Z"}
{"level":"info","message":"🔎 Processando título 117812/A","service":"btg-baixa-titulos-service","timestamp":"2026-05-26T12:59:33.511Z"}
{"level":"info","message":"🌐 Millennium request: GET /MILLENIUM!JOIN_ONEUP.LANCAMENTOS.CONSULTALANCAMENTOS?cnpj=06.181.589%2F0001-58&n_documento=117812%2FA","service":"btg-baixa-titulos-service","timestamp":"2026-05-26T12:59:33.512Z"}
{"lancamento":1434906761,"level":"info","message":"ℹ️ Título 117812/A já estava baixado. Processo ignorado.","service":"btg-baixa-titulos-service","situacao":"BAIXADO","timestamp":"2026-05-26T12:59:33.528Z"}
{"level":"info","message":"🔎 Processando título 117917/A","service":"btg-baixa-titulos-service","timestamp":"2026-05-26T12:59:33.533Z"}
{"level":"info","message":"🌐 Millennium request: GET /MILLENIUM!JOIN_ONEUP.LANCAMENTOS.CONSULTALANCAMENTOS?cnpj=06.181.589%2F0001-58&n_documento=117917%2FA","service":"btg-baixa-titulos-service","timestamp":"2026-05-26T12:59:33.533Z"}
{"lancamento":1434907098,"level":"info","message":"ℹ️ Título 117917/A já estava baixado. Processo ignorado.","service":"btg-baixa-titulos-service","situacao":"BAIXADO","timestamp":"2026-05-26T12:59:33.553Z"}
{"level":"info","message":"🔎 Processando título 117812/B","service":"btg-baixa-titulos-service","timestamp":"2026-05-26T12:59:33.560Z"}
{"level":"info","message":"🌐 Millennium request: GET /MILLENIUM!JOIN_ONEUP.LANCAMENTOS.CONSULTALANCAMENTOS?cnpj=06.181.589%2F0001-58&n_documento=117812%2FB","service":"btg-baixa-titulos-service","timestamp":"2026-05-26T12:59:33.560Z"}
{"lancamento":1434906762,"level":"info","message":"ℹ️ Título 117812/B já estava baixado. Processo ignorado.","service":"btg-baixa-titulos-service","situacao":"BAIXADO","timestamp":"2026-05-26T12:59:33.576Z"}
{"level":"info","message":"🔎 Processando título 117814/A","service":"btg-baixa-titulos-service","timestamp":"2026-05-26T12:59:33.583Z"}
{"level":"info","message":"🌐 Millennium request: GET /MILLENIUM!JOIN_ONEUP.LANCAMENTOS.CONSULTALANCAMENTOS?cnpj=03.247.651%2F0001-79&n_documento=117814%2FA","service":"btg-baixa-titulos-service","timestamp":"2026-05-26T12:59:33.583Z"}
{"lancamento":1434906776,"level":"info","message":"ℹ️ Título 117814/A já estava baixado. Processo ignorado.","service":"btg-baixa-titulos-service","situacao":"BAIXADO","timestamp":"2026-05-26T12:59:33.602Z"}
{"level":"info","message":"🔎 Processando título 117916/A","service":"btg-baixa-titulos-service","timestamp":"2026-05-26T12:59:33.608Z"}
{"level":"info","message":"🌐 Millennium request: GET /MILLENIUM!JOIN_ONEUP.LANCAMENTOS.CONSULTALANCAMENTOS?cnpj=03.247.651%2F0001-79&n_documento=117916%2FA","service":"btg-baixa-titulos-service","timestamp":"2026-05-26T12:59:33.608Z"}
{"lancamento":1434907093,"level":"info","message":"ℹ️ Título 117916/A já estava baixado. Processo ignorado.","service":"btg-baixa-titulos-service","situacao":"BAIXADO","timestamp":"2026-05-26T12:59:33.622Z"}
{"level":"info","message":"🔎 Processando título 117814/B","service":"btg-baixa-titulos-service","timestamp":"2026-05-26T12:59:33.628Z"}
{"level":"info","message":"🌐 Millennium request: GET /MILLENIUM!JOIN_ONEUP.LANCAMENTOS.CONSULTALANCAMENTOS?cnpj=03.247.651%2F0001-79&n_documento=117814%2FB","service":"btg-baixa-titulos-service","timestamp":"2026-05-26T12:59:33.628Z"}
{"lancamento":1434906777,"level":"info","message":"ℹ️ Título 117814/B já estava baixado. Processo ignorado.","service":"btg-baixa-titulos-service","situacao":"BAIXADO","timestamp":"2026-05-26T12:59:33.692Z"}
{"level":"info","message":"🔎 Processando título 118027/A","service":"btg-baixa-titulos-service","timestamp":"2026-05-26T12:59:33.699Z"}
{"level":"info","message":"🌐 Millennium request: GET /MILLENIUM!JOIN_ONEUP.LANCAMENTOS.CONSULTALANCAMENTOS?cnpj=59.205.187%2F0001-02&n_documento=118027%2FA","service":"btg-baixa-titulos-service","timestamp":"2026-05-26T12:59:33.699Z"}
{"lancamento":1434907473,"level":"info","message":"ℹ️ Título 118027/A já estava baixado. Processo ignorado.","service":"btg-baixa-titulos-service","situacao":"BAIXADO","timestamp":"2026-05-26T12:59:33.786Z"}
{"level":"info","message":"🔎 Processando título 117916/B","service":"btg-baixa-titulos-service","timestamp":"2026-05-26T12:59:33.795Z"}
{"level":"info","message":"🌐 Millennium request: GET /MILLENIUM!JOIN_ONEUP.LANCAMENTOS.CONSULTALANCAMENTOS?cnpj=03.247.651%2F0001-79&n_documento=117916%2FB","service":"btg-baixa-titulos-service","timestamp":"2026-05-26T12:59:33.796Z"}
{"lancamento":1434907094,"level":"info","message":"ℹ️ Título 117916/B já estava baixado. Processo ignorado.","service":"btg-baixa-titulos-service","situacao":"BAIXADO","timestamp":"2026-05-26T12:59:33.813Z"}
{"level":"info","message":"🔎 Processando título 117917/B","service":"btg-baixa-titulos-service","timestamp":"2026-05-26T12:59:33.819Z"}
{"level":"info","message":"🌐 Millennium request: GET /MILLENIUM!JOIN_ONEUP.LANCAMENTOS.CONSULTALANCAMENTOS?cnpj=06.181.589%2F0001-58&n_documento=117917%2FB","service":"btg-baixa-titulos-service","timestamp":"2026-05-26T12:59:33.819Z"}
{"lancamento":1434907099,"level":"info","message":"ℹ️ Título 117917/B já estava baixado. Processo ignorado.","service":"btg-baixa-titulos-service","situacao":"BAIXADO","timestamp":"2026-05-26T12:59:33.836Z"}
{"level":"info","message":"🔎 Processando título 118018/B","service":"btg-baixa-titulos-service","timestamp":"2026-05-26T12:59:33.841Z"}
{"level":"info","message":"🌐 Millennium request: GET /MILLENIUM!JOIN_ONEUP.LANCAMENTOS.CONSULTALANCAMENTOS?cnpj=01.934.454%2F0001-00&n_documento=118018%2FB","service":"btg-baixa-titulos-service","timestamp":"2026-05-26T12:59:33.841Z"}
{"lancamento":1434907449,"level":"info","message":"ℹ️ Título 118018/B já estava baixado. Processo ignorado.","service":"btg-baixa-titulos-service","situacao":"BAIXADO","timestamp":"2026-05-26T12:59:33.856Z"}
{"level":"info","message":"🔎 Processando título 118027/B","service":"btg-baixa-titulos-service","timestamp":"2026-05-26T12:59:33.864Z"}
{"level":"info","message":"🌐 Millennium request: GET /MILLENIUM!JOIN_ONEUP.LANCAMENTOS.CONSULTALANCAMENTOS?cnpj=59.205.187%2F0001-02&n_documento=118027%2FB","service":"btg-baixa-titulos-service","timestamp":"2026-05-26T12:59:33.864Z"}
{"lancamento":1434907474,"level":"info","message":"ℹ️ Título 118027/B já estava baixado. Processo ignorado.","service":"btg-baixa-titulos-service","situacao":"BAIXADO","timestamp":"2026-05-26T12:59:33.878Z"}
{"level":"info","message":"🔎 Processando título 117183/C","service":"btg-baixa-titulos-service","timestamp":"2026-05-26T12:59:33.883Z"}
{"level":"info","message":"🌐 Millennium request: GET /MILLENIUM!JOIN_ONEUP.LANCAMENTOS.CONSULTALANCAMENTOS?cnpj=31.505.989%2F0001-19&n_documento=117183%2FC","service":"btg-baixa-titulos-service","timestamp":"2026-05-26T12:59:33.883Z"}
{"lancamento":1434902698,"level":"info","message":"ℹ️ Título 117183/C já estava baixado. Processo ignorado.","service":"btg-baixa-titulos-service","situacao":"BAIXADO","timestamp":"2026-05-26T12:59:33.902Z"}
{"level":"info","message":"🔎 Processando título 117490/C","service":"btg-baixa-titulos-service","timestamp":"2026-05-26T12:59:33.906Z"}
{"level":"info","message":"🌐 Millennium request: GET /MILLENIUM!JOIN_ONEUP.LANCAMENTOS.CONSULTALANCAMENTOS?cnpj=01.934.454%2F0001-00&n_documento=117490%2FC","service":"btg-baixa-titulos-service","timestamp":"2026-05-26T12:59:33.906Z"}
{"lancamento":1434904411,"level":"info","message":"ℹ️ Título 117490/C já estava baixado. Processo ignorado.","service":"btg-baixa-titulos-service","situacao":"BAIXADO","timestamp":"2026-05-26T12:59:34.007Z"}
{"level":"info","message":"🔎 Processando título 117812/C","service":"btg-baixa-titulos-service","timestamp":"2026-05-26T12:59:34.016Z"}
{"level":"info","message":"🌐 Millennium request: GET /MILLENIUM!JOIN_ONEUP.LANCAMENTOS.CONSULTALANCAMENTOS?cnpj=06.181.589%2F0001-58&n_documento=117812%2FC","service":"btg-baixa-titulos-service","timestamp":"2026-05-26T12:59:34.016Z"}
{"lancamento":1434906763,"level":"info","message":"📝 Atualizando título 117812/C","payload":{"lancamento":1434906763,"linhaDigitavel":"20890050091778792137260031005808814570000686256","nossoNumero":"41935777879213760","valorJuros":0},"service":"btg-baixa-titulos-service","timestamp":"2026-05-26T12:59:34.038Z"}
{"level":"info","message":"🌐 Millennium request: POST /MILLENIUM!JOIN_ONEUP.LANCAMENTOS.INSEREINFO","service":"btg-baixa-titulos-service","timestamp":"2026-05-26T12:59:34.038Z"}
{"lancamento":1434906763,"level":"info","message":"✅ Título atualizado com sucesso","numeroDocumento":"117812/C","service":"btg-baixa-titulos-service","timestamp":"2026-05-26T12:59:34.056Z","transId":340565609}
{"lancamento":1434906763,"level":"info","message":"💰 Iniciando baixa do título 117812/C","payload":{"CONCILIADO":true,"CONTA":1431333549,"DATA_PAGAMENTO":"2026-05-25","EFETUADO":true,"FILIAL":5,"GERA_OUTRO":false,"LANCAMENTO":1434906763,"OBS":"2026-05-26T12:59:34.057Z - Baixa por retorno automacao importacao excel","STATUS_BAIXA":"N","VALOR":6862.56,"acres_decres":0,"valor_pago":6862.56},"service":"btg-baixa-titulos-service","timestamp":"2026-05-26T12:59:34.057Z"}
{"dataPagamento":"2026-05-25","level":"info","message":"📅 Payload da baixa","service":"btg-baixa-titulos-service","timestamp":"2026-05-26T12:59:34.057Z"}
{"level":"info","message":"🌐 Millennium request: POST /millenium/titulos/baixa","service":"btg-baixa-titulos-service","timestamp":"2026-05-26T12:59:34.057Z"}
{"baixa":1435955776,"level":"info","message":"✅ Título baixado com sucesso","numeroDocumento":"117812/C","service":"btg-baixa-titulos-service","timestamp":"2026-05-26T12:59:34.129Z","valor":6862.56}
{"level":"info","message":"✅ Fluxo concluído para 117812/C","service":"btg-baixa-titulos-service","timestamp":"2026-05-26T12:59:34.129Z"}
{"level":"info","message":"🔎 Processando título 117814/C","service":"btg-baixa-titulos-service","timestamp":"2026-05-26T12:59:34.137Z"}
{"level":"info","message":"🌐 Millennium request: GET /MILLENIUM!JOIN_ONEUP.LANCAMENTOS.CONSULTALANCAMENTOS?cnpj=03.247.651%2F0001-79&n_documento=117814%2FC","service":"btg-baixa-titulos-service","timestamp":"2026-05-26T12:59:34.137Z"}
{"lancamento":1434906778,"level":"info","message":"📝 Atualizando título 117814/C","payload":{"lancamento":1434906778,"linhaDigitavel":"20890050091670892142019031005804214570000958032","nossoNumero":"16541167089214219","valorJuros":0},"service":"btg-baixa-titulos-service","timestamp":"2026-05-26T12:59:34.153Z"}
{"level":"info","message":"🌐 Millennium request: POST /MILLENIUM!JOIN_ONEUP.LANCAMENTOS.INSEREINFO","service":"btg-baixa-titulos-service","timestamp":"2026-05-26T12:59:34.153Z"}
{"lancamento":1434906778,"level":"info","message":"✅ Título atualizado com sucesso","numeroDocumento":"117814/C","service":"btg-baixa-titulos-service","timestamp":"2026-05-26T12:59:34.168Z","transId":340565611}
{"lancamento":1434906778,"level":"info","message":"💰 Iniciando baixa do título 117814/C","payload":{"CONCILIADO":true,"CONTA":1431333549,"DATA_PAGAMENTO":"2026-05-25","EFETUADO":true,"FILIAL":5,"GERA_OUTRO":false,"LANCAMENTO":1434906778,"OBS":"2026-05-26T12:59:34.169Z - Baixa por retorno automacao importacao excel","STATUS_BAIXA":"N","VALOR":9580.32,"acres_decres":0,"valor_pago":9580.32},"service":"btg-baixa-titulos-service","timestamp":"2026-05-26T12:59:34.169Z"}
{"dataPagamento":"2026-05-25","level":"info","message":"📅 Payload da baixa","service":"btg-baixa-titulos-service","timestamp":"2026-05-26T12:59:34.169Z"}
{"level":"info","message":"🌐 Millennium request: POST /millenium/titulos/baixa","service":"btg-baixa-titulos-service","timestamp":"2026-05-26T12:59:34.169Z"}
{"baixa":1435955777,"level":"info","message":"✅ Título baixado com sucesso","numeroDocumento":"117814/C","service":"btg-baixa-titulos-service","timestamp":"2026-05-26T12:59:34.244Z","valor":9580.32}
{"level":"info","message":"✅ Fluxo concluído para 117814/C","service":"btg-baixa-titulos-service","timestamp":"2026-05-26T12:59:34.244Z"}
{"level":"info","message":"🔎 Processando título 117916/C","service":"btg-baixa-titulos-service","timestamp":"2026-05-26T12:59:34.248Z"}
{"level":"info","message":"🌐 Millennium request: GET /MILLENIUM!JOIN_ONEUP.LANCAMENTOS.CONSULTALANCAMENTOS?cnpj=03.247.651%2F0001-79&n_documento=117916%2FC","service":"btg-baixa-titulos-service","timestamp":"2026-05-26T12:59:34.248Z"}
{"lancamento":1434907095,"level":"info","message":"📝 Atualizando título 117916/C","payload":{"lancamento":1434907095,"linhaDigitavel":"20890050091524992146957031005804714570000119520","nossoNumero":"21300152499214657","valorJuros":0},"service":"btg-baixa-titulos-service","timestamp":"2026-05-26T12:59:34.263Z"}
{"level":"info","message":"🌐 Millennium request: POST /MILLENIUM!JOIN_ONEUP.LANCAMENTOS.INSEREINFO","service":"btg-baixa-titulos-service","timestamp":"2026-05-26T12:59:34.263Z"}
{"lancamento":1434907095,"level":"info","message":"✅ Título atualizado com sucesso","numeroDocumento":"117916/C","service":"btg-baixa-titulos-service","timestamp":"2026-05-26T12:59:34.277Z","transId":340565613}
{"lancamento":1434907095,"level":"info","message":"💰 Iniciando baixa do título 117916/C","payload":{"CONCILIADO":true,"CONTA":1431333549,"DATA_PAGAMENTO":"2026-05-25","EFETUADO":true,"FILIAL":5,"GERA_OUTRO":false,"LANCAMENTO":1434907095,"OBS":"2026-05-26T12:59:34.277Z - Baixa por retorno automacao importacao excel","STATUS_BAIXA":"N","VALOR":1195.2,"acres_decres":0,"valor_pago":1195.2},"service":"btg-baixa-titulos-service","timestamp":"2026-05-26T12:59:34.277Z"}
{"dataPagamento":"2026-05-25","level":"info","message":"📅 Payload da baixa","service":"btg-baixa-titulos-service","timestamp":"2026-05-26T12:59:34.277Z"}
{"level":"info","message":"🌐 Millennium request: POST /millenium/titulos/baixa","service":"btg-baixa-titulos-service","timestamp":"2026-05-26T12:59:34.277Z"}
{"baixa":1435955778,"level":"info","message":"✅ Título baixado com sucesso","numeroDocumento":"117916/C","service":"btg-baixa-titulos-service","timestamp":"2026-05-26T12:59:34.348Z","valor":1195.2}
{"level":"info","message":"✅ Fluxo concluído para 117916/C","service":"btg-baixa-titulos-service","timestamp":"2026-05-26T12:59:34.348Z"}
{"level":"info","message":"🔎 Processando título 117917/C","service":"btg-baixa-titulos-service","timestamp":"2026-05-26T12:59:34.357Z"}
{"level":"info","message":"🌐 Millennium request: GET /MILLENIUM!JOIN_ONEUP.LANCAMENTOS.CONSULTALANCAMENTOS?cnpj=06.181.589%2F0001-58&n_documento=117917%2FC","service":"btg-baixa-titulos-service","timestamp":"2026-05-26T12:59:34.357Z"}
{"lancamento":1434907100,"level":"info","message":"📝 Atualizando título 117917/C","payload":{"lancamento":1434907100,"linhaDigitavel":"20890050091534692150356031005806114570000079680","nossoNumero":"72606153469215056","valorJuros":0},"service":"btg-baixa-titulos-service","timestamp":"2026-05-26T12:59:34.373Z"}
{"level":"info","message":"🌐 Millennium request: POST /MILLENIUM!JOIN_ONEUP.LANCAMENTOS.INSEREINFO","service":"btg-baixa-titulos-service","timestamp":"2026-05-26T12:59:34.373Z"}
{"lancamento":1434907100,"level":"info","message":"✅ Título atualizado com sucesso","numeroDocumento":"117917/C","service":"btg-baixa-titulos-service","timestamp":"2026-05-26T12:59:34.386Z","transId":340565615}
{"lancamento":1434907100,"level":"info","message":"💰 Iniciando baixa do título 117917/C","payload":{"CONCILIADO":true,"CONTA":1431333549,"DATA_PAGAMENTO":"2026-05-25","EFETUADO":true,"FILIAL":5,"GERA_OUTRO":false,"LANCAMENTO":1434907100,"OBS":"2026-05-26T12:59:34.386Z - Baixa por retorno automacao importacao excel","STATUS_BAIXA":"N","VALOR":796.8,"acres_decres":0,"valor_pago":796.8},"service":"btg-baixa-titulos-service","timestamp":"2026-05-26T12:59:34.386Z"}
{"dataPagamento":"2026-05-25","level":"info","message":"📅 Payload da baixa","service":"btg-baixa-titulos-service","timestamp":"2026-05-26T12:59:34.386Z"}
{"level":"info","message":"🌐 Millennium request: POST /millenium/titulos/baixa","service":"btg-baixa-titulos-service","timestamp":"2026-05-26T12:59:34.386Z"}
{"baixa":1435955779,"level":"info","message":"✅ Título baixado com sucesso","numeroDocumento":"117917/C","service":"btg-baixa-titulos-service","timestamp":"2026-05-26T12:59:34.528Z","valor":796.8}
{"level":"info","message":"✅ Fluxo concluído para 117917/C","service":"btg-baixa-titulos-service","timestamp":"2026-05-26T12:59:34.528Z"}
{"level":"info","message":"🔎 Processando título 118018/C","service":"btg-baixa-titulos-service","timestamp":"2026-05-26T12:59:34.534Z"}
{"level":"info","message":"🌐 Millennium request: GET /MILLENIUM!JOIN_ONEUP.LANCAMENTOS.CONSULTALANCAMENTOS?cnpj=01.934.454%2F0001-00&n_documento=118018%2FC","service":"btg-baixa-titulos-service","timestamp":"2026-05-26T12:59:34.535Z"}
{"lancamento":1434907450,"level":"info","message":"📝 Atualizando título 118018/C","payload":{"lancamento":1434907450,"linhaDigitavel":"20890050091872092159410031005803614590000570560","nossoNumero":"07049487209215910","valorJuros":0},"service":"btg-baixa-titulos-service","timestamp":"2026-05-26T12:59:34.552Z"}
{"level":"info","message":"🌐 Millennium request: POST /MILLENIUM!JOIN_ONEUP.LANCAMENTOS.INSEREINFO","service":"btg-baixa-titulos-service","timestamp":"2026-05-26T12:59:34.552Z"}
{"lancamento":1434907450,"level":"info","message":"✅ Título atualizado com sucesso","numeroDocumento":"118018/C","service":"btg-baixa-titulos-service","timestamp":"2026-05-26T12:59:34.589Z","transId":340565617}
{"lancamento":1434907450,"level":"info","message":"💰 Iniciando baixa do título 118018/C","payload":{"CONCILIADO":true,"CONTA":1431333549,"DATA_PAGAMENTO":"2026-05-25","EFETUADO":true,"FILIAL":5,"GERA_OUTRO":false,"LANCAMENTO":1434907450,"OBS":"2026-05-26T12:59:34.589Z - Baixa por retorno automacao importacao excel","STATUS_BAIXA":"N","VALOR":5705.6,"acres_decres":0,"valor_pago":5705.6},"service":"btg-baixa-titulos-service","timestamp":"2026-05-26T12:59:34.589Z"}
{"dataPagamento":"2026-05-25","level":"info","message":"📅 Payload da baixa","service":"btg-baixa-titulos-service","timestamp":"2026-05-26T12:59:34.589Z"}
{"level":"info","message":"🌐 Millennium request: POST /millenium/titulos/baixa","service":"btg-baixa-titulos-service","timestamp":"2026-05-26T12:59:34.590Z"}
{"baixa":1435955780,"level":"info","message":"✅ Título baixado com sucesso","numeroDocumento":"118018/C","service":"btg-baixa-titulos-service","timestamp":"2026-05-26T12:59:34.670Z","valor":5705.6}
{"level":"info","message":"✅ Fluxo concluído para 118018/C","service":"btg-baixa-titulos-service","timestamp":"2026-05-26T12:59:34.670Z"}
{"level":"info","message":"🔎 Processando título 118027/C","service":"btg-baixa-titulos-service","timestamp":"2026-05-26T12:59:34.679Z"}
{"level":"info","message":"🌐 Millennium request: GET /MILLENIUM!JOIN_ONEUP.LANCAMENTOS.CONSULTALANCAMENTOS?cnpj=59.205.187%2F0001-02&n_documento=118027%2FC","service":"btg-baixa-titulos-service","timestamp":"2026-05-26T12:59:34.679Z"}
{"lancamento":1434907475,"level":"info","message":"📝 Atualizando título 118027/C","payload":{"lancamento":1434907475,"linhaDigitavel":"20890050091965292162883031005800814590000578746","nossoNumero":"32102096529216283","valorJuros":0},"service":"btg-baixa-titulos-service","timestamp":"2026-05-26T12:59:34.707Z"}
{"level":"info","message":"🌐 Millennium request: POST /MILLENIUM!JOIN_ONEUP.LANCAMENTOS.INSEREINFO","service":"btg-baixa-titulos-service","timestamp":"2026-05-26T12:59:34.707Z"}
{"lancamento":1434907475,"level":"info","message":"✅ Título atualizado com sucesso","numeroDocumento":"118027/C","service":"btg-baixa-titulos-service","timestamp":"2026-05-26T12:59:34.727Z","transId":340565619}
{"lancamento":1434907475,"level":"info","message":"💰 Iniciando baixa do título 118027/C","payload":{"CONCILIADO":true,"CONTA":1431333549,"DATA_PAGAMENTO":"2026-05-25","EFETUADO":true,"FILIAL":5,"GERA_OUTRO":false,"LANCAMENTO":1434907475,"OBS":"2026-05-26T12:59:34.728Z - Baixa por retorno automacao importacao excel","STATUS_BAIXA":"N","VALOR":5787.46,"acres_decres":0,"valor_pago":5787.46},"service":"btg-baixa-titulos-service","timestamp":"2026-05-26T12:59:34.728Z"}
{"dataPagamento":"2026-05-25","level":"info","message":"📅 Payload da baixa","service":"btg-baixa-titulos-service","timestamp":"2026-05-26T12:59:34.728Z"}
{"level":"info","message":"🌐 Millennium request: POST /millenium/titulos/baixa","service":"btg-baixa-titulos-service","timestamp":"2026-05-26T12:59:34.728Z"}
{"baixa":1435955781,"level":"info","message":"✅ Título baixado com sucesso","numeroDocumento":"118027/C","service":"btg-baixa-titulos-service","timestamp":"2026-05-26T12:59:34.808Z","valor":5787.46}
{"level":"info","message":"✅ Fluxo concluído para 118027/C","service":"btg-baixa-titulos-service","timestamp":"2026-05-26T12:59:34.808Z"}
{"level":"info","message":"🔎 Processando título CORRE 116864","service":"btg-baixa-titulos-service","timestamp":"2026-05-26T12:59:34.819Z"}
{"level":"info","message":"🌐 Millennium request: GET /MILLENIUM!JOIN_ONEUP.LANCAMENTOS.CONSULTALANCAMENTOS?cnpj=57.408.548%2F0001-92&n_documento=CORRE%20116864","service":"btg-baixa-titulos-service","timestamp":"2026-05-26T12:59:34.819Z"}
{"lancamento":1434908088,"level":"info","message":"ℹ️ Título CORRE 116864 já estava baixado. Processo ignorado.","service":"btg-baixa-titulos-service","situacao":"BAIXADO","timestamp":"2026-05-26T12:59:34.834Z"}
{"level":"info","message":"🔎 Processando título CORRE 116729","service":"btg-baixa-titulos-service","timestamp":"2026-05-26T12:59:34.840Z"}
{"level":"info","message":"🌐 Millennium request: GET /MILLENIUM!JOIN_ONEUP.LANCAMENTOS.CONSULTALANCAMENTOS?cnpj=03.294.992%2F0001-03&n_documento=CORRE%20116729","service":"btg-baixa-titulos-service","timestamp":"2026-05-26T12:59:34.840Z"}
{"lancamento":1434908075,"level":"info","message":"ℹ️ Título CORRE 116729 já estava baixado. Processo ignorado.","service":"btg-baixa-titulos-service","situacao":"BAIXADO","timestamp":"2026-05-26T12:59:34.855Z"}
{"level":"info","message":"🔎 Processando título FRE 116069","service":"btg-baixa-titulos-service","timestamp":"2026-05-26T12:59:34.861Z"}
{"level":"info","message":"🌐 Millennium request: GET /MILLENIUM!JOIN_ONEUP.LANCAMENTOS.CONSULTALANCAMENTOS?cnpj=03.294.992%2F0001-03&n_documento=FRE%20116069","service":"btg-baixa-titulos-service","timestamp":"2026-05-26T12:59:34.862Z"}
{"lancamento":1434907958,"level":"info","message":"ℹ️ Título FRE 116069 já estava baixado. Processo ignorado.","service":"btg-baixa-titulos-service","situacao":"BAIXADO","timestamp":"2026-05-26T12:59:34.876Z"}
{"level":"info","message":"🔎 Processando título CORRE 114564","service":"btg-baixa-titulos-service","timestamp":"2026-05-26T12:59:34.881Z"}
{"level":"info","message":"🌐 Millennium request: GET /MILLENIUM!JOIN_ONEUP.LANCAMENTOS.CONSULTALANCAMENTOS?cnpj=21.067.137%2F0001-33&n_documento=CORRE%20114564","service":"btg-baixa-titulos-service","timestamp":"2026-05-26T12:59:34.881Z"}
{"lancamento":1434908052,"level":"info","message":"ℹ️ Título CORRE 114564 já estava baixado. Processo ignorado.","service":"btg-baixa-titulos-service","situacao":"BAIXADO","timestamp":"2026-05-26T12:59:34.896Z"}
{"level":"info","message":"🔎 Processando título CORRE 116072","service":"btg-baixa-titulos-service","timestamp":"2026-05-26T12:59:34.901Z"}
{"level":"info","message":"🌐 Millennium request: GET /MILLENIUM!JOIN_ONEUP.LANCAMENTOS.CONSULTALANCAMENTOS?cnpj=21.067.137%2F0001-33&n_documento=CORRE%20116072","service":"btg-baixa-titulos-service","timestamp":"2026-05-26T12:59:34.901Z"}
{"lancamento":1434908069,"level":"info","message":"ℹ️ Título CORRE 116072 já estava baixado. Processo ignorado.","service":"btg-baixa-titulos-service","situacao":"BAIXADO","timestamp":"2026-05-26T12:59:34.917Z"}
{"level":"info","message":"🔎 Processando título FRE 116058","service":"btg-baixa-titulos-service","timestamp":"2026-05-26T12:59:34.922Z"}
{"level":"info","message":"🌐 Millennium request: GET /MILLENIUM!JOIN_ONEUP.LANCAMENTOS.CONSULTALANCAMENTOS?cnpj=02.355.679%2F0001-67&n_documento=FRE%20116058","service":"btg-baixa-titulos-service","timestamp":"2026-05-26T12:59:34.922Z"}
{"lancamento":1434907972,"level":"info","message":"ℹ️ Título FRE 116058 já estava baixado. Processo ignorado.","service":"btg-baixa-titulos-service","situacao":"BAIXADO","timestamp":"2026-05-26T12:59:34.936Z"}
{"level":"info","message":"🔎 Processando título 106103/B","service":"btg-baixa-titulos-service","timestamp":"2026-05-26T12:59:34.941Z"}
{"level":"info","message":"🌐 Millennium request: GET /MILLENIUM!JOIN_ONEUP.LANCAMENTOS.CONSULTALANCAMENTOS?cnpj=47.485.403%2F0001-31&n_documento=106103%2FB","service":"btg-baixa-titulos-service","timestamp":"2026-05-26T12:59:34.942Z"}
{"lancamento":1434801343,"level":"info","message":"ℹ️ Título 106103/B já estava baixado. Processo ignorado.","service":"btg-baixa-titulos-service","situacao":"BAIXADO","timestamp":"2026-05-26T12:59:34.957Z"}
{"level":"info","message":"🔎 Processando título 106103/C","service":"btg-baixa-titulos-service","timestamp":"2026-05-26T12:59:34.962Z"}
{"level":"info","message":"🌐 Millennium request: GET /MILLENIUM!JOIN_ONEUP.LANCAMENTOS.CONSULTALANCAMENTOS?cnpj=47.485.403%2F0001-31&n_documento=106103%2FC","service":"btg-baixa-titulos-service","timestamp":"2026-05-26T12:59:34.962Z"}
{"lancamento":1434801344,"level":"info","message":"ℹ️ Título 106103/C já estava baixado. Processo ignorado.","service":"btg-baixa-titulos-service","situacao":"BAIXADO","timestamp":"2026-05-26T12:59:35.066Z"}
{"level":"info","message":"🔎 Processando título 106115/C","service":"btg-baixa-titulos-service","timestamp":"2026-05-26T12:59:35.075Z"}
{"level":"info","message":"🌐 Millennium request: GET /MILLENIUM!JOIN_ONEUP.LANCAMENTOS.CONSULTALANCAMENTOS?cnpj=47.485.403%2F0001-31&n_documento=106115%2FC","service":"btg-baixa-titulos-service","timestamp":"2026-05-26T12:59:35.075Z"}
{"lancamento":1434801387,"level":"info","message":"ℹ️ Título 106115/C já estava baixado. Processo ignorado.","service":"btg-baixa-titulos-service","situacao":"BAIXADO","timestamp":"2026-05-26T12:59:35.090Z"}
{"level":"info","message":"🔎 Processando título 108321/B","service":"btg-baixa-titulos-service","timestamp":"2026-05-26T12:59:35.099Z"}
{"level":"info","message":"🌐 Millennium request: GET /MILLENIUM!JOIN_ONEUP.LANCAMENTOS.CONSULTALANCAMENTOS?cnpj=47.485.403%2F0001-31&n_documento=108321%2FB","service":"btg-baixa-titulos-service","timestamp":"2026-05-26T12:59:35.099Z"}
{"lancamento":1434850332,"level":"info","message":"ℹ️ Título 108321/B já estava baixado. Processo ignorado.","service":"btg-baixa-titulos-service","situacao":"BAIXADO","timestamp":"2026-05-26T12:59:35.113Z"}
{"level":"info","message":"🔎 Processando título 108322/B","service":"btg-baixa-titulos-service","timestamp":"2026-05-26T12:59:35.118Z"}
{"level":"info","message":"🌐 Millennium request: GET /MILLENIUM!JOIN_ONEUP.LANCAMENTOS.CONSULTALANCAMENTOS?cnpj=47.485.403%2F0001-31&n_documento=108322%2FB","service":"btg-baixa-titulos-service","timestamp":"2026-05-26T12:59:35.118Z"}
{"lancamento":1434850336,"level":"info","message":"ℹ️ Título 108322/B já estava baixado. Processo ignorado.","service":"btg-baixa-titulos-service","situacao":"BAIXADO","timestamp":"2026-05-26T12:59:35.135Z"}
{"level":"info","message":"🔎 Processando título 111252/A","service":"btg-baixa-titulos-service","timestamp":"2026-05-26T12:59:35.138Z"}
{"level":"info","message":"🌐 Millennium request: GET /MILLENIUM!JOIN_ONEUP.LANCAMENTOS.CONSULTALANCAMENTOS?cnpj=47.485.403%2F0001-31&n_documento=111252%2FA","service":"btg-baixa-titulos-service","timestamp":"2026-05-26T12:59:35.138Z"}
{"lancamento":1434870063,"level":"info","message":"ℹ️ Título 111252/A já estava baixado. Processo ignorado.","service":"btg-baixa-titulos-service","situacao":"BAIXADO","timestamp":"2026-05-26T12:59:35.153Z"}
{"level":"info","message":"🔎 Processando título 111255/A","service":"btg-baixa-titulos-service","timestamp":"2026-05-26T12:59:35.156Z"}
{"level":"info","message":"🌐 Millennium request: GET /MILLENIUM!JOIN_ONEUP.LANCAMENTOS.CONSULTALANCAMENTOS?cnpj=47.485.403%2F0001-31&n_documento=111255%2FA","service":"btg-baixa-titulos-service","timestamp":"2026-05-26T12:59:35.156Z"}
{"lancamento":1434870081,"level":"info","message":"ℹ️ Título 111255/A já estava baixado. Processo ignorado.","service":"btg-baixa-titulos-service","situacao":"BAIXADO","timestamp":"2026-05-26T12:59:35.172Z"}
{"level":"info","message":"🔎 Processando título 111256/A","service":"btg-baixa-titulos-service","timestamp":"2026-05-26T12:59:35.176Z"}
{"level":"info","message":"🌐 Millennium request: GET /MILLENIUM!JOIN_ONEUP.LANCAMENTOS.CONSULTALANCAMENTOS?cnpj=47.485.403%2F0001-31&n_documento=111256%2FA","service":"btg-baixa-titulos-service","timestamp":"2026-05-26T12:59:35.176Z"}
{"lancamento":1434870085,"level":"info","message":"ℹ️ Título 111256/A já estava baixado. Processo ignorado.","service":"btg-baixa-titulos-service","situacao":"BAIXADO","timestamp":"2026-05-26T12:59:35.191Z"}
{"level":"info","message":"🔎 Processando título 118121/A","service":"btg-baixa-titulos-service","timestamp":"2026-05-26T12:59:35.195Z"}
{"level":"info","message":"🌐 Millennium request: GET /MILLENIUM!JOIN_ONEUP.LANCAMENTOS.CONSULTALANCAMENTOS?cnpj=50.649.490%2F0001-20&n_documento=118121%2FA","service":"btg-baixa-titulos-service","timestamp":"2026-05-26T12:59:35.195Z"}
{"lancamento":1434907883,"level":"info","message":"ℹ️ Título 118121/A já estava baixado. Processo ignorado.","service":"btg-baixa-titulos-service","situacao":"BAIXADO","timestamp":"2026-05-26T12:59:35.225Z"}
{"level":"info","message":"🔎 Processando título 118121/B","service":"btg-baixa-titulos-service","timestamp":"2026-05-26T12:59:35.228Z"}
{"level":"info","message":"🌐 Millennium request: GET /MILLENIUM!JOIN_ONEUP.LANCAMENTOS.CONSULTALANCAMENTOS?cnpj=50.649.490%2F0001-20&n_documento=118121%2FB","service":"btg-baixa-titulos-service","timestamp":"2026-05-26T12:59:35.228Z"}
{"lancamento":1434907884,"level":"info","message":"ℹ️ Título 118121/B já estava baixado. Processo ignorado.","service":"btg-baixa-titulos-service","situacao":"BAIXADO","timestamp":"2026-05-26T12:59:35.242Z"}
{"level":"info","message":"🔎 Processando título 118123/A","service":"btg-baixa-titulos-service","timestamp":"2026-05-26T12:59:35.245Z"}
{"level":"info","message":"🌐 Millennium request: GET /MILLENIUM!JOIN_ONEUP.LANCAMENTOS.CONSULTALANCAMENTOS?cnpj=50.649.490%2F0001-20&n_documento=118123%2FA","service":"btg-baixa-titulos-service","timestamp":"2026-05-26T12:59:35.245Z"}
{"lancamento":1434907886,"level":"info","message":"ℹ️ Título 118123/A já estava baixado. Processo ignorado.","service":"btg-baixa-titulos-service","situacao":"BAIXADO","timestamp":"2026-05-26T12:59:35.257Z"}
{"level":"info","message":"🔎 Processando título 118123/B","service":"btg-baixa-titulos-service","timestamp":"2026-05-26T12:59:35.259Z"}
{"level":"info","message":"🌐 Millennium request: GET /MILLENIUM!JOIN_ONEUP.LANCAMENTOS.CONSULTALANCAMENTOS?cnpj=50.649.490%2F0001-20&n_documento=118123%2FB","service":"btg-baixa-titulos-service","timestamp":"2026-05-26T12:59:35.259Z"}
{"lancamento":1434907887,"level":"info","message":"ℹ️ Título 118123/B já estava baixado. Processo ignorado.","service":"btg-baixa-titulos-service","situacao":"BAIXADO","timestamp":"2026-05-26T12:59:35.273Z"}
{"level":"info","message":"🔎 Processando título 118124/A","service":"btg-baixa-titulos-service","timestamp":"2026-05-26T12:59:35.275Z"}
{"level":"info","message":"🌐 Millennium request: GET /MILLENIUM!JOIN_ONEUP.LANCAMENTOS.CONSULTALANCAMENTOS?cnpj=50.649.490%2F0001-20&n_documento=118124%2FA","service":"btg-baixa-titulos-service","timestamp":"2026-05-26T12:59:35.275Z"}
{"lancamento":1434907889,"level":"info","message":"ℹ️ Título 118124/A já estava baixado. Processo ignorado.","service":"btg-baixa-titulos-service","situacao":"BAIXADO","timestamp":"2026-05-26T12:59:35.289Z"}
{"level":"info","message":"🔎 Processando título 118124/B","service":"btg-baixa-titulos-service","timestamp":"2026-05-26T12:59:35.292Z"}
{"level":"info","message":"🌐 Millennium request: GET /MILLENIUM!JOIN_ONEUP.LANCAMENTOS.CONSULTALANCAMENTOS?cnpj=50.649.490%2F0001-20&n_documento=118124%2FB","service":"btg-baixa-titulos-service","timestamp":"2026-05-26T12:59:35.292Z"}
{"lancamento":1434907890,"level":"info","message":"ℹ️ Título 118124/B já estava baixado. Processo ignorado.","service":"btg-baixa-titulos-service","situacao":"BAIXADO","timestamp":"2026-05-26T12:59:35.305Z"}
{"level":"info","message":"🔎 Processando título 118297/A","service":"btg-baixa-titulos-service","timestamp":"2026-05-26T12:59:35.308Z"}
{"level":"info","message":"🌐 Millennium request: GET /MILLENIUM!JOIN_ONEUP.LANCAMENTOS.CONSULTALANCAMENTOS?cnpj=50.649.490%2F0001-20&n_documento=118297%2FA","service":"btg-baixa-titulos-service","timestamp":"2026-05-26T12:59:35.308Z"}
{"lancamento":1434908877,"level":"info","message":"ℹ️ Título 118297/A já estava baixado. Processo ignorado.","service":"btg-baixa-titulos-service","situacao":"BAIXADO","timestamp":"2026-05-26T12:59:35.325Z"}
{"level":"info","message":"🔎 Processando título 118297/B","service":"btg-baixa-titulos-service","timestamp":"2026-05-26T12:59:35.328Z"}
{"level":"info","message":"🌐 Millennium request: GET /MILLENIUM!JOIN_ONEUP.LANCAMENTOS.CONSULTALANCAMENTOS?cnpj=50.649.490%2F0001-20&n_documento=118297%2FB","service":"btg-baixa-titulos-service","timestamp":"2026-05-26T12:59:35.328Z"}
{"lancamento":1434908878,"level":"info","message":"ℹ️ Título 118297/B já estava baixado. Processo ignorado.","service":"btg-baixa-titulos-service","situacao":"BAIXADO","timestamp":"2026-05-26T12:59:35.345Z"}
{"level":"info","message":"🔎 Processando título 119299/A","service":"btg-baixa-titulos-service","timestamp":"2026-05-26T12:59:35.348Z"}
{"level":"info","message":"🌐 Millennium request: GET /MILLENIUM!JOIN_ONEUP.LANCAMENTOS.CONSULTALANCAMENTOS?cnpj=03.247.651%2F0001-79&n_documento=119299%2FA","service":"btg-baixa-titulos-service","timestamp":"2026-05-26T12:59:35.348Z"}
{"lancamento":1434911790,"level":"info","message":"ℹ️ Título 119299/A já estava baixado. Processo ignorado.","service":"btg-baixa-titulos-service","situacao":"BAIXADO","timestamp":"2026-05-26T12:59:35.362Z"}
{"level":"info","message":"🔎 Processando título 119299/B","service":"btg-baixa-titulos-service","timestamp":"2026-05-26T12:59:35.365Z"}
{"level":"info","message":"🌐 Millennium request: GET /MILLENIUM!JOIN_ONEUP.LANCAMENTOS.CONSULTALANCAMENTOS?cnpj=03.247.651%2F0001-79&n_documento=119299%2FB","service":"btg-baixa-titulos-service","timestamp":"2026-05-26T12:59:35.365Z"}
{"lancamento":1434911791,"level":"info","message":"ℹ️ Título 119299/B já estava baixado. Processo ignorado.","service":"btg-baixa-titulos-service","situacao":"BAIXADO","timestamp":"2026-05-26T12:59:35.385Z"}
{"level":"info","message":"🔎 Processando título 118933","service":"btg-baixa-titulos-service","timestamp":"2026-05-26T12:59:35.388Z"}
{"level":"info","message":"🌐 Millennium request: GET /MILLENIUM!JOIN_ONEUP.LANCAMENTOS.CONSULTALANCAMENTOS?cnpj=01.009.793%2F0001-72&n_documento=118933","service":"btg-baixa-titulos-service","timestamp":"2026-05-26T12:59:35.388Z"}
{"lancamento":1434910010,"level":"info","message":"ℹ️ Título 118933 já estava baixado. Processo ignorado.","service":"btg-baixa-titulos-service","situacao":"BAIXADO","timestamp":"2026-05-26T12:59:35.405Z"}
{"level":"info","message":"🔎 Processando título 119300","service":"btg-baixa-titulos-service","timestamp":"2026-05-26T12:59:35.409Z"}
{"level":"info","message":"🌐 Millennium request: GET /MILLENIUM!JOIN_ONEUP.LANCAMENTOS.CONSULTALANCAMENTOS?cnpj=01.329.811%2F0001-01&n_documento=119300","service":"btg-baixa-titulos-service","timestamp":"2026-05-26T12:59:35.409Z"}
{"lancamento":1434911795,"level":"info","message":"ℹ️ Título 119300 já estava baixado. Processo ignorado.","service":"btg-baixa-titulos-service","situacao":"BAIXADO","timestamp":"2026-05-26T12:59:35.424Z"}
{"level":"info","message":"🔎 Processando título 119284/A","service":"btg-baixa-titulos-service","timestamp":"2026-05-26T12:59:35.428Z"}
{"level":"info","message":"🌐 Millennium request: GET /MILLENIUM!JOIN_ONEUP.LANCAMENTOS.CONSULTALANCAMENTOS?cnpj=44.999.259%2F0001-63&n_documento=119284%2FA","service":"btg-baixa-titulos-service","timestamp":"2026-05-26T12:59:35.428Z"}
{"lancamento":1434911753,"level":"info","message":"ℹ️ Título 119284/A já estava baixado. Processo ignorado.","service":"btg-baixa-titulos-service","situacao":"BAIXADO","timestamp":"2026-05-26T12:59:35.444Z"}
{"level":"info","message":"🔎 Processando título 119302/A","service":"btg-baixa-titulos-service","timestamp":"2026-05-26T12:59:35.449Z"}
{"level":"info","message":"🌐 Millennium request: GET /MILLENIUM!JOIN_ONEUP.LANCAMENTOS.CONSULTALANCAMENTOS?cnpj=50.649.490%2F0001-20&n_documento=119302%2FA","service":"btg-baixa-titulos-service","timestamp":"2026-05-26T12:59:35.449Z"}
{"lancamento":1434911808,"level":"info","message":"ℹ️ Título 119302/A já estava baixado. Processo ignorado.","service":"btg-baixa-titulos-service","situacao":"BAIXADO","timestamp":"2026-05-26T12:59:35.464Z"}
{"level":"info","message":"🔎 Processando título 119284/B","service":"btg-baixa-titulos-service","timestamp":"2026-05-26T12:59:35.467Z"}
{"level":"info","message":"🌐 Millennium request: GET /MILLENIUM!JOIN_ONEUP.LANCAMENTOS.CONSULTALANCAMENTOS?cnpj=44.999.259%2F0001-63&n_documento=119284%2FB","service":"btg-baixa-titulos-service","timestamp":"2026-05-26T12:59:35.467Z"}
{"lancamento":1434911754,"level":"info","message":"ℹ️ Título 119284/B já estava baixado. Processo ignorado.","service":"btg-baixa-titulos-service","situacao":"BAIXADO","timestamp":"2026-05-26T12:59:35.484Z"}
{"level":"info","message":"🔎 Processando título 119302/B","service":"btg-baixa-titulos-service","timestamp":"2026-05-26T12:59:35.488Z"}
{"level":"info","message":"🌐 Millennium request: GET /MILLENIUM!JOIN_ONEUP.LANCAMENTOS.CONSULTALANCAMENTOS?cnpj=50.649.490%2F0001-20&n_documento=119302%2FB","service":"btg-baixa-titulos-service","timestamp":"2026-05-26T12:59:35.488Z"}
{"lancamento":1434911809,"level":"info","message":"ℹ️ Título 119302/B já estava baixado. Processo ignorado.","service":"btg-baixa-titulos-service","situacao":"BAIXADO","timestamp":"2026-05-26T12:59:35.678Z"}
{"level":"info","message":"🔎 Processando título 119324/A","service":"btg-baixa-titulos-service","timestamp":"2026-05-26T12:59:35.687Z"}
{"level":"info","message":"🌐 Millennium request: GET /MILLENIUM!JOIN_ONEUP.LANCAMENTOS.CONSULTALANCAMENTOS?cnpj=03.294.992%2F0001-03&n_documento=119324%2FA","service":"btg-baixa-titulos-service","timestamp":"2026-05-26T12:59:35.687Z"}
{"lancamento":1434911877,"level":"info","message":"ℹ️ Título 119324/A já estava baixado. Processo ignorado.","service":"btg-baixa-titulos-service","situacao":"BAIXADO","timestamp":"2026-05-26T12:59:35.711Z"}
{"level":"info","message":"🔎 Processando título 119084/A","service":"btg-baixa-titulos-service","timestamp":"2026-05-26T12:59:35.719Z"}
{"level":"info","message":"🌐 Millennium request: GET /MILLENIUM!JOIN_ONEUP.LANCAMENTOS.CONSULTALANCAMENTOS?cnpj=00.768.271%2F0001-91&n_documento=119084%2FA","service":"btg-baixa-titulos-service","timestamp":"2026-05-26T12:59:35.719Z"}
{"lancamento":1434910960,"level":"info","message":"ℹ️ Título 119084/A já estava baixado. Processo ignorado.","service":"btg-baixa-titulos-service","situacao":"BAIXADO","timestamp":"2026-05-26T12:59:35.745Z"}
{"level":"info","message":"🔎 Processando título 119084/B","service":"btg-baixa-titulos-service","timestamp":"2026-05-26T12:59:35.752Z"}
{"level":"info","message":"🌐 Millennium request: GET /MILLENIUM!JOIN_ONEUP.LANCAMENTOS.CONSULTALANCAMENTOS?cnpj=00.768.271%2F0001-91&n_documento=119084%2FB","service":"btg-baixa-titulos-service","timestamp":"2026-05-26T12:59:35.752Z"}
{"lancamento":1434910961,"level":"info","message":"ℹ️ Título 119084/B já estava baixado. Processo ignorado.","service":"btg-baixa-titulos-service","situacao":"BAIXADO","timestamp":"2026-05-26T12:59:35.772Z"}
{"level":"info","message":"🔎 Processando título 119285/A","service":"btg-baixa-titulos-service","timestamp":"2026-05-26T12:59:35.779Z"}
{"level":"info","message":"🌐 Millennium request: GET /MILLENIUM!JOIN_ONEUP.LANCAMENTOS.CONSULTALANCAMENTOS?cnpj=00.768.271%2F0001-91&n_documento=119285%2FA","service":"btg-baixa-titulos-service","timestamp":"2026-05-26T12:59:35.779Z"}
{"lancamento":1434911759,"level":"info","message":"ℹ️ Título 119285/A já estava baixado. Processo ignorado.","service":"btg-baixa-titulos-service","situacao":"BAIXADO","timestamp":"2026-05-26T12:59:35.801Z"}
{"level":"info","message":"🔎 Processando título 119325","service":"btg-baixa-titulos-service","timestamp":"2026-05-26T12:59:35.807Z"}
{"level":"info","message":"🌐 Millennium request: GET /MILLENIUM!JOIN_ONEUP.LANCAMENTOS.CONSULTALANCAMENTOS?cnpj=02.355.679%2F0001-67&n_documento=119325","service":"btg-baixa-titulos-service","timestamp":"2026-05-26T12:59:35.807Z"}
{"lancamento":1434911882,"level":"info","message":"ℹ️ Título 119325 já estava baixado. Processo ignorado.","service":"btg-baixa-titulos-service","situacao":"BAIXADO","timestamp":"2026-05-26T12:59:35.891Z"}
{"level":"info","message":"🔎 Processando título 119285/B","service":"btg-baixa-titulos-service","timestamp":"2026-05-26T12:59:35.900Z"}
{"level":"info","message":"🌐 Millennium request: GET /MILLENIUM!JOIN_ONEUP.LANCAMENTOS.CONSULTALANCAMENTOS?cnpj=00.768.271%2F0001-91&n_documento=119285%2FB","service":"btg-baixa-titulos-service","timestamp":"2026-05-26T12:59:35.900Z"}
{"lancamento":1434911760,"level":"info","message":"ℹ️ Título 119285/B já estava baixado. Processo ignorado.","service":"btg-baixa-titulos-service","situacao":"BAIXADO","timestamp":"2026-05-26T12:59:35.919Z"}
{"level":"info","message":"🔎 Processando título 119327/A","service":"btg-baixa-titulos-service","timestamp":"2026-05-26T12:59:35.924Z"}
{"level":"info","message":"🌐 Millennium request: GET /MILLENIUM!JOIN_ONEUP.LANCAMENTOS.CONSULTALANCAMENTOS?cnpj=57.408.548%2F0001-92&n_documento=119327%2FA","service":"btg-baixa-titulos-service","timestamp":"2026-05-26T12:59:35.925Z"}
{"lancamento":1434911885,"level":"info","message":"ℹ️ Título 119327/A já estava baixado. Processo ignorado.","service":"btg-baixa-titulos-service","situacao":"BAIXADO","timestamp":"2026-05-26T12:59:35.944Z"}
{"level":"info","message":"🔎 Processando título 119286/A","service":"btg-baixa-titulos-service","timestamp":"2026-05-26T12:59:35.948Z"}
{"level":"info","message":"🌐 Millennium request: GET /MILLENIUM!JOIN_ONEUP.LANCAMENTOS.CONSULTALANCAMENTOS?cnpj=21.067.137%2F0001-33&n_documento=119286%2FA","service":"btg-baixa-titulos-service","timestamp":"2026-05-26T12:59:35.948Z"}
{"lancamento":1434911766,"level":"info","message":"ℹ️ Título 119286/A já estava baixado. Processo ignorado.","service":"btg-baixa-titulos-service","situacao":"BAIXADO","timestamp":"2026-05-26T12:59:35.967Z"}
{"level":"info","message":"🔎 Processando título 119328/A","service":"btg-baixa-titulos-service","timestamp":"2026-05-26T12:59:35.972Z"}
{"level":"info","message":"🌐 Millennium request: GET /MILLENIUM!JOIN_ONEUP.LANCAMENTOS.CONSULTALANCAMENTOS?cnpj=57.408.548%2F0001-92&n_documento=119328%2FA","service":"btg-baixa-titulos-service","timestamp":"2026-05-26T12:59:35.972Z"}
{"lancamento":1434911890,"level":"info","message":"ℹ️ Título 119328/A já estava baixado. Processo ignorado.","service":"btg-baixa-titulos-service","situacao":"BAIXADO","timestamp":"2026-05-26T12:59:35.990Z"}
{"level":"info","message":"🔎 Processando título 119287/A","service":"btg-baixa-titulos-service","timestamp":"2026-05-26T12:59:35.995Z"}
{"level":"info","message":"🌐 Millennium request: GET /MILLENIUM!JOIN_ONEUP.LANCAMENTOS.CONSULTALANCAMENTOS?cnpj=01.934.454%2F0001-00&n_documento=119287%2FA","service":"btg-baixa-titulos-service","timestamp":"2026-05-26T12:59:35.995Z"}
{"lancamento":1434911769,"level":"info","message":"ℹ️ Título 119287/A já estava baixado. Processo ignorado.","service":"btg-baixa-titulos-service","situacao":"BAIXADO","timestamp":"2026-05-26T12:59:36.102Z"}
{"level":"info","message":"🔎 Processando título 119287/B","service":"btg-baixa-titulos-service","timestamp":"2026-05-26T12:59:36.108Z"}
{"level":"info","message":"🌐 Millennium request: GET /MILLENIUM!JOIN_ONEUP.LANCAMENTOS.CONSULTALANCAMENTOS?cnpj=01.934.454%2F0001-00&n_documento=119287%2FB","service":"btg-baixa-titulos-service","timestamp":"2026-05-26T12:59:36.109Z"}
{"lancamento":1434911770,"level":"info","message":"ℹ️ Título 119287/B já estava baixado. Processo ignorado.","service":"btg-baixa-titulos-service","situacao":"BAIXADO","timestamp":"2026-05-26T12:59:36.122Z"}
{"level":"info","message":"🔎 Processando título 119329/A","service":"btg-baixa-titulos-service","timestamp":"2026-05-26T12:59:36.129Z"}
{"level":"info","message":"🌐 Millennium request: GET /MILLENIUM!JOIN_ONEUP.LANCAMENTOS.CONSULTALANCAMENTOS?cnpj=57.408.548%2F0001-92&n_documento=119329%2FA","service":"btg-baixa-titulos-service","timestamp":"2026-05-26T12:59:36.129Z"}
{"lancamento":1434911894,"level":"info","message":"ℹ️ Título 119329/A já estava baixado. Processo ignorado.","service":"btg-baixa-titulos-service","situacao":"BAIXADO","timestamp":"2026-05-26T12:59:36.152Z"}
{"level":"info","message":"🔎 Processando título 119288/A","service":"btg-baixa-titulos-service","timestamp":"2026-05-26T12:59:36.160Z"}
{"level":"info","message":"🌐 Millennium request: GET /MILLENIUM!JOIN_ONEUP.LANCAMENTOS.CONSULTALANCAMENTOS?cnpj=59.205.187%2F0001-02&n_documento=119288%2FA","service":"btg-baixa-titulos-service","timestamp":"2026-05-26T12:59:36.160Z"}
{"lancamento":1434911772,"level":"info","message":"ℹ️ Título 119288/A já estava baixado. Processo ignorado.","service":"btg-baixa-titulos-service","situacao":"BAIXADO","timestamp":"2026-05-26T12:59:36.179Z"}
{"level":"info","message":"🔎 Processando título 119288/B","service":"btg-baixa-titulos-service","timestamp":"2026-05-26T12:59:36.186Z"}
{"level":"info","message":"🌐 Millennium request: GET /MILLENIUM!JOIN_ONEUP.LANCAMENTOS.CONSULTALANCAMENTOS?cnpj=59.205.187%2F0001-02&n_documento=119288%2FB","service":"btg-baixa-titulos-service","timestamp":"2026-05-26T12:59:36.186Z"}
{"lancamento":1434911773,"level":"info","message":"ℹ️ Título 119288/B já estava baixado. Processo ignorado.","service":"btg-baixa-titulos-service","situacao":"BAIXADO","timestamp":"2026-05-26T12:59:36.202Z"}
{"level":"info","message":"🔎 Processando título 119347/A","service":"btg-baixa-titulos-service","timestamp":"2026-05-26T12:59:36.209Z"}
{"level":"info","message":"🌐 Millennium request: GET /MILLENIUM!JOIN_ONEUP.LANCAMENTOS.CONSULTALANCAMENTOS?cnpj=03.247.651%2F0001-79&n_documento=119347%2FA","service":"btg-baixa-titulos-service","timestamp":"2026-05-26T12:59:36.209Z"}
{"lancamento":1434911969,"level":"info","message":"ℹ️ Título 119347/A já estava baixado. Processo ignorado.","service":"btg-baixa-titulos-service","situacao":"BAIXADO","timestamp":"2026-05-26T12:59:36.230Z"}
{"level":"info","message":"🔎 Processando título 119289","service":"btg-baixa-titulos-service","timestamp":"2026-05-26T12:59:36.236Z"}
{"level":"info","message":"🌐 Millennium request: GET /MILLENIUM!JOIN_ONEUP.LANCAMENTOS.CONSULTALANCAMENTOS?cnpj=77.857.555%2F0009-36&n_documento=119289","service":"btg-baixa-titulos-service","timestamp":"2026-05-26T12:59:36.236Z"}
{"lancamento":1434911775,"level":"info","message":"ℹ️ Título 119289 já estava baixado. Processo ignorado.","service":"btg-baixa-titulos-service","situacao":"BAIXADO","timestamp":"2026-05-26T12:59:36.257Z"}
{"level":"info","message":"🔎 Processando título 119347/B","service":"btg-baixa-titulos-service","timestamp":"2026-05-26T12:59:36.263Z"}
{"level":"info","message":"🌐 Millennium request: GET /MILLENIUM!JOIN_ONEUP.LANCAMENTOS.CONSULTALANCAMENTOS?cnpj=03.247.651%2F0001-79&n_documento=119347%2FB","service":"btg-baixa-titulos-service","timestamp":"2026-05-26T12:59:36.263Z"}
{"lancamento":1434911970,"level":"info","message":"ℹ️ Título 119347/B já estava baixado. Processo ignorado.","service":"btg-baixa-titulos-service","situacao":"BAIXADO","timestamp":"2026-05-26T12:59:36.278Z"}
{"level":"info","message":"🔎 Processando título 119290/A","service":"btg-baixa-titulos-service","timestamp":"2026-05-26T12:59:36.283Z"}
{"level":"info","message":"🌐 Millennium request: GET /MILLENIUM!JOIN_ONEUP.LANCAMENTOS.CONSULTALANCAMENTOS?cnpj=06.181.589%2F0001-58&n_documento=119290%2FA","service":"btg-baixa-titulos-service","timestamp":"2026-05-26T12:59:36.283Z"}
{"lancamento":1434911776,"level":"info","message":"ℹ️ Título 119290/A já estava baixado. Processo ignorado.","service":"btg-baixa-titulos-service","situacao":"BAIXADO","timestamp":"2026-05-26T12:59:36.304Z"}
{"level":"info","message":"🔎 Processando título 119290/B","service":"btg-baixa-titulos-service","timestamp":"2026-05-26T12:59:36.310Z"}
{"level":"info","message":"🌐 Millennium request: GET /MILLENIUM!JOIN_ONEUP.LANCAMENTOS.CONSULTALANCAMENTOS?cnpj=06.181.589%2F0001-58&n_documento=119290%2FB","service":"btg-baixa-titulos-service","timestamp":"2026-05-26T12:59:36.310Z"}
{"lancamento":1434911777,"level":"info","message":"ℹ️ Título 119290/B já estava baixado. Processo ignorado.","service":"btg-baixa-titulos-service","situacao":"BAIXADO","timestamp":"2026-05-26T12:59:36.331Z"}
{"level":"info","message":"🔎 Processando título 119291","service":"btg-baixa-titulos-service","timestamp":"2026-05-26T12:59:36.337Z"}
{"level":"info","message":"🌐 Millennium request: GET /MILLENIUM!JOIN_ONEUP.LANCAMENTOS.CONSULTALANCAMENTOS?cnpj=01.009.793%2F0001-72&n_documento=119291","service":"btg-baixa-titulos-service","timestamp":"2026-05-26T12:59:36.337Z"}
{"lancamento":1434911781,"level":"info","message":"ℹ️ Título 119291 já estava baixado. Processo ignorado.","service":"btg-baixa-titulos-service","situacao":"BAIXADO","timestamp":"2026-05-26T12:59:36.358Z"}
{"level":"info","message":"🔎 Processando título 119297/A","service":"btg-baixa-titulos-service","timestamp":"2026-05-26T12:59:36.364Z"}
{"level":"info","message":"🌐 Millennium request: GET /MILLENIUM!JOIN_ONEUP.LANCAMENTOS.CONSULTALANCAMENTOS?cnpj=73.652.158%2F0001-10&n_documento=119297%2FA","service":"btg-baixa-titulos-service","timestamp":"2026-05-26T12:59:36.364Z"}
{"lancamento":1434911785,"level":"info","message":"ℹ️ Título 119297/A já estava baixado. Processo ignorado.","service":"btg-baixa-titulos-service","situacao":"BAIXADO","timestamp":"2026-05-26T12:59:36.439Z"}
{"level":"info","message":"🔎 Processando título 119297/B","service":"btg-baixa-titulos-service","timestamp":"2026-05-26T12:59:36.449Z"}
{"level":"info","message":"🌐 Millennium request: GET /MILLENIUM!JOIN_ONEUP.LANCAMENTOS.CONSULTALANCAMENTOS?cnpj=73.652.158%2F0001-10&n_documento=119297%2FB","service":"btg-baixa-titulos-service","timestamp":"2026-05-26T12:59:36.449Z"}
{"lancamento":1434911786,"level":"info","message":"ℹ️ Título 119297/B já estava baixado. Processo ignorado.","service":"btg-baixa-titulos-service","situacao":"BAIXADO","timestamp":"2026-05-26T12:59:36.473Z"}
{"level":"info","message":"🔎 Processando título 119716/A","service":"btg-baixa-titulos-service","timestamp":"2026-05-26T12:59:36.482Z"}
{"level":"info","message":"🌐 Millennium request: GET /MILLENIUM!JOIN_ONEUP.LANCAMENTOS.CONSULTALANCAMENTOS?cnpj=57.408.548%2F0001-92&n_documento=119716%2FA","service":"btg-baixa-titulos-service","timestamp":"2026-05-26T12:59:36.482Z"}
{"lancamento":1434913667,"level":"info","message":"ℹ️ Título 119716/A já estava baixado. Processo ignorado.","service":"btg-baixa-titulos-service","situacao":"BAIXADO","timestamp":"2026-05-26T12:59:36.508Z"}
{"level":"info","message":"🔎 Processando título 119929/A","service":"btg-baixa-titulos-service","timestamp":"2026-05-26T12:59:36.516Z"}
{"level":"info","message":"🌐 Millennium request: GET /MILLENIUM!JOIN_ONEUP.LANCAMENTOS.CONSULTALANCAMENTOS?cnpj=03.247.651%2F0001-79&n_documento=119929%2FA","service":"btg-baixa-titulos-service","timestamp":"2026-05-26T12:59:36.516Z"}
{"lancamento":1434914750,"level":"info","message":"ℹ️ Título 119929/A já estava baixado. Processo ignorado.","service":"btg-baixa-titulos-service","situacao":"BAIXADO","timestamp":"2026-05-26T12:59:36.537Z"}
{"level":"info","message":"🔎 Processando título 120625/A","service":"btg-baixa-titulos-service","timestamp":"2026-05-26T12:59:36.543Z"}
{"level":"info","message":"🌐 Millennium request: GET /MILLENIUM!JOIN_ONEUP.LANCAMENTOS.CONSULTALANCAMENTOS?cnpj=44.999.259%2F0001-63&n_documento=120625%2FA","service":"btg-baixa-titulos-service","timestamp":"2026-05-26T12:59:36.543Z"}
{"lancamento":1434917871,"level":"info","message":"ℹ️ Título 120625/A já estava baixado. Processo ignorado.","service":"btg-baixa-titulos-service","situacao":"BAIXADO","timestamp":"2026-05-26T12:59:36.637Z"}
{"level":"info","message":"🔎 Processando título 119929/B","service":"btg-baixa-titulos-service","timestamp":"2026-05-26T12:59:36.647Z"}
{"level":"info","message":"🌐 Millennium request: GET /MILLENIUM!JOIN_ONEUP.LANCAMENTOS.CONSULTALANCAMENTOS?cnpj=03.247.651%2F0001-79&n_documento=119929%2FB","service":"btg-baixa-titulos-service","timestamp":"2026-05-26T12:59:36.647Z"}
{"lancamento":1434914751,"level":"info","message":"ℹ️ Título 119929/B já estava baixado. Processo ignorado.","service":"btg-baixa-titulos-service","situacao":"BAIXADO","timestamp":"2026-05-26T12:59:36.666Z"}
{"level":"info","message":"🔎 Processando título 120611/A","service":"btg-baixa-titulos-service","timestamp":"2026-05-26T12:59:36.672Z"}
{"level":"info","message":"🌐 Millennium request: GET /MILLENIUM!JOIN_ONEUP.LANCAMENTOS.CONSULTALANCAMENTOS?cnpj=50.649.490%2F0001-20&n_documento=120611%2FA","service":"btg-baixa-titulos-service","timestamp":"2026-05-26T12:59:36.673Z"}
{"lancamento":1434917832,"level":"info","message":"ℹ️ Título 120611/A já estava baixado. Processo ignorado.","service":"btg-baixa-titulos-service","situacao":"BAIXADO","timestamp":"2026-05-26T12:59:36.689Z"}
{"level":"info","message":"🔎 Processando título 120628","service":"btg-baixa-titulos-service","timestamp":"2026-05-26T12:59:36.695Z"}
{"level":"info","message":"🌐 Millennium request: GET /MILLENIUM!JOIN_ONEUP.LANCAMENTOS.CONSULTALANCAMENTOS?cnpj=77.857.555%2F0009-36&n_documento=120628","service":"btg-baixa-titulos-service","timestamp":"2026-05-26T12:59:36.695Z"}
{"lancamento":1434917878,"level":"info","message":"ℹ️ Título 120628 já estava baixado. Processo ignorado.","service":"btg-baixa-titulos-service","situacao":"BAIXADO","timestamp":"2026-05-26T12:59:36.714Z"}
{"level":"info","message":"🔎 Processando título 120613/A","service":"btg-baixa-titulos-service","timestamp":"2026-05-26T12:59:36.720Z"}
{"level":"info","message":"🌐 Millennium request: GET /MILLENIUM!JOIN_ONEUP.LANCAMENTOS.CONSULTALANCAMENTOS?cnpj=50.649.490%2F0001-20&n_documento=120613%2FA","service":"btg-baixa-titulos-service","timestamp":"2026-05-26T12:59:36.720Z"}
{"lancamento":1434917835,"level":"info","message":"ℹ️ Título 120613/A já estava baixado. Processo ignorado.","service":"btg-baixa-titulos-service","situacao":"BAIXADO","timestamp":"2026-05-26T12:59:36.736Z"}
{"level":"info","message":"🔎 Processando título 120631/A","service":"btg-baixa-titulos-service","timestamp":"2026-05-26T12:59:36.740Z"}
{"level":"info","message":"🌐 Millennium request: GET /MILLENIUM!JOIN_ONEUP.LANCAMENTOS.CONSULTALANCAMENTOS?cnpj=03.294.992%2F0001-03&n_documento=120631%2FA","service":"btg-baixa-titulos-service","timestamp":"2026-05-26T12:59:36.740Z"}
{"lancamento":1434917883,"level":"info","message":"ℹ️ Título 120631/A já estava baixado. Processo ignorado.","service":"btg-baixa-titulos-service","situacao":"BAIXADO","timestamp":"2026-05-26T12:59:36.756Z"}
{"level":"info","message":"🔎 Processando título 120029/A","service":"btg-baixa-titulos-service","timestamp":"2026-05-26T12:59:36.760Z"}
{"level":"info","message":"🌐 Millennium request: GET /MILLENIUM!JOIN_ONEUP.LANCAMENTOS.CONSULTALANCAMENTOS?cnpj=57.408.548%2F0001-92&n_documento=120029%2FA","service":"btg-baixa-titulos-service","timestamp":"2026-05-26T12:59:36.760Z"}
{"lancamento":1434915718,"level":"info","message":"ℹ️ Título 120029/A já estava baixado. Processo ignorado.","service":"btg-baixa-titulos-service","situacao":"BAIXADO","timestamp":"2026-05-26T12:59:36.780Z"}
{"level":"info","message":"🔎 Processando título 120632/A","service":"btg-baixa-titulos-service","timestamp":"2026-05-26T12:59:36.783Z"}
{"level":"info","message":"🌐 Millennium request: GET /MILLENIUM!JOIN_ONEUP.LANCAMENTOS.CONSULTALANCAMENTOS?cnpj=50.649.490%2F0001-20&n_documento=120632%2FA","service":"btg-baixa-titulos-service","timestamp":"2026-05-26T12:59:36.783Z"}
{"lancamento":1434917888,"level":"info","message":"ℹ️ Título 120632/A já estava baixado. Processo ignorado.","service":"btg-baixa-titulos-service","situacao":"BAIXADO","timestamp":"2026-05-26T12:59:36.803Z"}
{"level":"info","message":"🔎 Processando título 120329/A","service":"btg-baixa-titulos-service","timestamp":"2026-05-26T12:59:36.806Z"}
{"level":"info","message":"🌐 Millennium request: GET /MILLENIUM!JOIN_ONEUP.LANCAMENTOS.CONSULTALANCAMENTOS?cnpj=57.408.548%2F0001-92&n_documento=120329%2FA","service":"btg-baixa-titulos-service","timestamp":"2026-05-26T12:59:36.806Z"}
{"lancamento":1434917003,"level":"info","message":"📝 Atualizando título 120329/A","payload":{"lancamento":1434917003,"linhaDigitavel":"20890050091414815105469031005809114560000067125","nossoNumero":"31026241481510569","valorJuros":0},"service":"btg-baixa-titulos-service","timestamp":"2026-05-26T12:59:36.825Z"}
{"level":"info","message":"🌐 Millennium request: POST /MILLENIUM!JOIN_ONEUP.LANCAMENTOS.INSEREINFO","service":"btg-baixa-titulos-service","timestamp":"2026-05-26T12:59:36.825Z"}
{"lancamento":1434917003,"level":"info","message":"✅ Título atualizado com sucesso","numeroDocumento":"120329/A","service":"btg-baixa-titulos-service","timestamp":"2026-05-26T12:59:36.847Z","transId":340565621}
{"lancamento":1434917003,"level":"info","message":"💰 Iniciando baixa do título 120329/A","payload":{"CONCILIADO":true,"CONTA":1431333549,"DATA_PAGAMENTO":"2026-05-25","EFETUADO":true,"FILIAL":5,"GERA_OUTRO":false,"LANCAMENTO":1434917003,"OBS":"2026-05-26T12:59:36.847Z - Baixa por retorno automacao importacao excel","STATUS_BAIXA":"N","VALOR":671.25,"acres_decres":0,"valor_pago":671.25},"service":"btg-baixa-titulos-service","timestamp":"2026-05-26T12:59:36.847Z"}
{"dataPagamento":"2026-05-25","level":"info","message":"📅 Payload da baixa","service":"btg-baixa-titulos-service","timestamp":"2026-05-26T12:59:36.847Z"}
{"level":"info","message":"🌐 Millennium request: POST /millenium/titulos/baixa","service":"btg-baixa-titulos-service","timestamp":"2026-05-26T12:59:36.847Z"}
{"baixa":1435955782,"level":"info","message":"✅ Título baixado com sucesso","numeroDocumento":"120329/A","service":"btg-baixa-titulos-service","timestamp":"2026-05-26T12:59:36.926Z","valor":671.25}
{"level":"info","message":"✅ Fluxo concluído para 120329/A","service":"btg-baixa-titulos-service","timestamp":"2026-05-26T12:59:36.926Z"}
{"level":"info","message":"🔎 Processando título 120633/A","service":"btg-baixa-titulos-service","timestamp":"2026-05-26T12:59:36.939Z"}
{"level":"info","message":"🌐 Millennium request: GET /MILLENIUM!JOIN_ONEUP.LANCAMENTOS.CONSULTALANCAMENTOS?cnpj=03.247.651%2F0001-79&n_documento=120633%2FA","service":"btg-baixa-titulos-service","timestamp":"2026-05-26T12:59:36.939Z"}
{"lancamento":1434917902,"level":"info","message":"ℹ️ Título 120633/A já estava baixado. Processo ignorado.","service":"btg-baixa-titulos-service","situacao":"BAIXADO","timestamp":"2026-05-26T12:59:36.961Z"}
{"level":"info","message":"🔎 Processando título 120558/A","service":"btg-baixa-titulos-service","timestamp":"2026-05-26T12:59:36.967Z"}
{"level":"info","message":"🌐 Millennium request: GET /MILLENIUM!JOIN_ONEUP.LANCAMENTOS.CONSULTALANCAMENTOS?cnpj=57.408.548%2F0001-92&n_documento=120558%2FA","service":"btg-baixa-titulos-service","timestamp":"2026-05-26T12:59:36.967Z"}
{"lancamento":1434917502,"level":"info","message":"📝 Atualizando título 120558/A","payload":{"lancamento":1434917502,"linhaDigitavel":"20890050091927715125433031005805914570000169219","nossoNumero":"52919092771512533","valorJuros":0},"service":"btg-baixa-titulos-service","timestamp":"2026-05-26T12:59:36.987Z"}
{"level":"info","message":"🌐 Millennium request: POST /MILLENIUM!JOIN_ONEUP.LANCAMENTOS.INSEREINFO","service":"btg-baixa-titulos-service","timestamp":"2026-05-26T12:59:36.987Z"}
{"lancamento":1434917502,"level":"info","message":"✅ Título atualizado com sucesso","numeroDocumento":"120558/A","service":"btg-baixa-titulos-service","timestamp":"2026-05-26T12:59:37.015Z","transId":340565623}
{"lancamento":1434917502,"level":"info","message":"💰 Iniciando baixa do título 120558/A","payload":{"CONCILIADO":true,"CONTA":1431333549,"DATA_PAGAMENTO":"2026-05-25","EFETUADO":true,"FILIAL":5,"GERA_OUTRO":false,"LANCAMENTO":1434917502,"OBS":"2026-05-26T12:59:37.015Z - Baixa por retorno automacao importacao excel","STATUS_BAIXA":"N","VALOR":1692.19,"acres_decres":0,"valor_pago":1692.19},"service":"btg-baixa-titulos-service","timestamp":"2026-05-26T12:59:37.015Z"}
{"dataPagamento":"2026-05-25","level":"info","message":"📅 Payload da baixa","service":"btg-baixa-titulos-service","timestamp":"2026-05-26T12:59:37.015Z"}
{"level":"info","message":"🌐 Millennium request: POST /millenium/titulos/baixa","service":"btg-baixa-titulos-service","timestamp":"2026-05-26T12:59:37.015Z"}
{"baixa":1435955783,"level":"info","message":"✅ Título baixado com sucesso","numeroDocumento":"120558/A","service":"btg-baixa-titulos-service","timestamp":"2026-05-26T12:59:37.169Z","valor":1692.19}
{"level":"info","message":"✅ Fluxo concluído para 120558/A","service":"btg-baixa-titulos-service","timestamp":"2026-05-26T12:59:37.169Z"}
{"level":"info","message":"🔎 Processando título 120634/A","service":"btg-baixa-titulos-service","timestamp":"2026-05-26T12:59:37.179Z"}
{"level":"info","message":"🌐 Millennium request: GET /MILLENIUM!JOIN_ONEUP.LANCAMENTOS.CONSULTALANCAMENTOS?cnpj=06.181.589%2F0001-58&n_documento=120634%2FA","service":"btg-baixa-titulos-service","timestamp":"2026-05-26T12:59:37.179Z"}
{"lancamento":1434917907,"level":"info","message":"ℹ️ Título 120634/A já estava baixado. Processo ignorado.","service":"btg-baixa-titulos-service","situacao":"BAIXADO","timestamp":"2026-05-26T12:59:37.212Z"}
{"level":"info","message":"🔎 Processando título 120559/A","service":"btg-baixa-titulos-service","timestamp":"2026-05-26T12:59:37.222Z"}
{"level":"info","message":"🌐 Millennium request: GET /MILLENIUM!JOIN_ONEUP.LANCAMENTOS.CONSULTALANCAMENTOS?cnpj=57.408.548%2F0001-92&n_documento=120559%2FA","service":"btg-baixa-titulos-service","timestamp":"2026-05-26T12:59:37.222Z"}
{"lancamento":1434917507,"level":"info","message":"📝 Atualizando título 120559/A","payload":{"lancamento":1434917507,"linhaDigitavel":"20890050091627515145009031005805614570000028031","nossoNumero":"43100462751514509","valorJuros":0},"service":"btg-baixa-titulos-service","timestamp":"2026-05-26T12:59:37.251Z"}
{"level":"info","message":"🌐 Millennium request: POST /MILLENIUM!JOIN_ONEUP.LANCAMENTOS.INSEREINFO","service":"btg-baixa-titulos-service","timestamp":"2026-05-26T12:59:37.251Z"}
{"lancamento":1434917507,"level":"info","message":"✅ Título atualizado com sucesso","numeroDocumento":"120559/A","service":"btg-baixa-titulos-service","timestamp":"2026-05-26T12:59:37.270Z","transId":340565625}
{"lancamento":1434917507,"level":"info","message":"💰 Iniciando baixa do título 120559/A","payload":{"CONCILIADO":true,"CONTA":1431333549,"DATA_PAGAMENTO":"2026-05-25","EFETUADO":true,"FILIAL":5,"GERA_OUTRO":false,"LANCAMENTO":1434917507,"OBS":"2026-05-26T12:59:37.270Z - Baixa por retorno automacao importacao excel","STATUS_BAIXA":"N","VALOR":280.31,"acres_decres":0,"valor_pago":280.31},"service":"btg-baixa-titulos-service","timestamp":"2026-05-26T12:59:37.270Z"}
{"dataPagamento":"2026-05-25","level":"info","message":"📅 Payload da baixa","service":"btg-baixa-titulos-service","timestamp":"2026-05-26T12:59:37.270Z"}
{"level":"info","message":"🌐 Millennium request: POST /millenium/titulos/baixa","service":"btg-baixa-titulos-service","timestamp":"2026-05-26T12:59:37.271Z"}
{"baixa":1435955784,"level":"info","message":"✅ Título baixado com sucesso","numeroDocumento":"120559/A","service":"btg-baixa-titulos-service","timestamp":"2026-05-26T12:59:37.351Z","valor":280.31}
{"level":"info","message":"✅ Fluxo concluído para 120559/A","service":"btg-baixa-titulos-service","timestamp":"2026-05-26T12:59:37.352Z"}
{"level":"info","message":"🔎 Processando título 120183/A","service":"btg-baixa-titulos-service","timestamp":"2026-05-26T12:59:37.364Z"}
{"level":"info","message":"🌐 Millennium request: GET /MILLENIUM!JOIN_ONEUP.LANCAMENTOS.CONSULTALANCAMENTOS?cnpj=03.294.992%2F0001-03&n_documento=120183%2FA","service":"btg-baixa-titulos-service","timestamp":"2026-05-26T12:59:37.364Z"}
{"lancamento":1434916366,"level":"info","message":"ℹ️ Título 120183/A já estava baixado. Processo ignorado.","service":"btg-baixa-titulos-service","situacao":"BAIXADO","timestamp":"2026-05-26T12:59:37.427Z"}
{"level":"info","message":"🔎 Processando título 120638/A","service":"btg-baixa-titulos-service","timestamp":"2026-05-26T12:59:37.436Z"}
{"level":"info","message":"🌐 Millennium request: GET /MILLENIUM!JOIN_ONEUP.LANCAMENTOS.CONSULTALANCAMENTOS?cnpj=01.934.454%2F0001-00&n_documento=120638%2FA","service":"btg-baixa-titulos-service","timestamp":"2026-05-26T12:59:37.436Z"}
{"lancamento":1434917915,"level":"info","message":"ℹ️ Título 120638/A já estava baixado. Processo ignorado.","service":"btg-baixa-titulos-service","situacao":"BAIXADO","timestamp":"2026-05-26T12:59:37.455Z"}
{"level":"info","message":"🔎 Processando título 120183/B","service":"btg-baixa-titulos-service","timestamp":"2026-05-26T12:59:37.462Z"}
{"level":"info","message":"🌐 Millennium request: GET /MILLENIUM!JOIN_ONEUP.LANCAMENTOS.CONSULTALANCAMENTOS?cnpj=03.294.992%2F0001-03&n_documento=120183%2FB","service":"btg-baixa-titulos-service","timestamp":"2026-05-26T12:59:37.462Z"}
{"lancamento":1434916367,"level":"info","message":"ℹ️ Título 120183/B já estava baixado. Processo ignorado.","service":"btg-baixa-titulos-service","situacao":"BAIXADO","timestamp":"2026-05-26T12:59:37.482Z"}
{"level":"info","message":"🔎 Processando título 120638/B","service":"btg-baixa-titulos-service","timestamp":"2026-05-26T12:59:37.488Z"}
{"level":"info","message":"🌐 Millennium request: GET /MILLENIUM!JOIN_ONEUP.LANCAMENTOS.CONSULTALANCAMENTOS?cnpj=01.934.454%2F0001-00&n_documento=120638%2FB","service":"btg-baixa-titulos-service","timestamp":"2026-05-26T12:59:37.489Z"}
{"lancamento":1434917916,"level":"info","message":"📝 Atualizando título 120638/B","payload":{"lancamento":1434917916,"linhaDigitavel":"20890050091610715173609031005805114580000195067","nossoNumero":"89123561071517309","valorJuros":0},"service":"btg-baixa-titulos-service","timestamp":"2026-05-26T12:59:37.509Z"}
{"level":"info","message":"🌐 Millennium request: POST /MILLENIUM!JOIN_ONEUP.LANCAMENTOS.INSEREINFO","service":"btg-baixa-titulos-service","timestamp":"2026-05-26T12:59:37.509Z"}
{"lancamento":1434917916,"level":"info","message":"✅ Título atualizado com sucesso","numeroDocumento":"120638/B","service":"btg-baixa-titulos-service","timestamp":"2026-05-26T12:59:37.529Z","transId":340565627}
{"lancamento":1434917916,"level":"info","message":"💰 Iniciando baixa do título 120638/B","payload":{"CONCILIADO":true,"CONTA":1431333549,"DATA_PAGAMENTO":"2026-05-25","EFETUADO":true,"FILIAL":5,"GERA_OUTRO":false,"LANCAMENTO":1434917916,"OBS":"2026-05-26T12:59:37.530Z - Baixa por retorno automacao importacao excel","STATUS_BAIXA":"N","VALOR":1950.67,"acres_decres":0,"valor_pago":1950.67},"service":"btg-baixa-titulos-service","timestamp":"2026-05-26T12:59:37.530Z"}
{"dataPagamento":"2026-05-25","level":"info","message":"📅 Payload da baixa","service":"btg-baixa-titulos-service","timestamp":"2026-05-26T12:59:37.530Z"}
{"level":"info","message":"🌐 Millennium request: POST /millenium/titulos/baixa","service":"btg-baixa-titulos-service","timestamp":"2026-05-26T12:59:37.530Z"}
{"baixa":1435955785,"level":"info","message":"✅ Título baixado com sucesso","numeroDocumento":"120638/B","service":"btg-baixa-titulos-service","timestamp":"2026-05-26T12:59:37.677Z","valor":1950.67}
{"level":"info","message":"✅ Fluxo concluído para 120638/B","service":"btg-baixa-titulos-service","timestamp":"2026-05-26T12:59:37.677Z"}
{"level":"info","message":"🔎 Processando título 120640/A","service":"btg-baixa-titulos-service","timestamp":"2026-05-26T12:59:37.687Z"}
{"level":"info","message":"🌐 Millennium request: GET /MILLENIUM!JOIN_ONEUP.LANCAMENTOS.CONSULTALANCAMENTOS?cnpj=50.649.490%2F0001-20&n_documento=120640%2FA","service":"btg-baixa-titulos-service","timestamp":"2026-05-26T12:59:37.687Z"}
{"lancamento":1434917920,"level":"info","message":"ℹ️ Título 120640/A já estava baixado. Processo ignorado.","service":"btg-baixa-titulos-service","situacao":"BAIXADO","timestamp":"2026-05-26T12:59:37.740Z"}
{"level":"info","message":"🔎 Processando título 120614/A","service":"btg-baixa-titulos-service","timestamp":"2026-05-26T12:59:37.752Z"}
{"level":"info","message":"🌐 Millennium request: GET /MILLENIUM!JOIN_ONEUP.LANCAMENTOS.CONSULTALANCAMENTOS?cnpj=50.649.490%2F0001-20&n_documento=120614%2FA","service":"btg-baixa-titulos-service","timestamp":"2026-05-26T12:59:37.752Z"}
{"lancamento":1434917847,"level":"info","message":"ℹ️ Título 120614/A já estava baixado. Processo ignorado.","service":"btg-baixa-titulos-service","situacao":"BAIXADO","timestamp":"2026-05-26T12:59:37.774Z"}
{"level":"info","message":"🔎 Processando título 120666","service":"btg-baixa-titulos-service","timestamp":"2026-05-26T12:59:37.784Z"}
{"level":"info","message":"🌐 Millennium request: GET /MILLENIUM!JOIN_ONEUP.LANCAMENTOS.CONSULTALANCAMENTOS?cnpj=02.355.679%2F0001-67&n_documento=120666","service":"btg-baixa-titulos-service","timestamp":"2026-05-26T12:59:37.784Z"}
{"lancamento":1434917997,"level":"info","message":"ℹ️ Título 120666 já estava baixado. Processo ignorado.","service":"btg-baixa-titulos-service","situacao":"BAIXADO","timestamp":"2026-05-26T12:59:37.809Z"}
{"level":"info","message":"🔎 Processando título 120618","service":"btg-baixa-titulos-service","timestamp":"2026-05-26T12:59:37.817Z"}
{"level":"info","message":"🌐 Millennium request: GET /MILLENIUM!JOIN_ONEUP.LANCAMENTOS.CONSULTALANCAMENTOS?cnpj=01.009.793%2F0001-72&n_documento=120618","service":"btg-baixa-titulos-service","timestamp":"2026-05-26T12:59:37.817Z"}
{"lancamento":1434917858,"level":"info","message":"ℹ️ Título 120618 já estava baixado. Processo ignorado.","service":"btg-baixa-titulos-service","situacao":"BAIXADO","timestamp":"2026-05-26T12:59:37.843Z"}
{"level":"info","message":"🔎 Processando título CORRE 117241","service":"btg-baixa-titulos-service","timestamp":"2026-05-26T12:59:37.850Z"}
{"level":"info","message":"🌐 Millennium request: GET /MILLENIUM!JOIN_ONEUP.LANCAMENTOS.CONSULTALANCAMENTOS?cnpj=03.294.992%2F0001-03&n_documento=CORRE%20117241","service":"btg-baixa-titulos-service","timestamp":"2026-05-26T12:59:37.850Z"}
{"lancamento":1434918546,"level":"info","message":"ℹ️ Título CORRE 117241 já estava baixado. Processo ignorado.","service":"btg-baixa-titulos-service","situacao":"BAIXADO","timestamp":"2026-05-26T12:59:37.958Z"}
{"level":"info","message":"🔎 Processando título 120619/A","service":"btg-baixa-titulos-service","timestamp":"2026-05-26T12:59:37.969Z"}
{"level":"info","message":"🌐 Millennium request: GET /MILLENIUM!JOIN_ONEUP.LANCAMENTOS.CONSULTALANCAMENTOS?cnpj=73.652.158%2F0001-10&n_documento=120619%2FA","service":"btg-baixa-titulos-service","timestamp":"2026-05-26T12:59:37.970Z"}
{"lancamento":1434917859,"level":"info","message":"ℹ️ Título 120619/A já estava baixado. Processo ignorado.","service":"btg-baixa-titulos-service","situacao":"BAIXADO","timestamp":"2026-05-26T12:59:37.991Z"}
{"level":"info","message":"🔎 Processando título CORRE 118933","service":"btg-baixa-titulos-service","timestamp":"2026-05-26T12:59:38.000Z"}
{"level":"info","message":"🌐 Millennium request: GET /MILLENIUM!JOIN_ONEUP.LANCAMENTOS.CONSULTALANCAMENTOS?cnpj=01.009.793%2F0001-72&n_documento=CORRE%20118933","service":"btg-baixa-titulos-service","timestamp":"2026-05-26T12:59:38.000Z"}
{"lancamento":1434918549,"level":"info","message":"ℹ️ Título CORRE 118933 já estava baixado. Processo ignorado.","service":"btg-baixa-titulos-service","situacao":"BAIXADO","timestamp":"2026-05-26T12:59:38.022Z"}
{"level":"info","message":"🔎 Processando título FRE 117766","service":"btg-baixa-titulos-service","timestamp":"2026-05-26T12:59:38.029Z"}
{"level":"info","message":"🌐 Millennium request: GET /MILLENIUM!JOIN_ONEUP.LANCAMENTOS.CONSULTALANCAMENTOS?cnpj=57.408.548%2F0001-92&n_documento=FRE%20117766","service":"btg-baixa-titulos-service","timestamp":"2026-05-26T12:59:38.029Z"}
{"lancamento":1434918547,"level":"info","message":"ℹ️ Título FRE 117766 já estava baixado. Processo ignorado.","service":"btg-baixa-titulos-service","situacao":"BAIXADO","timestamp":"2026-05-26T12:59:38.046Z"}
{"level":"info","message":"🔎 Processando título FRE 117845","service":"btg-baixa-titulos-service","timestamp":"2026-05-26T12:59:38.050Z"}
{"level":"info","message":"🌐 Millennium request: GET /MILLENIUM!JOIN_ONEUP.LANCAMENTOS.CONSULTALANCAMENTOS?cnpj=03.294.992%2F0001-03&n_documento=FRE%20117845","service":"btg-baixa-titulos-service","timestamp":"2026-05-26T12:59:38.050Z"}
{"lancamento":1434918548,"level":"info","message":"ℹ️ Título FRE 117845 já estava baixado. Processo ignorado.","service":"btg-baixa-titulos-service","situacao":"BAIXADO","timestamp":"2026-05-26T12:59:38.063Z"}
{"level":"info","message":"🔎 Processando título FRE 119286","service":"btg-baixa-titulos-service","timestamp":"2026-05-26T12:59:38.066Z"}
{"level":"info","message":"🌐 Millennium request: GET /MILLENIUM!JOIN_ONEUP.LANCAMENTOS.CONSULTALANCAMENTOS?cnpj=21.067.137%2F0001-33&n_documento=FRE%20119286","service":"btg-baixa-titulos-service","timestamp":"2026-05-26T12:59:38.066Z"}
{"lancamento":1434918567,"level":"info","message":"ℹ️ Título FRE 119286 já estava baixado. Processo ignorado.","service":"btg-baixa-titulos-service","situacao":"BAIXADO","timestamp":"2026-05-26T12:59:38.081Z"}
{"level":"info","message":"🔎 Processando título FRE 119291","service":"btg-baixa-titulos-service","timestamp":"2026-05-26T12:59:38.083Z"}
{"level":"info","message":"🌐 Millennium request: GET /MILLENIUM!JOIN_ONEUP.LANCAMENTOS.CONSULTALANCAMENTOS?cnpj=01.009.793%2F0001-72&n_documento=FRE%20119291","service":"btg-baixa-titulos-service","timestamp":"2026-05-26T12:59:38.083Z"}
{"lancamento":1434918550,"level":"info","message":"ℹ️ Título FRE 119291 já estava baixado. Processo ignorado.","service":"btg-baixa-titulos-service","situacao":"BAIXADO","timestamp":"2026-05-26T12:59:38.101Z"}
{"level":"info","message":"🔎 Processando título 120620","service":"btg-baixa-titulos-service","timestamp":"2026-05-26T12:59:38.103Z"}
{"level":"info","message":"🌐 Millennium request: GET /MILLENIUM!JOIN_ONEUP.LANCAMENTOS.CONSULTALANCAMENTOS?cnpj=01.329.811%2F0001-01&n_documento=120620","service":"btg-baixa-titulos-service","timestamp":"2026-05-26T12:59:38.103Z"}
{"lancamento":1434917864,"level":"info","message":"ℹ️ Título 120620 já estava baixado. Processo ignorado.","service":"btg-baixa-titulos-service","situacao":"BAIXADO","timestamp":"2026-05-26T12:59:38.201Z"}
{"level":"info","message":"🔎 Processando título FRE 119300","service":"btg-baixa-titulos-service","timestamp":"2026-05-26T12:59:38.208Z"}
{"level":"info","message":"🌐 Millennium request: GET /MILLENIUM!JOIN_ONEUP.LANCAMENTOS.CONSULTALANCAMENTOS?cnpj=01.329.811%2F0001-01&n_documento=FRE%20119300","service":"btg-baixa-titulos-service","timestamp":"2026-05-26T12:59:38.209Z"}
{"lancamento":1434918576,"level":"info","message":"ℹ️ Título FRE 119300 já estava baixado. Processo ignorado.","service":"btg-baixa-titulos-service","situacao":"BAIXADO","timestamp":"2026-05-26T12:59:38.227Z"}
{"level":"info","message":"🔎 Processando título 120623/A","service":"btg-baixa-titulos-service","timestamp":"2026-05-26T12:59:38.234Z"}
{"level":"info","message":"🌐 Millennium request: GET /MILLENIUM!JOIN_ONEUP.LANCAMENTOS.CONSULTALANCAMENTOS?cnpj=00.768.271%2F0001-91&n_documento=120623%2FA","service":"btg-baixa-titulos-service","timestamp":"2026-05-26T12:59:38.234Z"}
{"lancamento":1434917866,"level":"info","message":"ℹ️ Título 120623/A já estava baixado. Processo ignorado.","service":"btg-baixa-titulos-service","situacao":"BAIXADO","timestamp":"2026-05-26T12:59:38.256Z"}
{"level":"info","message":"🔎 Processando título FRE 119324","service":"btg-baixa-titulos-service","timestamp":"2026-05-26T12:59:38.265Z"}
{"level":"info","message":"🌐 Millennium request: GET /MILLENIUM!JOIN_ONEUP.LANCAMENTOS.CONSULTALANCAMENTOS?cnpj=03.294.992%2F0001-03&n_documento=FRE%20119324","service":"btg-baixa-titulos-service","timestamp":"2026-05-26T12:59:38.266Z"}
{"lancamento":1434918575,"level":"info","message":"ℹ️ Título FRE 119324 já estava baixado. Processo ignorado.","service":"btg-baixa-titulos-service","situacao":"BAIXADO","timestamp":"2026-05-26T12:59:38.288Z"}
{"level":"info","message":"🔎 Processando título 120623/B","service":"btg-baixa-titulos-service","timestamp":"2026-05-26T12:59:38.296Z"}
{"level":"info","message":"🌐 Millennium request: GET /MILLENIUM!JOIN_ONEUP.LANCAMENTOS.CONSULTALANCAMENTOS?cnpj=00.768.271%2F0001-91&n_documento=120623%2FB","service":"btg-baixa-titulos-service","timestamp":"2026-05-26T12:59:38.296Z"}
{"lancamento":1434917867,"level":"info","message":"📝 Atualizando título 120623/B","payload":{"lancamento":1434917867,"linhaDigitavel":"20890050091694615244078031005800414580000232640","nossoNumero":"29673969461524478","valorJuros":0},"service":"btg-baixa-titulos-service","timestamp":"2026-05-26T12:59:38.317Z"}
{"level":"info","message":"🌐 Millennium request: POST /MILLENIUM!JOIN_ONEUP.LANCAMENTOS.INSEREINFO","service":"btg-baixa-titulos-service","timestamp":"2026-05-26T12:59:38.317Z"}
{"lancamento":1434917867,"level":"info","message":"✅ Título atualizado com sucesso","numeroDocumento":"120623/B","service":"btg-baixa-titulos-service","timestamp":"2026-05-26T12:59:38.340Z","transId":340565629}
{"lancamento":1434917867,"level":"info","message":"💰 Iniciando baixa do título 120623/B","payload":{"CONCILIADO":true,"CONTA":1431333549,"DATA_PAGAMENTO":"2026-05-25","EFETUADO":true,"FILIAL":5,"GERA_OUTRO":false,"LANCAMENTO":1434917867,"OBS":"2026-05-26T12:59:38.340Z - Baixa por retorno automacao importacao excel","STATUS_BAIXA":"N","VALOR":2326.4,"acres_decres":0,"valor_pago":2326.4},"service":"btg-baixa-titulos-service","timestamp":"2026-05-26T12:59:38.340Z"}
{"dataPagamento":"2026-05-25","level":"info","message":"📅 Payload da baixa","service":"btg-baixa-titulos-service","timestamp":"2026-05-26T12:59:38.340Z"}
{"level":"info","message":"🌐 Millennium request: POST /millenium/titulos/baixa","service":"btg-baixa-titulos-service","timestamp":"2026-05-26T12:59:38.340Z"}
{"baixa":1435955786,"level":"info","message":"✅ Título baixado com sucesso","numeroDocumento":"120623/B","service":"btg-baixa-titulos-service","timestamp":"2026-05-26T12:59:38.421Z","valor":2326.4}
{"level":"info","message":"✅ Fluxo concluído para 120623/B","service":"btg-baixa-titulos-service","timestamp":"2026-05-26T12:59:38.421Z"}
{"level":"info","message":"🔎 Processando título FRE 119325","service":"btg-baixa-titulos-service","timestamp":"2026-05-26T12:59:38.430Z"}
{"level":"info","message":"🌐 Millennium request: GET /MILLENIUM!JOIN_ONEUP.LANCAMENTOS.CONSULTALANCAMENTOS?cnpj=02.355.679%2F0001-67&n_documento=FRE%20119325","service":"btg-baixa-titulos-service","timestamp":"2026-05-26T12:59:38.430Z"}
{"lancamento":1434918566,"level":"info","message":"ℹ️ Título FRE 119325 já estava baixado. Processo ignorado.","service":"btg-baixa-titulos-service","situacao":"BAIXADO","timestamp":"2026-05-26T12:59:38.501Z"}
{"level":"info","message":"🔎 Processando título FRE 119328","service":"btg-baixa-titulos-service","timestamp":"2026-05-26T12:59:38.510Z"}
{"level":"info","message":"🌐 Millennium request: GET /MILLENIUM!JOIN_ONEUP.LANCAMENTOS.CONSULTALANCAMENTOS?cnpj=57.408.548%2F0001-92&n_documento=FRE%20119328","service":"btg-baixa-titulos-service","timestamp":"2026-05-26T12:59:38.510Z"}
{"erro":"Título não localizado: FRE 119328","level":"error","message":"❌ Erro no título FRE 119328","service":"btg-baixa-titulos-service","status":"ERRO_CONSULTA","timestamp":"2026-05-26T12:59:38.533Z"}
{"level":"info","message":"🔎 Processando título 119986/A","service":"btg-baixa-titulos-service","timestamp":"2026-05-26T12:59:38.539Z"}
{"level":"info","message":"🌐 Millennium request: GET /MILLENIUM!JOIN_ONEUP.LANCAMENTOS.CONSULTALANCAMENTOS?cnpj=73.652.158%2F0001-10&n_documento=119986%2FA","service":"btg-baixa-titulos-service","timestamp":"2026-05-26T12:59:38.539Z"}
{"lancamento":1434914963,"level":"info","message":"ℹ️ Título 119986/A já estava baixado. Processo ignorado.","service":"btg-baixa-titulos-service","situacao":"BAIXADO","timestamp":"2026-05-26T12:59:38.609Z"}
{"level":"info","message":"🔎 Processando título 119986/B","service":"btg-baixa-titulos-service","timestamp":"2026-05-26T12:59:38.619Z"}
{"level":"info","message":"🌐 Millennium request: GET /MILLENIUM!JOIN_ONEUP.LANCAMENTOS.CONSULTALANCAMENTOS?cnpj=73.652.158%2F0001-10&n_documento=119986%2FB","service":"btg-baixa-titulos-service","timestamp":"2026-05-26T12:59:38.619Z"}
{"lancamento":1434914964,"level":"info","message":"ℹ️ Título 119986/B já estava baixado. Processo ignorado.","service":"btg-baixa-titulos-service","situacao":"BAIXADO","timestamp":"2026-05-26T12:59:38.726Z"}
{"level":"info","message":"🔎 Processando título 121137/A","service":"btg-baixa-titulos-service","timestamp":"2026-05-26T12:59:38.734Z"}
{"level":"info","message":"🌐 Millennium request: GET /MILLENIUM!JOIN_ONEUP.LANCAMENTOS.CONSULTALANCAMENTOS?cnpj=00.768.271%2F0001-91&n_documento=121137%2FA","service":"btg-baixa-titulos-service","timestamp":"2026-05-26T12:59:38.734Z"}
{"lancamento":1434919878,"level":"info","message":"ℹ️ Título 121137/A já estava baixado. Processo ignorado.","service":"btg-baixa-titulos-service","situacao":"BAIXADO","timestamp":"2026-05-26T12:59:38.806Z"}
{"level":"info","message":"🔎 Processando título 120620","service":"btg-baixa-titulos-service","timestamp":"2026-05-26T12:59:38.817Z"}
{"level":"info","message":"🌐 Millennium request: GET /MILLENIUM!JOIN_ONEUP.LANCAMENTOS.CONSULTALANCAMENTOS?cnpj=01.329.811%2F0001-01&n_documento=120620","service":"btg-baixa-titulos-service","timestamp":"2026-05-26T12:59:38.817Z"}
{"lancamento":1434917864,"level":"info","message":"ℹ️ Título 120620 já estava baixado. Processo ignorado.","service":"btg-baixa-titulos-service","situacao":"BAIXADO","timestamp":"2026-05-26T12:59:38.839Z"}
{"level":"info","message":"🔎 Processando título 120775","service":"btg-baixa-titulos-service","timestamp":"2026-05-26T12:59:38.846Z"}
{"level":"info","message":"🌐 Millennium request: GET /MILLENIUM!JOIN_ONEUP.LANCAMENTOS.CONSULTALANCAMENTOS?cnpj=57.408.548%2F0001-92&n_documento=120775","service":"btg-baixa-titulos-service","timestamp":"2026-05-26T12:59:38.846Z"}
{"erro":"Título não localizado: 120775","level":"error","message":"❌ Erro no título 120775","service":"btg-baixa-titulos-service","status":"ERRO_CONSULTA","timestamp":"2026-05-26T12:59:38.888Z"}
{"level":"info","message":"🔎 Processando título CORRE 120029","service":"btg-baixa-titulos-service","timestamp":"2026-05-26T12:59:38.896Z"}
{"level":"info","message":"🌐 Millennium request: GET /MILLENIUM!JOIN_ONEUP.LANCAMENTOS.CONSULTALANCAMENTOS?cnpj=57.408.548%2F0001-92&n_documento=CORRE%20120029","service":"btg-baixa-titulos-service","timestamp":"2026-05-26T12:59:38.896Z"}
{"lancamento":1434922461,"level":"info","message":"ℹ️ Título CORRE 120029 já estava baixado. Processo ignorado.","service":"btg-baixa-titulos-service","situacao":"BAIXADO","timestamp":"2026-05-26T12:59:38.918Z"}
{"level":"info","message":"🔎 Processando título CORRE 120329","service":"btg-baixa-titulos-service","timestamp":"2026-05-26T12:59:38.925Z"}
{"level":"info","message":"🌐 Millennium request: GET /MILLENIUM!JOIN_ONEUP.LANCAMENTOS.CONSULTALANCAMENTOS?cnpj=57.408.548%2F0001-92&n_documento=CORRE%20120329","service":"btg-baixa-titulos-service","timestamp":"2026-05-26T12:59:38.925Z"}
{"lancamento":1434922462,"level":"info","message":"ℹ️ Título CORRE 120329 já estava baixado. Processo ignorado.","service":"btg-baixa-titulos-service","situacao":"BAIXADO","timestamp":"2026-05-26T12:59:38.942Z"}
{"level":"info","message":"🔎 Processando título CORRE 120558","service":"btg-baixa-titulos-service","timestamp":"2026-05-26T12:59:38.947Z"}
{"level":"info","message":"🌐 Millennium request: GET /MILLENIUM!JOIN_ONEUP.LANCAMENTOS.CONSULTALANCAMENTOS?cnpj=57.408.548%2F0001-92&n_documento=CORRE%20120558","service":"btg-baixa-titulos-service","timestamp":"2026-05-26T12:59:38.947Z"}
{"erro":"Título não localizado: CORRE 120558","level":"error","message":"❌ Erro no título CORRE 120558","service":"btg-baixa-titulos-service","status":"ERRO_CONSULTA","timestamp":"2026-05-26T12:59:38.962Z"}
{"level":"info","message":"🔎 Processando título FRE 120629","service":"btg-baixa-titulos-service","timestamp":"2026-05-26T12:59:38.967Z"}
{"level":"info","message":"🌐 Millennium request: GET /MILLENIUM!JOIN_ONEUP.LANCAMENTOS.CONSULTALANCAMENTOS?cnpj=57.408.548%2F0001-92&n_documento=FRE%20120629","service":"btg-baixa-titulos-service","timestamp":"2026-05-26T12:59:38.967Z"}
{"lancamento":1434922484,"level":"info","message":"ℹ️ Título FRE 120629 já estava baixado. Processo ignorado.","service":"btg-baixa-titulos-service","situacao":"BAIXADO","timestamp":"2026-05-26T12:59:38.981Z"}
{"level":"info","message":"🔎 Processando título 121368","service":"btg-baixa-titulos-service","timestamp":"2026-05-26T12:59:38.985Z"}
{"level":"info","message":"🌐 Millennium request: GET /MILLENIUM!JOIN_ONEUP.LANCAMENTOS.CONSULTALANCAMENTOS?cnpj=01.009.793%2F0001-72&n_documento=121368","service":"btg-baixa-titulos-service","timestamp":"2026-05-26T12:59:38.985Z"}
{"lancamento":1434920840,"level":"info","message":"ℹ️ Título 121368 já estava baixado. Processo ignorado.","service":"btg-baixa-titulos-service","situacao":"BAIXADO","timestamp":"2026-05-26T12:59:39.000Z"}
{"level":"info","message":"🔎 Processando título FRE 120618","service":"btg-baixa-titulos-service","timestamp":"2026-05-26T12:59:39.005Z"}
{"level":"info","message":"🌐 Millennium request: GET /MILLENIUM!JOIN_ONEUP.LANCAMENTOS.CONSULTALANCAMENTOS?cnpj=01.009.793%2F0001-72&n_documento=FRE%20120618","service":"btg-baixa-titulos-service","timestamp":"2026-05-26T12:59:39.005Z"}
{"lancamento":1434922481,"level":"info","message":"ℹ️ Título FRE 120618 já estava baixado. Processo ignorado.","service":"btg-baixa-titulos-service","situacao":"BAIXADO","timestamp":"2026-05-26T12:59:39.021Z"}
{"level":"info","message":"🔎 Processando título CORRE 120183","service":"btg-baixa-titulos-service","timestamp":"2026-05-26T12:59:39.026Z"}
{"level":"info","message":"🌐 Millennium request: GET /MILLENIUM!JOIN_ONEUP.LANCAMENTOS.CONSULTALANCAMENTOS?cnpj=03.294.992%2F0001-03&n_documento=CORRE%20120183","service":"btg-baixa-titulos-service","timestamp":"2026-05-26T12:59:39.026Z"}
{"lancamento":1434922458,"level":"info","message":"ℹ️ Título CORRE 120183 já estava baixado. Processo ignorado.","service":"btg-baixa-titulos-service","situacao":"BAIXADO","timestamp":"2026-05-26T12:59:39.041Z"}
{"level":"info","message":"🔎 Processando título FRE 120631","service":"btg-baixa-titulos-service","timestamp":"2026-05-26T12:59:39.045Z"}
{"level":"info","message":"🌐 Millennium request: GET /MILLENIUM!JOIN_ONEUP.LANCAMENTOS.CONSULTALANCAMENTOS?cnpj=03.294.992%2F0001-03&n_documento=FRE%20120631","service":"btg-baixa-titulos-service","timestamp":"2026-05-26T12:59:39.045Z"}
{"lancamento":1434922472,"level":"info","message":"ℹ️ Título FRE 120631 já estava baixado. Processo ignorado.","service":"btg-baixa-titulos-service","situacao":"BAIXADO","timestamp":"2026-05-26T12:59:39.058Z"}
{"level":"info","message":"🔎 Processando título FRE 120666","service":"btg-baixa-titulos-service","timestamp":"2026-05-26T12:59:39.063Z"}
{"level":"info","message":"🌐 Millennium request: GET /MILLENIUM!JOIN_ONEUP.LANCAMENTOS.CONSULTALANCAMENTOS?cnpj=02.355.679%2F0001-67&n_documento=FRE%20120666","service":"btg-baixa-titulos-service","timestamp":"2026-05-26T12:59:39.063Z"}
{"lancamento":1434922478,"level":"info","message":"ℹ️ Título FRE 120666 já estava baixado. Processo ignorado.","service":"btg-baixa-titulos-service","situacao":"BAIXADO","timestamp":"2026-05-26T12:59:39.075Z"}
{"level":"info","message":"🔎 Processando título 102319/G JUROS","service":"btg-baixa-titulos-service","timestamp":"2026-05-26T12:59:39.080Z"}
{"level":"info","message":"🌐 Millennium request: GET /MILLENIUM!JOIN_ONEUP.LANCAMENTOS.CONSULTALANCAMENTOS?cnpj=01.464.095%2F0001-67&n_documento=102319%2FG%20JUROS","service":"btg-baixa-titulos-service","timestamp":"2026-05-26T12:59:39.080Z"}
{"lancamento":1434925093,"level":"info","message":"ℹ️ Título 102319/G JUROS já estava baixado. Processo ignorado.","service":"btg-baixa-titulos-service","situacao":"BAIXADO","timestamp":"2026-05-26T12:59:39.093Z"}
{"level":"info","message":"🔎 Processando título 105758/C JUROS","service":"btg-baixa-titulos-service","timestamp":"2026-05-26T12:59:39.098Z"}
{"level":"info","message":"🌐 Millennium request: GET /MILLENIUM!JOIN_ONEUP.LANCAMENTOS.CONSULTALANCAMENTOS?cnpj=01.464.095%2F0001-67&n_documento=105758%2FC%20JUROS","service":"btg-baixa-titulos-service","timestamp":"2026-05-26T12:59:39.098Z"}
{"lancamento":1434925090,"level":"info","message":"ℹ️ Título 105758/C JUROS já estava baixado. Processo ignorado.","service":"btg-baixa-titulos-service","situacao":"BAIXADO","timestamp":"2026-05-26T12:59:39.112Z"}
{"level":"info","message":"🔎 Processando título 122400/A","service":"btg-baixa-titulos-service","timestamp":"2026-05-26T12:59:39.117Z"}
{"level":"info","message":"🌐 Millennium request: GET /MILLENIUM!JOIN_ONEUP.LANCAMENTOS.CONSULTALANCAMENTOS?cnpj=03.247.651%2F0001-79&n_documento=122400%2FA","service":"btg-baixa-titulos-service","timestamp":"2026-05-26T12:59:39.117Z"}
{"lancamento":1434924424,"level":"info","message":"ℹ️ Título 122400/A já estava baixado. Processo ignorado.","service":"btg-baixa-titulos-service","situacao":"BAIXADO","timestamp":"2026-05-26T12:59:39.130Z"}
{"level":"info","message":"🔎 Processando título 122010/A","service":"btg-baixa-titulos-service","timestamp":"2026-05-26T12:59:39.135Z"}
{"level":"info","message":"🌐 Millennium request: GET /MILLENIUM!JOIN_ONEUP.LANCAMENTOS.CONSULTALANCAMENTOS?cnpj=50.649.490%2F0001-20&n_documento=122010%2FA","service":"btg-baixa-titulos-service","timestamp":"2026-05-26T12:59:39.135Z"}
{"lancamento":1434922953,"level":"info","message":"ℹ️ Título 122010/A já estava baixado. Processo ignorado.","service":"btg-baixa-titulos-service","situacao":"BAIXADO","timestamp":"2026-05-26T12:59:39.150Z"}
{"level":"info","message":"🔎 Processando título 122399/A","service":"btg-baixa-titulos-service","timestamp":"2026-05-26T12:59:39.155Z"}
{"level":"info","message":"🌐 Millennium request: GET /MILLENIUM!JOIN_ONEUP.LANCAMENTOS.CONSULTALANCAMENTOS?cnpj=06.181.589%2F0001-58&n_documento=122399%2FA","service":"btg-baixa-titulos-service","timestamp":"2026-05-26T12:59:39.155Z"}
{"lancamento":1434924418,"level":"info","message":"ℹ️ Título 122399/A já estava baixado. Processo ignorado.","service":"btg-baixa-titulos-service","situacao":"BAIXADO","timestamp":"2026-05-26T12:59:39.248Z"}
{"level":"info","message":"🔎 Processando título 122404/A","service":"btg-baixa-titulos-service","timestamp":"2026-05-26T12:59:39.257Z"}
{"level":"info","message":"🌐 Millennium request: GET /MILLENIUM!JOIN_ONEUP.LANCAMENTOS.CONSULTALANCAMENTOS?cnpj=03.294.992%2F0001-03&n_documento=122404%2FA","service":"btg-baixa-titulos-service","timestamp":"2026-05-26T12:59:39.257Z"}
{"lancamento":1434924436,"level":"info","message":"ℹ️ Título 122404/A já estava baixado. Processo ignorado.","service":"btg-baixa-titulos-service","situacao":"BAIXADO","timestamp":"2026-05-26T12:59:39.273Z"}
{"level":"info","message":"🔎 Processando título 121874/A","service":"btg-baixa-titulos-service","timestamp":"2026-05-26T12:59:39.279Z"}
{"level":"info","message":"🌐 Millennium request: GET /MILLENIUM!JOIN_ONEUP.LANCAMENTOS.CONSULTALANCAMENTOS?cnpj=44.999.259%2F0001-63&n_documento=121874%2FA","service":"btg-baixa-titulos-service","timestamp":"2026-05-26T12:59:39.279Z"}
{"lancamento":1434922496,"level":"info","message":"ℹ️ Título 121874/A já estava baixado. Processo ignorado.","service":"btg-baixa-titulos-service","situacao":"BAIXADO","timestamp":"2026-05-26T12:59:39.296Z"}
{"level":"info","message":"🔎 Processando título 122337/A","service":"btg-baixa-titulos-service","timestamp":"2026-05-26T12:59:39.304Z"}
{"level":"info","message":"🌐 Millennium request: GET /MILLENIUM!JOIN_ONEUP.LANCAMENTOS.CONSULTALANCAMENTOS?cnpj=44.999.259%2F0001-63&n_documento=122337%2FA","service":"btg-baixa-titulos-service","timestamp":"2026-05-26T12:59:39.304Z"}
{"lancamento":1434924353,"level":"info","message":"ℹ️ Título 122337/A já estava baixado. Processo ignorado.","service":"btg-baixa-titulos-service","situacao":"BAIXADO","timestamp":"2026-05-26T12:59:39.322Z"}
{"level":"info","message":"🔎 Processando título 122396","service":"btg-baixa-titulos-service","timestamp":"2026-05-26T12:59:39.325Z"}
{"level":"info","message":"🌐 Millennium request: GET /MILLENIUM!JOIN_ONEUP.LANCAMENTOS.CONSULTALANCAMENTOS?cnpj=01.329.811%2F0001-01&n_documento=122396","service":"btg-baixa-titulos-service","timestamp":"2026-05-26T12:59:39.325Z"}
{"lancamento":1434924416,"level":"info","message":"ℹ️ Título 122396 já estava baixado. Processo ignorado.","service":"btg-baixa-titulos-service","situacao":"BAIXADO","timestamp":"2026-05-26T12:59:39.340Z"}
{"level":"info","message":"🔎 Processando título 122343","service":"btg-baixa-titulos-service","timestamp":"2026-05-26T12:59:39.343Z"}
{"level":"info","message":"🌐 Millennium request: GET /MILLENIUM!JOIN_ONEUP.LANCAMENTOS.CONSULTALANCAMENTOS?cnpj=77.857.555%2F0009-36&n_documento=122343","service":"btg-baixa-titulos-service","timestamp":"2026-05-26T12:59:39.343Z"}
{"lancamento":1434924374,"level":"info","message":"ℹ️ Título 122343 já estava baixado. Processo ignorado.","service":"btg-baixa-titulos-service","situacao":"BAIXADO","timestamp":"2026-05-26T12:59:39.358Z"}
{"level":"info","message":"🔎 Processando título 122336/A","service":"btg-baixa-titulos-service","timestamp":"2026-05-26T12:59:39.361Z"}
{"level":"info","message":"🌐 Millennium request: GET /MILLENIUM!JOIN_ONEUP.LANCAMENTOS.CONSULTALANCAMENTOS?cnpj=50.649.490%2F0001-20&n_documento=122336%2FA","service":"btg-baixa-titulos-service","timestamp":"2026-05-26T12:59:39.361Z"}
{"lancamento":1434924349,"level":"info","message":"ℹ️ Título 122336/A já estava baixado. Processo ignorado.","service":"btg-baixa-titulos-service","situacao":"BAIXADO","timestamp":"2026-05-26T12:59:39.375Z"}
{"level":"info","message":"🔎 Processando título 122341","service":"btg-baixa-titulos-service","timestamp":"2026-05-26T12:59:39.378Z"}
{"level":"info","message":"🌐 Millennium request: GET /MILLENIUM!JOIN_ONEUP.LANCAMENTOS.CONSULTALANCAMENTOS?cnpj=01.009.793%2F0001-72&n_documento=122341","service":"btg-baixa-titulos-service","timestamp":"2026-05-26T12:59:39.378Z"}
{"lancamento":1434924366,"level":"info","message":"ℹ️ Título 122341 já estava baixado. Processo ignorado.","service":"btg-baixa-titulos-service","situacao":"BAIXADO","timestamp":"2026-05-26T12:59:39.393Z"}
{"level":"info","message":"🔎 Processando título 122395","service":"btg-baixa-titulos-service","timestamp":"2026-05-26T12:59:39.396Z"}
{"level":"info","message":"🌐 Millennium request: GET /MILLENIUM!JOIN_ONEUP.LANCAMENTOS.CONSULTALANCAMENTOS?cnpj=02.355.679%2F0001-67&n_documento=122395","service":"btg-baixa-titulos-service","timestamp":"2026-05-26T12:59:39.396Z"}
{"lancamento":1434924415,"level":"info","message":"ℹ️ Título 122395 já estava baixado. Processo ignorado.","service":"btg-baixa-titulos-service","situacao":"BAIXADO","timestamp":"2026-05-26T12:59:39.410Z"}
{"level":"info","message":"🔎 Processando título 122338/A","service":"btg-baixa-titulos-service","timestamp":"2026-05-26T12:59:39.414Z"}
{"level":"info","message":"🌐 Millennium request: GET /MILLENIUM!JOIN_ONEUP.LANCAMENTOS.CONSULTALANCAMENTOS?cnpj=73.652.158%2F0001-10&n_documento=122338%2FA","service":"btg-baixa-titulos-service","timestamp":"2026-05-26T12:59:39.414Z"}
{"lancamento":1434924358,"level":"info","message":"ℹ️ Título 122338/A já estava baixado. Processo ignorado.","service":"btg-baixa-titulos-service","situacao":"BAIXADO","timestamp":"2026-05-26T12:59:39.431Z"}
{"level":"info","message":"🔎 Processando título 122444/A","service":"btg-baixa-titulos-service","timestamp":"2026-05-26T12:59:39.435Z"}
{"level":"info","message":"🌐 Millennium request: GET /MILLENIUM!JOIN_ONEUP.LANCAMENTOS.CONSULTALANCAMENTOS?cnpj=59.205.187%2F0001-02&n_documento=122444%2FA","service":"btg-baixa-titulos-service","timestamp":"2026-05-26T12:59:39.435Z"}
{"lancamento":1434924544,"level":"info","message":"ℹ️ Título 122444/A já estava baixado. Processo ignorado.","service":"btg-baixa-titulos-service","situacao":"BAIXADO","timestamp":"2026-05-26T12:59:39.451Z"}
{"level":"info","message":"🔎 Processando título 122342/A","service":"btg-baixa-titulos-service","timestamp":"2026-05-26T12:59:39.456Z"}
{"level":"info","message":"🌐 Millennium request: GET /MILLENIUM!JOIN_ONEUP.LANCAMENTOS.CONSULTALANCAMENTOS?cnpj=00.768.271%2F0001-91&n_documento=122342%2FA","service":"btg-baixa-titulos-service","timestamp":"2026-05-26T12:59:39.456Z"}
{"lancamento":1434924368,"level":"info","message":"ℹ️ Título 122342/A já estava baixado. Processo ignorado.","service":"btg-baixa-titulos-service","situacao":"BAIXADO","timestamp":"2026-05-26T12:59:39.472Z"}
{"level":"info","message":"🔎 Processando título 122393/A","service":"btg-baixa-titulos-service","timestamp":"2026-05-26T12:59:39.476Z"}
{"level":"info","message":"🌐 Millennium request: GET /MILLENIUM!JOIN_ONEUP.LANCAMENTOS.CONSULTALANCAMENTOS?cnpj=59.205.187%2F0001-02&n_documento=122393%2FA","service":"btg-baixa-titulos-service","timestamp":"2026-05-26T12:59:39.476Z"}
{"lancamento":1434924411,"level":"info","message":"ℹ️ Título 122393/A já estava baixado. Processo ignorado.","service":"btg-baixa-titulos-service","situacao":"BAIXADO","timestamp":"2026-05-26T12:59:39.493Z"}
{"level":"info","message":"🔎 Processando título CORRE 121367","service":"btg-baixa-titulos-service","timestamp":"2026-05-26T12:59:39.496Z"}
{"level":"info","message":"🌐 Millennium request: GET /MILLENIUM!JOIN_ONEUP.LANCAMENTOS.CONSULTALANCAMENTOS?cnpj=01.329.811%2F0001-01&n_documento=CORRE%20121367","service":"btg-baixa-titulos-service","timestamp":"2026-05-26T12:59:39.496Z"}
{"lancamento":1434927644,"level":"info","message":"ℹ️ Título CORRE 121367 já estava baixado. Processo ignorado.","service":"btg-baixa-titulos-service","situacao":"BAIXADO","timestamp":"2026-05-26T12:59:39.510Z"}
{"level":"info","message":"🔎 Processando título CORRE 121668","service":"btg-baixa-titulos-service","timestamp":"2026-05-26T12:59:39.515Z"}
{"level":"info","message":"🌐 Millennium request: GET /MILLENIUM!JOIN_ONEUP.LANCAMENTOS.CONSULTALANCAMENTOS?cnpj=21.067.137%2F0001-33&n_documento=CORRE%20121668","service":"btg-baixa-titulos-service","timestamp":"2026-05-26T12:59:39.515Z"}
{"lancamento":1434927646,"level":"info","message":"ℹ️ Título CORRE 121668 já estava baixado. Processo ignorado.","service":"btg-baixa-titulos-service","situacao":"BAIXADO","timestamp":"2026-05-26T12:59:39.530Z"}
{"level":"info","message":"🔎 Processando título CORRE 121369","service":"btg-baixa-titulos-service","timestamp":"2026-05-26T12:59:39.536Z"}
{"level":"info","message":"🌐 Millennium request: GET /MILLENIUM!JOIN_ONEUP.LANCAMENTOS.CONSULTALANCAMENTOS?cnpj=57.408.548%2F0001-92&n_documento=CORRE%20121369","service":"btg-baixa-titulos-service","timestamp":"2026-05-26T12:59:39.536Z"}
{"lancamento":1434927636,"level":"info","message":"ℹ️ Título CORRE 121369 já estava baixado. Processo ignorado.","service":"btg-baixa-titulos-service","situacao":"BAIXADO","timestamp":"2026-05-26T12:59:39.552Z"}
{"level":"info","message":"🔎 Processando título CORRE 122593","service":"btg-baixa-titulos-service","timestamp":"2026-05-26T12:59:39.557Z"}
{"level":"info","message":"🌐 Millennium request: GET /MILLENIUM!JOIN_ONEUP.LANCAMENTOS.CONSULTALANCAMENTOS?cnpj=21.067.137%2F0001-33&n_documento=CORRE%20122593","service":"btg-baixa-titulos-service","timestamp":"2026-05-26T12:59:39.557Z"}
{"lancamento":1434927648,"level":"info","message":"ℹ️ Título CORRE 122593 já estava baixado. Processo ignorado.","service":"btg-baixa-titulos-service","situacao":"BAIXADO","timestamp":"2026-05-26T12:59:39.573Z"}
{"level":"info","message":"🔎 Processando título CORRE 121872","service":"btg-baixa-titulos-service","timestamp":"2026-05-26T12:59:39.578Z"}
{"level":"info","message":"🌐 Millennium request: GET /MILLENIUM!JOIN_ONEUP.LANCAMENTOS.CONSULTALANCAMENTOS?cnpj=57.408.548%2F0001-92&n_documento=CORRE%20121872","service":"btg-baixa-titulos-service","timestamp":"2026-05-26T12:59:39.578Z"}
{"lancamento":1434927638,"level":"info","message":"ℹ️ Título CORRE 121872 já estava baixado. Processo ignorado.","service":"btg-baixa-titulos-service","situacao":"BAIXADO","timestamp":"2026-05-26T12:59:39.592Z"}
{"level":"info","message":"🔎 Processando título CORRE 122020","service":"btg-baixa-titulos-service","timestamp":"2026-05-26T12:59:39.597Z"}
{"level":"info","message":"🌐 Millennium request: GET /MILLENIUM!JOIN_ONEUP.LANCAMENTOS.CONSULTALANCAMENTOS?cnpj=57.408.548%2F0001-92&n_documento=CORRE%20122020","service":"btg-baixa-titulos-service","timestamp":"2026-05-26T12:59:39.597Z"}
{"lancamento":1434927639,"level":"info","message":"ℹ️ Título CORRE 122020 já estava baixado. Processo ignorado.","service":"btg-baixa-titulos-service","situacao":"BAIXADO","timestamp":"2026-05-26T12:59:39.612Z"}
{"level":"info","message":"🔎 Processando título CORRE 121219","service":"btg-baixa-titulos-service","timestamp":"2026-05-26T12:59:39.617Z"}
{"level":"info","message":"🌐 Millennium request: GET /MILLENIUM!JOIN_ONEUP.LANCAMENTOS.CONSULTALANCAMENTOS?cnpj=57.408.548%2F0001-92&n_documento=CORRE%20121219","service":"btg-baixa-titulos-service","timestamp":"2026-05-26T12:59:39.617Z"}
{"lancamento":1434927635,"level":"info","message":"ℹ️ Título CORRE 121219 já estava baixado. Processo ignorado.","service":"btg-baixa-titulos-service","situacao":"BAIXADO","timestamp":"2026-05-26T12:59:39.631Z"}
{"level":"info","message":"🔎 Processando título CORRE 121444","service":"btg-baixa-titulos-service","timestamp":"2026-05-26T12:59:39.637Z"}
{"level":"info","message":"🌐 Millennium request: GET /MILLENIUM!JOIN_ONEUP.LANCAMENTOS.CONSULTALANCAMENTOS?cnpj=57.408.548%2F0001-92&n_documento=CORRE%20121444","service":"btg-baixa-titulos-service","timestamp":"2026-05-26T12:59:39.637Z"}
{"lancamento":1434927637,"level":"info","message":"ℹ️ Título CORRE 121444 já estava baixado. Processo ignorado.","service":"btg-baixa-titulos-service","situacao":"BAIXADO","timestamp":"2026-05-26T12:59:39.650Z"}
{"level":"info","message":"🔎 Processando título CORRE 122724","service":"btg-baixa-titulos-service","timestamp":"2026-05-26T12:59:39.655Z"}
{"level":"info","message":"🌐 Millennium request: GET /MILLENIUM!JOIN_ONEUP.LANCAMENTOS.CONSULTALANCAMENTOS?cnpj=57.408.548%2F0001-92&n_documento=CORRE%20122724","service":"btg-baixa-titulos-service","timestamp":"2026-05-26T12:59:39.655Z"}
{"lancamento":1434927641,"level":"info","message":"ℹ️ Título CORRE 122724 já estava baixado. Processo ignorado.","service":"btg-baixa-titulos-service","situacao":"BAIXADO","timestamp":"2026-05-26T12:59:39.670Z"}
{"level":"info","message":"🔎 Processando título CORRE 122725","service":"btg-baixa-titulos-service","timestamp":"2026-05-26T12:59:39.675Z"}
{"level":"info","message":"🌐 Millennium request: GET /MILLENIUM!JOIN_ONEUP.LANCAMENTOS.CONSULTALANCAMENTOS?cnpj=57.408.548%2F0001-92&n_documento=CORRE%20122725","service":"btg-baixa-titulos-service","timestamp":"2026-05-26T12:59:39.675Z"}
{"lancamento":1434927642,"level":"info","message":"ℹ️ Título CORRE 122725 já estava baixado. Processo ignorado.","service":"btg-baixa-titulos-service","situacao":"BAIXADO","timestamp":"2026-05-26T12:59:39.773Z"}
{"level":"info","message":"🔎 Processando título CORRE 122599","service":"btg-baixa-titulos-service","timestamp":"2026-05-26T12:59:39.784Z"}
{"level":"info","message":"🌐 Millennium request: GET /MILLENIUM!JOIN_ONEUP.LANCAMENTOS.CONSULTALANCAMENTOS?cnpj=57.408.548%2F0001-92&n_documento=CORRE%20122599","service":"btg-baixa-titulos-service","timestamp":"2026-05-26T12:59:39.785Z"}
{"lancamento":1434927640,"level":"info","message":"ℹ️ Título CORRE 122599 já estava baixado. Processo ignorado.","service":"btg-baixa-titulos-service","situacao":"BAIXADO","timestamp":"2026-05-26T12:59:39.801Z"}
{"level":"info","message":"🔎 Processando título FRE 122341","service":"btg-baixa-titulos-service","timestamp":"2026-05-26T12:59:39.810Z"}
{"level":"info","message":"🌐 Millennium request: GET /MILLENIUM!JOIN_ONEUP.LANCAMENTOS.CONSULTALANCAMENTOS?cnpj=01.009.793%2F0001-72&n_documento=FRE%20122341","service":"btg-baixa-titulos-service","timestamp":"2026-05-26T12:59:39.810Z"}
{"lancamento":1434927654,"level":"info","message":"ℹ️ Título FRE 122341 já estava baixado. Processo ignorado.","service":"btg-baixa-titulos-service","situacao":"BAIXADO","timestamp":"2026-05-26T12:59:39.825Z"}
{"level":"info","message":"🔎 Processando título FRE 122395","service":"btg-baixa-titulos-service","timestamp":"2026-05-26T12:59:39.831Z"}
{"level":"info","message":"🌐 Millennium request: GET /MILLENIUM!JOIN_ONEUP.LANCAMENTOS.CONSULTALANCAMENTOS?cnpj=02.355.679%2F0001-67&n_documento=FRE%20122395","service":"btg-baixa-titulos-service","timestamp":"2026-05-26T12:59:39.831Z"}
{"lancamento":1434927659,"level":"info","message":"ℹ️ Título FRE 122395 já estava baixado. Processo ignorado.","service":"btg-baixa-titulos-service","situacao":"BAIXADO","timestamp":"2026-05-26T12:59:39.845Z"}
{"level":"info","message":"🔎 Processando título FRE 122404","service":"btg-baixa-titulos-service","timestamp":"2026-05-26T12:59:39.851Z"}
{"level":"info","message":"🌐 Millennium request: GET /MILLENIUM!JOIN_ONEUP.LANCAMENTOS.CONSULTALANCAMENTOS?cnpj=03.294.992%2F0001-03&n_documento=FRE%20122404","service":"btg-baixa-titulos-service","timestamp":"2026-05-26T12:59:39.851Z"}
{"lancamento":1434927656,"level":"info","message":"ℹ️ Título FRE 122404 já estava baixado. Processo ignorado.","service":"btg-baixa-titulos-service","situacao":"BAIXADO","timestamp":"2026-05-26T12:59:39.865Z"}
{"level":"info","message":"🔎 Processando título FRE 122429","service":"btg-baixa-titulos-service","timestamp":"2026-05-26T12:59:39.871Z"}
{"level":"info","message":"🌐 Millennium request: GET /MILLENIUM!JOIN_ONEUP.LANCAMENTOS.CONSULTALANCAMENTOS?cnpj=57.408.548%2F0001-92&n_documento=FRE%20122429","service":"btg-baixa-titulos-service","timestamp":"2026-05-26T12:59:39.871Z"}
{"lancamento":1434927655,"level":"info","message":"ℹ️ Título FRE 122429 já estava baixado. Processo ignorado.","service":"btg-baixa-titulos-service","situacao":"BAIXADO","timestamp":"2026-05-26T12:59:39.884Z"}
{"level":"info","message":"🔎 Processando título 123383/A","service":"btg-baixa-titulos-service","timestamp":"2026-05-26T12:59:39.889Z"}
{"level":"info","message":"🌐 Millennium request: GET /MILLENIUM!JOIN_ONEUP.LANCAMENTOS.CONSULTALANCAMENTOS?cnpj=01.934.454%2F0001-00&n_documento=123383%2FA","service":"btg-baixa-titulos-service","timestamp":"2026-05-26T12:59:39.889Z"}
{"lancamento":1434929268,"level":"info","message":"📝 Atualizando título 123383/A","payload":{"lancamento":1434929268,"linhaDigitavel":"20890050091673899512113031005807114610000189867","nossoNumero":"09152567389951213","valorJuros":0},"service":"btg-baixa-titulos-service","timestamp":"2026-05-26T12:59:39.905Z"}
{"level":"info","message":"🌐 Millennium request: POST /MILLENIUM!JOIN_ONEUP.LANCAMENTOS.INSEREINFO","service":"btg-baixa-titulos-service","timestamp":"2026-05-26T12:59:39.905Z"}
{"lancamento":1434929268,"level":"info","message":"✅ Título atualizado com sucesso","numeroDocumento":"123383/A","service":"btg-baixa-titulos-service","timestamp":"2026-05-26T12:59:39.920Z","transId":340565631}
{"lancamento":1434929268,"level":"info","message":"💰 Iniciando baixa do título 123383/A","payload":{"CONCILIADO":true,"CONTA":1431333549,"DATA_PAGAMENTO":"2026-05-25","EFETUADO":true,"FILIAL":5,"GERA_OUTRO":false,"LANCAMENTO":1434929268,"OBS":"2026-05-26T12:59:39.920Z - Baixa por retorno automacao importacao excel","STATUS_BAIXA":"N","VALOR":1898.67,"acres_decres":0,"valor_pago":1898.67},"service":"btg-baixa-titulos-service","timestamp":"2026-05-26T12:59:39.920Z"}
{"dataPagamento":"2026-05-25","level":"info","message":"📅 Payload da baixa","service":"btg-baixa-titulos-service","timestamp":"2026-05-26T12:59:39.920Z"}
{"level":"info","message":"🌐 Millennium request: POST /millenium/titulos/baixa","service":"btg-baixa-titulos-service","timestamp":"2026-05-26T12:59:39.920Z"}
{"baixa":1435955787,"level":"info","message":"✅ Título baixado com sucesso","numeroDocumento":"123383/A","service":"btg-baixa-titulos-service","timestamp":"2026-05-26T12:59:40.000Z","valor":1898.67}
{"level":"info","message":"✅ Fluxo concluído para 123383/A","service":"btg-baixa-titulos-service","timestamp":"2026-05-26T12:59:40.000Z"}
{"level":"info","message":"🔎 Processando título 123800","service":"btg-baixa-titulos-service","timestamp":"2026-05-26T12:59:40.012Z"}
{"level":"info","message":"🌐 Millennium request: GET /MILLENIUM!JOIN_ONEUP.LANCAMENTOS.CONSULTALANCAMENTOS?cnpj=02.355.679%2F0001-67&n_documento=123800","service":"btg-baixa-titulos-service","timestamp":"2026-05-26T12:59:40.012Z"}
{"lancamento":1434930791,"level":"info","message":"ℹ️ Título 123800 já estava baixado. Processo ignorado.","service":"btg-baixa-titulos-service","situacao":"BAIXADO","timestamp":"2026-05-26T12:59:40.028Z"}
{"level":"info","message":"🔎 Processando título 123827","service":"btg-baixa-titulos-service","timestamp":"2026-05-26T12:59:40.035Z"}
{"level":"info","message":"🌐 Millennium request: GET /MILLENIUM!JOIN_ONEUP.LANCAMENTOS.CONSULTALANCAMENTOS?cnpj=77.857.555%2F0009-36&n_documento=123827","service":"btg-baixa-titulos-service","timestamp":"2026-05-26T12:59:40.035Z"}
{"lancamento":1434930898,"level":"info","message":"ℹ️ Título 123827 já estava baixado. Processo ignorado.","service":"btg-baixa-titulos-service","situacao":"BAIXADO","timestamp":"2026-05-26T12:59:40.049Z"}
{"level":"info","message":"🔎 Processando título 123788","service":"btg-baixa-titulos-service","timestamp":"2026-05-26T12:59:40.056Z"}
{"level":"info","message":"🌐 Millennium request: GET /MILLENIUM!JOIN_ONEUP.LANCAMENTOS.CONSULTALANCAMENTOS?cnpj=01.009.793%2F0001-72&n_documento=123788","service":"btg-baixa-titulos-service","timestamp":"2026-05-26T12:59:40.056Z"}
{"lancamento":1434930779,"level":"info","message":"ℹ️ Título 123788 já estava baixado. Processo ignorado.","service":"btg-baixa-titulos-service","situacao":"BAIXADO","timestamp":"2026-05-26T12:59:40.071Z"}
{"level":"info","message":"🔎 Processando título 122926/A","service":"btg-baixa-titulos-service","timestamp":"2026-05-26T12:59:40.077Z"}
{"level":"info","message":"🌐 Millennium request: GET /MILLENIUM!JOIN_ONEUP.LANCAMENTOS.CONSULTALANCAMENTOS?cnpj=03.294.992%2F0001-03&n_documento=122926%2FA","service":"btg-baixa-titulos-service","timestamp":"2026-05-26T12:59:40.077Z"}
{"lancamento":1434927255,"level":"info","message":"📝 Atualizando título 122926/A","payload":{"lancamento":1434927255,"linhaDigitavel":"20890050091964299820776031005804414570000015920","nossoNumero":"08334296429982076","valorJuros":0},"service":"btg-baixa-titulos-service","timestamp":"2026-05-26T12:59:40.091Z"}
{"level":"info","message":"🌐 Millennium request: POST /MILLENIUM!JOIN_ONEUP.LANCAMENTOS.INSEREINFO","service":"btg-baixa-titulos-service","timestamp":"2026-05-26T12:59:40.091Z"}
{"lancamento":1434927255,"level":"info","message":"✅ Título atualizado com sucesso","numeroDocumento":"122926/A","service":"btg-baixa-titulos-service","timestamp":"2026-05-26T12:59:40.107Z","transId":340565633}
{"lancamento":1434927255,"level":"info","message":"💰 Iniciando baixa do título 122926/A","payload":{"CONCILIADO":true,"CONTA":1431333549,"DATA_PAGAMENTO":"2026-05-25","EFETUADO":true,"FILIAL":5,"GERA_OUTRO":false,"LANCAMENTO":1434927255,"OBS":"2026-05-26T12:59:40.108Z - Baixa por retorno automacao importacao excel","STATUS_BAIXA":"N","VALOR":159.2,"acres_decres":0,"valor_pago":159.2},"service":"btg-baixa-titulos-service","timestamp":"2026-05-26T12:59:40.108Z"}
{"dataPagamento":"2026-05-25","level":"info","message":"📅 Payload da baixa","service":"btg-baixa-titulos-service","timestamp":"2026-05-26T12:59:40.108Z"}
{"level":"info","message":"🌐 Millennium request: POST /millenium/titulos/baixa","service":"btg-baixa-titulos-service","timestamp":"2026-05-26T12:59:40.108Z"}
{"baixa":1435955788,"level":"info","message":"✅ Título baixado com sucesso","numeroDocumento":"122926/A","service":"btg-baixa-titulos-service","timestamp":"2026-05-26T12:59:40.181Z","valor":159.2}
{"level":"info","message":"✅ Fluxo concluído para 122926/A","service":"btg-baixa-titulos-service","timestamp":"2026-05-26T12:59:40.182Z"}
{"level":"info","message":"🔎 Processando título CORRE 123826","service":"btg-baixa-titulos-service","timestamp":"2026-05-26T12:59:40.194Z"}
{"level":"info","message":"🌐 Millennium request: GET /MILLENIUM!JOIN_ONEUP.LANCAMENTOS.CONSULTALANCAMENTOS?cnpj=01.329.811%2F0001-01&n_documento=CORRE%20123826","service":"btg-baixa-titulos-service","timestamp":"2026-05-26T12:59:40.194Z"}
{"lancamento":1434934501,"level":"info","message":"ℹ️ Título CORRE 123826 já estava baixado. Processo ignorado.","service":"btg-baixa-titulos-service","situacao":"BAIXADO","timestamp":"2026-05-26T12:59:40.208Z"}
{"level":"info","message":"🔎 Processando título CORRE 122926","service":"btg-baixa-titulos-service","timestamp":"2026-05-26T12:59:40.213Z"}
{"level":"info","message":"🌐 Millennium request: GET /MILLENIUM!JOIN_ONEUP.LANCAMENTOS.CONSULTALANCAMENTOS?cnpj=03.294.992%2F0001-03&n_documento=CORRE%20122926","service":"btg-baixa-titulos-service","timestamp":"2026-05-26T12:59:40.213Z"}
{"lancamento":1434934507,"level":"info","message":"ℹ️ Título CORRE 122926 já estava baixado. Processo ignorado.","service":"btg-baixa-titulos-service","situacao":"BAIXADO","timestamp":"2026-05-26T12:59:40.307Z"}
{"level":"info","message":"🔎 Processando título CORRE 122927","service":"btg-baixa-titulos-service","timestamp":"2026-05-26T12:59:40.311Z"}
{"level":"info","message":"🌐 Millennium request: GET /MILLENIUM!JOIN_ONEUP.LANCAMENTOS.CONSULTALANCAMENTOS?cnpj=57.408.548%2F0001-92&n_documento=CORRE%20122927","service":"btg-baixa-titulos-service","timestamp":"2026-05-26T12:59:40.311Z"}
{"lancamento":1434934502,"level":"info","message":"ℹ️ Título CORRE 122927 já estava baixado. Processo ignorado.","service":"btg-baixa-titulos-service","situacao":"BAIXADO","timestamp":"2026-05-26T12:59:40.324Z"}
{"level":"info","message":"🔎 Processando título CORRE 124220","service":"btg-baixa-titulos-service","timestamp":"2026-05-26T12:59:40.327Z"}
{"level":"info","message":"🌐 Millennium request: GET /MILLENIUM!JOIN_ONEUP.LANCAMENTOS.CONSULTALANCAMENTOS?cnpj=57.408.548%2F0001-92&n_documento=CORRE%20124220","service":"btg-baixa-titulos-service","timestamp":"2026-05-26T12:59:40.327Z"}
{"lancamento":1434934506,"level":"info","message":"ℹ️ Título CORRE 124220 já estava baixado. Processo ignorado.","service":"btg-baixa-titulos-service","situacao":"BAIXADO","timestamp":"2026-05-26T12:59:40.342Z"}
{"level":"info","message":"🔎 Processando título CORRE 123800","service":"btg-baixa-titulos-service","timestamp":"2026-05-26T12:59:40.346Z"}
{"level":"info","message":"🌐 Millennium request: GET /MILLENIUM!JOIN_ONEUP.LANCAMENTOS.CONSULTALANCAMENTOS?cnpj=02.355.679%2F0001-67&n_documento=CORRE%20123800","service":"btg-baixa-titulos-service","timestamp":"2026-05-26T12:59:40.346Z"}
{"lancamento":1434934511,"level":"info","message":"ℹ️ Título CORRE 123800 já estava baixado. Processo ignorado.","service":"btg-baixa-titulos-service","situacao":"BAIXADO","timestamp":"2026-05-26T12:59:40.359Z"}
{"level":"info","message":"🔎 Processando título CORRE 123792","service":"btg-baixa-titulos-service","timestamp":"2026-05-26T12:59:40.364Z"}
{"level":"info","message":"🌐 Millennium request: GET /MILLENIUM!JOIN_ONEUP.LANCAMENTOS.CONSULTALANCAMENTOS?cnpj=03.294.992%2F0001-03&n_documento=CORRE%20123792","service":"btg-baixa-titulos-service","timestamp":"2026-05-26T12:59:40.364Z"}
{"lancamento":1434934508,"level":"info","message":"ℹ️ Título CORRE 123792 já estava baixado. Processo ignorado.","service":"btg-baixa-titulos-service","situacao":"BAIXADO","timestamp":"2026-05-26T12:59:40.379Z"}
{"level":"info","message":"🔎 Processando título CORRE 124031","service":"btg-baixa-titulos-service","timestamp":"2026-05-26T12:59:40.383Z"}
{"level":"info","message":"🌐 Millennium request: GET /MILLENIUM!JOIN_ONEUP.LANCAMENTOS.CONSULTALANCAMENTOS?cnpj=57.408.548%2F0001-92&n_documento=CORRE%20124031","service":"btg-baixa-titulos-service","timestamp":"2026-05-26T12:59:40.383Z"}
{"lancamento":1434934504,"level":"info","message":"ℹ️ Título CORRE 124031 já estava baixado. Processo ignorado.","service":"btg-baixa-titulos-service","situacao":"BAIXADO","timestamp":"2026-05-26T12:59:40.397Z"}
{"level":"info","message":"🔎 Processando título CORRE 123302","service":"btg-baixa-titulos-service","timestamp":"2026-05-26T12:59:40.402Z"}
{"level":"info","message":"🌐 Millennium request: GET /MILLENIUM!JOIN_ONEUP.LANCAMENTOS.CONSULTALANCAMENTOS?cnpj=57.408.548%2F0001-92&n_documento=CORRE%20123302","service":"btg-baixa-titulos-service","timestamp":"2026-05-26T12:59:40.402Z"}
{"lancamento":1434934503,"level":"info","message":"ℹ️ Título CORRE 123302 já estava baixado. Processo ignorado.","service":"btg-baixa-titulos-service","situacao":"BAIXADO","timestamp":"2026-05-26T12:59:40.417Z"}
{"level":"info","message":"🔎 Processando título CORRE 124253","service":"btg-baixa-titulos-service","timestamp":"2026-05-26T12:59:40.421Z"}
{"level":"info","message":"🌐 Millennium request: GET /MILLENIUM!JOIN_ONEUP.LANCAMENTOS.CONSULTALANCAMENTOS?cnpj=03.294.992%2F0001-03&n_documento=CORRE%20124253","service":"btg-baixa-titulos-service","timestamp":"2026-05-26T12:59:40.421Z"}
{"lancamento":1434934509,"level":"info","message":"ℹ️ Título CORRE 124253 já estava baixado. Processo ignorado.","service":"btg-baixa-titulos-service","situacao":"BAIXADO","timestamp":"2026-05-26T12:59:40.434Z"}
{"level":"info","message":"🔎 Processando título FRE 123788","service":"btg-baixa-titulos-service","timestamp":"2026-05-26T12:59:40.439Z"}
{"level":"info","message":"🌐 Millennium request: GET /MILLENIUM!JOIN_ONEUP.LANCAMENTOS.CONSULTALANCAMENTOS?cnpj=01.009.793%2F0001-72&n_documento=FRE%20123788","service":"btg-baixa-titulos-service","timestamp":"2026-05-26T12:59:40.439Z"}
{"lancamento":1434934500,"level":"info","message":"ℹ️ Título FRE 123788 já estava baixado. Processo ignorado.","service":"btg-baixa-titulos-service","situacao":"BAIXADO","timestamp":"2026-05-26T12:59:40.452Z"}
{"level":"info","message":"🔒 Finalizando sessão Millennium","service":"btg-baixa-titulos-service","timestamp":"2026-05-26T12:59:40.457Z"}
{"level":"info","message":"✅ Sessão Millennium finalizada com sucesso","service":"btg-baixa-titulos-service","timestamp":"2026-05-26T12:59:40.469Z"}
{"erroGeral":null,"erros":8,"finalizadoEm":"2026-05-26T12:59:40.469Z","jaBaixados":686,"level":"info","message":"🏁 Processamento finalizado","processamentoId":"BTG-20260526-FE5AB9","service":"btg-baixa-titulos-service","sucesso":23,"timestamp":"2026-05-26T12:59:40.475Z","total":717}
{"level":"info","message":"📲 Enviando resumo por WhatsApp","service":"btg-baixa-titulos-service","timestamp":"2026-05-26T12:59:40.511Z"}
