{"erro":"Divergência de valor no título 123885/A","level":"error","message":"❌ Erro no título 123885/A","service":"btg-baixa-titulos-service","status":"ERRO_CONSULTA","timestamp":"2026-05-12T13:13:35.948Z"}
{"erro":"Divergência de valor no título 123841/E","level":"error","message":"❌ Erro no título 123841/E","service":"btg-baixa-titulos-service","status":"ERRO_CONSULTA","timestamp":"2026-05-12T13:13:35.971Z"}
{"erro":"Divergência de valor no título 123841/D","level":"error","message":"❌ Erro no título 123841/D","service":"btg-baixa-titulos-service","status":"ERRO_CONSULTA","timestamp":"2026-05-12T13:13:35.991Z"}
{"erro":"Divergência de valor no título 123841/C","level":"error","message":"❌ Erro no título 123841/C","service":"btg-baixa-titulos-service","status":"ERRO_CONSULTA","timestamp":"2026-05-12T13:13:36.014Z"}
{"erro":"Divergência de valor no título 123841/B","level":"error","message":"❌ Erro no título 123841/B","service":"btg-baixa-titulos-service","status":"ERRO_CONSULTA","timestamp":"2026-05-12T13:13:36.032Z"}
{"erro":"Divergência de valor no título 123841/A","level":"error","message":"❌ Erro no título 123841/A","service":"btg-baixa-titulos-service","status":"ERRO_CONSULTA","timestamp":"2026-05-12T13:13:36.050Z"}
{"erro":"Divergência de valor no título 124031/D","level":"error","message":"❌ Erro no título 124031/D","service":"btg-baixa-titulos-service","status":"ERRO_CONSULTA","timestamp":"2026-05-12T13:13:36.071Z"}
{"erro":"Divergência de valor no título 124031/C","level":"error","message":"❌ Erro no título 124031/C","service":"btg-baixa-titulos-service","status":"ERRO_CONSULTA","timestamp":"2026-05-12T13:13:36.092Z"}
{"erro":"Divergência de valor no título 124031/B","level":"error","message":"❌ Erro no título 124031/B","service":"btg-baixa-titulos-service","status":"ERRO_CONSULTA","timestamp":"2026-05-12T13:13:36.114Z"}
{"erro":"Divergência de valor no título 124031/A","level":"error","message":"❌ Erro no título 124031/A","service":"btg-baixa-titulos-service","status":"ERRO_CONSULTA","timestamp":"2026-05-12T13:13:36.132Z"}
{"erro":"Divergência de valor no título 479/1","level":"error","message":"❌ Erro no título 479/1","service":"btg-baixa-titulos-service","status":"ERRO_CONSULTA","timestamp":"2026-05-12T13:13:36.154Z"}
{"erro":"Divergência de valor no título 479/9","level":"error","message":"❌ Erro no título 479/9","service":"btg-baixa-titulos-service","status":"ERRO_CONSULTA","timestamp":"2026-05-12T13:13:36.172Z"}
{"erro":"Divergência de valor no título 479/8","level":"error","message":"❌ Erro no título 479/8","service":"btg-baixa-titulos-service","status":"ERRO_CONSULTA","timestamp":"2026-05-12T13:13:36.193Z"}
{"erro":"Divergência de valor no título 479/7","level":"error","message":"❌ Erro no título 479/7","service":"btg-baixa-titulos-service","status":"ERRO_CONSULTA","timestamp":"2026-05-12T13:13:36.215Z"}
{"erro":"Divergência de valor no título 479/6","level":"error","message":"❌ Erro no título 479/6","service":"btg-baixa-titulos-service","status":"ERRO_CONSULTA","timestamp":"2026-05-12T13:13:36.235Z"}
{"erro":"Divergência de valor no título 479/5","level":"error","message":"❌ Erro no título 479/5","service":"btg-baixa-titulos-service","status":"ERRO_CONSULTA","timestamp":"2026-05-12T13:13:36.252Z"}
{"erro":"Divergência de valor no título 479/4","level":"error","message":"❌ Erro no título 479/4","service":"btg-baixa-titulos-service","status":"ERRO_CONSULTA","timestamp":"2026-05-12T13:13:36.270Z"}
{"erro":"Divergência de valor no título 479/3","level":"error","message":"❌ Erro no título 479/3","service":"btg-baixa-titulos-service","status":"ERRO_CONSULTA","timestamp":"2026-05-12T13:13:36.287Z"}
{"erro":"Divergência de valor no título 479/2","level":"error","message":"❌ Erro no título 479/2","service":"btg-baixa-titulos-service","status":"ERRO_CONSULTA","timestamp":"2026-05-12T13:13:36.306Z"}
{"erro":"Divergência de valor no título 123921/C","level":"error","message":"❌ Erro no título 123921/C","service":"btg-baixa-titulos-service","status":"ERRO_CONSULTA","timestamp":"2026-05-12T13:13:36.325Z"}
{"erro":"Divergência de valor no título 123921/B","level":"error","message":"❌ Erro no título 123921/B","service":"btg-baixa-titulos-service","status":"ERRO_CONSULTA","timestamp":"2026-05-12T13:13:36.344Z"}
{"erro":"Divergência de valor no título 123921/A","level":"error","message":"❌ Erro no título 123921/A","service":"btg-baixa-titulos-service","status":"ERRO_CONSULTA","timestamp":"2026-05-12T13:13:36.363Z"}
{"erro":"Divergência de valor no título 123799/E","level":"error","message":"❌ Erro no título 123799/E","service":"btg-baixa-titulos-service","status":"ERRO_CONSULTA","timestamp":"2026-05-12T13:13:36.383Z"}
{"erro":"Divergência de valor no título 123799/D","level":"error","message":"❌ Erro no título 123799/D","service":"btg-baixa-titulos-service","status":"ERRO_CONSULTA","timestamp":"2026-05-12T13:13:36.403Z"}
{"erro":"Divergência de valor no título 123799/C","level":"error","message":"❌ Erro no título 123799/C","service":"btg-baixa-titulos-service","status":"ERRO_CONSULTA","timestamp":"2026-05-12T13:13:36.421Z"}
{"erro":"Divergência de valor no título 123799/B","level":"error","message":"❌ Erro no título 123799/B","service":"btg-baixa-titulos-service","status":"ERRO_CONSULTA","timestamp":"2026-05-12T13:13:36.439Z"}
{"erro":"Divergência de valor no título 123799/A","level":"error","message":"❌ Erro no título 123799/A","service":"btg-baixa-titulos-service","status":"ERRO_CONSULTA","timestamp":"2026-05-12T13:13:36.456Z"}
{"erro":"Divergência de valor no título 123302/D","level":"error","message":"❌ Erro no título 123302/D","service":"btg-baixa-titulos-service","status":"ERRO_CONSULTA","timestamp":"2026-05-12T13:13:36.472Z"}
{"erro":"Divergência de valor no título 123302/C","level":"error","message":"❌ Erro no título 123302/C","service":"btg-baixa-titulos-service","status":"ERRO_CONSULTA","timestamp":"2026-05-12T13:13:36.491Z"}
{"erro":"Divergência de valor no título 123302/B","level":"error","message":"❌ Erro no título 123302/B","service":"btg-baixa-titulos-service","status":"ERRO_CONSULTA","timestamp":"2026-05-12T13:13:36.519Z"}
{"erro":"Divergência de valor no título 123302/A","level":"error","message":"❌ Erro no título 123302/A","service":"btg-baixa-titulos-service","status":"ERRO_CONSULTA","timestamp":"2026-05-12T13:13:36.542Z"}
{"erro":"Divergência de valor no título 122927/D","level":"error","message":"❌ Erro no título 122927/D","service":"btg-baixa-titulos-service","status":"ERRO_CONSULTA","timestamp":"2026-05-12T13:13:36.562Z"}
{"erro":"Divergência de valor no título 122927/C","level":"error","message":"❌ Erro no título 122927/C","service":"btg-baixa-titulos-service","status":"ERRO_CONSULTA","timestamp":"2026-05-12T13:13:36.583Z"}
{"erro":"Divergência de valor no título 122927/B","level":"error","message":"❌ Erro no título 122927/B","service":"btg-baixa-titulos-service","status":"ERRO_CONSULTA","timestamp":"2026-05-12T13:13:36.601Z"}
{"erro":"Divergência de valor no título 122927/A","level":"error","message":"❌ Erro no título 122927/A","service":"btg-baixa-titulos-service","status":"ERRO_CONSULTA","timestamp":"2026-05-12T13:13:36.618Z"}
{"erro":"Divergência de valor no título 123889/D","level":"error","message":"❌ Erro no título 123889/D","service":"btg-baixa-titulos-service","status":"ERRO_CONSULTA","timestamp":"2026-05-12T13:13:36.637Z"}
{"erro":"Divergência de valor no título 123889/C","level":"error","message":"❌ Erro no título 123889/C","service":"btg-baixa-titulos-service","status":"ERRO_CONSULTA","timestamp":"2026-05-12T13:13:36.654Z"}
{"erro":"Divergência de valor no título 123889/B","level":"error","message":"❌ Erro no título 123889/B","service":"btg-baixa-titulos-service","status":"ERRO_CONSULTA","timestamp":"2026-05-12T13:13:36.675Z"}
{"erro":"Divergência de valor no título 123889/A","level":"error","message":"❌ Erro no título 123889/A","service":"btg-baixa-titulos-service","status":"ERRO_CONSULTA","timestamp":"2026-05-12T13:13:36.693Z"}
{"erro":"Divergência de valor no título 123886/C","level":"error","message":"❌ Erro no título 123886/C","service":"btg-baixa-titulos-service","status":"ERRO_CONSULTA","timestamp":"2026-05-12T13:13:36.712Z"}
{"erro":"Divergência de valor no título 123886/B","level":"error","message":"❌ Erro no título 123886/B","service":"btg-baixa-titulos-service","status":"ERRO_CONSULTA","timestamp":"2026-05-12T13:13:36.732Z"}
{"erro":"Divergência de valor no título 123886/A","level":"error","message":"❌ Erro no título 123886/A","service":"btg-baixa-titulos-service","status":"ERRO_CONSULTA","timestamp":"2026-05-12T13:13:36.750Z"}
{"erro":"Divergência de valor no título 123918/B","level":"error","message":"❌ Erro no título 123918/B","service":"btg-baixa-titulos-service","status":"ERRO_CONSULTA","timestamp":"2026-05-12T13:13:36.773Z"}
{"erro":"Divergência de valor no título 123918/A","level":"error","message":"❌ Erro no título 123918/A","service":"btg-baixa-titulos-service","status":"ERRO_CONSULTA","timestamp":"2026-05-12T13:13:36.793Z"}
{"erro":"Divergência de valor no título 123918/C","level":"error","message":"❌ Erro no título 123918/C","service":"btg-baixa-titulos-service","status":"ERRO_CONSULTA","timestamp":"2026-05-12T13:13:36.811Z"}
{"erro":"Divergência de valor no título 122926/E","level":"error","message":"❌ Erro no título 122926/E","service":"btg-baixa-titulos-service","status":"ERRO_CONSULTA","timestamp":"2026-05-12T13:13:36.830Z"}
{"erro":"Divergência de valor no título 122926/D","level":"error","message":"❌ Erro no título 122926/D","service":"btg-baixa-titulos-service","status":"ERRO_CONSULTA","timestamp":"2026-05-12T13:13:36.846Z"}
{"erro":"Divergência de valor no título 122926/C","level":"error","message":"❌ Erro no título 122926/C","service":"btg-baixa-titulos-service","status":"ERRO_CONSULTA","timestamp":"2026-05-12T13:13:36.862Z"}
{"erro":"Divergência de valor no título 122926/B","level":"error","message":"❌ Erro no título 122926/B","service":"btg-baixa-titulos-service","status":"ERRO_CONSULTA","timestamp":"2026-05-12T13:13:36.877Z"}
{"erro":"Divergência de valor no título 122926/A","level":"error","message":"❌ Erro no título 122926/A","service":"btg-baixa-titulos-service","status":"ERRO_CONSULTA","timestamp":"2026-05-12T13:13:36.893Z"}
{"erro":"Divergência de valor no título 123789/C","level":"error","message":"❌ Erro no título 123789/C","service":"btg-baixa-titulos-service","status":"ERRO_CONSULTA","timestamp":"2026-05-12T13:13:36.906Z"}
{"erro":"Divergência de valor no título 123789/B","level":"error","message":"❌ Erro no título 123789/B","service":"btg-baixa-titulos-service","status":"ERRO_CONSULTA","timestamp":"2026-05-12T13:13:36.923Z"}
{"erro":"Divergência de valor no título 123789/A","level":"error","message":"❌ Erro no título 123789/A","service":"btg-baixa-titulos-service","status":"ERRO_CONSULTA","timestamp":"2026-05-12T13:13:36.939Z"}
{"erro":"Divergência de valor no título 123789/D","level":"error","message":"❌ Erro no título 123789/D","service":"btg-baixa-titulos-service","status":"ERRO_CONSULTA","timestamp":"2026-05-12T13:13:36.956Z"}
{"erro":"Divergência de valor no título 123790/E","level":"error","message":"❌ Erro no título 123790/E","service":"btg-baixa-titulos-service","status":"ERRO_CONSULTA","timestamp":"2026-05-12T13:13:36.972Z"}
{"erro":"Divergência de valor no título 123790/D","level":"error","message":"❌ Erro no título 123790/D","service":"btg-baixa-titulos-service","status":"ERRO_CONSULTA","timestamp":"2026-05-12T13:13:36.987Z"}
{"erro":"Divergência de valor no título 123790/C","level":"error","message":"❌ Erro no título 123790/C","service":"btg-baixa-titulos-service","status":"ERRO_CONSULTA","timestamp":"2026-05-12T13:13:37.003Z"}
{"erro":"Divergência de valor no título 123790/B","level":"error","message":"❌ Erro no título 123790/B","service":"btg-baixa-titulos-service","status":"ERRO_CONSULTA","timestamp":"2026-05-12T13:13:37.027Z"}
{"erro":"Divergência de valor no título 123790/A","level":"error","message":"❌ Erro no título 123790/A","service":"btg-baixa-titulos-service","status":"ERRO_CONSULTA","timestamp":"2026-05-12T13:13:37.046Z"}
{"erro":"Divergência de valor no título 123689/D","level":"error","message":"❌ Erro no título 123689/D","service":"btg-baixa-titulos-service","status":"ERRO_CONSULTA","timestamp":"2026-05-12T13:13:37.065Z"}
{"erro":"Divergência de valor no título 123689/C","level":"error","message":"❌ Erro no título 123689/C","service":"btg-baixa-titulos-service","status":"ERRO_CONSULTA","timestamp":"2026-05-12T13:13:37.086Z"}
{"erro":"Divergência de valor no título 123689/B","level":"error","message":"❌ Erro no título 123689/B","service":"btg-baixa-titulos-service","status":"ERRO_CONSULTA","timestamp":"2026-05-12T13:13:37.108Z"}
{"erro":"Divergência de valor no título 123689/A","level":"error","message":"❌ Erro no título 123689/A","service":"btg-baixa-titulos-service","status":"ERRO_CONSULTA","timestamp":"2026-05-12T13:13:37.133Z"}
{"erro":"Divergência de valor no título 123798/E","level":"error","message":"❌ Erro no título 123798/E","service":"btg-baixa-titulos-service","status":"ERRO_CONSULTA","timestamp":"2026-05-12T13:13:37.155Z"}
{"erro":"Divergência de valor no título 123798/D","level":"error","message":"❌ Erro no título 123798/D","service":"btg-baixa-titulos-service","status":"ERRO_CONSULTA","timestamp":"2026-05-12T13:13:37.175Z"}
{"erro":"Divergência de valor no título 123798/C","level":"error","message":"❌ Erro no título 123798/C","service":"btg-baixa-titulos-service","status":"ERRO_CONSULTA","timestamp":"2026-05-12T13:13:37.237Z"}
{"erro":"Divergência de valor no título 123798/B","level":"error","message":"❌ Erro no título 123798/B","service":"btg-baixa-titulos-service","status":"ERRO_CONSULTA","timestamp":"2026-05-12T13:13:37.259Z"}
{"erro":"Divergência de valor no título 123798/A","level":"error","message":"❌ Erro no título 123798/A","service":"btg-baixa-titulos-service","status":"ERRO_CONSULTA","timestamp":"2026-05-12T13:13:37.280Z"}
{"erro":"Divergência de valor no título 123800","level":"error","message":"❌ Erro no título 123800","service":"btg-baixa-titulos-service","status":"ERRO_CONSULTA","timestamp":"2026-05-12T13:13:37.299Z"}
{"erro":"Divergência de valor no título 123383/B","level":"error","message":"❌ Erro no título 123383/B","service":"btg-baixa-titulos-service","status":"ERRO_CONSULTA","timestamp":"2026-05-12T13:13:37.321Z"}
{"erro":"Divergência de valor no título 123383/A","level":"error","message":"❌ Erro no título 123383/A","service":"btg-baixa-titulos-service","status":"ERRO_CONSULTA","timestamp":"2026-05-12T13:13:37.341Z"}
{"erro":"Divergência de valor no título 123383/C","level":"error","message":"❌ Erro no título 123383/C","service":"btg-baixa-titulos-service","status":"ERRO_CONSULTA","timestamp":"2026-05-12T13:13:37.363Z"}
{"erro":"Divergência de valor no título 123801/C","level":"error","message":"❌ Erro no título 123801/C","service":"btg-baixa-titulos-service","status":"ERRO_CONSULTA","timestamp":"2026-05-12T13:13:37.382Z"}
{"erro":"Divergência de valor no título 123801/B","level":"error","message":"❌ Erro no título 123801/B","service":"btg-baixa-titulos-service","status":"ERRO_CONSULTA","timestamp":"2026-05-12T13:13:37.403Z"}
{"erro":"Divergência de valor no título 123801/A","level":"error","message":"❌ Erro no título 123801/A","service":"btg-baixa-titulos-service","status":"ERRO_CONSULTA","timestamp":"2026-05-12T13:13:37.422Z"}
{"erro":"Divergência de valor no título 123792/E","level":"error","message":"❌ Erro no título 123792/E","service":"btg-baixa-titulos-service","status":"ERRO_CONSULTA","timestamp":"2026-05-12T13:13:37.442Z"}
{"erro":"Divergência de valor no título 123792/D","level":"error","message":"❌ Erro no título 123792/D","service":"btg-baixa-titulos-service","status":"ERRO_CONSULTA","timestamp":"2026-05-12T13:13:37.464Z"}
{"erro":"Divergência de valor no título 123792/C","level":"error","message":"❌ Erro no título 123792/C","service":"btg-baixa-titulos-service","status":"ERRO_CONSULTA","timestamp":"2026-05-12T13:13:37.484Z"}
{"erro":"Divergência de valor no título 123792/B","level":"error","message":"❌ Erro no título 123792/B","service":"btg-baixa-titulos-service","status":"ERRO_CONSULTA","timestamp":"2026-05-12T13:13:37.509Z"}
{"erro":"Divergência de valor no título 123792/A","level":"error","message":"❌ Erro no título 123792/A","service":"btg-baixa-titulos-service","status":"ERRO_CONSULTA","timestamp":"2026-05-12T13:13:37.528Z"}
{"erro":"Divergência de valor no título 123888/B","level":"error","message":"❌ Erro no título 123888/B","service":"btg-baixa-titulos-service","status":"ERRO_CONSULTA","timestamp":"2026-05-12T13:13:37.548Z"}
{"erro":"Divergência de valor no título 123888/A","level":"error","message":"❌ Erro no título 123888/A","service":"btg-baixa-titulos-service","status":"ERRO_CONSULTA","timestamp":"2026-05-12T13:13:37.566Z"}
{"erro":"Divergência de valor no título 123888/C","level":"error","message":"❌ Erro no título 123888/C","service":"btg-baixa-titulos-service","status":"ERRO_CONSULTA","timestamp":"2026-05-12T13:13:37.581Z"}
{"erro":"Divergência de valor no título 123885/D","level":"error","message":"❌ Erro no título 123885/D","service":"btg-baixa-titulos-service","status":"ERRO_CONSULTA","timestamp":"2026-05-12T13:13:37.597Z"}
{"erro":"Divergência de valor no título 123885/C","level":"error","message":"❌ Erro no título 123885/C","service":"btg-baixa-titulos-service","status":"ERRO_CONSULTA","timestamp":"2026-05-12T13:13:37.614Z"}
{"erro":"Divergência de valor no título 123885/B","level":"error","message":"❌ Erro no título 123885/B","service":"btg-baixa-titulos-service","status":"ERRO_CONSULTA","timestamp":"2026-05-12T13:13:37.631Z"}
{"erro":"Divergência de valor no título 122393/B","level":"error","message":"❌ Erro no título 122393/B","service":"btg-baixa-titulos-service","status":"ERRO_CONSULTA","timestamp":"2026-05-12T13:13:37.646Z"}
{"erro":"Divergência de valor no título 122593/C","level":"error","message":"❌ Erro no título 122593/C","service":"btg-baixa-titulos-service","status":"ERRO_CONSULTA","timestamp":"2026-05-12T13:13:37.665Z"}
{"erro":"Divergência de valor no título 122593/B","level":"error","message":"❌ Erro no título 122593/B","service":"btg-baixa-titulos-service","status":"ERRO_CONSULTA","timestamp":"2026-05-12T13:13:37.686Z"}
{"erro":"Divergência de valor no título 122593/A","level":"error","message":"❌ Erro no título 122593/A","service":"btg-baixa-titulos-service","status":"ERRO_CONSULTA","timestamp":"2026-05-12T13:13:37.706Z"}
{"erro":"Divergência de valor no título 122342/E","level":"error","message":"❌ Erro no título 122342/E","service":"btg-baixa-titulos-service","status":"ERRO_CONSULTA","timestamp":"2026-05-12T13:13:37.724Z"}
{"erro":"Divergência de valor no título 122342/D","level":"error","message":"❌ Erro no título 122342/D","service":"btg-baixa-titulos-service","status":"ERRO_CONSULTA","timestamp":"2026-05-12T13:13:37.744Z"}
{"erro":"Divergência de valor no título 122342/C","level":"error","message":"❌ Erro no título 122342/C","service":"btg-baixa-titulos-service","status":"ERRO_CONSULTA","timestamp":"2026-05-12T13:13:37.761Z"}
{"erro":"Divergência de valor no título 122342/B","level":"error","message":"❌ Erro no título 122342/B","service":"btg-baixa-titulos-service","status":"ERRO_CONSULTA","timestamp":"2026-05-12T13:13:37.778Z"}
{"erro":"Divergência de valor no título 122342/A","level":"error","message":"❌ Erro no título 122342/A","service":"btg-baixa-titulos-service","status":"ERRO_CONSULTA","timestamp":"2026-05-12T13:13:37.795Z"}
{"erro":"Divergência de valor no título 122444/C","level":"error","message":"❌ Erro no título 122444/C","service":"btg-baixa-titulos-service","status":"ERRO_CONSULTA","timestamp":"2026-05-12T13:13:37.831Z"}
{"erro":"Divergência de valor no título 122444/B","level":"error","message":"❌ Erro no título 122444/B","service":"btg-baixa-titulos-service","status":"ERRO_CONSULTA","timestamp":"2026-05-12T13:13:37.852Z"}
{"erro":"Divergência de valor no título 122338/E","level":"error","message":"❌ Erro no título 122338/E","service":"btg-baixa-titulos-service","status":"ERRO_CONSULTA","timestamp":"2026-05-12T13:13:37.870Z"}
{"erro":"Divergência de valor no título 122338/D","level":"error","message":"❌ Erro no título 122338/D","service":"btg-baixa-titulos-service","status":"ERRO_CONSULTA","timestamp":"2026-05-12T13:13:37.888Z"}
{"erro":"Divergência de valor no título 122338/C","level":"error","message":"❌ Erro no título 122338/C","service":"btg-baixa-titulos-service","status":"ERRO_CONSULTA","timestamp":"2026-05-12T13:13:37.909Z"}
{"erro":"Divergência de valor no título 122338/B","level":"error","message":"❌ Erro no título 122338/B","service":"btg-baixa-titulos-service","status":"ERRO_CONSULTA","timestamp":"2026-05-12T13:13:37.927Z"}
{"erro":"Divergência de valor no título 122338/A","level":"error","message":"❌ Erro no título 122338/A","service":"btg-baixa-titulos-service","status":"ERRO_CONSULTA","timestamp":"2026-05-12T13:13:37.946Z"}
{"erro":"Divergência de valor no título 122624/C","level":"error","message":"❌ Erro no título 122624/C","service":"btg-baixa-titulos-service","status":"ERRO_CONSULTA","timestamp":"2026-05-12T13:13:37.964Z"}
{"erro":"Divergência de valor no título 122624/B","level":"error","message":"❌ Erro no título 122624/B","service":"btg-baixa-titulos-service","status":"ERRO_CONSULTA","timestamp":"2026-05-12T13:13:37.982Z"}
{"erro":"Divergência de valor no título 122624/A","level":"error","message":"❌ Erro no título 122624/A","service":"btg-baixa-titulos-service","status":"ERRO_CONSULTA","timestamp":"2026-05-12T13:13:37.997Z"}
{"erro":"Divergência de valor no título 122429/C","level":"error","message":"❌ Erro no título 122429/C","service":"btg-baixa-titulos-service","status":"ERRO_CONSULTA","timestamp":"2026-05-12T13:13:38.014Z"}
{"erro":"Divergência de valor no título 122336/D","level":"error","message":"❌ Erro no título 122336/D","service":"btg-baixa-titulos-service","status":"ERRO_CONSULTA","timestamp":"2026-05-12T13:13:38.033Z"}
{"erro":"Divergência de valor no título 122429/B","level":"error","message":"❌ Erro no título 122429/B","service":"btg-baixa-titulos-service","status":"ERRO_CONSULTA","timestamp":"2026-05-12T13:13:38.051Z"}
{"erro":"Divergência de valor no título 122336/C","level":"error","message":"❌ Erro no título 122336/C","service":"btg-baixa-titulos-service","status":"ERRO_CONSULTA","timestamp":"2026-05-12T13:13:38.076Z"}
{"erro":"Divergência de valor no título 122429/A","level":"error","message":"❌ Erro no título 122429/A","service":"btg-baixa-titulos-service","status":"ERRO_CONSULTA","timestamp":"2026-05-12T13:13:38.096Z"}
{"erro":"Divergência de valor no título 122336/B","level":"error","message":"❌ Erro no título 122336/B","service":"btg-baixa-titulos-service","status":"ERRO_CONSULTA","timestamp":"2026-05-12T13:13:38.116Z"}
{"erro":"Divergência de valor no título 122429/D","level":"error","message":"❌ Erro no título 122429/D","service":"btg-baixa-titulos-service","status":"ERRO_CONSULTA","timestamp":"2026-05-12T13:13:38.136Z"}
{"erro":"Divergência de valor no título 122336/A","level":"error","message":"❌ Erro no título 122336/A","service":"btg-baixa-titulos-service","status":"ERRO_CONSULTA","timestamp":"2026-05-12T13:13:38.156Z"}
{"erro":"Divergência de valor no título 82193/B","level":"error","message":"❌ Erro no título 82193/B","service":"btg-baixa-titulos-service","status":"ERRO_CONSULTA","timestamp":"2026-05-12T13:13:38.185Z"}
{"erro":"Divergência de valor no título 122725/C","level":"error","message":"❌ Erro no título 122725/C","service":"btg-baixa-titulos-service","status":"ERRO_CONSULTA","timestamp":"2026-05-12T13:13:38.205Z"}
{"erro":"Divergência de valor no título 82193/C","level":"error","message":"❌ Erro no título 82193/C","service":"btg-baixa-titulos-service","status":"ERRO_CONSULTA","timestamp":"2026-05-12T13:13:38.223Z"}
{"erro":"Divergência de valor no título 122725/B","level":"error","message":"❌ Erro no título 122725/B","service":"btg-baixa-titulos-service","status":"ERRO_CONSULTA","timestamp":"2026-05-12T13:13:38.243Z"}
{"erro":"Divergência de valor no título 122725/A","level":"error","message":"❌ Erro no título 122725/A","service":"btg-baixa-titulos-service","status":"ERRO_CONSULTA","timestamp":"2026-05-12T13:13:38.261Z"}
{"erro":"Divergência de valor no título 122725/D","level":"error","message":"❌ Erro no título 122725/D","service":"btg-baixa-titulos-service","status":"ERRO_CONSULTA","timestamp":"2026-05-12T13:13:38.279Z"}
{"erro":"Divergência de valor no título 122599/D","level":"error","message":"❌ Erro no título 122599/D","service":"btg-baixa-titulos-service","status":"ERRO_CONSULTA","timestamp":"2026-05-12T13:13:38.298Z"}
{"erro":"Divergência de valor no título 122337/E","level":"error","message":"❌ Erro no título 122337/E","service":"btg-baixa-titulos-service","status":"ERRO_CONSULTA","timestamp":"2026-05-12T13:13:38.318Z"}
{"erro":"Divergência de valor no título 122599/C","level":"error","message":"❌ Erro no título 122599/C","service":"btg-baixa-titulos-service","status":"ERRO_CONSULTA","timestamp":"2026-05-12T13:13:38.341Z"}
{"erro":"Divergência de valor no título 122337/D","level":"error","message":"❌ Erro no título 122337/D","service":"btg-baixa-titulos-service","status":"ERRO_CONSULTA","timestamp":"2026-05-12T13:13:38.359Z"}
{"erro":"Divergência de valor no título 122599/B","level":"error","message":"❌ Erro no título 122599/B","service":"btg-baixa-titulos-service","status":"ERRO_CONSULTA","timestamp":"2026-05-12T13:13:38.379Z"}
{"erro":"Divergência de valor no título 122337/C","level":"error","message":"❌ Erro no título 122337/C","service":"btg-baixa-titulos-service","status":"ERRO_CONSULTA","timestamp":"2026-05-12T13:13:38.403Z"}
{"erro":"Divergência de valor no título 122599/A","level":"error","message":"❌ Erro no título 122599/A","service":"btg-baixa-titulos-service","status":"ERRO_CONSULTA","timestamp":"2026-05-12T13:13:38.423Z"}
{"erro":"Divergência de valor no título 122337/B","level":"error","message":"❌ Erro no título 122337/B","service":"btg-baixa-titulos-service","status":"ERRO_CONSULTA","timestamp":"2026-05-12T13:13:38.444Z"}
{"erro":"Divergência de valor no título 121874/E","level":"error","message":"❌ Erro no título 121874/E","service":"btg-baixa-titulos-service","status":"ERRO_CONSULTA","timestamp":"2026-05-12T13:13:38.464Z"}
{"erro":"Divergência de valor no título 122337/A","level":"error","message":"❌ Erro no título 122337/A","service":"btg-baixa-titulos-service","status":"ERRO_CONSULTA","timestamp":"2026-05-12T13:13:38.484Z"}
{"erro":"Divergência de valor no título 121874/D","level":"error","message":"❌ Erro no título 121874/D","service":"btg-baixa-titulos-service","status":"ERRO_CONSULTA","timestamp":"2026-05-12T13:13:38.504Z"}
{"erro":"Divergência de valor no título 122404/E","level":"error","message":"❌ Erro no título 122404/E","service":"btg-baixa-titulos-service","status":"ERRO_CONSULTA","timestamp":"2026-05-12T13:13:38.524Z"}
{"erro":"Divergência de valor no título 121874/C","level":"error","message":"❌ Erro no título 121874/C","service":"btg-baixa-titulos-service","status":"ERRO_CONSULTA","timestamp":"2026-05-12T13:13:38.542Z"}
{"erro":"Divergência de valor no título 122404/D","level":"error","message":"❌ Erro no título 122404/D","service":"btg-baixa-titulos-service","status":"ERRO_CONSULTA","timestamp":"2026-05-12T13:13:38.560Z"}
{"erro":"Divergência de valor no título 121874/B","level":"error","message":"❌ Erro no título 121874/B","service":"btg-baixa-titulos-service","status":"ERRO_CONSULTA","timestamp":"2026-05-12T13:13:38.580Z"}
{"erro":"Divergência de valor no título 122404/C","level":"error","message":"❌ Erro no título 122404/C","service":"btg-baixa-titulos-service","status":"ERRO_CONSULTA","timestamp":"2026-05-12T13:13:38.597Z"}
{"erro":"Divergência de valor no título 122404/B","level":"error","message":"❌ Erro no título 122404/B","service":"btg-baixa-titulos-service","status":"ERRO_CONSULTA","timestamp":"2026-05-12T13:13:38.616Z"}
{"erro":"Divergência de valor no título 122020/C","level":"error","message":"❌ Erro no título 122020/C","service":"btg-baixa-titulos-service","status":"ERRO_CONSULTA","timestamp":"2026-05-12T13:13:38.636Z"}
{"erro":"Divergência de valor no título 122404/A","level":"error","message":"❌ Erro no título 122404/A","service":"btg-baixa-titulos-service","status":"ERRO_CONSULTA","timestamp":"2026-05-12T13:13:38.652Z"}
{"erro":"Divergência de valor no título 122020/B","level":"error","message":"❌ Erro no título 122020/B","service":"btg-baixa-titulos-service","status":"ERRO_CONSULTA","timestamp":"2026-05-12T13:13:38.669Z"}
{"erro":"Divergência de valor no título 122399/E","level":"error","message":"❌ Erro no título 122399/E","service":"btg-baixa-titulos-service","status":"ERRO_CONSULTA","timestamp":"2026-05-12T13:13:38.687Z"}
{"erro":"Divergência de valor no título 122020/A","level":"error","message":"❌ Erro no título 122020/A","service":"btg-baixa-titulos-service","status":"ERRO_CONSULTA","timestamp":"2026-05-12T13:13:38.704Z"}
{"erro":"Divergência de valor no título 122399/D","level":"error","message":"❌ Erro no título 122399/D","service":"btg-baixa-titulos-service","status":"ERRO_CONSULTA","timestamp":"2026-05-12T13:13:38.721Z"}
{"erro":"Divergência de valor no título 122020/D","level":"error","message":"❌ Erro no título 122020/D","service":"btg-baixa-titulos-service","status":"ERRO_CONSULTA","timestamp":"2026-05-12T13:13:38.738Z"}
{"erro":"Divergência de valor no título 122399/C","level":"error","message":"❌ Erro no título 122399/C","service":"btg-baixa-titulos-service","status":"ERRO_CONSULTA","timestamp":"2026-05-12T13:13:38.753Z"}
{"erro":"Divergência de valor no título 122010/D","level":"error","message":"❌ Erro no título 122010/D","service":"btg-baixa-titulos-service","status":"ERRO_CONSULTA","timestamp":"2026-05-12T13:13:38.768Z"}
{"erro":"Divergência de valor no título 122399/B","level":"error","message":"❌ Erro no título 122399/B","service":"btg-baixa-titulos-service","status":"ERRO_CONSULTA","timestamp":"2026-05-12T13:13:38.787Z"}
{"erro":"Divergência de valor no título 122010/C","level":"error","message":"❌ Erro no título 122010/C","service":"btg-baixa-titulos-service","status":"ERRO_CONSULTA","timestamp":"2026-05-12T13:13:38.803Z"}
{"erro":"Divergência de valor no título 122399/A","level":"error","message":"❌ Erro no título 122399/A","service":"btg-baixa-titulos-service","status":"ERRO_CONSULTA","timestamp":"2026-05-12T13:13:38.825Z"}
{"erro":"Divergência de valor no título 122010/B","level":"error","message":"❌ Erro no título 122010/B","service":"btg-baixa-titulos-service","status":"ERRO_CONSULTA","timestamp":"2026-05-12T13:13:38.843Z"}
{"erro":"Divergência de valor no título 122400/E","level":"error","message":"❌ Erro no título 122400/E","service":"btg-baixa-titulos-service","status":"ERRO_CONSULTA","timestamp":"2026-05-12T13:13:38.862Z"}
{"erro":"Divergência de valor no título 122400/D","level":"error","message":"❌ Erro no título 122400/D","service":"btg-baixa-titulos-service","status":"ERRO_CONSULTA","timestamp":"2026-05-12T13:13:38.878Z"}
{"erro":"Divergência de valor no título 122400/C","level":"error","message":"❌ Erro no título 122400/C","service":"btg-baixa-titulos-service","status":"ERRO_CONSULTA","timestamp":"2026-05-12T13:13:38.897Z"}
{"erro":"Divergência de valor no título 122724/D","level":"error","message":"❌ Erro no título 122724/D","service":"btg-baixa-titulos-service","status":"ERRO_CONSULTA","timestamp":"2026-05-12T13:13:38.913Z"}
{"erro":"Divergência de valor no título 122400/B","level":"error","message":"❌ Erro no título 122400/B","service":"btg-baixa-titulos-service","status":"ERRO_CONSULTA","timestamp":"2026-05-12T13:13:38.931Z"}
{"erro":"Divergência de valor no título 122724/C","level":"error","message":"❌ Erro no título 122724/C","service":"btg-baixa-titulos-service","status":"ERRO_CONSULTA","timestamp":"2026-05-12T13:13:38.950Z"}
{"erro":"Divergência de valor no título 122724/B","level":"error","message":"❌ Erro no título 122724/B","service":"btg-baixa-titulos-service","status":"ERRO_CONSULTA","timestamp":"2026-05-12T13:13:38.966Z"}
{"erro":"Divergência de valor no título 122400/A","level":"error","message":"❌ Erro no título 122400/A","service":"btg-baixa-titulos-service","status":"ERRO_CONSULTA","timestamp":"2026-05-12T13:13:38.988Z"}
{"erro":"Divergência de valor no título 122393/C","level":"error","message":"❌ Erro no título 122393/C","service":"btg-baixa-titulos-service","status":"ERRO_CONSULTA","timestamp":"2026-05-12T13:13:39.005Z"}
{"erro":"Divergência de valor no título 122724/A","level":"error","message":"❌ Erro no título 122724/A","service":"btg-baixa-titulos-service","status":"ERRO_CONSULTA","timestamp":"2026-05-12T13:13:39.028Z"}
{"erro":"Divergência de valor no título 82105/J","level":"error","message":"❌ Erro no título 82105/J","service":"btg-baixa-titulos-service","status":"ERRO_CONSULTA","timestamp":"2026-05-12T13:13:39.047Z"}
{"erro":"Divergência de valor no título 82105/I","level":"error","message":"❌ Erro no título 82105/I","service":"btg-baixa-titulos-service","status":"ERRO_CONSULTA","timestamp":"2026-05-12T13:13:39.081Z"}
{"erro":"Divergência de valor no título 82105/H","level":"error","message":"❌ Erro no título 82105/H","service":"btg-baixa-titulos-service","status":"ERRO_CONSULTA","timestamp":"2026-05-12T13:13:39.100Z"}
{"erro":"Divergência de valor no título 82105/G","level":"error","message":"❌ Erro no título 82105/G","service":"btg-baixa-titulos-service","status":"ERRO_CONSULTA","timestamp":"2026-05-12T13:13:39.119Z"}
{"erro":"Divergência de valor no título 82105/F","level":"error","message":"❌ Erro no título 82105/F","service":"btg-baixa-titulos-service","status":"ERRO_CONSULTA","timestamp":"2026-05-12T13:13:39.140Z"}
{"erro":"Divergência de valor no título 82105/E","level":"error","message":"❌ Erro no título 82105/E","service":"btg-baixa-titulos-service","status":"ERRO_CONSULTA","timestamp":"2026-05-12T13:13:39.159Z"}
{"erro":"Divergência de valor no título 82105/D","level":"error","message":"❌ Erro no título 82105/D","service":"btg-baixa-titulos-service","status":"ERRO_CONSULTA","timestamp":"2026-05-12T13:13:39.181Z"}
{"erro":"Divergência de valor no título 82105/C","level":"error","message":"❌ Erro no título 82105/C","service":"btg-baixa-titulos-service","status":"ERRO_CONSULTA","timestamp":"2026-05-12T13:13:39.202Z"}
{"erro":"Divergência de valor no título 121444/D","level":"error","message":"❌ Erro no título 121444/D","service":"btg-baixa-titulos-service","status":"ERRO_CONSULTA","timestamp":"2026-05-12T13:13:39.221Z"}
{"erro":"Divergência de valor no título 121444/C","level":"error","message":"❌ Erro no título 121444/C","service":"btg-baixa-titulos-service","status":"ERRO_CONSULTA","timestamp":"2026-05-12T13:13:39.242Z"}
{"erro":"Divergência de valor no título 121444/B","level":"error","message":"❌ Erro no título 121444/B","service":"btg-baixa-titulos-service","status":"ERRO_CONSULTA","timestamp":"2026-05-12T13:13:39.261Z"}
{"erro":"Divergência de valor no título 121444/A","level":"error","message":"❌ Erro no título 121444/A","service":"btg-baixa-titulos-service","status":"ERRO_CONSULTA","timestamp":"2026-05-12T13:13:39.277Z"}
{"erro":"Divergência de valor no título 121370/D","level":"error","message":"❌ Erro no título 121370/D","service":"btg-baixa-titulos-service","status":"ERRO_CONSULTA","timestamp":"2026-05-12T13:13:39.296Z"}
{"erro":"Divergência de valor no título 121370/C","level":"error","message":"❌ Erro no título 121370/C","service":"btg-baixa-titulos-service","status":"ERRO_CONSULTA","timestamp":"2026-05-12T13:13:39.316Z"}
{"erro":"Divergência de valor no título 121370/B","level":"error","message":"❌ Erro no título 121370/B","service":"btg-baixa-titulos-service","status":"ERRO_CONSULTA","timestamp":"2026-05-12T13:13:39.334Z"}
{"erro":"Divergência de valor no título 121370/A","level":"error","message":"❌ Erro no título 121370/A","service":"btg-baixa-titulos-service","status":"ERRO_CONSULTA","timestamp":"2026-05-12T13:13:39.351Z"}
{"erro":"Divergência de valor no título 121219/D","level":"error","message":"❌ Erro no título 121219/D","service":"btg-baixa-titulos-service","status":"ERRO_CONSULTA","timestamp":"2026-05-12T13:13:39.372Z"}
{"erro":"Divergência de valor no título 121219/C","level":"error","message":"❌ Erro no título 121219/C","service":"btg-baixa-titulos-service","status":"ERRO_CONSULTA","timestamp":"2026-05-12T13:13:39.389Z"}
{"erro":"Divergência de valor no título 121219/B","level":"error","message":"❌ Erro no título 121219/B","service":"btg-baixa-titulos-service","status":"ERRO_CONSULTA","timestamp":"2026-05-12T13:13:39.409Z"}
{"erro":"Divergência de valor no título 121219/A","level":"error","message":"❌ Erro no título 121219/A","service":"btg-baixa-titulos-service","status":"ERRO_CONSULTA","timestamp":"2026-05-12T13:13:39.425Z"}
{"erro":"Divergência de valor no título 121137/E","level":"error","message":"❌ Erro no título 121137/E","service":"btg-baixa-titulos-service","status":"ERRO_CONSULTA","timestamp":"2026-05-12T13:13:39.442Z"}
{"erro":"Divergência de valor no título 121137/D","level":"error","message":"❌ Erro no título 121137/D","service":"btg-baixa-titulos-service","status":"ERRO_CONSULTA","timestamp":"2026-05-12T13:13:39.461Z"}
{"erro":"Divergência de valor no título 121137/C","level":"error","message":"❌ Erro no título 121137/C","service":"btg-baixa-titulos-service","status":"ERRO_CONSULTA","timestamp":"2026-05-12T13:13:39.479Z"}
{"erro":"Divergência de valor no título 121137/B","level":"error","message":"❌ Erro no título 121137/B","service":"btg-baixa-titulos-service","status":"ERRO_CONSULTA","timestamp":"2026-05-12T13:13:39.527Z"}
{"erro":"Divergência de valor no título 120775/D","level":"error","message":"❌ Erro no título 120775/D","service":"btg-baixa-titulos-service","status":"ERRO_CONSULTA","timestamp":"2026-05-12T13:13:39.547Z"}
{"erro":"Divergência de valor no título 120775/C","level":"error","message":"❌ Erro no título 120775/C","service":"btg-baixa-titulos-service","status":"ERRO_CONSULTA","timestamp":"2026-05-12T13:13:39.562Z"}
{"erro":"Divergência de valor no título 120775/B","level":"error","message":"❌ Erro no título 120775/B","service":"btg-baixa-titulos-service","status":"ERRO_CONSULTA","timestamp":"2026-05-12T13:13:39.578Z"}
{"erro":"Divergência de valor no título 120775/A","level":"error","message":"❌ Erro no título 120775/A","service":"btg-baixa-titulos-service","status":"ERRO_CONSULTA","timestamp":"2026-05-12T13:13:39.596Z"}
{"erro":"Divergência de valor no título 121138/C","level":"error","message":"❌ Erro no título 121138/C","service":"btg-baixa-titulos-service","status":"ERRO_CONSULTA","timestamp":"2026-05-12T13:13:39.613Z"}
{"erro":"Divergência de valor no título 121138/B","level":"error","message":"❌ Erro no título 121138/B","service":"btg-baixa-titulos-service","status":"ERRO_CONSULTA","timestamp":"2026-05-12T13:13:39.631Z"}
{"erro":"Divergência de valor no título 119986/E","level":"error","message":"❌ Erro no título 119986/E","service":"btg-baixa-titulos-service","status":"ERRO_CONSULTA","timestamp":"2026-05-12T13:13:39.651Z"}
{"erro":"Divergência de valor no título 119986/D","level":"error","message":"❌ Erro no título 119986/D","service":"btg-baixa-titulos-service","status":"ERRO_CONSULTA","timestamp":"2026-05-12T13:13:39.668Z"}
{"erro":"Divergência de valor no título 119986/C","level":"error","message":"❌ Erro no título 119986/C","service":"btg-baixa-titulos-service","status":"ERRO_CONSULTA","timestamp":"2026-05-12T13:13:39.689Z"}
{"erro":"Divergência de valor no título 119986/B","level":"error","message":"❌ Erro no título 119986/B","service":"btg-baixa-titulos-service","status":"ERRO_CONSULTA","timestamp":"2026-05-12T13:13:39.710Z"}
{"erro":"Divergência de valor no título 120623/D","level":"error","message":"❌ Erro no título 120623/D","service":"btg-baixa-titulos-service","status":"ERRO_CONSULTA","timestamp":"2026-05-12T13:13:39.730Z"}
{"erro":"Divergência de valor no título 120623/C","level":"error","message":"❌ Erro no título 120623/C","service":"btg-baixa-titulos-service","status":"ERRO_CONSULTA","timestamp":"2026-05-12T13:13:39.748Z"}
{"erro":"Divergência de valor no título 120623/B","level":"error","message":"❌ Erro no título 120623/B","service":"btg-baixa-titulos-service","status":"ERRO_CONSULTA","timestamp":"2026-05-12T13:13:39.768Z"}
{"erro":"Divergência de valor no título 120619/E","level":"error","message":"❌ Erro no título 120619/E","service":"btg-baixa-titulos-service","status":"ERRO_CONSULTA","timestamp":"2026-05-12T13:13:39.788Z"}
{"erro":"Divergência de valor no título 120619/D","level":"error","message":"❌ Erro no título 120619/D","service":"btg-baixa-titulos-service","status":"ERRO_CONSULTA","timestamp":"2026-05-12T13:13:39.807Z"}
{"erro":"Divergência de valor no título 120619/C","level":"error","message":"❌ Erro no título 120619/C","service":"btg-baixa-titulos-service","status":"ERRO_CONSULTA","timestamp":"2026-05-12T13:13:39.822Z"}
{"erro":"Divergência de valor no título 120619/B","level":"error","message":"❌ Erro no título 120619/B","service":"btg-baixa-titulos-service","status":"ERRO_CONSULTA","timestamp":"2026-05-12T13:13:39.840Z"}
{"erro":"Divergência de valor no título 120614/C","level":"error","message":"❌ Erro no título 120614/C","service":"btg-baixa-titulos-service","status":"ERRO_CONSULTA","timestamp":"2026-05-12T13:13:39.858Z"}
{"erro":"Divergência de valor no título 120640/D","level":"error","message":"❌ Erro no título 120640/D","service":"btg-baixa-titulos-service","status":"ERRO_CONSULTA","timestamp":"2026-05-12T13:13:39.880Z"}
{"erro":"Divergência de valor no título 120614/B","level":"error","message":"❌ Erro no título 120614/B","service":"btg-baixa-titulos-service","status":"ERRO_CONSULTA","timestamp":"2026-05-12T13:13:39.899Z"}
{"erro":"Divergência de valor no título 120640/C","level":"error","message":"❌ Erro no título 120640/C","service":"btg-baixa-titulos-service","status":"ERRO_CONSULTA","timestamp":"2026-05-12T13:13:39.918Z"}
{"erro":"Divergência de valor no título 120640/B","level":"error","message":"❌ Erro no título 120640/B","service":"btg-baixa-titulos-service","status":"ERRO_CONSULTA","timestamp":"2026-05-12T13:13:39.937Z"}
{"erro":"Divergência de valor no título 120183/E","level":"error","message":"❌ Erro no título 120183/E","service":"btg-baixa-titulos-service","status":"ERRO_CONSULTA","timestamp":"2026-05-12T13:13:39.954Z"}
{"erro":"Divergência de valor no título 120183/D","level":"error","message":"❌ Erro no título 120183/D","service":"btg-baixa-titulos-service","status":"ERRO_CONSULTA","timestamp":"2026-05-12T13:13:39.971Z"}
{"erro":"Divergência de valor no título 120638/C","level":"error","message":"❌ Erro no título 120638/C","service":"btg-baixa-titulos-service","status":"ERRO_CONSULTA","timestamp":"2026-05-12T13:13:39.988Z"}
{"erro":"Divergência de valor no título 120183/C","level":"error","message":"❌ Erro no título 120183/C","service":"btg-baixa-titulos-service","status":"ERRO_CONSULTA","timestamp":"2026-05-12T13:13:40.007Z"}
{"erro":"Divergência de valor no título 120638/B","level":"error","message":"❌ Erro no título 120638/B","service":"btg-baixa-titulos-service","status":"ERRO_CONSULTA","timestamp":"2026-05-12T13:13:40.030Z"}
{"erro":"Divergência de valor no título 120183/B","level":"error","message":"❌ Erro no título 120183/B","service":"btg-baixa-titulos-service","status":"ERRO_CONSULTA","timestamp":"2026-05-12T13:13:40.049Z"}
{"erro":"Divergência de valor no título 120634/E","level":"error","message":"❌ Erro no título 120634/E","service":"btg-baixa-titulos-service","status":"ERRO_CONSULTA","timestamp":"2026-05-12T13:13:40.071Z"}
{"erro":"Divergência de valor no título 120559/D","level":"error","message":"❌ Erro no título 120559/D","service":"btg-baixa-titulos-service","status":"ERRO_CONSULTA","timestamp":"2026-05-12T13:13:40.090Z"}
{"erro":"Divergência de valor no título 120634/D","level":"error","message":"❌ Erro no título 120634/D","service":"btg-baixa-titulos-service","status":"ERRO_CONSULTA","timestamp":"2026-05-12T13:13:40.106Z"}
{"erro":"Divergência de valor no título 120559/C","level":"error","message":"❌ Erro no título 120559/C","service":"btg-baixa-titulos-service","status":"ERRO_CONSULTA","timestamp":"2026-05-12T13:13:40.124Z"}
{"erro":"Divergência de valor no título 120634/C","level":"error","message":"❌ Erro no título 120634/C","service":"btg-baixa-titulos-service","status":"ERRO_CONSULTA","timestamp":"2026-05-12T13:13:40.142Z"}
{"erro":"Divergência de valor no título 120559/B","level":"error","message":"❌ Erro no título 120559/B","service":"btg-baixa-titulos-service","status":"ERRO_CONSULTA","timestamp":"2026-05-12T13:13:40.163Z"}
{"erro":"Divergência de valor no título 120634/B","level":"error","message":"❌ Erro no título 120634/B","service":"btg-baixa-titulos-service","status":"ERRO_CONSULTA","timestamp":"2026-05-12T13:13:40.183Z"}
{"erro":"Divergência de valor no título 120559/A","level":"error","message":"❌ Erro no título 120559/A","service":"btg-baixa-titulos-service","status":"ERRO_CONSULTA","timestamp":"2026-05-12T13:13:40.202Z"}
{"erro":"Divergência de valor no título 120558/D","level":"error","message":"❌ Erro no título 120558/D","service":"btg-baixa-titulos-service","status":"ERRO_CONSULTA","timestamp":"2026-05-12T13:13:40.227Z"}
{"erro":"Divergência de valor no título 120633/E","level":"error","message":"❌ Erro no título 120633/E","service":"btg-baixa-titulos-service","status":"ERRO_CONSULTA","timestamp":"2026-05-12T13:13:40.246Z"}
{"erro":"Divergência de valor no título 120558/C","level":"error","message":"❌ Erro no título 120558/C","service":"btg-baixa-titulos-service","status":"ERRO_CONSULTA","timestamp":"2026-05-12T13:13:40.266Z"}
{"erro":"Divergência de valor no título 120633/D","level":"error","message":"❌ Erro no título 120633/D","service":"btg-baixa-titulos-service","status":"ERRO_CONSULTA","timestamp":"2026-05-12T13:13:40.283Z"}
{"erro":"Divergência de valor no título 120558/B","level":"error","message":"❌ Erro no título 120558/B","service":"btg-baixa-titulos-service","status":"ERRO_CONSULTA","timestamp":"2026-05-12T13:13:40.301Z"}
{"erro":"Divergência de valor no título 120633/C","level":"error","message":"❌ Erro no título 120633/C","service":"btg-baixa-titulos-service","status":"ERRO_CONSULTA","timestamp":"2026-05-12T13:13:40.320Z"}
{"erro":"Divergência de valor no título 120558/A","level":"error","message":"❌ Erro no título 120558/A","service":"btg-baixa-titulos-service","status":"ERRO_CONSULTA","timestamp":"2026-05-12T13:13:40.336Z"}
{"erro":"Divergência de valor no título 120633/B","level":"error","message":"❌ Erro no título 120633/B","service":"btg-baixa-titulos-service","status":"ERRO_CONSULTA","timestamp":"2026-05-12T13:13:40.356Z"}
{"erro":"Divergência de valor no título 120329/D","level":"error","message":"❌ Erro no título 120329/D","service":"btg-baixa-titulos-service","status":"ERRO_CONSULTA","timestamp":"2026-05-12T13:13:40.378Z"}
{"erro":"Divergência de valor no título 120329/C","level":"error","message":"❌ Erro no título 120329/C","service":"btg-baixa-titulos-service","status":"ERRO_CONSULTA","timestamp":"2026-05-12T13:13:40.397Z"}
{"erro":"Divergência de valor no título 120632/D","level":"error","message":"❌ Erro no título 120632/D","service":"btg-baixa-titulos-service","status":"ERRO_CONSULTA","timestamp":"2026-05-12T13:13:40.414Z"}
{"erro":"Divergência de valor no título 120329/B","level":"error","message":"❌ Erro no título 120329/B","service":"btg-baixa-titulos-service","status":"ERRO_CONSULTA","timestamp":"2026-05-12T13:13:40.433Z"}
{"erro":"Divergência de valor no título 120632/C","level":"error","message":"❌ Erro no título 120632/C","service":"btg-baixa-titulos-service","status":"ERRO_CONSULTA","timestamp":"2026-05-12T13:13:40.456Z"}
{"erro":"Divergência de valor no título 120329/A","level":"error","message":"❌ Erro no título 120329/A","service":"btg-baixa-titulos-service","status":"ERRO_CONSULTA","timestamp":"2026-05-12T13:13:40.474Z"}
{"erro":"Divergência de valor no título 120632/B","level":"error","message":"❌ Erro no título 120632/B","service":"btg-baixa-titulos-service","status":"ERRO_CONSULTA","timestamp":"2026-05-12T13:13:40.495Z"}
{"erro":"Divergência de valor no título 120029/D","level":"error","message":"❌ Erro no título 120029/D","service":"btg-baixa-titulos-service","status":"ERRO_CONSULTA","timestamp":"2026-05-12T13:13:40.511Z"}
{"erro":"Divergência de valor no título 120029/C","level":"error","message":"❌ Erro no título 120029/C","service":"btg-baixa-titulos-service","status":"ERRO_CONSULTA","timestamp":"2026-05-12T13:13:40.532Z"}
{"erro":"Divergência de valor no título 120631/E","level":"error","message":"❌ Erro no título 120631/E","service":"btg-baixa-titulos-service","status":"ERRO_CONSULTA","timestamp":"2026-05-12T13:13:40.552Z"}
{"erro":"Divergência de valor no título 120029/B","level":"error","message":"❌ Erro no título 120029/B","service":"btg-baixa-titulos-service","status":"ERRO_CONSULTA","timestamp":"2026-05-12T13:13:40.571Z"}
{"erro":"Divergência de valor no título 120631/D","level":"error","message":"❌ Erro no título 120631/D","service":"btg-baixa-titulos-service","status":"ERRO_CONSULTA","timestamp":"2026-05-12T13:13:40.587Z"}
{"erro":"Divergência de valor no título 120029/A","level":"error","message":"❌ Erro no título 120029/A","service":"btg-baixa-titulos-service","status":"ERRO_CONSULTA","timestamp":"2026-05-12T13:13:40.601Z"}
{"erro":"Divergência de valor no título 120631/C","level":"error","message":"❌ Erro no título 120631/C","service":"btg-baixa-titulos-service","status":"ERRO_CONSULTA","timestamp":"2026-05-12T13:13:40.616Z"}
{"erro":"Divergência de valor no título 120024/D","level":"error","message":"❌ Erro no título 120024/D","service":"btg-baixa-titulos-service","status":"ERRO_CONSULTA","timestamp":"2026-05-12T13:13:40.634Z"}
{"erro":"Divergência de valor no título 120631/B","level":"error","message":"❌ Erro no título 120631/B","service":"btg-baixa-titulos-service","status":"ERRO_CONSULTA","timestamp":"2026-05-12T13:13:40.648Z"}
{"erro":"Divergência de valor no título 120024/C","level":"error","message":"❌ Erro no título 120024/C","service":"btg-baixa-titulos-service","status":"ERRO_CONSULTA","timestamp":"2026-05-12T13:13:40.662Z"}
{"erro":"Divergência de valor no título 120024/B","level":"error","message":"❌ Erro no título 120024/B","service":"btg-baixa-titulos-service","status":"ERRO_CONSULTA","timestamp":"2026-05-12T13:13:40.677Z"}
{"erro":"Divergência de valor no título 120629/D","level":"error","message":"❌ Erro no título 120629/D","service":"btg-baixa-titulos-service","status":"ERRO_CONSULTA","timestamp":"2026-05-12T13:13:40.691Z"}
{"erro":"Divergência de valor no título 120629/C","level":"error","message":"❌ Erro no título 120629/C","service":"btg-baixa-titulos-service","status":"ERRO_CONSULTA","timestamp":"2026-05-12T13:13:40.708Z"}
{"erro":"Divergência de valor no título 120613/C","level":"error","message":"❌ Erro no título 120613/C","service":"btg-baixa-titulos-service","status":"ERRO_CONSULTA","timestamp":"2026-05-12T13:13:40.728Z"}
{"erro":"Divergência de valor no título 120629/B","level":"error","message":"❌ Erro no título 120629/B","service":"btg-baixa-titulos-service","status":"ERRO_CONSULTA","timestamp":"2026-05-12T13:13:40.747Z"}
{"erro":"Divergência de valor no título 120613/B","level":"error","message":"❌ Erro no título 120613/B","service":"btg-baixa-titulos-service","status":"ERRO_CONSULTA","timestamp":"2026-05-12T13:13:40.765Z"}
{"erro":"Divergência de valor no título 120629/A","level":"error","message":"❌ Erro no título 120629/A","service":"btg-baixa-titulos-service","status":"ERRO_CONSULTA","timestamp":"2026-05-12T13:13:40.782Z"}
{"erro":"Divergência de valor no título 120611/C","level":"error","message":"❌ Erro no título 120611/C","service":"btg-baixa-titulos-service","status":"ERRO_CONSULTA","timestamp":"2026-05-12T13:13:40.799Z"}
{"erro":"Divergência de valor no título 120611/B","level":"error","message":"❌ Erro no título 120611/B","service":"btg-baixa-titulos-service","status":"ERRO_CONSULTA","timestamp":"2026-05-12T13:13:40.814Z"}
{"erro":"Divergência de valor no título 120625/E","level":"error","message":"❌ Erro no título 120625/E","service":"btg-baixa-titulos-service","status":"ERRO_CONSULTA","timestamp":"2026-05-12T13:13:40.834Z"}
{"erro":"Divergência de valor no título 120625/D","level":"error","message":"❌ Erro no título 120625/D","service":"btg-baixa-titulos-service","status":"ERRO_CONSULTA","timestamp":"2026-05-12T13:13:40.853Z"}
{"erro":"Divergência de valor no título 119929/E","level":"error","message":"❌ Erro no título 119929/E","service":"btg-baixa-titulos-service","status":"ERRO_CONSULTA","timestamp":"2026-05-12T13:13:40.872Z"}
{"erro":"Divergência de valor no título 120625/C","level":"error","message":"❌ Erro no título 120625/C","service":"btg-baixa-titulos-service","status":"ERRO_CONSULTA","timestamp":"2026-05-12T13:13:40.892Z"}
{"erro":"Divergência de valor no título 119929/D","level":"error","message":"❌ Erro no título 119929/D","service":"btg-baixa-titulos-service","status":"ERRO_CONSULTA","timestamp":"2026-05-12T13:13:40.911Z"}
{"erro":"Divergência de valor no título 120625/B","level":"error","message":"❌ Erro no título 120625/B","service":"btg-baixa-titulos-service","status":"ERRO_CONSULTA","timestamp":"2026-05-12T13:13:40.928Z"}
{"erro":"Divergência de valor no título 119929/C","level":"error","message":"❌ Erro no título 119929/C","service":"btg-baixa-titulos-service","status":"ERRO_CONSULTA","timestamp":"2026-05-12T13:13:40.947Z"}
{"erro":"Divergência de valor no título 119929/B","level":"error","message":"❌ Erro no título 119929/B","service":"btg-baixa-titulos-service","status":"ERRO_CONSULTA","timestamp":"2026-05-12T13:13:40.964Z"}
{"erro":"Divergência de valor no título 120623/E","level":"error","message":"❌ Erro no título 120623/E","service":"btg-baixa-titulos-service","status":"ERRO_CONSULTA","timestamp":"2026-05-12T13:13:40.982Z"}
{"erro":"Divergência de valor no título 119716/D","level":"error","message":"❌ Erro no título 119716/D","service":"btg-baixa-titulos-service","status":"ERRO_CONSULTA","timestamp":"2026-05-12T13:13:40.997Z"}
{"erro":"Divergência de valor no título 119716/C","level":"error","message":"❌ Erro no título 119716/C","service":"btg-baixa-titulos-service","status":"ERRO_CONSULTA","timestamp":"2026-05-12T13:13:41.013Z"}
{"erro":"Divergência de valor no título 119716/B","level":"error","message":"❌ Erro no título 119716/B","service":"btg-baixa-titulos-service","status":"ERRO_CONSULTA","timestamp":"2026-05-12T13:13:41.034Z"}
{"erro":"Divergência de valor no título 119716/A","level":"error","message":"❌ Erro no título 119716/A","service":"btg-baixa-titulos-service","status":"ERRO_CONSULTA","timestamp":"2026-05-12T13:13:41.053Z"}
{"erro":"Divergência de valor no título 38810/J","level":"error","message":"❌ Erro no título 38810/J","service":"btg-baixa-titulos-service","status":"ERRO_CONSULTA","timestamp":"2026-05-12T13:13:41.072Z"}
{"erro":"Divergência de valor no título 38810/I","level":"error","message":"❌ Erro no título 38810/I","service":"btg-baixa-titulos-service","status":"ERRO_CONSULTA","timestamp":"2026-05-12T13:13:41.092Z"}
{"erro":"Divergência de valor no título 38810/H","level":"error","message":"❌ Erro no título 38810/H","service":"btg-baixa-titulos-service","status":"ERRO_CONSULTA","timestamp":"2026-05-12T13:13:41.114Z"}
{"erro":"Divergência de valor no título 38810/G","level":"error","message":"❌ Erro no título 38810/G","service":"btg-baixa-titulos-service","status":"ERRO_CONSULTA","timestamp":"2026-05-12T13:13:41.132Z"}
{"erro":"Divergência de valor no título 38810/F","level":"error","message":"❌ Erro no título 38810/F","service":"btg-baixa-titulos-service","status":"ERRO_CONSULTA","timestamp":"2026-05-12T13:13:41.151Z"}
{"erro":"Divergência de valor no título 38810/E","level":"error","message":"❌ Erro no título 38810/E","service":"btg-baixa-titulos-service","status":"ERRO_CONSULTA","timestamp":"2026-05-12T13:13:41.173Z"}
{"erro":"Divergência de valor no título 38810/D","level":"error","message":"❌ Erro no título 38810/D","service":"btg-baixa-titulos-service","status":"ERRO_CONSULTA","timestamp":"2026-05-12T13:13:41.189Z"}
{"erro":"Divergência de valor no título 38810/C","level":"error","message":"❌ Erro no título 38810/C","service":"btg-baixa-titulos-service","status":"ERRO_CONSULTA","timestamp":"2026-05-12T13:13:41.205Z"}
{"erro":"Divergência de valor no título 38810/B","level":"error","message":"❌ Erro no título 38810/B","service":"btg-baixa-titulos-service","status":"ERRO_CONSULTA","timestamp":"2026-05-12T13:13:41.223Z"}
{"erro":"Divergência de valor no título 119290/E","level":"error","message":"❌ Erro no título 119290/E","service":"btg-baixa-titulos-service","status":"ERRO_CONSULTA","timestamp":"2026-05-12T13:13:41.247Z"}
{"erro":"Divergência de valor no título 38810/A","level":"error","message":"❌ Erro no título 38810/A","service":"btg-baixa-titulos-service","status":"ERRO_CONSULTA","timestamp":"2026-05-12T13:13:41.267Z"}
{"erro":"Divergência de valor no título 119290/D","level":"error","message":"❌ Erro no título 119290/D","service":"btg-baixa-titulos-service","status":"ERRO_CONSULTA","timestamp":"2026-05-12T13:13:41.287Z"}
{"erro":"Divergência de valor no título 119347/E","level":"error","message":"❌ Erro no título 119347/E","service":"btg-baixa-titulos-service","status":"ERRO_CONSULTA","timestamp":"2026-05-12T13:13:41.307Z"}
{"erro":"Divergência de valor no título 119290/C","level":"error","message":"❌ Erro no título 119290/C","service":"btg-baixa-titulos-service","status":"ERRO_CONSULTA","timestamp":"2026-05-12T13:13:41.324Z"}
{"erro":"Divergência de valor no título 119347/D","level":"error","message":"❌ Erro no título 119347/D","service":"btg-baixa-titulos-service","status":"ERRO_CONSULTA","timestamp":"2026-05-12T13:13:41.339Z"}
{"erro":"Divergência de valor no título 119347/C","level":"error","message":"❌ Erro no título 119347/C","service":"btg-baixa-titulos-service","status":"ERRO_CONSULTA","timestamp":"2026-05-12T13:13:41.363Z"}
{"erro":"Divergência de valor no título 119288/C","level":"error","message":"❌ Erro no título 119288/C","service":"btg-baixa-titulos-service","status":"ERRO_CONSULTA","timestamp":"2026-05-12T13:13:41.381Z"}
{"erro":"Divergência de valor no título 119329/D","level":"error","message":"❌ Erro no título 119329/D","service":"btg-baixa-titulos-service","status":"ERRO_CONSULTA","timestamp":"2026-05-12T13:13:41.400Z"}
{"erro":"Divergência de valor no título 119329/C","level":"error","message":"❌ Erro no título 119329/C","service":"btg-baixa-titulos-service","status":"ERRO_CONSULTA","timestamp":"2026-05-12T13:13:41.419Z"}
{"erro":"Divergência de valor no título 119329/B","level":"error","message":"❌ Erro no título 119329/B","service":"btg-baixa-titulos-service","status":"ERRO_CONSULTA","timestamp":"2026-05-12T13:13:41.440Z"}
{"erro":"Divergência de valor no título 119287/C","level":"error","message":"❌ Erro no título 119287/C","service":"btg-baixa-titulos-service","status":"ERRO_CONSULTA","timestamp":"2026-05-12T13:13:41.460Z"}
{"erro":"Divergência de valor no título 119328/D","level":"error","message":"❌ Erro no título 119328/D","service":"btg-baixa-titulos-service","status":"ERRO_CONSULTA","timestamp":"2026-05-12T13:13:41.482Z"}
{"erro":"Divergência de valor no título 119328/C","level":"error","message":"❌ Erro no título 119328/C","service":"btg-baixa-titulos-service","status":"ERRO_CONSULTA","timestamp":"2026-05-12T13:13:41.503Z"}
{"erro":"Divergência de valor no título 119286/C","level":"error","message":"❌ Erro no título 119286/C","service":"btg-baixa-titulos-service","status":"ERRO_CONSULTA","timestamp":"2026-05-12T13:13:41.525Z"}
{"erro":"Divergência de valor no título 119328/B","level":"error","message":"❌ Erro no título 119328/B","service":"btg-baixa-titulos-service","status":"ERRO_CONSULTA","timestamp":"2026-05-12T13:13:41.548Z"}
{"erro":"Divergência de valor no título 119327/D","level":"error","message":"❌ Erro no título 119327/D","service":"btg-baixa-titulos-service","status":"ERRO_CONSULTA","timestamp":"2026-05-12T13:13:41.570Z"}
{"erro":"Divergência de valor no título 119285/E","level":"error","message":"❌ Erro no título 119285/E","service":"btg-baixa-titulos-service","status":"ERRO_CONSULTA","timestamp":"2026-05-12T13:13:41.591Z"}
{"erro":"Divergência de valor no título 119327/C","level":"error","message":"❌ Erro no título 119327/C","service":"btg-baixa-titulos-service","status":"ERRO_CONSULTA","timestamp":"2026-05-12T13:13:41.618Z"}
{"erro":"Divergência de valor no título 119285/D","level":"error","message":"❌ Erro no título 119285/D","service":"btg-baixa-titulos-service","status":"ERRO_CONSULTA","timestamp":"2026-05-12T13:13:41.639Z"}
{"erro":"Divergência de valor no título 119327/B","level":"error","message":"❌ Erro no título 119327/B","service":"btg-baixa-titulos-service","status":"ERRO_CONSULTA","timestamp":"2026-05-12T13:13:41.660Z"}
{"erro":"Divergência de valor no título 119285/C","level":"error","message":"❌ Erro no título 119285/C","service":"btg-baixa-titulos-service","status":"ERRO_CONSULTA","timestamp":"2026-05-12T13:13:41.681Z"}
{"erro":"Divergência de valor no título 119324/E","level":"error","message":"❌ Erro no título 119324/E","service":"btg-baixa-titulos-service","status":"ERRO_CONSULTA","timestamp":"2026-05-12T13:13:41.701Z"}
{"erro":"Divergência de valor no título 119084/E","level":"error","message":"❌ Erro no título 119084/E","service":"btg-baixa-titulos-service","status":"ERRO_CONSULTA","timestamp":"2026-05-12T13:13:41.721Z"}
{"erro":"Divergência de valor no título 119324/D","level":"error","message":"❌ Erro no título 119324/D","service":"btg-baixa-titulos-service","status":"ERRO_CONSULTA","timestamp":"2026-05-12T13:13:41.742Z"}
{"erro":"Divergência de valor no título 119084/D","level":"error","message":"❌ Erro no título 119084/D","service":"btg-baixa-titulos-service","status":"ERRO_CONSULTA","timestamp":"2026-05-12T13:13:41.762Z"}
{"erro":"Divergência de valor no título 119324/C","level":"error","message":"❌ Erro no título 119324/C","service":"btg-baixa-titulos-service","status":"ERRO_CONSULTA","timestamp":"2026-05-12T13:13:41.777Z"}
{"erro":"Divergência de valor no título 119084/C","level":"error","message":"❌ Erro no título 119084/C","service":"btg-baixa-titulos-service","status":"ERRO_CONSULTA","timestamp":"2026-05-12T13:13:41.796Z"}
{"erro":"Divergência de valor no título 119284/E","level":"error","message":"❌ Erro no título 119284/E","service":"btg-baixa-titulos-service","status":"ERRO_CONSULTA","timestamp":"2026-05-12T13:13:41.817Z"}
{"erro":"Divergência de valor no título 119302/D","level":"error","message":"❌ Erro no título 119302/D","service":"btg-baixa-titulos-service","status":"ERRO_CONSULTA","timestamp":"2026-05-12T13:13:41.837Z"}
{"erro":"Divergência de valor no título 119284/D","level":"error","message":"❌ Erro no título 119284/D","service":"btg-baixa-titulos-service","status":"ERRO_CONSULTA","timestamp":"2026-05-12T13:13:41.852Z"}
{"erro":"Divergência de valor no título 119302/C","level":"error","message":"❌ Erro no título 119302/C","service":"btg-baixa-titulos-service","status":"ERRO_CONSULTA","timestamp":"2026-05-12T13:13:41.866Z"}
{"erro":"Divergência de valor no título 119284/C","level":"error","message":"❌ Erro no título 119284/C","service":"btg-baixa-titulos-service","status":"ERRO_CONSULTA","timestamp":"2026-05-12T13:13:41.882Z"}
{"erro":"Divergência de valor no título 118204/C","level":"error","message":"❌ Erro no título 118204/C","service":"btg-baixa-titulos-service","status":"ERRO_CONSULTA","timestamp":"2026-05-12T13:13:41.897Z"}
{"erro":"Divergência de valor no título 119299/E","level":"error","message":"❌ Erro no título 119299/E","service":"btg-baixa-titulos-service","status":"ERRO_CONSULTA","timestamp":"2026-05-12T13:13:41.912Z"}
{"erro":"Divergência de valor no título 119299/D","level":"error","message":"❌ Erro no título 119299/D","service":"btg-baixa-titulos-service","status":"ERRO_CONSULTA","timestamp":"2026-05-12T13:13:41.927Z"}
{"erro":"Divergência de valor no título 119299/C","level":"error","message":"❌ Erro no título 119299/C","service":"btg-baixa-titulos-service","status":"ERRO_CONSULTA","timestamp":"2026-05-12T13:13:41.942Z"}
{"erro":"Divergência de valor no título 118297/D","level":"error","message":"❌ Erro no título 118297/D","service":"btg-baixa-titulos-service","status":"ERRO_CONSULTA","timestamp":"2026-05-12T13:13:41.957Z"}
{"erro":"Divergência de valor no título 118297/C","level":"error","message":"❌ Erro no título 118297/C","service":"btg-baixa-titulos-service","status":"ERRO_CONSULTA","timestamp":"2026-05-12T13:13:41.976Z"}
{"erro":"Divergência de valor no título 119297/E","level":"error","message":"❌ Erro no título 119297/E","service":"btg-baixa-titulos-service","status":"ERRO_CONSULTA","timestamp":"2026-05-12T13:13:41.993Z"}
{"erro":"Divergência de valor no título 119297/D","level":"error","message":"❌ Erro no título 119297/D","service":"btg-baixa-titulos-service","status":"ERRO_CONSULTA","timestamp":"2026-05-12T13:13:42.010Z"}
{"erro":"Divergência de valor no título 118124/C","level":"error","message":"❌ Erro no título 118124/C","service":"btg-baixa-titulos-service","status":"ERRO_CONSULTA","timestamp":"2026-05-12T13:13:42.025Z"}
{"erro":"Divergência de valor no título 119297/C","level":"error","message":"❌ Erro no título 119297/C","service":"btg-baixa-titulos-service","status":"ERRO_CONSULTA","timestamp":"2026-05-12T13:13:42.039Z"}
{"erro":"Divergência de valor no título 118123/C","level":"error","message":"❌ Erro no título 118123/C","service":"btg-baixa-titulos-service","status":"ERRO_CONSULTA","timestamp":"2026-05-12T13:13:42.054Z"}
{"erro":"Divergência de valor no título 118121/C","level":"error","message":"❌ Erro no título 118121/C","service":"btg-baixa-titulos-service","status":"ERRO_CONSULTA","timestamp":"2026-05-12T13:13:42.071Z"}
{"erro":"Divergência de valor no título 117917/E","level":"error","message":"❌ Erro no título 117917/E","service":"btg-baixa-titulos-service","status":"ERRO_CONSULTA","timestamp":"2026-05-12T13:13:42.087Z"}
{"erro":"Divergência de valor no título 117916/E","level":"error","message":"❌ Erro no título 117916/E","service":"btg-baixa-titulos-service","status":"ERRO_CONSULTA","timestamp":"2026-05-12T13:13:42.107Z"}
{"erro":"Divergência de valor no título 117814/E","level":"error","message":"❌ Erro no título 117814/E","service":"btg-baixa-titulos-service","status":"ERRO_CONSULTA","timestamp":"2026-05-12T13:13:42.123Z"}
{"erro":"Divergência de valor no título 117812/E","level":"error","message":"❌ Erro no título 117812/E","service":"btg-baixa-titulos-service","status":"ERRO_CONSULTA","timestamp":"2026-05-12T13:13:42.140Z"}
{"erro":"Divergência de valor no título 117183/E","level":"error","message":"❌ Erro no título 117183/E","service":"btg-baixa-titulos-service","status":"ERRO_CONSULTA","timestamp":"2026-05-12T13:13:42.158Z"}
{"erro":"Divergência de valor no título 117917/D","level":"error","message":"❌ Erro no título 117917/D","service":"btg-baixa-titulos-service","status":"ERRO_CONSULTA","timestamp":"2026-05-12T13:13:42.173Z"}
{"erro":"Divergência de valor no título 117916/D","level":"error","message":"❌ Erro no título 117916/D","service":"btg-baixa-titulos-service","status":"ERRO_CONSULTA","timestamp":"2026-05-12T13:13:42.190Z"}
{"erro":"Divergência de valor no título 117814/D","level":"error","message":"❌ Erro no título 117814/D","service":"btg-baixa-titulos-service","status":"ERRO_CONSULTA","timestamp":"2026-05-12T13:13:42.206Z"}
{"erro":"Divergência de valor no título 117812/D","level":"error","message":"❌ Erro no título 117812/D","service":"btg-baixa-titulos-service","status":"ERRO_CONSULTA","timestamp":"2026-05-12T13:13:42.220Z"}
{"erro":"Divergência de valor no título 117183/D","level":"error","message":"❌ Erro no título 117183/D","service":"btg-baixa-titulos-service","status":"ERRO_CONSULTA","timestamp":"2026-05-12T13:13:42.237Z"}
{"erro":"Divergência de valor no título 118027/C","level":"error","message":"❌ Erro no título 118027/C","service":"btg-baixa-titulos-service","status":"ERRO_CONSULTA","timestamp":"2026-05-12T13:13:42.254Z"}
{"erro":"Divergência de valor no título 118018/C","level":"error","message":"❌ Erro no título 118018/C","service":"btg-baixa-titulos-service","status":"ERRO_CONSULTA","timestamp":"2026-05-12T13:13:42.274Z"}
{"erro":"Divergência de valor no título 117959/C","level":"error","message":"❌ Erro no título 117959/C","service":"btg-baixa-titulos-service","status":"ERRO_CONSULTA","timestamp":"2026-05-12T13:13:42.292Z"}
{"erro":"Divergência de valor no título 117917/C","level":"error","message":"❌ Erro no título 117917/C","service":"btg-baixa-titulos-service","status":"ERRO_CONSULTA","timestamp":"2026-05-12T13:13:42.311Z"}
{"erro":"Divergência de valor no título 117916/C","level":"error","message":"❌ Erro no título 117916/C","service":"btg-baixa-titulos-service","status":"ERRO_CONSULTA","timestamp":"2026-05-12T13:13:42.328Z"}
{"erro":"Divergência de valor no título 117814/C","level":"error","message":"❌ Erro no título 117814/C","service":"btg-baixa-titulos-service","status":"ERRO_CONSULTA","timestamp":"2026-05-12T13:13:42.345Z"}
{"erro":"Divergência de valor no título 117812/C","level":"error","message":"❌ Erro no título 117812/C","service":"btg-baixa-titulos-service","status":"ERRO_CONSULTA","timestamp":"2026-05-12T13:13:42.360Z"}
{"erro":"Divergência de valor no título 117490/C","level":"error","message":"❌ Erro no título 117490/C","service":"btg-baixa-titulos-service","status":"ERRO_CONSULTA","timestamp":"2026-05-12T13:13:42.378Z"}
{"erro":"Divergência de valor no título 117183/C","level":"error","message":"❌ Erro no título 117183/C","service":"btg-baixa-titulos-service","status":"ERRO_CONSULTA","timestamp":"2026-05-12T13:13:42.397Z"}
{"erro":"Divergência de valor no título 117766/D","level":"error","message":"❌ Erro no título 117766/D","service":"btg-baixa-titulos-service","status":"ERRO_CONSULTA","timestamp":"2026-05-12T13:13:42.417Z"}
{"erro":"Divergência de valor no título 117763/E","level":"error","message":"❌ Erro no título 117763/E","service":"btg-baixa-titulos-service","status":"ERRO_CONSULTA","timestamp":"2026-05-12T13:13:42.434Z"}
{"erro":"Divergência de valor no título 117241/E","level":"error","message":"❌ Erro no título 117241/E","service":"btg-baixa-titulos-service","status":"ERRO_CONSULTA","timestamp":"2026-05-12T13:13:42.452Z"}
{"erro":"Divergência de valor no título 118044/D","level":"error","message":"❌ Erro no título 118044/D","service":"btg-baixa-titulos-service","status":"ERRO_CONSULTA","timestamp":"2026-05-12T13:13:42.470Z"}
{"erro":"Divergência de valor no título 118023/D","level":"error","message":"❌ Erro no título 118023/D","service":"btg-baixa-titulos-service","status":"ERRO_CONSULTA","timestamp":"2026-05-12T13:13:42.489Z"}
{"erro":"Divergência de valor no título 117915/D","level":"error","message":"❌ Erro no título 117915/D","service":"btg-baixa-titulos-service","status":"ERRO_CONSULTA","timestamp":"2026-05-12T13:13:42.510Z"}
{"erro":"Divergência de valor no título 117914/D","level":"error","message":"❌ Erro no título 117914/D","service":"btg-baixa-titulos-service","status":"ERRO_CONSULTA","timestamp":"2026-05-12T13:13:42.531Z"}
{"erro":"Divergência de valor no título 117911/C","level":"error","message":"❌ Erro no título 117911/C","service":"btg-baixa-titulos-service","status":"ERRO_CONSULTA","timestamp":"2026-05-12T13:13:42.550Z"}
{"erro":"Divergência de valor no título 117909/D","level":"error","message":"❌ Erro no título 117909/D","service":"btg-baixa-titulos-service","status":"ERRO_CONSULTA","timestamp":"2026-05-12T13:13:42.569Z"}
{"erro":"Divergência de valor no título 117893/D","level":"error","message":"❌ Erro no título 117893/D","service":"btg-baixa-titulos-service","status":"ERRO_CONSULTA","timestamp":"2026-05-12T13:13:42.587Z"}
{"erro":"Divergência de valor no título 117845/D","level":"error","message":"❌ Erro no título 117845/D","service":"btg-baixa-titulos-service","status":"ERRO_CONSULTA","timestamp":"2026-05-12T13:13:42.607Z"}
{"erro":"Divergência de valor no título 117766/C","level":"error","message":"❌ Erro no título 117766/C","service":"btg-baixa-titulos-service","status":"ERRO_CONSULTA","timestamp":"2026-05-12T13:13:42.626Z"}
{"erro":"Divergência de valor no título 117763/D","level":"error","message":"❌ Erro no título 117763/D","service":"btg-baixa-titulos-service","status":"ERRO_CONSULTA","timestamp":"2026-05-12T13:13:42.643Z"}
{"erro":"Divergência de valor no título 117241/D","level":"error","message":"❌ Erro no título 117241/D","service":"btg-baixa-titulos-service","status":"ERRO_CONSULTA","timestamp":"2026-05-12T13:13:42.659Z"}
{"erro":"Divergência de valor no título 118044/C","level":"error","message":"❌ Erro no título 118044/C","service":"btg-baixa-titulos-service","status":"ERRO_CONSULTA","timestamp":"2026-05-12T13:13:42.677Z"}
{"erro":"Divergência de valor no título 118023/C","level":"error","message":"❌ Erro no título 118023/C","service":"btg-baixa-titulos-service","status":"ERRO_CONSULTA","timestamp":"2026-05-12T13:13:42.699Z"}
{"erro":"Divergência de valor no título 117915/C","level":"error","message":"❌ Erro no título 117915/C","service":"btg-baixa-titulos-service","status":"ERRO_CONSULTA","timestamp":"2026-05-12T13:13:42.718Z"}
{"erro":"Divergência de valor no título 117914/C","level":"error","message":"❌ Erro no título 117914/C","service":"btg-baixa-titulos-service","status":"ERRO_CONSULTA","timestamp":"2026-05-12T13:13:42.738Z"}
{"erro":"Divergência de valor no título 117911/B","level":"error","message":"❌ Erro no título 117911/B","service":"btg-baixa-titulos-service","status":"ERRO_CONSULTA","timestamp":"2026-05-12T13:13:42.757Z"}
{"erro":"Divergência de valor no título 117909/C","level":"error","message":"❌ Erro no título 117909/C","service":"btg-baixa-titulos-service","status":"ERRO_CONSULTA","timestamp":"2026-05-12T13:13:42.776Z"}
{"erro":"Divergência de valor no título 117893/C","level":"error","message":"❌ Erro no título 117893/C","service":"btg-baixa-titulos-service","status":"ERRO_CONSULTA","timestamp":"2026-05-12T13:13:42.794Z"}
{"erro":"Divergência de valor no título 117845/C","level":"error","message":"❌ Erro no título 117845/C","service":"btg-baixa-titulos-service","status":"ERRO_CONSULTA","timestamp":"2026-05-12T13:13:42.813Z"}
{"erro":"Divergência de valor no título 117763/C","level":"error","message":"❌ Erro no título 117763/C","service":"btg-baixa-titulos-service","status":"ERRO_CONSULTA","timestamp":"2026-05-12T13:13:42.844Z"}
{"erro":"Divergência de valor no título 117766/B","level":"error","message":"❌ Erro no título 117766/B","service":"btg-baixa-titulos-service","status":"ERRO_CONSULTA","timestamp":"2026-05-12T13:13:42.865Z"}
{"erro":"Divergência de valor no título 117241/C","level":"error","message":"❌ Erro no título 117241/C","service":"btg-baixa-titulos-service","status":"ERRO_CONSULTA","timestamp":"2026-05-12T13:13:42.885Z"}
{"erro":"Divergência de valor no título 118044/E","level":"error","message":"❌ Erro no título 118044/E","service":"btg-baixa-titulos-service","status":"ERRO_CONSULTA","timestamp":"2026-05-12T13:13:42.904Z"}
{"erro":"Divergência de valor no título 117915/E","level":"error","message":"❌ Erro no título 117915/E","service":"btg-baixa-titulos-service","status":"ERRO_CONSULTA","timestamp":"2026-05-12T13:13:42.922Z"}
{"erro":"Divergência de valor no título 117914/E","level":"error","message":"❌ Erro no título 117914/E","service":"btg-baixa-titulos-service","status":"ERRO_CONSULTA","timestamp":"2026-05-12T13:13:42.941Z"}
{"erro":"Divergência de valor no título 117911/D","level":"error","message":"❌ Erro no título 117911/D","service":"btg-baixa-titulos-service","status":"ERRO_CONSULTA","timestamp":"2026-05-12T13:13:42.959Z"}
{"erro":"Divergência de valor no título 117909/E","level":"error","message":"❌ Erro no título 117909/E","service":"btg-baixa-titulos-service","status":"ERRO_CONSULTA","timestamp":"2026-05-12T13:13:42.975Z"}
{"erro":"Divergência de valor no título 117893/E","level":"error","message":"❌ Erro no título 117893/E","service":"btg-baixa-titulos-service","status":"ERRO_CONSULTA","timestamp":"2026-05-12T13:13:42.992Z"}
{"erro":"Divergência de valor no título 117845/E","level":"error","message":"❌ Erro no título 117845/E","service":"btg-baixa-titulos-service","status":"ERRO_CONSULTA","timestamp":"2026-05-12T13:13:43.009Z"}
{"erro":"Divergência de valor no título 116729/E","level":"error","message":"❌ Erro no título 116729/E","service":"btg-baixa-titulos-service","status":"ERRO_CONSULTA","timestamp":"2026-05-12T13:13:43.027Z"}
{"erro":"Divergência de valor no título 116729/D","level":"error","message":"❌ Erro no título 116729/D","service":"btg-baixa-titulos-service","status":"ERRO_CONSULTA","timestamp":"2026-05-12T13:13:43.046Z"}
{"erro":"Divergência de valor no título 116864/D","level":"error","message":"❌ Erro no título 116864/D","service":"btg-baixa-titulos-service","status":"ERRO_CONSULTA","timestamp":"2026-05-12T13:13:43.064Z"}
{"erro":"Divergência de valor no título 116864/C","level":"error","message":"❌ Erro no título 116864/C","service":"btg-baixa-titulos-service","status":"ERRO_CONSULTA","timestamp":"2026-05-12T13:13:43.084Z"}
{"erro":"Divergência de valor no título 116617/E","level":"error","message":"❌ Erro no título 116617/E","service":"btg-baixa-titulos-service","status":"ERRO_CONSULTA","timestamp":"2026-05-12T13:13:43.105Z"}
{"erro":"Divergência de valor no título 116617/D","level":"error","message":"❌ Erro no título 116617/D","service":"btg-baixa-titulos-service","status":"ERRO_CONSULTA","timestamp":"2026-05-12T13:13:43.124Z"}
{"erro":"Divergência de valor no título 116070/E","level":"error","message":"❌ Erro no título 116070/E","service":"btg-baixa-titulos-service","status":"ERRO_CONSULTA","timestamp":"2026-05-12T13:13:43.144Z"}
{"erro":"Divergência de valor no título 116069/E","level":"error","message":"❌ Erro no título 116069/E","service":"btg-baixa-titulos-service","status":"ERRO_CONSULTA","timestamp":"2026-05-12T13:13:43.166Z"}
{"erro":"Divergência de valor no título 116068/E","level":"error","message":"❌ Erro no título 116068/E","service":"btg-baixa-titulos-service","status":"ERRO_CONSULTA","timestamp":"2026-05-12T13:13:43.188Z"}
{"erro":"Divergência de valor no título 116057/E","level":"error","message":"❌ Erro no título 116057/E","service":"btg-baixa-titulos-service","status":"ERRO_CONSULTA","timestamp":"2026-05-12T13:13:43.220Z"}
{"erro":"Divergência de valor no título 116077/D","level":"error","message":"❌ Erro no título 116077/D","service":"btg-baixa-titulos-service","status":"ERRO_CONSULTA","timestamp":"2026-05-12T13:13:43.237Z"}
{"erro":"Divergência de valor no título 114867/E","level":"error","message":"❌ Erro no título 114867/E","service":"btg-baixa-titulos-service","status":"ERRO_CONSULTA","timestamp":"2026-05-12T13:13:43.259Z"}
{"erro":"Divergência de valor no título 116077/C","level":"error","message":"❌ Erro no título 116077/C","service":"btg-baixa-titulos-service","status":"ERRO_CONSULTA","timestamp":"2026-05-12T13:13:43.278Z"}
{"erro":"Divergência de valor no título 116071/D","level":"error","message":"❌ Erro no título 116071/D","service":"btg-baixa-titulos-service","status":"ERRO_CONSULTA","timestamp":"2026-05-12T13:13:43.301Z"}
{"erro":"Divergência de valor no título 116070/D","level":"error","message":"❌ Erro no título 116070/D","service":"btg-baixa-titulos-service","status":"ERRO_CONSULTA","timestamp":"2026-05-12T13:13:43.319Z"}
{"erro":"Divergência de valor no título 116069/D","level":"error","message":"❌ Erro no título 116069/D","service":"btg-baixa-titulos-service","status":"ERRO_CONSULTA","timestamp":"2026-05-12T13:13:43.337Z"}
{"erro":"Divergência de valor no título 116068/D","level":"error","message":"❌ Erro no título 116068/D","service":"btg-baixa-titulos-service","status":"ERRO_CONSULTA","timestamp":"2026-05-12T13:13:43.354Z"}
{"erro":"Divergência de valor no título 116059/D","level":"error","message":"❌ Erro no título 116059/D","service":"btg-baixa-titulos-service","status":"ERRO_CONSULTA","timestamp":"2026-05-12T13:13:43.371Z"}
{"erro":"Divergência de valor no título 116057/D","level":"error","message":"❌ Erro no título 116057/D","service":"btg-baixa-titulos-service","status":"ERRO_CONSULTA","timestamp":"2026-05-12T13:13:43.385Z"}
{"erro":"Divergência de valor no título 116036/D","level":"error","message":"❌ Erro no título 116036/D","service":"btg-baixa-titulos-service","status":"ERRO_CONSULTA","timestamp":"2026-05-12T13:13:43.400Z"}
{"erro":"Divergência de valor no título 114867/D","level":"error","message":"❌ Erro no título 114867/D","service":"btg-baixa-titulos-service","status":"ERRO_CONSULTA","timestamp":"2026-05-12T13:13:43.418Z"}
{"erro":"Divergência de valor no título 38105/J","level":"error","message":"❌ Erro no título 38105/J","service":"btg-baixa-titulos-service","status":"ERRO_CONSULTA","timestamp":"2026-05-12T13:13:43.442Z"}
{"erro":"Divergência de valor no título 38105/I","level":"error","message":"❌ Erro no título 38105/I","service":"btg-baixa-titulos-service","status":"ERRO_CONSULTA","timestamp":"2026-05-12T13:13:43.470Z"}
{"erro":"Divergência de valor no título 38105/H","level":"error","message":"❌ Erro no título 38105/H","service":"btg-baixa-titulos-service","status":"ERRO_CONSULTA","timestamp":"2026-05-12T13:13:43.489Z"}
{"erro":"Divergência de valor no título 38105/G","level":"error","message":"❌ Erro no título 38105/G","service":"btg-baixa-titulos-service","status":"ERRO_CONSULTA","timestamp":"2026-05-12T13:13:43.513Z"}
{"erro":"Divergência de valor no título 38105/F","level":"error","message":"❌ Erro no título 38105/F","service":"btg-baixa-titulos-service","status":"ERRO_CONSULTA","timestamp":"2026-05-12T13:13:43.533Z"}
{"erro":"Divergência de valor no título 38105/E","level":"error","message":"❌ Erro no título 38105/E","service":"btg-baixa-titulos-service","status":"ERRO_CONSULTA","timestamp":"2026-05-12T13:13:43.552Z"}
{"erro":"Divergência de valor no título 38105/D","level":"error","message":"❌ Erro no título 38105/D","service":"btg-baixa-titulos-service","status":"ERRO_CONSULTA","timestamp":"2026-05-12T13:13:43.570Z"}
{"erro":"Divergência de valor no título 38105/C","level":"error","message":"❌ Erro no título 38105/C","service":"btg-baixa-titulos-service","status":"ERRO_CONSULTA","timestamp":"2026-05-12T13:13:43.588Z"}
{"erro":"Divergência de valor no título 38105/B","level":"error","message":"❌ Erro no título 38105/B","service":"btg-baixa-titulos-service","status":"ERRO_CONSULTA","timestamp":"2026-05-12T13:13:43.604Z"}
{"erro":"Divergência de valor no título 113263/E","level":"error","message":"❌ Erro no título 113263/E","service":"btg-baixa-titulos-service","status":"ERRO_CONSULTA","timestamp":"2026-05-12T13:13:43.618Z"}
{"erro":"Divergência de valor no título 112648/E","level":"error","message":"❌ Erro no título 112648/E","service":"btg-baixa-titulos-service","status":"ERRO_CONSULTA","timestamp":"2026-05-12T13:13:43.636Z"}
{"erro":"Divergência de valor no título 110754/I","level":"error","message":"❌ Erro no título 110754/I","service":"btg-baixa-titulos-service","status":"ERRO_CONSULTA","timestamp":"2026-05-12T13:13:43.656Z"}
{"erro":"Divergência de valor no título 110597/E","level":"error","message":"❌ Erro no título 110597/E","service":"btg-baixa-titulos-service","status":"ERRO_CONSULTA","timestamp":"2026-05-12T13:13:43.681Z"}
{"erro":"Divergência de valor no título 110596/E","level":"error","message":"❌ Erro no título 110596/E","service":"btg-baixa-titulos-service","status":"ERRO_CONSULTA","timestamp":"2026-05-12T13:13:43.701Z"}
{"erro":"Divergência de valor no título 37614/J","level":"error","message":"❌ Erro no título 37614/J","service":"btg-baixa-titulos-service","status":"ERRO_CONSULTA","timestamp":"2026-05-12T13:13:43.719Z"}
{"erro":"Divergência de valor no título 37614/I","level":"error","message":"❌ Erro no título 37614/I","service":"btg-baixa-titulos-service","status":"ERRO_CONSULTA","timestamp":"2026-05-12T13:13:43.736Z"}
{"erro":"Divergência de valor no título 37614/H","level":"error","message":"❌ Erro no título 37614/H","service":"btg-baixa-titulos-service","status":"ERRO_CONSULTA","timestamp":"2026-05-12T13:13:43.754Z"}
{"erro":"Divergência de valor no título 37614/G","level":"error","message":"❌ Erro no título 37614/G","service":"btg-baixa-titulos-service","status":"ERRO_CONSULTA","timestamp":"2026-05-12T13:13:43.771Z"}
{"erro":"Divergência de valor no título 110594/E","level":"error","message":"❌ Erro no título 110594/E","service":"btg-baixa-titulos-service","status":"ERRO_CONSULTA","timestamp":"2026-05-12T13:13:43.789Z"}
{"erro":"Divergência de valor no título 110595/D","level":"error","message":"❌ Erro no título 110595/D","service":"btg-baixa-titulos-service","status":"ERRO_CONSULTA","timestamp":"2026-05-12T13:13:43.807Z"}
{"erro":"Divergência de valor no título 110759/E","level":"error","message":"❌ Erro no título 110759/E","service":"btg-baixa-titulos-service","status":"ERRO_CONSULTA","timestamp":"2026-05-12T13:13:43.827Z"}
{"erro":"Divergência de valor no título 123885/A","level":"error","message":"❌ Erro no título 123885/A","service":"btg-baixa-titulos-service","status":"ERRO_CONSULTA","timestamp":"2026-05-12T13:28:31.403Z"}
{"erro":"Divergência de valor no título 123841/E","level":"error","message":"❌ Erro no título 123841/E","service":"btg-baixa-titulos-service","status":"ERRO_CONSULTA","timestamp":"2026-05-12T13:28:31.438Z"}
{"erro":"Divergência de valor no título 123841/D","level":"error","message":"❌ Erro no título 123841/D","service":"btg-baixa-titulos-service","status":"ERRO_CONSULTA","timestamp":"2026-05-12T13:28:31.462Z"}
{"erro":"Divergência de valor no título 123841/C","level":"error","message":"❌ Erro no título 123841/C","service":"btg-baixa-titulos-service","status":"ERRO_CONSULTA","timestamp":"2026-05-12T13:28:31.480Z"}
{"erro":"Divergência de valor no título 123841/B","level":"error","message":"❌ Erro no título 123841/B","service":"btg-baixa-titulos-service","status":"ERRO_CONSULTA","timestamp":"2026-05-12T13:28:31.502Z"}
{"erro":"Divergência de valor no título 123841/A","level":"error","message":"❌ Erro no título 123841/A","service":"btg-baixa-titulos-service","status":"ERRO_CONSULTA","timestamp":"2026-05-12T13:28:31.522Z"}
{"erro":"Divergência de valor no título 124031/D","level":"error","message":"❌ Erro no título 124031/D","service":"btg-baixa-titulos-service","status":"ERRO_CONSULTA","timestamp":"2026-05-12T13:28:31.542Z"}
{"erro":"Divergência de valor no título 124031/C","level":"error","message":"❌ Erro no título 124031/C","service":"btg-baixa-titulos-service","status":"ERRO_CONSULTA","timestamp":"2026-05-12T13:28:31.561Z"}
{"erro":"Divergência de valor no título 124031/B","level":"error","message":"❌ Erro no título 124031/B","service":"btg-baixa-titulos-service","status":"ERRO_CONSULTA","timestamp":"2026-05-12T13:28:31.580Z"}
{"erro":"Divergência de valor no título 124031/A","level":"error","message":"❌ Erro no título 124031/A","service":"btg-baixa-titulos-service","status":"ERRO_CONSULTA","timestamp":"2026-05-12T13:28:31.643Z"}
{"erro":"Divergência de valor no título 479/1","level":"error","message":"❌ Erro no título 479/1","service":"btg-baixa-titulos-service","status":"ERRO_CONSULTA","timestamp":"2026-05-12T13:28:31.687Z"}
{"erro":"Divergência de valor no título 479/9","level":"error","message":"❌ Erro no título 479/9","service":"btg-baixa-titulos-service","status":"ERRO_CONSULTA","timestamp":"2026-05-12T13:28:31.706Z"}
{"erro":"Divergência de valor no título 479/8","level":"error","message":"❌ Erro no título 479/8","service":"btg-baixa-titulos-service","status":"ERRO_CONSULTA","timestamp":"2026-05-12T13:28:31.725Z"}
{"erro":"Divergência de valor no título 479/7","level":"error","message":"❌ Erro no título 479/7","service":"btg-baixa-titulos-service","status":"ERRO_CONSULTA","timestamp":"2026-05-12T13:28:31.744Z"}
{"erro":"Divergência de valor no título 479/6","level":"error","message":"❌ Erro no título 479/6","service":"btg-baixa-titulos-service","status":"ERRO_CONSULTA","timestamp":"2026-05-12T13:28:31.765Z"}
{"erro":"Divergência de valor no título 479/5","level":"error","message":"❌ Erro no título 479/5","service":"btg-baixa-titulos-service","status":"ERRO_CONSULTA","timestamp":"2026-05-12T13:28:31.785Z"}
{"erro":"Divergência de valor no título 479/4","level":"error","message":"❌ Erro no título 479/4","service":"btg-baixa-titulos-service","status":"ERRO_CONSULTA","timestamp":"2026-05-12T13:28:31.804Z"}
{"erro":"Divergência de valor no título 479/3","level":"error","message":"❌ Erro no título 479/3","service":"btg-baixa-titulos-service","status":"ERRO_CONSULTA","timestamp":"2026-05-12T13:28:31.826Z"}
{"erro":"Divergência de valor no título 479/2","level":"error","message":"❌ Erro no título 479/2","service":"btg-baixa-titulos-service","status":"ERRO_CONSULTA","timestamp":"2026-05-12T13:28:31.849Z"}
{"erro":"Divergência de valor no título 123921/C","level":"error","message":"❌ Erro no título 123921/C","service":"btg-baixa-titulos-service","status":"ERRO_CONSULTA","timestamp":"2026-05-12T13:28:31.868Z"}
{"erro":"Divergência de valor no título 123921/B","level":"error","message":"❌ Erro no título 123921/B","service":"btg-baixa-titulos-service","status":"ERRO_CONSULTA","timestamp":"2026-05-12T13:28:31.885Z"}
{"erro":"Divergência de valor no título 123921/A","level":"error","message":"❌ Erro no título 123921/A","service":"btg-baixa-titulos-service","status":"ERRO_CONSULTA","timestamp":"2026-05-12T13:28:31.902Z"}
{"erro":"Divergência de valor no título 123799/E","level":"error","message":"❌ Erro no título 123799/E","service":"btg-baixa-titulos-service","status":"ERRO_CONSULTA","timestamp":"2026-05-12T13:28:31.922Z"}
{"erro":"Divergência de valor no título 123799/D","level":"error","message":"❌ Erro no título 123799/D","service":"btg-baixa-titulos-service","status":"ERRO_CONSULTA","timestamp":"2026-05-12T13:28:31.945Z"}
{"erro":"Divergência de valor no título 123799/C","level":"error","message":"❌ Erro no título 123799/C","service":"btg-baixa-titulos-service","status":"ERRO_CONSULTA","timestamp":"2026-05-12T13:28:31.964Z"}
{"erro":"Divergência de valor no título 123799/B","level":"error","message":"❌ Erro no título 123799/B","service":"btg-baixa-titulos-service","status":"ERRO_CONSULTA","timestamp":"2026-05-12T13:28:31.980Z"}
{"erro":"Divergência de valor no título 123799/A","level":"error","message":"❌ Erro no título 123799/A","service":"btg-baixa-titulos-service","status":"ERRO_CONSULTA","timestamp":"2026-05-12T13:28:31.998Z"}
{"erro":"Divergência de valor no título 123302/D","level":"error","message":"❌ Erro no título 123302/D","service":"btg-baixa-titulos-service","status":"ERRO_CONSULTA","timestamp":"2026-05-12T13:28:32.011Z"}
{"erro":"Divergência de valor no título 123302/C","level":"error","message":"❌ Erro no título 123302/C","service":"btg-baixa-titulos-service","status":"ERRO_CONSULTA","timestamp":"2026-05-12T13:28:32.029Z"}
{"erro":"Divergência de valor no título 123302/B","level":"error","message":"❌ Erro no título 123302/B","service":"btg-baixa-titulos-service","status":"ERRO_CONSULTA","timestamp":"2026-05-12T13:28:32.045Z"}
{"erro":"Divergência de valor no título 123302/A","level":"error","message":"❌ Erro no título 123302/A","service":"btg-baixa-titulos-service","status":"ERRO_CONSULTA","timestamp":"2026-05-12T13:28:32.066Z"}
{"erro":"Divergência de valor no título 122927/D","level":"error","message":"❌ Erro no título 122927/D","service":"btg-baixa-titulos-service","status":"ERRO_CONSULTA","timestamp":"2026-05-12T13:28:32.085Z"}
{"erro":"Divergência de valor no título 122927/C","level":"error","message":"❌ Erro no título 122927/C","service":"btg-baixa-titulos-service","status":"ERRO_CONSULTA","timestamp":"2026-05-12T13:28:32.105Z"}
{"erro":"Divergência de valor no título 122927/B","level":"error","message":"❌ Erro no título 122927/B","service":"btg-baixa-titulos-service","status":"ERRO_CONSULTA","timestamp":"2026-05-12T13:28:32.122Z"}
{"erro":"Divergência de valor no título 122927/A","level":"error","message":"❌ Erro no título 122927/A","service":"btg-baixa-titulos-service","status":"ERRO_CONSULTA","timestamp":"2026-05-12T13:28:32.141Z"}
{"erro":"Divergência de valor no título 123889/D","level":"error","message":"❌ Erro no título 123889/D","service":"btg-baixa-titulos-service","status":"ERRO_CONSULTA","timestamp":"2026-05-12T13:28:32.160Z"}
{"erro":"Divergência de valor no título 123889/C","level":"error","message":"❌ Erro no título 123889/C","service":"btg-baixa-titulos-service","status":"ERRO_CONSULTA","timestamp":"2026-05-12T13:28:32.178Z"}
{"erro":"Divergência de valor no título 123889/B","level":"error","message":"❌ Erro no título 123889/B","service":"btg-baixa-titulos-service","status":"ERRO_CONSULTA","timestamp":"2026-05-12T13:28:32.197Z"}
{"erro":"Divergência de valor no título 123889/A","level":"error","message":"❌ Erro no título 123889/A","service":"btg-baixa-titulos-service","status":"ERRO_CONSULTA","timestamp":"2026-05-12T13:28:32.216Z"}
{"erro":"Divergência de valor no título 123886/C","level":"error","message":"❌ Erro no título 123886/C","service":"btg-baixa-titulos-service","status":"ERRO_CONSULTA","timestamp":"2026-05-12T13:28:32.234Z"}
{"erro":"Divergência de valor no título 123886/B","level":"error","message":"❌ Erro no título 123886/B","service":"btg-baixa-titulos-service","status":"ERRO_CONSULTA","timestamp":"2026-05-12T13:28:32.253Z"}
{"erro":"Divergência de valor no título 123886/A","level":"error","message":"❌ Erro no título 123886/A","service":"btg-baixa-titulos-service","status":"ERRO_CONSULTA","timestamp":"2026-05-12T13:28:32.270Z"}
{"erro":"Divergência de valor no título 123918/B","level":"error","message":"❌ Erro no título 123918/B","service":"btg-baixa-titulos-service","status":"ERRO_CONSULTA","timestamp":"2026-05-12T13:28:32.288Z"}
{"erro":"Divergência de valor no título 123918/A","level":"error","message":"❌ Erro no título 123918/A","service":"btg-baixa-titulos-service","status":"ERRO_CONSULTA","timestamp":"2026-05-12T13:28:32.303Z"}
{"erro":"Divergência de valor no título 123918/C","level":"error","message":"❌ Erro no título 123918/C","service":"btg-baixa-titulos-service","status":"ERRO_CONSULTA","timestamp":"2026-05-12T13:28:32.319Z"}
{"erro":"Divergência de valor no título 122926/E","level":"error","message":"❌ Erro no título 122926/E","service":"btg-baixa-titulos-service","status":"ERRO_CONSULTA","timestamp":"2026-05-12T13:28:32.333Z"}
{"erro":"Divergência de valor no título 122926/D","level":"error","message":"❌ Erro no título 122926/D","service":"btg-baixa-titulos-service","status":"ERRO_CONSULTA","timestamp":"2026-05-12T13:28:32.348Z"}
{"erro":"Divergência de valor no título 122926/C","level":"error","message":"❌ Erro no título 122926/C","service":"btg-baixa-titulos-service","status":"ERRO_CONSULTA","timestamp":"2026-05-12T13:28:32.375Z"}
{"erro":"Divergência de valor no título 122926/B","level":"error","message":"❌ Erro no título 122926/B","service":"btg-baixa-titulos-service","status":"ERRO_CONSULTA","timestamp":"2026-05-12T13:28:32.391Z"}
{"erro":"Divergência de valor no título 122926/A","level":"error","message":"❌ Erro no título 122926/A","service":"btg-baixa-titulos-service","status":"ERRO_CONSULTA","timestamp":"2026-05-12T13:28:32.406Z"}
{"erro":"Divergência de valor no título 123789/C","level":"error","message":"❌ Erro no título 123789/C","service":"btg-baixa-titulos-service","status":"ERRO_CONSULTA","timestamp":"2026-05-12T13:28:32.421Z"}
{"erro":"Divergência de valor no título 123789/B","level":"error","message":"❌ Erro no título 123789/B","service":"btg-baixa-titulos-service","status":"ERRO_CONSULTA","timestamp":"2026-05-12T13:28:32.437Z"}
{"erro":"Divergência de valor no título 123789/A","level":"error","message":"❌ Erro no título 123789/A","service":"btg-baixa-titulos-service","status":"ERRO_CONSULTA","timestamp":"2026-05-12T13:28:32.457Z"}
{"erro":"Divergência de valor no título 123789/D","level":"error","message":"❌ Erro no título 123789/D","service":"btg-baixa-titulos-service","status":"ERRO_CONSULTA","timestamp":"2026-05-12T13:28:32.474Z"}
{"erro":"Divergência de valor no título 123790/E","level":"error","message":"❌ Erro no título 123790/E","service":"btg-baixa-titulos-service","status":"ERRO_CONSULTA","timestamp":"2026-05-12T13:28:32.491Z"}
{"erro":"Divergência de valor no título 123790/D","level":"error","message":"❌ Erro no título 123790/D","service":"btg-baixa-titulos-service","status":"ERRO_CONSULTA","timestamp":"2026-05-12T13:28:32.512Z"}
{"erro":"Divergência de valor no título 123790/C","level":"error","message":"❌ Erro no título 123790/C","service":"btg-baixa-titulos-service","status":"ERRO_CONSULTA","timestamp":"2026-05-12T13:28:32.531Z"}
{"erro":"Divergência de valor no título 123790/B","level":"error","message":"❌ Erro no título 123790/B","service":"btg-baixa-titulos-service","status":"ERRO_CONSULTA","timestamp":"2026-05-12T13:28:32.549Z"}
{"erro":"Divergência de valor no título 123790/A","level":"error","message":"❌ Erro no título 123790/A","service":"btg-baixa-titulos-service","status":"ERRO_CONSULTA","timestamp":"2026-05-12T13:28:32.567Z"}
{"erro":"Divergência de valor no título 123689/D","level":"error","message":"❌ Erro no título 123689/D","service":"btg-baixa-titulos-service","status":"ERRO_CONSULTA","timestamp":"2026-05-12T13:28:32.587Z"}
{"erro":"Divergência de valor no título 123689/C","level":"error","message":"❌ Erro no título 123689/C","service":"btg-baixa-titulos-service","status":"ERRO_CONSULTA","timestamp":"2026-05-12T13:28:32.605Z"}
{"erro":"Divergência de valor no título 123689/B","level":"error","message":"❌ Erro no título 123689/B","service":"btg-baixa-titulos-service","status":"ERRO_CONSULTA","timestamp":"2026-05-12T13:28:32.624Z"}
{"erro":"Divergência de valor no título 123689/A","level":"error","message":"❌ Erro no título 123689/A","service":"btg-baixa-titulos-service","status":"ERRO_CONSULTA","timestamp":"2026-05-12T13:28:32.640Z"}
{"erro":"Divergência de valor no título 123798/E","level":"error","message":"❌ Erro no título 123798/E","service":"btg-baixa-titulos-service","status":"ERRO_CONSULTA","timestamp":"2026-05-12T13:28:32.657Z"}
{"erro":"Divergência de valor no título 123798/D","level":"error","message":"❌ Erro no título 123798/D","service":"btg-baixa-titulos-service","status":"ERRO_CONSULTA","timestamp":"2026-05-12T13:28:32.672Z"}
{"erro":"Divergência de valor no título 123798/C","level":"error","message":"❌ Erro no título 123798/C","service":"btg-baixa-titulos-service","status":"ERRO_CONSULTA","timestamp":"2026-05-12T13:28:32.695Z"}
{"erro":"Divergência de valor no título 123798/B","level":"error","message":"❌ Erro no título 123798/B","service":"btg-baixa-titulos-service","status":"ERRO_CONSULTA","timestamp":"2026-05-12T13:28:32.713Z"}
{"erro":"Divergência de valor no título 123798/A","level":"error","message":"❌ Erro no título 123798/A","service":"btg-baixa-titulos-service","status":"ERRO_CONSULTA","timestamp":"2026-05-12T13:28:32.732Z"}
{"erro":"Divergência de valor no título 123800","level":"error","message":"❌ Erro no título 123800","service":"btg-baixa-titulos-service","status":"ERRO_CONSULTA","timestamp":"2026-05-12T13:28:32.751Z"}
{"erro":"Divergência de valor no título 123383/B","level":"error","message":"❌ Erro no título 123383/B","service":"btg-baixa-titulos-service","status":"ERRO_CONSULTA","timestamp":"2026-05-12T13:28:32.770Z"}
{"erro":"Divergência de valor no título 123383/A","level":"error","message":"❌ Erro no título 123383/A","service":"btg-baixa-titulos-service","status":"ERRO_CONSULTA","timestamp":"2026-05-12T13:28:32.790Z"}
{"erro":"Divergência de valor no título 123383/C","level":"error","message":"❌ Erro no título 123383/C","service":"btg-baixa-titulos-service","status":"ERRO_CONSULTA","timestamp":"2026-05-12T13:28:32.815Z"}
{"erro":"Divergência de valor no título 123801/C","level":"error","message":"❌ Erro no título 123801/C","service":"btg-baixa-titulos-service","status":"ERRO_CONSULTA","timestamp":"2026-05-12T13:28:32.854Z"}
{"erro":"Divergência de valor no título 123801/B","level":"error","message":"❌ Erro no título 123801/B","service":"btg-baixa-titulos-service","status":"ERRO_CONSULTA","timestamp":"2026-05-12T13:28:32.886Z"}
{"erro":"Divergência de valor no título 123801/A","level":"error","message":"❌ Erro no título 123801/A","service":"btg-baixa-titulos-service","status":"ERRO_CONSULTA","timestamp":"2026-05-12T13:28:32.905Z"}
{"erro":"Divergência de valor no título 123792/E","level":"error","message":"❌ Erro no título 123792/E","service":"btg-baixa-titulos-service","status":"ERRO_CONSULTA","timestamp":"2026-05-12T13:28:32.919Z"}
{"erro":"Divergência de valor no título 123792/D","level":"error","message":"❌ Erro no título 123792/D","service":"btg-baixa-titulos-service","status":"ERRO_CONSULTA","timestamp":"2026-05-12T13:28:32.935Z"}
{"erro":"Divergência de valor no título 123792/C","level":"error","message":"❌ Erro no título 123792/C","service":"btg-baixa-titulos-service","status":"ERRO_CONSULTA","timestamp":"2026-05-12T13:28:32.957Z"}
{"erro":"Divergência de valor no título 123792/B","level":"error","message":"❌ Erro no título 123792/B","service":"btg-baixa-titulos-service","status":"ERRO_CONSULTA","timestamp":"2026-05-12T13:28:32.977Z"}
{"erro":"Divergência de valor no título 123792/A","level":"error","message":"❌ Erro no título 123792/A","service":"btg-baixa-titulos-service","status":"ERRO_CONSULTA","timestamp":"2026-05-12T13:28:33.079Z"}
{"erro":"Divergência de valor no título 123888/B","level":"error","message":"❌ Erro no título 123888/B","service":"btg-baixa-titulos-service","status":"ERRO_CONSULTA","timestamp":"2026-05-12T13:28:33.100Z"}
{"erro":"Divergência de valor no título 123888/A","level":"error","message":"❌ Erro no título 123888/A","service":"btg-baixa-titulos-service","status":"ERRO_CONSULTA","timestamp":"2026-05-12T13:28:33.118Z"}
{"erro":"Divergência de valor no título 123888/C","level":"error","message":"❌ Erro no título 123888/C","service":"btg-baixa-titulos-service","status":"ERRO_CONSULTA","timestamp":"2026-05-12T13:28:33.135Z"}
{"erro":"Divergência de valor no título 123885/D","level":"error","message":"❌ Erro no título 123885/D","service":"btg-baixa-titulos-service","status":"ERRO_CONSULTA","timestamp":"2026-05-12T13:28:33.148Z"}
{"erro":"Divergência de valor no título 123885/C","level":"error","message":"❌ Erro no título 123885/C","service":"btg-baixa-titulos-service","status":"ERRO_CONSULTA","timestamp":"2026-05-12T13:28:33.167Z"}
{"erro":"Divergência de valor no título 123885/B","level":"error","message":"❌ Erro no título 123885/B","service":"btg-baixa-titulos-service","status":"ERRO_CONSULTA","timestamp":"2026-05-12T13:28:33.183Z"}
{"erro":"Divergência de valor no título 122393/B","level":"error","message":"❌ Erro no título 122393/B","service":"btg-baixa-titulos-service","status":"ERRO_CONSULTA","timestamp":"2026-05-12T13:28:33.199Z"}
{"erro":"Divergência de valor no título 122593/C","level":"error","message":"❌ Erro no título 122593/C","service":"btg-baixa-titulos-service","status":"ERRO_CONSULTA","timestamp":"2026-05-12T13:28:33.215Z"}
{"erro":"Divergência de valor no título 122593/B","level":"error","message":"❌ Erro no título 122593/B","service":"btg-baixa-titulos-service","status":"ERRO_CONSULTA","timestamp":"2026-05-12T13:28:33.237Z"}
{"erro":"Divergência de valor no título 122593/A","level":"error","message":"❌ Erro no título 122593/A","service":"btg-baixa-titulos-service","status":"ERRO_CONSULTA","timestamp":"2026-05-12T13:28:33.258Z"}
{"erro":"Divergência de valor no título 122342/E","level":"error","message":"❌ Erro no título 122342/E","service":"btg-baixa-titulos-service","status":"ERRO_CONSULTA","timestamp":"2026-05-12T13:28:33.274Z"}
{"erro":"Divergência de valor no título 122342/D","level":"error","message":"❌ Erro no título 122342/D","service":"btg-baixa-titulos-service","status":"ERRO_CONSULTA","timestamp":"2026-05-12T13:28:33.295Z"}
{"erro":"Divergência de valor no título 122342/C","level":"error","message":"❌ Erro no título 122342/C","service":"btg-baixa-titulos-service","status":"ERRO_CONSULTA","timestamp":"2026-05-12T13:28:33.316Z"}
{"erro":"Divergência de valor no título 122342/B","level":"error","message":"❌ Erro no título 122342/B","service":"btg-baixa-titulos-service","status":"ERRO_CONSULTA","timestamp":"2026-05-12T13:28:33.336Z"}
{"erro":"Divergência de valor no título 122342/A","level":"error","message":"❌ Erro no título 122342/A","service":"btg-baixa-titulos-service","status":"ERRO_CONSULTA","timestamp":"2026-05-12T13:28:33.359Z"}
{"erro":"Divergência de valor no título 122444/C","level":"error","message":"❌ Erro no título 122444/C","service":"btg-baixa-titulos-service","status":"ERRO_CONSULTA","timestamp":"2026-05-12T13:28:33.375Z"}
{"erro":"Divergência de valor no título 122444/B","level":"error","message":"❌ Erro no título 122444/B","service":"btg-baixa-titulos-service","status":"ERRO_CONSULTA","timestamp":"2026-05-12T13:28:33.392Z"}
{"erro":"Divergência de valor no título 122338/E","level":"error","message":"❌ Erro no título 122338/E","service":"btg-baixa-titulos-service","status":"ERRO_CONSULTA","timestamp":"2026-05-12T13:28:33.424Z"}
{"erro":"Divergência de valor no título 122338/D","level":"error","message":"❌ Erro no título 122338/D","service":"btg-baixa-titulos-service","status":"ERRO_CONSULTA","timestamp":"2026-05-12T13:28:33.440Z"}
{"erro":"Divergência de valor no título 122338/C","level":"error","message":"❌ Erro no título 122338/C","service":"btg-baixa-titulos-service","status":"ERRO_CONSULTA","timestamp":"2026-05-12T13:28:33.457Z"}
{"erro":"Divergência de valor no título 122338/B","level":"error","message":"❌ Erro no título 122338/B","service":"btg-baixa-titulos-service","status":"ERRO_CONSULTA","timestamp":"2026-05-12T13:28:33.477Z"}
{"erro":"Divergência de valor no título 122338/A","level":"error","message":"❌ Erro no título 122338/A","service":"btg-baixa-titulos-service","status":"ERRO_CONSULTA","timestamp":"2026-05-12T13:28:33.495Z"}
{"erro":"Divergência de valor no título 122624/C","level":"error","message":"❌ Erro no título 122624/C","service":"btg-baixa-titulos-service","status":"ERRO_CONSULTA","timestamp":"2026-05-12T13:28:33.512Z"}
{"erro":"Divergência de valor no título 122624/B","level":"error","message":"❌ Erro no título 122624/B","service":"btg-baixa-titulos-service","status":"ERRO_CONSULTA","timestamp":"2026-05-12T13:28:33.528Z"}
{"erro":"Divergência de valor no título 122624/A","level":"error","message":"❌ Erro no título 122624/A","service":"btg-baixa-titulos-service","status":"ERRO_CONSULTA","timestamp":"2026-05-12T13:28:33.543Z"}
{"erro":"Divergência de valor no título 122429/C","level":"error","message":"❌ Erro no título 122429/C","service":"btg-baixa-titulos-service","status":"ERRO_CONSULTA","timestamp":"2026-05-12T13:28:33.561Z"}
{"erro":"Divergência de valor no título 122336/D","level":"error","message":"❌ Erro no título 122336/D","service":"btg-baixa-titulos-service","status":"ERRO_CONSULTA","timestamp":"2026-05-12T13:28:33.578Z"}
{"erro":"Divergência de valor no título 122429/B","level":"error","message":"❌ Erro no título 122429/B","service":"btg-baixa-titulos-service","status":"ERRO_CONSULTA","timestamp":"2026-05-12T13:28:33.592Z"}
{"erro":"Divergência de valor no título 122336/C","level":"error","message":"❌ Erro no título 122336/C","service":"btg-baixa-titulos-service","status":"ERRO_CONSULTA","timestamp":"2026-05-12T13:28:33.608Z"}
{"erro":"Divergência de valor no título 122429/A","level":"error","message":"❌ Erro no título 122429/A","service":"btg-baixa-titulos-service","status":"ERRO_CONSULTA","timestamp":"2026-05-12T13:28:33.624Z"}
{"erro":"Divergência de valor no título 122336/B","level":"error","message":"❌ Erro no título 122336/B","service":"btg-baixa-titulos-service","status":"ERRO_CONSULTA","timestamp":"2026-05-12T13:28:33.644Z"}
{"erro":"Divergência de valor no título 122429/D","level":"error","message":"❌ Erro no título 122429/D","service":"btg-baixa-titulos-service","status":"ERRO_CONSULTA","timestamp":"2026-05-12T13:28:33.659Z"}
{"erro":"Divergência de valor no título 122336/A","level":"error","message":"❌ Erro no título 122336/A","service":"btg-baixa-titulos-service","status":"ERRO_CONSULTA","timestamp":"2026-05-12T13:28:33.674Z"}
{"erro":"Divergência de valor no título 82193/B","level":"error","message":"❌ Erro no título 82193/B","service":"btg-baixa-titulos-service","status":"ERRO_CONSULTA","timestamp":"2026-05-12T13:28:33.694Z"}
{"erro":"Divergência de valor no título 122725/C","level":"error","message":"❌ Erro no título 122725/C","service":"btg-baixa-titulos-service","status":"ERRO_CONSULTA","timestamp":"2026-05-12T13:28:33.711Z"}
{"erro":"Divergência de valor no título 82193/C","level":"error","message":"❌ Erro no título 82193/C","service":"btg-baixa-titulos-service","status":"ERRO_CONSULTA","timestamp":"2026-05-12T13:28:33.726Z"}
{"erro":"Divergência de valor no título 122725/B","level":"error","message":"❌ Erro no título 122725/B","service":"btg-baixa-titulos-service","status":"ERRO_CONSULTA","timestamp":"2026-05-12T13:28:33.739Z"}
{"erro":"Divergência de valor no título 122725/A","level":"error","message":"❌ Erro no título 122725/A","service":"btg-baixa-titulos-service","status":"ERRO_CONSULTA","timestamp":"2026-05-12T13:28:33.781Z"}
{"erro":"Divergência de valor no título 122725/D","level":"error","message":"❌ Erro no título 122725/D","service":"btg-baixa-titulos-service","status":"ERRO_CONSULTA","timestamp":"2026-05-12T13:28:33.798Z"}
{"erro":"Divergência de valor no título 122599/D","level":"error","message":"❌ Erro no título 122599/D","service":"btg-baixa-titulos-service","status":"ERRO_CONSULTA","timestamp":"2026-05-12T13:28:33.817Z"}
{"erro":"Divergência de valor no título 122337/E","level":"error","message":"❌ Erro no título 122337/E","service":"btg-baixa-titulos-service","status":"ERRO_CONSULTA","timestamp":"2026-05-12T13:28:33.834Z"}
{"erro":"Divergência de valor no título 122599/C","level":"error","message":"❌ Erro no título 122599/C","service":"btg-baixa-titulos-service","status":"ERRO_CONSULTA","timestamp":"2026-05-12T13:28:33.851Z"}
{"erro":"Divergência de valor no título 122337/D","level":"error","message":"❌ Erro no título 122337/D","service":"btg-baixa-titulos-service","status":"ERRO_CONSULTA","timestamp":"2026-05-12T13:28:33.868Z"}
{"erro":"Divergência de valor no título 122599/B","level":"error","message":"❌ Erro no título 122599/B","service":"btg-baixa-titulos-service","status":"ERRO_CONSULTA","timestamp":"2026-05-12T13:28:33.889Z"}
{"erro":"Divergência de valor no título 122337/C","level":"error","message":"❌ Erro no título 122337/C","service":"btg-baixa-titulos-service","status":"ERRO_CONSULTA","timestamp":"2026-05-12T13:28:33.905Z"}
{"erro":"Divergência de valor no título 122599/A","level":"error","message":"❌ Erro no título 122599/A","service":"btg-baixa-titulos-service","status":"ERRO_CONSULTA","timestamp":"2026-05-12T13:28:33.923Z"}
{"erro":"Divergência de valor no título 122337/B","level":"error","message":"❌ Erro no título 122337/B","service":"btg-baixa-titulos-service","status":"ERRO_CONSULTA","timestamp":"2026-05-12T13:28:33.940Z"}
{"erro":"Divergência de valor no título 121874/E","level":"error","message":"❌ Erro no título 121874/E","service":"btg-baixa-titulos-service","status":"ERRO_CONSULTA","timestamp":"2026-05-12T13:28:33.957Z"}
{"erro":"Divergência de valor no título 122337/A","level":"error","message":"❌ Erro no título 122337/A","service":"btg-baixa-titulos-service","status":"ERRO_CONSULTA","timestamp":"2026-05-12T13:28:33.974Z"}
{"erro":"Divergência de valor no título 121874/D","level":"error","message":"❌ Erro no título 121874/D","service":"btg-baixa-titulos-service","status":"ERRO_CONSULTA","timestamp":"2026-05-12T13:28:33.988Z"}
{"erro":"Divergência de valor no título 122404/E","level":"error","message":"❌ Erro no título 122404/E","service":"btg-baixa-titulos-service","status":"ERRO_CONSULTA","timestamp":"2026-05-12T13:28:34.007Z"}
{"erro":"Divergência de valor no título 121874/C","level":"error","message":"❌ Erro no título 121874/C","service":"btg-baixa-titulos-service","status":"ERRO_CONSULTA","timestamp":"2026-05-12T13:28:34.026Z"}
{"erro":"Divergência de valor no título 122404/D","level":"error","message":"❌ Erro no título 122404/D","service":"btg-baixa-titulos-service","status":"ERRO_CONSULTA","timestamp":"2026-05-12T13:28:34.042Z"}
{"erro":"Divergência de valor no título 121874/B","level":"error","message":"❌ Erro no título 121874/B","service":"btg-baixa-titulos-service","status":"ERRO_CONSULTA","timestamp":"2026-05-12T13:28:34.058Z"}
{"erro":"Divergência de valor no título 122404/C","level":"error","message":"❌ Erro no título 122404/C","service":"btg-baixa-titulos-service","status":"ERRO_CONSULTA","timestamp":"2026-05-12T13:28:34.073Z"}
{"erro":"Divergência de valor no título 122404/B","level":"error","message":"❌ Erro no título 122404/B","service":"btg-baixa-titulos-service","status":"ERRO_CONSULTA","timestamp":"2026-05-12T13:28:34.090Z"}
{"erro":"Divergência de valor no título 122020/C","level":"error","message":"❌ Erro no título 122020/C","service":"btg-baixa-titulos-service","status":"ERRO_CONSULTA","timestamp":"2026-05-12T13:28:34.106Z"}
{"erro":"Divergência de valor no título 122404/A","level":"error","message":"❌ Erro no título 122404/A","service":"btg-baixa-titulos-service","status":"ERRO_CONSULTA","timestamp":"2026-05-12T13:28:34.121Z"}
{"erro":"Divergência de valor no título 122020/B","level":"error","message":"❌ Erro no título 122020/B","service":"btg-baixa-titulos-service","status":"ERRO_CONSULTA","timestamp":"2026-05-12T13:28:34.134Z"}
{"erro":"Divergência de valor no título 122399/E","level":"error","message":"❌ Erro no título 122399/E","service":"btg-baixa-titulos-service","status":"ERRO_CONSULTA","timestamp":"2026-05-12T13:28:34.148Z"}
{"erro":"Divergência de valor no título 122020/A","level":"error","message":"❌ Erro no título 122020/A","service":"btg-baixa-titulos-service","status":"ERRO_CONSULTA","timestamp":"2026-05-12T13:28:34.163Z"}
{"erro":"Divergência de valor no título 122399/D","level":"error","message":"❌ Erro no título 122399/D","service":"btg-baixa-titulos-service","status":"ERRO_CONSULTA","timestamp":"2026-05-12T13:28:34.179Z"}
{"erro":"Divergência de valor no título 122020/D","level":"error","message":"❌ Erro no título 122020/D","service":"btg-baixa-titulos-service","status":"ERRO_CONSULTA","timestamp":"2026-05-12T13:28:34.196Z"}
{"erro":"Divergência de valor no título 122399/C","level":"error","message":"❌ Erro no título 122399/C","service":"btg-baixa-titulos-service","status":"ERRO_CONSULTA","timestamp":"2026-05-12T13:28:34.211Z"}
{"erro":"Divergência de valor no título 122010/D","level":"error","message":"❌ Erro no título 122010/D","service":"btg-baixa-titulos-service","status":"ERRO_CONSULTA","timestamp":"2026-05-12T13:28:34.225Z"}
{"erro":"Divergência de valor no título 122399/B","level":"error","message":"❌ Erro no título 122399/B","service":"btg-baixa-titulos-service","status":"ERRO_CONSULTA","timestamp":"2026-05-12T13:28:34.238Z"}
{"erro":"Divergência de valor no título 122010/C","level":"error","message":"❌ Erro no título 122010/C","service":"btg-baixa-titulos-service","status":"ERRO_CONSULTA","timestamp":"2026-05-12T13:28:34.259Z"}
{"erro":"Divergência de valor no título 122399/A","level":"error","message":"❌ Erro no título 122399/A","service":"btg-baixa-titulos-service","status":"ERRO_CONSULTA","timestamp":"2026-05-12T13:28:34.272Z"}
{"erro":"Divergência de valor no título 122010/B","level":"error","message":"❌ Erro no título 122010/B","service":"btg-baixa-titulos-service","status":"ERRO_CONSULTA","timestamp":"2026-05-12T13:28:34.287Z"}
{"erro":"Divergência de valor no título 122400/E","level":"error","message":"❌ Erro no título 122400/E","service":"btg-baixa-titulos-service","status":"ERRO_CONSULTA","timestamp":"2026-05-12T13:28:34.301Z"}
{"erro":"Divergência de valor no título 122400/D","level":"error","message":"❌ Erro no título 122400/D","service":"btg-baixa-titulos-service","status":"ERRO_CONSULTA","timestamp":"2026-05-12T13:28:34.314Z"}
{"erro":"Divergência de valor no título 122400/C","level":"error","message":"❌ Erro no título 122400/C","service":"btg-baixa-titulos-service","status":"ERRO_CONSULTA","timestamp":"2026-05-12T13:28:34.330Z"}
{"erro":"Divergência de valor no título 122724/D","level":"error","message":"❌ Erro no título 122724/D","service":"btg-baixa-titulos-service","status":"ERRO_CONSULTA","timestamp":"2026-05-12T13:28:34.344Z"}
{"erro":"Divergência de valor no título 122400/B","level":"error","message":"❌ Erro no título 122400/B","service":"btg-baixa-titulos-service","status":"ERRO_CONSULTA","timestamp":"2026-05-12T13:28:34.359Z"}
{"erro":"Divergência de valor no título 122724/C","level":"error","message":"❌ Erro no título 122724/C","service":"btg-baixa-titulos-service","status":"ERRO_CONSULTA","timestamp":"2026-05-12T13:28:34.372Z"}
{"erro":"Divergência de valor no título 122724/B","level":"error","message":"❌ Erro no título 122724/B","service":"btg-baixa-titulos-service","status":"ERRO_CONSULTA","timestamp":"2026-05-12T13:28:34.387Z"}
{"erro":"Divergência de valor no título 122400/A","level":"error","message":"❌ Erro no título 122400/A","service":"btg-baixa-titulos-service","status":"ERRO_CONSULTA","timestamp":"2026-05-12T13:28:34.403Z"}
{"erro":"Divergência de valor no título 122393/C","level":"error","message":"❌ Erro no título 122393/C","service":"btg-baixa-titulos-service","status":"ERRO_CONSULTA","timestamp":"2026-05-12T13:28:34.420Z"}
{"erro":"Divergência de valor no título 122724/A","level":"error","message":"❌ Erro no título 122724/A","service":"btg-baixa-titulos-service","status":"ERRO_CONSULTA","timestamp":"2026-05-12T13:28:34.434Z"}
{"erro":"Divergência de valor no título 82105/J","level":"error","message":"❌ Erro no título 82105/J","service":"btg-baixa-titulos-service","status":"ERRO_CONSULTA","timestamp":"2026-05-12T13:28:34.447Z"}
{"erro":"Divergência de valor no título 82105/I","level":"error","message":"❌ Erro no título 82105/I","service":"btg-baixa-titulos-service","status":"ERRO_CONSULTA","timestamp":"2026-05-12T13:28:34.461Z"}
{"erro":"Divergência de valor no título 82105/H","level":"error","message":"❌ Erro no título 82105/H","service":"btg-baixa-titulos-service","status":"ERRO_CONSULTA","timestamp":"2026-05-12T13:28:34.475Z"}
{"erro":"Divergência de valor no título 82105/G","level":"error","message":"❌ Erro no título 82105/G","service":"btg-baixa-titulos-service","status":"ERRO_CONSULTA","timestamp":"2026-05-12T13:28:34.492Z"}
{"erro":"Divergência de valor no título 82105/F","level":"error","message":"❌ Erro no título 82105/F","service":"btg-baixa-titulos-service","status":"ERRO_CONSULTA","timestamp":"2026-05-12T13:28:34.509Z"}
{"erro":"Divergência de valor no título 82105/E","level":"error","message":"❌ Erro no título 82105/E","service":"btg-baixa-titulos-service","status":"ERRO_CONSULTA","timestamp":"2026-05-12T13:28:34.525Z"}
{"erro":"Divergência de valor no título 82105/D","level":"error","message":"❌ Erro no título 82105/D","service":"btg-baixa-titulos-service","status":"ERRO_CONSULTA","timestamp":"2026-05-12T13:28:34.537Z"}
{"erro":"Divergência de valor no título 82105/C","level":"error","message":"❌ Erro no título 82105/C","service":"btg-baixa-titulos-service","status":"ERRO_CONSULTA","timestamp":"2026-05-12T13:28:34.552Z"}
{"erro":"Divergência de valor no título 121444/D","level":"error","message":"❌ Erro no título 121444/D","service":"btg-baixa-titulos-service","status":"ERRO_CONSULTA","timestamp":"2026-05-12T13:28:34.567Z"}
{"erro":"Divergência de valor no título 121444/C","level":"error","message":"❌ Erro no título 121444/C","service":"btg-baixa-titulos-service","status":"ERRO_CONSULTA","timestamp":"2026-05-12T13:28:34.580Z"}
{"erro":"Divergência de valor no título 121444/B","level":"error","message":"❌ Erro no título 121444/B","service":"btg-baixa-titulos-service","status":"ERRO_CONSULTA","timestamp":"2026-05-12T13:28:34.595Z"}
{"erro":"Divergência de valor no título 121444/A","level":"error","message":"❌ Erro no título 121444/A","service":"btg-baixa-titulos-service","status":"ERRO_CONSULTA","timestamp":"2026-05-12T13:28:34.608Z"}
{"erro":"Divergência de valor no título 121370/D","level":"error","message":"❌ Erro no título 121370/D","service":"btg-baixa-titulos-service","status":"ERRO_CONSULTA","timestamp":"2026-05-12T13:28:34.625Z"}
{"erro":"Divergência de valor no título 121370/C","level":"error","message":"❌ Erro no título 121370/C","service":"btg-baixa-titulos-service","status":"ERRO_CONSULTA","timestamp":"2026-05-12T13:28:34.648Z"}
{"erro":"Divergência de valor no título 121370/B","level":"error","message":"❌ Erro no título 121370/B","service":"btg-baixa-titulos-service","status":"ERRO_CONSULTA","timestamp":"2026-05-12T13:28:34.664Z"}
{"erro":"Divergência de valor no título 121370/A","level":"error","message":"❌ Erro no título 121370/A","service":"btg-baixa-titulos-service","status":"ERRO_CONSULTA","timestamp":"2026-05-12T13:28:34.680Z"}
{"erro":"Divergência de valor no título 121219/D","level":"error","message":"❌ Erro no título 121219/D","service":"btg-baixa-titulos-service","status":"ERRO_CONSULTA","timestamp":"2026-05-12T13:28:34.696Z"}
{"erro":"Divergência de valor no título 121219/C","level":"error","message":"❌ Erro no título 121219/C","service":"btg-baixa-titulos-service","status":"ERRO_CONSULTA","timestamp":"2026-05-12T13:28:34.712Z"}
{"erro":"Divergência de valor no título 121219/B","level":"error","message":"❌ Erro no título 121219/B","service":"btg-baixa-titulos-service","status":"ERRO_CONSULTA","timestamp":"2026-05-12T13:28:34.725Z"}
{"erro":"Divergência de valor no título 121219/A","level":"error","message":"❌ Erro no título 121219/A","service":"btg-baixa-titulos-service","status":"ERRO_CONSULTA","timestamp":"2026-05-12T13:28:34.739Z"}
{"erro":"Divergência de valor no título 121137/E","level":"error","message":"❌ Erro no título 121137/E","service":"btg-baixa-titulos-service","status":"ERRO_CONSULTA","timestamp":"2026-05-12T13:28:34.753Z"}
{"erro":"Divergência de valor no título 121137/D","level":"error","message":"❌ Erro no título 121137/D","service":"btg-baixa-titulos-service","status":"ERRO_CONSULTA","timestamp":"2026-05-12T13:28:34.766Z"}
{"erro":"Divergência de valor no título 121137/C","level":"error","message":"❌ Erro no título 121137/C","service":"btg-baixa-titulos-service","status":"ERRO_CONSULTA","timestamp":"2026-05-12T13:28:34.785Z"}
{"erro":"Divergência de valor no título 121137/B","level":"error","message":"❌ Erro no título 121137/B","service":"btg-baixa-titulos-service","status":"ERRO_CONSULTA","timestamp":"2026-05-12T13:28:34.803Z"}
{"erro":"Divergência de valor no título 120775/D","level":"error","message":"❌ Erro no título 120775/D","service":"btg-baixa-titulos-service","status":"ERRO_CONSULTA","timestamp":"2026-05-12T13:28:34.821Z"}
{"erro":"Divergência de valor no título 120775/C","level":"error","message":"❌ Erro no título 120775/C","service":"btg-baixa-titulos-service","status":"ERRO_CONSULTA","timestamp":"2026-05-12T13:28:34.838Z"}
{"erro":"Divergência de valor no título 120775/B","level":"error","message":"❌ Erro no título 120775/B","service":"btg-baixa-titulos-service","status":"ERRO_CONSULTA","timestamp":"2026-05-12T13:28:34.856Z"}
{"erro":"Divergência de valor no título 120775/A","level":"error","message":"❌ Erro no título 120775/A","service":"btg-baixa-titulos-service","status":"ERRO_CONSULTA","timestamp":"2026-05-12T13:28:34.872Z"}
{"erro":"Divergência de valor no título 121138/C","level":"error","message":"❌ Erro no título 121138/C","service":"btg-baixa-titulos-service","status":"ERRO_CONSULTA","timestamp":"2026-05-12T13:28:34.885Z"}
{"erro":"Divergência de valor no título 121138/B","level":"error","message":"❌ Erro no título 121138/B","service":"btg-baixa-titulos-service","status":"ERRO_CONSULTA","timestamp":"2026-05-12T13:28:34.901Z"}
{"erro":"Divergência de valor no título 119986/E","level":"error","message":"❌ Erro no título 119986/E","service":"btg-baixa-titulos-service","status":"ERRO_CONSULTA","timestamp":"2026-05-12T13:28:34.916Z"}
{"erro":"Divergência de valor no título 119986/D","level":"error","message":"❌ Erro no título 119986/D","service":"btg-baixa-titulos-service","status":"ERRO_CONSULTA","timestamp":"2026-05-12T13:28:34.933Z"}
{"erro":"Divergência de valor no título 119986/C","level":"error","message":"❌ Erro no título 119986/C","service":"btg-baixa-titulos-service","status":"ERRO_CONSULTA","timestamp":"2026-05-12T13:28:34.948Z"}
{"erro":"Divergência de valor no título 119986/B","level":"error","message":"❌ Erro no título 119986/B","service":"btg-baixa-titulos-service","status":"ERRO_CONSULTA","timestamp":"2026-05-12T13:28:34.964Z"}
{"erro":"Divergência de valor no título 120623/D","level":"error","message":"❌ Erro no título 120623/D","service":"btg-baixa-titulos-service","status":"ERRO_CONSULTA","timestamp":"2026-05-12T13:28:34.980Z"}
{"erro":"Divergência de valor no título 120623/C","level":"error","message":"❌ Erro no título 120623/C","service":"btg-baixa-titulos-service","status":"ERRO_CONSULTA","timestamp":"2026-05-12T13:28:34.996Z"}
{"erro":"Divergência de valor no título 120623/B","level":"error","message":"❌ Erro no título 120623/B","service":"btg-baixa-titulos-service","status":"ERRO_CONSULTA","timestamp":"2026-05-12T13:28:35.013Z"}
{"erro":"Divergência de valor no título 120619/E","level":"error","message":"❌ Erro no título 120619/E","service":"btg-baixa-titulos-service","status":"ERRO_CONSULTA","timestamp":"2026-05-12T13:28:35.031Z"}
{"erro":"Divergência de valor no título 120619/D","level":"error","message":"❌ Erro no título 120619/D","service":"btg-baixa-titulos-service","status":"ERRO_CONSULTA","timestamp":"2026-05-12T13:28:35.047Z"}
{"erro":"Divergência de valor no título 120619/C","level":"error","message":"❌ Erro no título 120619/C","service":"btg-baixa-titulos-service","status":"ERRO_CONSULTA","timestamp":"2026-05-12T13:28:35.065Z"}
{"erro":"Divergência de valor no título 120619/B","level":"error","message":"❌ Erro no título 120619/B","service":"btg-baixa-titulos-service","status":"ERRO_CONSULTA","timestamp":"2026-05-12T13:28:35.080Z"}
{"erro":"Divergência de valor no título 120614/C","level":"error","message":"❌ Erro no título 120614/C","service":"btg-baixa-titulos-service","status":"ERRO_CONSULTA","timestamp":"2026-05-12T13:28:35.097Z"}
{"erro":"Divergência de valor no título 120640/D","level":"error","message":"❌ Erro no título 120640/D","service":"btg-baixa-titulos-service","status":"ERRO_CONSULTA","timestamp":"2026-05-12T13:28:35.114Z"}
{"erro":"Divergência de valor no título 120614/B","level":"error","message":"❌ Erro no título 120614/B","service":"btg-baixa-titulos-service","status":"ERRO_CONSULTA","timestamp":"2026-05-12T13:28:35.131Z"}
{"erro":"Divergência de valor no título 120640/C","level":"error","message":"❌ Erro no título 120640/C","service":"btg-baixa-titulos-service","status":"ERRO_CONSULTA","timestamp":"2026-05-12T13:28:35.147Z"}
{"erro":"Divergência de valor no título 120640/B","level":"error","message":"❌ Erro no título 120640/B","service":"btg-baixa-titulos-service","status":"ERRO_CONSULTA","timestamp":"2026-05-12T13:28:35.163Z"}
{"erro":"Divergência de valor no título 120183/E","level":"error","message":"❌ Erro no título 120183/E","service":"btg-baixa-titulos-service","status":"ERRO_CONSULTA","timestamp":"2026-05-12T13:28:35.178Z"}
{"erro":"Divergência de valor no título 120183/D","level":"error","message":"❌ Erro no título 120183/D","service":"btg-baixa-titulos-service","status":"ERRO_CONSULTA","timestamp":"2026-05-12T13:28:35.193Z"}
{"erro":"Divergência de valor no título 120638/C","level":"error","message":"❌ Erro no título 120638/C","service":"btg-baixa-titulos-service","status":"ERRO_CONSULTA","timestamp":"2026-05-12T13:28:35.210Z"}
{"erro":"Divergência de valor no título 120183/C","level":"error","message":"❌ Erro no título 120183/C","service":"btg-baixa-titulos-service","status":"ERRO_CONSULTA","timestamp":"2026-05-12T13:28:35.227Z"}
{"erro":"Divergência de valor no título 120638/B","level":"error","message":"❌ Erro no título 120638/B","service":"btg-baixa-titulos-service","status":"ERRO_CONSULTA","timestamp":"2026-05-12T13:28:35.245Z"}
{"erro":"Divergência de valor no título 120183/B","level":"error","message":"❌ Erro no título 120183/B","service":"btg-baixa-titulos-service","status":"ERRO_CONSULTA","timestamp":"2026-05-12T13:28:35.264Z"}
{"erro":"Divergência de valor no título 120634/E","level":"error","message":"❌ Erro no título 120634/E","service":"btg-baixa-titulos-service","status":"ERRO_CONSULTA","timestamp":"2026-05-12T13:28:35.281Z"}
{"erro":"Divergência de valor no título 120559/D","level":"error","message":"❌ Erro no título 120559/D","service":"btg-baixa-titulos-service","status":"ERRO_CONSULTA","timestamp":"2026-05-12T13:28:35.297Z"}
{"erro":"Divergência de valor no título 120634/D","level":"error","message":"❌ Erro no título 120634/D","service":"btg-baixa-titulos-service","status":"ERRO_CONSULTA","timestamp":"2026-05-12T13:28:35.313Z"}
{"erro":"Divergência de valor no título 120559/C","level":"error","message":"❌ Erro no título 120559/C","service":"btg-baixa-titulos-service","status":"ERRO_CONSULTA","timestamp":"2026-05-12T13:28:35.335Z"}
{"erro":"Divergência de valor no título 120634/C","level":"error","message":"❌ Erro no título 120634/C","service":"btg-baixa-titulos-service","status":"ERRO_CONSULTA","timestamp":"2026-05-12T13:28:35.350Z"}
{"erro":"Divergência de valor no título 120559/B","level":"error","message":"❌ Erro no título 120559/B","service":"btg-baixa-titulos-service","status":"ERRO_CONSULTA","timestamp":"2026-05-12T13:28:35.364Z"}
{"erro":"Divergência de valor no título 120634/B","level":"error","message":"❌ Erro no título 120634/B","service":"btg-baixa-titulos-service","status":"ERRO_CONSULTA","timestamp":"2026-05-12T13:28:35.384Z"}
{"erro":"Divergência de valor no título 120559/A","level":"error","message":"❌ Erro no título 120559/A","service":"btg-baixa-titulos-service","status":"ERRO_CONSULTA","timestamp":"2026-05-12T13:28:35.401Z"}
{"erro":"Divergência de valor no título 120558/D","level":"error","message":"❌ Erro no título 120558/D","service":"btg-baixa-titulos-service","status":"ERRO_CONSULTA","timestamp":"2026-05-12T13:28:35.418Z"}
{"erro":"Divergência de valor no título 120633/E","level":"error","message":"❌ Erro no título 120633/E","service":"btg-baixa-titulos-service","status":"ERRO_CONSULTA","timestamp":"2026-05-12T13:28:35.433Z"}
{"erro":"Divergência de valor no título 120558/C","level":"error","message":"❌ Erro no título 120558/C","service":"btg-baixa-titulos-service","status":"ERRO_CONSULTA","timestamp":"2026-05-12T13:28:35.448Z"}
{"erro":"Divergência de valor no título 120633/D","level":"error","message":"❌ Erro no título 120633/D","service":"btg-baixa-titulos-service","status":"ERRO_CONSULTA","timestamp":"2026-05-12T13:28:35.463Z"}
{"erro":"Divergência de valor no título 120558/B","level":"error","message":"❌ Erro no título 120558/B","service":"btg-baixa-titulos-service","status":"ERRO_CONSULTA","timestamp":"2026-05-12T13:28:35.480Z"}
{"erro":"Divergência de valor no título 120633/C","level":"error","message":"❌ Erro no título 120633/C","service":"btg-baixa-titulos-service","status":"ERRO_CONSULTA","timestamp":"2026-05-12T13:28:35.497Z"}
{"erro":"Divergência de valor no título 120558/A","level":"error","message":"❌ Erro no título 120558/A","service":"btg-baixa-titulos-service","status":"ERRO_CONSULTA","timestamp":"2026-05-12T13:28:35.513Z"}
{"erro":"Divergência de valor no título 120633/B","level":"error","message":"❌ Erro no título 120633/B","service":"btg-baixa-titulos-service","status":"ERRO_CONSULTA","timestamp":"2026-05-12T13:28:35.527Z"}
{"erro":"Divergência de valor no título 120329/D","level":"error","message":"❌ Erro no título 120329/D","service":"btg-baixa-titulos-service","status":"ERRO_CONSULTA","timestamp":"2026-05-12T13:28:35.545Z"}
{"erro":"Divergência de valor no título 120329/C","level":"error","message":"❌ Erro no título 120329/C","service":"btg-baixa-titulos-service","status":"ERRO_CONSULTA","timestamp":"2026-05-12T13:28:35.562Z"}
{"erro":"Divergência de valor no título 120632/D","level":"error","message":"❌ Erro no título 120632/D","service":"btg-baixa-titulos-service","status":"ERRO_CONSULTA","timestamp":"2026-05-12T13:28:35.579Z"}
{"erro":"Divergência de valor no título 120329/B","level":"error","message":"❌ Erro no título 120329/B","service":"btg-baixa-titulos-service","status":"ERRO_CONSULTA","timestamp":"2026-05-12T13:28:35.595Z"}
{"erro":"Divergência de valor no título 120632/C","level":"error","message":"❌ Erro no título 120632/C","service":"btg-baixa-titulos-service","status":"ERRO_CONSULTA","timestamp":"2026-05-12T13:28:35.608Z"}
{"erro":"Divergência de valor no título 120329/A","level":"error","message":"❌ Erro no título 120329/A","service":"btg-baixa-titulos-service","status":"ERRO_CONSULTA","timestamp":"2026-05-12T13:28:35.626Z"}
{"erro":"Divergência de valor no título 120632/B","level":"error","message":"❌ Erro no título 120632/B","service":"btg-baixa-titulos-service","status":"ERRO_CONSULTA","timestamp":"2026-05-12T13:28:35.645Z"}
{"erro":"Divergência de valor no título 120029/D","level":"error","message":"❌ Erro no título 120029/D","service":"btg-baixa-titulos-service","status":"ERRO_CONSULTA","timestamp":"2026-05-12T13:28:35.659Z"}
{"erro":"Divergência de valor no título 120029/C","level":"error","message":"❌ Erro no título 120029/C","service":"btg-baixa-titulos-service","status":"ERRO_CONSULTA","timestamp":"2026-05-12T13:28:35.672Z"}
{"erro":"Divergência de valor no título 120631/E","level":"error","message":"❌ Erro no título 120631/E","service":"btg-baixa-titulos-service","status":"ERRO_CONSULTA","timestamp":"2026-05-12T13:28:35.689Z"}
{"erro":"Divergência de valor no título 120029/B","level":"error","message":"❌ Erro no título 120029/B","service":"btg-baixa-titulos-service","status":"ERRO_CONSULTA","timestamp":"2026-05-12T13:28:35.706Z"}
{"erro":"Divergência de valor no título 120631/D","level":"error","message":"❌ Erro no título 120631/D","service":"btg-baixa-titulos-service","status":"ERRO_CONSULTA","timestamp":"2026-05-12T13:28:35.724Z"}
{"erro":"Divergência de valor no título 120029/A","level":"error","message":"❌ Erro no título 120029/A","service":"btg-baixa-titulos-service","status":"ERRO_CONSULTA","timestamp":"2026-05-12T13:28:35.747Z"}
{"erro":"Divergência de valor no título 120631/C","level":"error","message":"❌ Erro no título 120631/C","service":"btg-baixa-titulos-service","status":"ERRO_CONSULTA","timestamp":"2026-05-12T13:28:35.766Z"}
{"erro":"Divergência de valor no título 120024/D","level":"error","message":"❌ Erro no título 120024/D","service":"btg-baixa-titulos-service","status":"ERRO_CONSULTA","timestamp":"2026-05-12T13:28:35.784Z"}
{"erro":"Divergência de valor no título 120631/B","level":"error","message":"❌ Erro no título 120631/B","service":"btg-baixa-titulos-service","status":"ERRO_CONSULTA","timestamp":"2026-05-12T13:28:35.804Z"}
{"erro":"Divergência de valor no título 120024/C","level":"error","message":"❌ Erro no título 120024/C","service":"btg-baixa-titulos-service","status":"ERRO_CONSULTA","timestamp":"2026-05-12T13:28:35.821Z"}
{"erro":"Divergência de valor no título 120024/B","level":"error","message":"❌ Erro no título 120024/B","service":"btg-baixa-titulos-service","status":"ERRO_CONSULTA","timestamp":"2026-05-12T13:28:35.839Z"}
{"erro":"Divergência de valor no título 120629/D","level":"error","message":"❌ Erro no título 120629/D","service":"btg-baixa-titulos-service","status":"ERRO_CONSULTA","timestamp":"2026-05-12T13:28:35.857Z"}
{"erro":"Divergência de valor no título 120629/C","level":"error","message":"❌ Erro no título 120629/C","service":"btg-baixa-titulos-service","status":"ERRO_CONSULTA","timestamp":"2026-05-12T13:28:35.874Z"}
{"erro":"Divergência de valor no título 120613/C","level":"error","message":"❌ Erro no título 120613/C","service":"btg-baixa-titulos-service","status":"ERRO_CONSULTA","timestamp":"2026-05-12T13:28:35.892Z"}
{"erro":"Divergência de valor no título 120629/B","level":"error","message":"❌ Erro no título 120629/B","service":"btg-baixa-titulos-service","status":"ERRO_CONSULTA","timestamp":"2026-05-12T13:28:35.910Z"}
{"erro":"Divergência de valor no título 120613/B","level":"error","message":"❌ Erro no título 120613/B","service":"btg-baixa-titulos-service","status":"ERRO_CONSULTA","timestamp":"2026-05-12T13:28:35.927Z"}
{"erro":"Divergência de valor no título 120629/A","level":"error","message":"❌ Erro no título 120629/A","service":"btg-baixa-titulos-service","status":"ERRO_CONSULTA","timestamp":"2026-05-12T13:28:35.944Z"}
{"erro":"Divergência de valor no título 120611/C","level":"error","message":"❌ Erro no título 120611/C","service":"btg-baixa-titulos-service","status":"ERRO_CONSULTA","timestamp":"2026-05-12T13:28:35.958Z"}
{"erro":"Divergência de valor no título 120611/B","level":"error","message":"❌ Erro no título 120611/B","service":"btg-baixa-titulos-service","status":"ERRO_CONSULTA","timestamp":"2026-05-12T13:28:35.978Z"}
{"erro":"Divergência de valor no título 120625/E","level":"error","message":"❌ Erro no título 120625/E","service":"btg-baixa-titulos-service","status":"ERRO_CONSULTA","timestamp":"2026-05-12T13:28:35.992Z"}
{"erro":"Divergência de valor no título 120625/D","level":"error","message":"❌ Erro no título 120625/D","service":"btg-baixa-titulos-service","status":"ERRO_CONSULTA","timestamp":"2026-05-12T13:28:36.009Z"}
{"erro":"Divergência de valor no título 119929/E","level":"error","message":"❌ Erro no título 119929/E","service":"btg-baixa-titulos-service","status":"ERRO_CONSULTA","timestamp":"2026-05-12T13:28:36.025Z"}
{"erro":"Divergência de valor no título 120625/C","level":"error","message":"❌ Erro no título 120625/C","service":"btg-baixa-titulos-service","status":"ERRO_CONSULTA","timestamp":"2026-05-12T13:28:36.046Z"}
{"erro":"Divergência de valor no título 119929/D","level":"error","message":"❌ Erro no título 119929/D","service":"btg-baixa-titulos-service","status":"ERRO_CONSULTA","timestamp":"2026-05-12T13:28:36.063Z"}
{"erro":"Divergência de valor no título 120625/B","level":"error","message":"❌ Erro no título 120625/B","service":"btg-baixa-titulos-service","status":"ERRO_CONSULTA","timestamp":"2026-05-12T13:28:36.076Z"}
{"erro":"Divergência de valor no título 119929/C","level":"error","message":"❌ Erro no título 119929/C","service":"btg-baixa-titulos-service","status":"ERRO_CONSULTA","timestamp":"2026-05-12T13:28:36.103Z"}
{"erro":"Divergência de valor no título 119929/B","level":"error","message":"❌ Erro no título 119929/B","service":"btg-baixa-titulos-service","status":"ERRO_CONSULTA","timestamp":"2026-05-12T13:28:36.123Z"}
{"erro":"Divergência de valor no título 120623/E","level":"error","message":"❌ Erro no título 120623/E","service":"btg-baixa-titulos-service","status":"ERRO_CONSULTA","timestamp":"2026-05-12T13:28:36.140Z"}
{"erro":"Divergência de valor no título 119716/D","level":"error","message":"❌ Erro no título 119716/D","service":"btg-baixa-titulos-service","status":"ERRO_CONSULTA","timestamp":"2026-05-12T13:28:36.157Z"}
{"erro":"Divergência de valor no título 119716/C","level":"error","message":"❌ Erro no título 119716/C","service":"btg-baixa-titulos-service","status":"ERRO_CONSULTA","timestamp":"2026-05-12T13:28:36.176Z"}
{"erro":"Divergência de valor no título 119716/B","level":"error","message":"❌ Erro no título 119716/B","service":"btg-baixa-titulos-service","status":"ERRO_CONSULTA","timestamp":"2026-05-12T13:28:36.195Z"}
{"erro":"Divergência de valor no título 119716/A","level":"error","message":"❌ Erro no título 119716/A","service":"btg-baixa-titulos-service","status":"ERRO_CONSULTA","timestamp":"2026-05-12T13:28:36.212Z"}
{"erro":"Divergência de valor no título 38810/J","level":"error","message":"❌ Erro no título 38810/J","service":"btg-baixa-titulos-service","status":"ERRO_CONSULTA","timestamp":"2026-05-12T13:28:36.230Z"}
{"erro":"Divergência de valor no título 38810/I","level":"error","message":"❌ Erro no título 38810/I","service":"btg-baixa-titulos-service","status":"ERRO_CONSULTA","timestamp":"2026-05-12T13:28:36.246Z"}
{"erro":"Divergência de valor no título 38810/H","level":"error","message":"❌ Erro no título 38810/H","service":"btg-baixa-titulos-service","status":"ERRO_CONSULTA","timestamp":"2026-05-12T13:28:36.265Z"}
{"erro":"Divergência de valor no título 38810/G","level":"error","message":"❌ Erro no título 38810/G","service":"btg-baixa-titulos-service","status":"ERRO_CONSULTA","timestamp":"2026-05-12T13:28:36.283Z"}
{"erro":"Divergência de valor no título 38810/F","level":"error","message":"❌ Erro no título 38810/F","service":"btg-baixa-titulos-service","status":"ERRO_CONSULTA","timestamp":"2026-05-12T13:28:36.301Z"}
{"erro":"Divergência de valor no título 38810/E","level":"error","message":"❌ Erro no título 38810/E","service":"btg-baixa-titulos-service","status":"ERRO_CONSULTA","timestamp":"2026-05-12T13:28:36.320Z"}
{"erro":"Divergência de valor no título 38810/D","level":"error","message":"❌ Erro no título 38810/D","service":"btg-baixa-titulos-service","status":"ERRO_CONSULTA","timestamp":"2026-05-12T13:28:36.337Z"}
{"erro":"Divergência de valor no título 38810/C","level":"error","message":"❌ Erro no título 38810/C","service":"btg-baixa-titulos-service","status":"ERRO_CONSULTA","timestamp":"2026-05-12T13:28:36.355Z"}
{"erro":"Divergência de valor no título 38810/B","level":"error","message":"❌ Erro no título 38810/B","service":"btg-baixa-titulos-service","status":"ERRO_CONSULTA","timestamp":"2026-05-12T13:28:36.369Z"}
{"erro":"Divergência de valor no título 119290/E","level":"error","message":"❌ Erro no título 119290/E","service":"btg-baixa-titulos-service","status":"ERRO_CONSULTA","timestamp":"2026-05-12T13:28:36.383Z"}
{"erro":"Divergência de valor no título 38810/A","level":"error","message":"❌ Erro no título 38810/A","service":"btg-baixa-titulos-service","status":"ERRO_CONSULTA","timestamp":"2026-05-12T13:28:36.400Z"}
{"erro":"Divergência de valor no título 119290/D","level":"error","message":"❌ Erro no título 119290/D","service":"btg-baixa-titulos-service","status":"ERRO_CONSULTA","timestamp":"2026-05-12T13:28:36.416Z"}
{"erro":"Divergência de valor no título 119347/E","level":"error","message":"❌ Erro no título 119347/E","service":"btg-baixa-titulos-service","status":"ERRO_CONSULTA","timestamp":"2026-05-12T13:28:36.432Z"}
{"erro":"Divergência de valor no título 119290/C","level":"error","message":"❌ Erro no título 119290/C","service":"btg-baixa-titulos-service","status":"ERRO_CONSULTA","timestamp":"2026-05-12T13:28:36.460Z"}
{"erro":"Divergência de valor no título 119347/D","level":"error","message":"❌ Erro no título 119347/D","service":"btg-baixa-titulos-service","status":"ERRO_CONSULTA","timestamp":"2026-05-12T13:28:36.476Z"}
{"erro":"Divergência de valor no título 119347/C","level":"error","message":"❌ Erro no título 119347/C","service":"btg-baixa-titulos-service","status":"ERRO_CONSULTA","timestamp":"2026-05-12T13:28:36.492Z"}
{"erro":"Divergência de valor no título 119288/C","level":"error","message":"❌ Erro no título 119288/C","service":"btg-baixa-titulos-service","status":"ERRO_CONSULTA","timestamp":"2026-05-12T13:28:36.508Z"}
{"erro":"Divergência de valor no título 119329/D","level":"error","message":"❌ Erro no título 119329/D","service":"btg-baixa-titulos-service","status":"ERRO_CONSULTA","timestamp":"2026-05-12T13:28:36.531Z"}
{"erro":"Divergência de valor no título 119329/C","level":"error","message":"❌ Erro no título 119329/C","service":"btg-baixa-titulos-service","status":"ERRO_CONSULTA","timestamp":"2026-05-12T13:28:36.549Z"}
{"erro":"Divergência de valor no título 119329/B","level":"error","message":"❌ Erro no título 119329/B","service":"btg-baixa-titulos-service","status":"ERRO_CONSULTA","timestamp":"2026-05-12T13:28:36.565Z"}
{"erro":"Divergência de valor no título 119287/C","level":"error","message":"❌ Erro no título 119287/C","service":"btg-baixa-titulos-service","status":"ERRO_CONSULTA","timestamp":"2026-05-12T13:28:36.581Z"}
{"erro":"Divergência de valor no título 119328/D","level":"error","message":"❌ Erro no título 119328/D","service":"btg-baixa-titulos-service","status":"ERRO_CONSULTA","timestamp":"2026-05-12T13:28:36.595Z"}
{"erro":"Divergência de valor no título 119328/C","level":"error","message":"❌ Erro no título 119328/C","service":"btg-baixa-titulos-service","status":"ERRO_CONSULTA","timestamp":"2026-05-12T13:28:36.612Z"}
{"erro":"Divergência de valor no título 119286/C","level":"error","message":"❌ Erro no título 119286/C","service":"btg-baixa-titulos-service","status":"ERRO_CONSULTA","timestamp":"2026-05-12T13:28:36.630Z"}
{"erro":"Divergência de valor no título 119328/B","level":"error","message":"❌ Erro no título 119328/B","service":"btg-baixa-titulos-service","status":"ERRO_CONSULTA","timestamp":"2026-05-12T13:28:36.649Z"}
{"erro":"Divergência de valor no título 119327/D","level":"error","message":"❌ Erro no título 119327/D","service":"btg-baixa-titulos-service","status":"ERRO_CONSULTA","timestamp":"2026-05-12T13:28:36.666Z"}
{"erro":"Divergência de valor no título 119285/E","level":"error","message":"❌ Erro no título 119285/E","service":"btg-baixa-titulos-service","status":"ERRO_CONSULTA","timestamp":"2026-05-12T13:28:36.687Z"}
{"erro":"Divergência de valor no título 119327/C","level":"error","message":"❌ Erro no título 119327/C","service":"btg-baixa-titulos-service","status":"ERRO_CONSULTA","timestamp":"2026-05-12T13:28:36.705Z"}
{"erro":"Divergência de valor no título 119285/D","level":"error","message":"❌ Erro no título 119285/D","service":"btg-baixa-titulos-service","status":"ERRO_CONSULTA","timestamp":"2026-05-12T13:28:36.721Z"}
{"erro":"Divergência de valor no título 119327/B","level":"error","message":"❌ Erro no título 119327/B","service":"btg-baixa-titulos-service","status":"ERRO_CONSULTA","timestamp":"2026-05-12T13:28:36.738Z"}
{"erro":"Divergência de valor no título 119285/C","level":"error","message":"❌ Erro no título 119285/C","service":"btg-baixa-titulos-service","status":"ERRO_CONSULTA","timestamp":"2026-05-12T13:28:36.753Z"}
{"erro":"Divergência de valor no título 119324/E","level":"error","message":"❌ Erro no título 119324/E","service":"btg-baixa-titulos-service","status":"ERRO_CONSULTA","timestamp":"2026-05-12T13:28:36.803Z"}
{"erro":"Divergência de valor no título 119084/E","level":"error","message":"❌ Erro no título 119084/E","service":"btg-baixa-titulos-service","status":"ERRO_CONSULTA","timestamp":"2026-05-12T13:28:36.827Z"}
{"erro":"Divergência de valor no título 119324/D","level":"error","message":"❌ Erro no título 119324/D","service":"btg-baixa-titulos-service","status":"ERRO_CONSULTA","timestamp":"2026-05-12T13:28:36.845Z"}
{"erro":"Divergência de valor no título 119084/D","level":"error","message":"❌ Erro no título 119084/D","service":"btg-baixa-titulos-service","status":"ERRO_CONSULTA","timestamp":"2026-05-12T13:28:36.863Z"}
{"erro":"Divergência de valor no título 119324/C","level":"error","message":"❌ Erro no título 119324/C","service":"btg-baixa-titulos-service","status":"ERRO_CONSULTA","timestamp":"2026-05-12T13:28:36.883Z"}
{"erro":"Divergência de valor no título 119084/C","level":"error","message":"❌ Erro no título 119084/C","service":"btg-baixa-titulos-service","status":"ERRO_CONSULTA","timestamp":"2026-05-12T13:28:36.901Z"}
{"erro":"Divergência de valor no título 119284/E","level":"error","message":"❌ Erro no título 119284/E","service":"btg-baixa-titulos-service","status":"ERRO_CONSULTA","timestamp":"2026-05-12T13:28:36.918Z"}
{"erro":"Divergência de valor no título 119302/D","level":"error","message":"❌ Erro no título 119302/D","service":"btg-baixa-titulos-service","status":"ERRO_CONSULTA","timestamp":"2026-05-12T13:28:36.936Z"}
{"erro":"Divergência de valor no título 119284/D","level":"error","message":"❌ Erro no título 119284/D","service":"btg-baixa-titulos-service","status":"ERRO_CONSULTA","timestamp":"2026-05-12T13:28:36.954Z"}
{"erro":"Divergência de valor no título 119302/C","level":"error","message":"❌ Erro no título 119302/C","service":"btg-baixa-titulos-service","status":"ERRO_CONSULTA","timestamp":"2026-05-12T13:28:36.970Z"}
{"erro":"Divergência de valor no título 119284/C","level":"error","message":"❌ Erro no título 119284/C","service":"btg-baixa-titulos-service","status":"ERRO_CONSULTA","timestamp":"2026-05-12T13:28:36.986Z"}
{"erro":"Divergência de valor no título 118204/C","level":"error","message":"❌ Erro no título 118204/C","service":"btg-baixa-titulos-service","status":"ERRO_CONSULTA","timestamp":"2026-05-12T13:28:37.003Z"}
{"erro":"Divergência de valor no título 119299/E","level":"error","message":"❌ Erro no título 119299/E","service":"btg-baixa-titulos-service","status":"ERRO_CONSULTA","timestamp":"2026-05-12T13:28:37.020Z"}
{"erro":"Divergência de valor no título 119299/D","level":"error","message":"❌ Erro no título 119299/D","service":"btg-baixa-titulos-service","status":"ERRO_CONSULTA","timestamp":"2026-05-12T13:28:37.037Z"}
{"erro":"Divergência de valor no título 119299/C","level":"error","message":"❌ Erro no título 119299/C","service":"btg-baixa-titulos-service","status":"ERRO_CONSULTA","timestamp":"2026-05-12T13:28:37.054Z"}
{"erro":"Divergência de valor no título 118297/D","level":"error","message":"❌ Erro no título 118297/D","service":"btg-baixa-titulos-service","status":"ERRO_CONSULTA","timestamp":"2026-05-12T13:28:37.072Z"}
{"erro":"Divergência de valor no título 118297/C","level":"error","message":"❌ Erro no título 118297/C","service":"btg-baixa-titulos-service","status":"ERRO_CONSULTA","timestamp":"2026-05-12T13:28:37.086Z"}
{"erro":"Divergência de valor no título 119297/E","level":"error","message":"❌ Erro no título 119297/E","service":"btg-baixa-titulos-service","status":"ERRO_CONSULTA","timestamp":"2026-05-12T13:28:37.105Z"}
{"erro":"Divergência de valor no título 119297/D","level":"error","message":"❌ Erro no título 119297/D","service":"btg-baixa-titulos-service","status":"ERRO_CONSULTA","timestamp":"2026-05-12T13:28:37.121Z"}
{"erro":"Divergência de valor no título 118124/C","level":"error","message":"❌ Erro no título 118124/C","service":"btg-baixa-titulos-service","status":"ERRO_CONSULTA","timestamp":"2026-05-12T13:28:37.137Z"}
{"erro":"Divergência de valor no título 119297/C","level":"error","message":"❌ Erro no título 119297/C","service":"btg-baixa-titulos-service","status":"ERRO_CONSULTA","timestamp":"2026-05-12T13:28:37.154Z"}
{"erro":"Divergência de valor no título 118123/C","level":"error","message":"❌ Erro no título 118123/C","service":"btg-baixa-titulos-service","status":"ERRO_CONSULTA","timestamp":"2026-05-12T13:28:37.184Z"}
{"erro":"Divergência de valor no título 118121/C","level":"error","message":"❌ Erro no título 118121/C","service":"btg-baixa-titulos-service","status":"ERRO_CONSULTA","timestamp":"2026-05-12T13:28:37.202Z"}
{"erro":"Divergência de valor no título 117917/E","level":"error","message":"❌ Erro no título 117917/E","service":"btg-baixa-titulos-service","status":"ERRO_CONSULTA","timestamp":"2026-05-12T13:28:37.219Z"}
{"erro":"Divergência de valor no título 117916/E","level":"error","message":"❌ Erro no título 117916/E","service":"btg-baixa-titulos-service","status":"ERRO_CONSULTA","timestamp":"2026-05-12T13:28:37.231Z"}
{"erro":"Divergência de valor no título 117814/E","level":"error","message":"❌ Erro no título 117814/E","service":"btg-baixa-titulos-service","status":"ERRO_CONSULTA","timestamp":"2026-05-12T13:28:37.244Z"}
{"erro":"Divergência de valor no título 117812/E","level":"error","message":"❌ Erro no título 117812/E","service":"btg-baixa-titulos-service","status":"ERRO_CONSULTA","timestamp":"2026-05-12T13:28:37.265Z"}
{"erro":"Divergência de valor no título 117183/E","level":"error","message":"❌ Erro no título 117183/E","service":"btg-baixa-titulos-service","status":"ERRO_CONSULTA","timestamp":"2026-05-12T13:28:37.282Z"}
{"erro":"Divergência de valor no título 117917/D","level":"error","message":"❌ Erro no título 117917/D","service":"btg-baixa-titulos-service","status":"ERRO_CONSULTA","timestamp":"2026-05-12T13:28:37.298Z"}
{"erro":"Divergência de valor no título 117916/D","level":"error","message":"❌ Erro no título 117916/D","service":"btg-baixa-titulos-service","status":"ERRO_CONSULTA","timestamp":"2026-05-12T13:28:37.314Z"}
{"erro":"Divergência de valor no título 117814/D","level":"error","message":"❌ Erro no título 117814/D","service":"btg-baixa-titulos-service","status":"ERRO_CONSULTA","timestamp":"2026-05-12T13:28:37.330Z"}
{"erro":"Divergência de valor no título 117812/D","level":"error","message":"❌ Erro no título 117812/D","service":"btg-baixa-titulos-service","status":"ERRO_CONSULTA","timestamp":"2026-05-12T13:28:37.347Z"}
{"erro":"Divergência de valor no título 117183/D","level":"error","message":"❌ Erro no título 117183/D","service":"btg-baixa-titulos-service","status":"ERRO_CONSULTA","timestamp":"2026-05-12T13:28:37.363Z"}
{"erro":"Divergência de valor no título 118027/C","level":"error","message":"❌ Erro no título 118027/C","service":"btg-baixa-titulos-service","status":"ERRO_CONSULTA","timestamp":"2026-05-12T13:28:37.382Z"}
{"erro":"Divergência de valor no título 118018/C","level":"error","message":"❌ Erro no título 118018/C","service":"btg-baixa-titulos-service","status":"ERRO_CONSULTA","timestamp":"2026-05-12T13:28:37.419Z"}
{"erro":"Divergência de valor no título 117959/C","level":"error","message":"❌ Erro no título 117959/C","service":"btg-baixa-titulos-service","status":"ERRO_CONSULTA","timestamp":"2026-05-12T13:28:37.440Z"}
{"erro":"Divergência de valor no título 117917/C","level":"error","message":"❌ Erro no título 117917/C","service":"btg-baixa-titulos-service","status":"ERRO_CONSULTA","timestamp":"2026-05-12T13:28:37.457Z"}
{"erro":"Divergência de valor no título 117916/C","level":"error","message":"❌ Erro no título 117916/C","service":"btg-baixa-titulos-service","status":"ERRO_CONSULTA","timestamp":"2026-05-12T13:28:37.474Z"}
{"erro":"Divergência de valor no título 117814/C","level":"error","message":"❌ Erro no título 117814/C","service":"btg-baixa-titulos-service","status":"ERRO_CONSULTA","timestamp":"2026-05-12T13:28:37.489Z"}
{"erro":"Divergência de valor no título 117812/C","level":"error","message":"❌ Erro no título 117812/C","service":"btg-baixa-titulos-service","status":"ERRO_CONSULTA","timestamp":"2026-05-12T13:28:37.505Z"}
{"erro":"Divergência de valor no título 117490/C","level":"error","message":"❌ Erro no título 117490/C","service":"btg-baixa-titulos-service","status":"ERRO_CONSULTA","timestamp":"2026-05-12T13:28:37.520Z"}
{"erro":"Divergência de valor no título 117183/C","level":"error","message":"❌ Erro no título 117183/C","service":"btg-baixa-titulos-service","status":"ERRO_CONSULTA","timestamp":"2026-05-12T13:28:37.535Z"}
{"erro":"Divergência de valor no título 117766/D","level":"error","message":"❌ Erro no título 117766/D","service":"btg-baixa-titulos-service","status":"ERRO_CONSULTA","timestamp":"2026-05-12T13:28:37.551Z"}
{"erro":"Divergência de valor no título 117763/E","level":"error","message":"❌ Erro no título 117763/E","service":"btg-baixa-titulos-service","status":"ERRO_CONSULTA","timestamp":"2026-05-12T13:28:37.567Z"}
{"erro":"Divergência de valor no título 117241/E","level":"error","message":"❌ Erro no título 117241/E","service":"btg-baixa-titulos-service","status":"ERRO_CONSULTA","timestamp":"2026-05-12T13:28:37.582Z"}
{"erro":"Divergência de valor no título 118044/D","level":"error","message":"❌ Erro no título 118044/D","service":"btg-baixa-titulos-service","status":"ERRO_CONSULTA","timestamp":"2026-05-12T13:28:37.597Z"}
{"erro":"Divergência de valor no título 118023/D","level":"error","message":"❌ Erro no título 118023/D","service":"btg-baixa-titulos-service","status":"ERRO_CONSULTA","timestamp":"2026-05-12T13:28:37.619Z"}
{"erro":"Divergência de valor no título 117915/D","level":"error","message":"❌ Erro no título 117915/D","service":"btg-baixa-titulos-service","status":"ERRO_CONSULTA","timestamp":"2026-05-12T13:28:37.636Z"}
{"erro":"Divergência de valor no título 117914/D","level":"error","message":"❌ Erro no título 117914/D","service":"btg-baixa-titulos-service","status":"ERRO_CONSULTA","timestamp":"2026-05-12T13:28:37.652Z"}
{"erro":"Divergência de valor no título 117911/C","level":"error","message":"❌ Erro no título 117911/C","service":"btg-baixa-titulos-service","status":"ERRO_CONSULTA","timestamp":"2026-05-12T13:28:37.670Z"}
{"erro":"Divergência de valor no título 117909/D","level":"error","message":"❌ Erro no título 117909/D","service":"btg-baixa-titulos-service","status":"ERRO_CONSULTA","timestamp":"2026-05-12T13:28:37.685Z"}
{"erro":"Divergência de valor no título 117893/D","level":"error","message":"❌ Erro no título 117893/D","service":"btg-baixa-titulos-service","status":"ERRO_CONSULTA","timestamp":"2026-05-12T13:28:37.699Z"}
{"erro":"Divergência de valor no título 117845/D","level":"error","message":"❌ Erro no título 117845/D","service":"btg-baixa-titulos-service","status":"ERRO_CONSULTA","timestamp":"2026-05-12T13:28:37.716Z"}
{"erro":"Divergência de valor no título 117766/C","level":"error","message":"❌ Erro no título 117766/C","service":"btg-baixa-titulos-service","status":"ERRO_CONSULTA","timestamp":"2026-05-12T13:28:37.732Z"}
{"erro":"Divergência de valor no título 117763/D","level":"error","message":"❌ Erro no título 117763/D","service":"btg-baixa-titulos-service","status":"ERRO_CONSULTA","timestamp":"2026-05-12T13:28:37.748Z"}
{"erro":"Divergência de valor no título 117241/D","level":"error","message":"❌ Erro no título 117241/D","service":"btg-baixa-titulos-service","status":"ERRO_CONSULTA","timestamp":"2026-05-12T13:28:37.766Z"}
{"erro":"Divergência de valor no título 118044/C","level":"error","message":"❌ Erro no título 118044/C","service":"btg-baixa-titulos-service","status":"ERRO_CONSULTA","timestamp":"2026-05-12T13:28:37.784Z"}
{"erro":"Divergência de valor no título 118023/C","level":"error","message":"❌ Erro no título 118023/C","service":"btg-baixa-titulos-service","status":"ERRO_CONSULTA","timestamp":"2026-05-12T13:28:37.799Z"}
{"erro":"Divergência de valor no título 117915/C","level":"error","message":"❌ Erro no título 117915/C","service":"btg-baixa-titulos-service","status":"ERRO_CONSULTA","timestamp":"2026-05-12T13:28:37.815Z"}
{"erro":"Divergência de valor no título 117914/C","level":"error","message":"❌ Erro no título 117914/C","service":"btg-baixa-titulos-service","status":"ERRO_CONSULTA","timestamp":"2026-05-12T13:28:37.832Z"}
{"erro":"Divergência de valor no título 117911/B","level":"error","message":"❌ Erro no título 117911/B","service":"btg-baixa-titulos-service","status":"ERRO_CONSULTA","timestamp":"2026-05-12T13:28:37.846Z"}
{"erro":"Divergência de valor no título 117909/C","level":"error","message":"❌ Erro no título 117909/C","service":"btg-baixa-titulos-service","status":"ERRO_CONSULTA","timestamp":"2026-05-12T13:28:37.863Z"}
{"erro":"Divergência de valor no título 117893/C","level":"error","message":"❌ Erro no título 117893/C","service":"btg-baixa-titulos-service","status":"ERRO_CONSULTA","timestamp":"2026-05-12T13:28:37.878Z"}
{"erro":"Divergência de valor no título 117845/C","level":"error","message":"❌ Erro no título 117845/C","service":"btg-baixa-titulos-service","status":"ERRO_CONSULTA","timestamp":"2026-05-12T13:28:37.895Z"}
{"erro":"Divergência de valor no título 117763/C","level":"error","message":"❌ Erro no título 117763/C","service":"btg-baixa-titulos-service","status":"ERRO_CONSULTA","timestamp":"2026-05-12T13:28:37.910Z"}
{"erro":"Divergência de valor no título 117766/B","level":"error","message":"❌ Erro no título 117766/B","service":"btg-baixa-titulos-service","status":"ERRO_CONSULTA","timestamp":"2026-05-12T13:28:37.928Z"}
{"erro":"Divergência de valor no título 117241/C","level":"error","message":"❌ Erro no título 117241/C","service":"btg-baixa-titulos-service","status":"ERRO_CONSULTA","timestamp":"2026-05-12T13:28:37.945Z"}
{"erro":"Divergência de valor no título 118044/E","level":"error","message":"❌ Erro no título 118044/E","service":"btg-baixa-titulos-service","status":"ERRO_CONSULTA","timestamp":"2026-05-12T13:28:37.963Z"}
{"erro":"Divergência de valor no título 117915/E","level":"error","message":"❌ Erro no título 117915/E","service":"btg-baixa-titulos-service","status":"ERRO_CONSULTA","timestamp":"2026-05-12T13:28:37.986Z"}
{"erro":"Divergência de valor no título 117914/E","level":"error","message":"❌ Erro no título 117914/E","service":"btg-baixa-titulos-service","status":"ERRO_CONSULTA","timestamp":"2026-05-12T13:28:38.006Z"}
{"erro":"Divergência de valor no título 117911/D","level":"error","message":"❌ Erro no título 117911/D","service":"btg-baixa-titulos-service","status":"ERRO_CONSULTA","timestamp":"2026-05-12T13:28:38.021Z"}
{"erro":"Divergência de valor no título 117909/E","level":"error","message":"❌ Erro no título 117909/E","service":"btg-baixa-titulos-service","status":"ERRO_CONSULTA","timestamp":"2026-05-12T13:28:38.037Z"}
{"erro":"Divergência de valor no título 117893/E","level":"error","message":"❌ Erro no título 117893/E","service":"btg-baixa-titulos-service","status":"ERRO_CONSULTA","timestamp":"2026-05-12T13:28:38.053Z"}
{"erro":"Divergência de valor no título 117845/E","level":"error","message":"❌ Erro no título 117845/E","service":"btg-baixa-titulos-service","status":"ERRO_CONSULTA","timestamp":"2026-05-12T13:28:38.072Z"}
{"erro":"Divergência de valor no título 116729/E","level":"error","message":"❌ Erro no título 116729/E","service":"btg-baixa-titulos-service","status":"ERRO_CONSULTA","timestamp":"2026-05-12T13:28:38.094Z"}
{"erro":"Divergência de valor no título 116729/D","level":"error","message":"❌ Erro no título 116729/D","service":"btg-baixa-titulos-service","status":"ERRO_CONSULTA","timestamp":"2026-05-12T13:28:38.135Z"}
{"erro":"Divergência de valor no título 116864/D","level":"error","message":"❌ Erro no título 116864/D","service":"btg-baixa-titulos-service","status":"ERRO_CONSULTA","timestamp":"2026-05-12T13:28:38.154Z"}
{"erro":"Divergência de valor no título 116864/C","level":"error","message":"❌ Erro no título 116864/C","service":"btg-baixa-titulos-service","status":"ERRO_CONSULTA","timestamp":"2026-05-12T13:28:38.173Z"}
{"erro":"Divergência de valor no título 116617/E","level":"error","message":"❌ Erro no título 116617/E","service":"btg-baixa-titulos-service","status":"ERRO_CONSULTA","timestamp":"2026-05-12T13:28:38.190Z"}
{"erro":"Divergência de valor no título 116617/D","level":"error","message":"❌ Erro no título 116617/D","service":"btg-baixa-titulos-service","status":"ERRO_CONSULTA","timestamp":"2026-05-12T13:28:38.208Z"}
{"erro":"Divergência de valor no título 116070/E","level":"error","message":"❌ Erro no título 116070/E","service":"btg-baixa-titulos-service","status":"ERRO_CONSULTA","timestamp":"2026-05-12T13:28:38.232Z"}
{"erro":"Divergência de valor no título 116069/E","level":"error","message":"❌ Erro no título 116069/E","service":"btg-baixa-titulos-service","status":"ERRO_CONSULTA","timestamp":"2026-05-12T13:28:38.250Z"}
{"erro":"Divergência de valor no título 116068/E","level":"error","message":"❌ Erro no título 116068/E","service":"btg-baixa-titulos-service","status":"ERRO_CONSULTA","timestamp":"2026-05-12T13:28:38.266Z"}
{"erro":"Divergência de valor no título 116057/E","level":"error","message":"❌ Erro no título 116057/E","service":"btg-baixa-titulos-service","status":"ERRO_CONSULTA","timestamp":"2026-05-12T13:28:38.284Z"}
{"erro":"Divergência de valor no título 116077/D","level":"error","message":"❌ Erro no título 116077/D","service":"btg-baixa-titulos-service","status":"ERRO_CONSULTA","timestamp":"2026-05-12T13:28:38.302Z"}
{"erro":"Divergência de valor no título 114867/E","level":"error","message":"❌ Erro no título 114867/E","service":"btg-baixa-titulos-service","status":"ERRO_CONSULTA","timestamp":"2026-05-12T13:28:38.319Z"}
{"erro":"Divergência de valor no título 116077/C","level":"error","message":"❌ Erro no título 116077/C","service":"btg-baixa-titulos-service","status":"ERRO_CONSULTA","timestamp":"2026-05-12T13:28:38.335Z"}
{"erro":"Divergência de valor no título 116071/D","level":"error","message":"❌ Erro no título 116071/D","service":"btg-baixa-titulos-service","status":"ERRO_CONSULTA","timestamp":"2026-05-12T13:28:38.353Z"}
{"erro":"Divergência de valor no título 116070/D","level":"error","message":"❌ Erro no título 116070/D","service":"btg-baixa-titulos-service","status":"ERRO_CONSULTA","timestamp":"2026-05-12T13:28:38.369Z"}
{"erro":"Divergência de valor no título 116069/D","level":"error","message":"❌ Erro no título 116069/D","service":"btg-baixa-titulos-service","status":"ERRO_CONSULTA","timestamp":"2026-05-12T13:28:38.387Z"}
{"erro":"Divergência de valor no título 116068/D","level":"error","message":"❌ Erro no título 116068/D","service":"btg-baixa-titulos-service","status":"ERRO_CONSULTA","timestamp":"2026-05-12T13:28:38.402Z"}
{"erro":"Divergência de valor no título 116059/D","level":"error","message":"❌ Erro no título 116059/D","service":"btg-baixa-titulos-service","status":"ERRO_CONSULTA","timestamp":"2026-05-12T13:28:38.415Z"}
{"erro":"Divergência de valor no título 116057/D","level":"error","message":"❌ Erro no título 116057/D","service":"btg-baixa-titulos-service","status":"ERRO_CONSULTA","timestamp":"2026-05-12T13:28:38.431Z"}
{"erro":"Divergência de valor no título 116036/D","level":"error","message":"❌ Erro no título 116036/D","service":"btg-baixa-titulos-service","status":"ERRO_CONSULTA","timestamp":"2026-05-12T13:28:38.446Z"}
{"erro":"Divergência de valor no título 114867/D","level":"error","message":"❌ Erro no título 114867/D","service":"btg-baixa-titulos-service","status":"ERRO_CONSULTA","timestamp":"2026-05-12T13:28:38.461Z"}
{"erro":"Divergência de valor no título 38105/J","level":"error","message":"❌ Erro no título 38105/J","service":"btg-baixa-titulos-service","status":"ERRO_CONSULTA","timestamp":"2026-05-12T13:28:38.475Z"}
{"erro":"Divergência de valor no título 38105/I","level":"error","message":"❌ Erro no título 38105/I","service":"btg-baixa-titulos-service","status":"ERRO_CONSULTA","timestamp":"2026-05-12T13:28:38.488Z"}
{"erro":"Divergência de valor no título 38105/H","level":"error","message":"❌ Erro no título 38105/H","service":"btg-baixa-titulos-service","status":"ERRO_CONSULTA","timestamp":"2026-05-12T13:28:38.502Z"}
{"erro":"Divergência de valor no título 38105/G","level":"error","message":"❌ Erro no título 38105/G","service":"btg-baixa-titulos-service","status":"ERRO_CONSULTA","timestamp":"2026-05-12T13:28:38.520Z"}
{"erro":"Divergência de valor no título 38105/F","level":"error","message":"❌ Erro no título 38105/F","service":"btg-baixa-titulos-service","status":"ERRO_CONSULTA","timestamp":"2026-05-12T13:28:38.536Z"}
{"erro":"Divergência de valor no título 38105/E","level":"error","message":"❌ Erro no título 38105/E","service":"btg-baixa-titulos-service","status":"ERRO_CONSULTA","timestamp":"2026-05-12T13:28:38.552Z"}
{"erro":"Divergência de valor no título 38105/D","level":"error","message":"❌ Erro no título 38105/D","service":"btg-baixa-titulos-service","status":"ERRO_CONSULTA","timestamp":"2026-05-12T13:28:38.569Z"}
{"erro":"Divergência de valor no título 38105/C","level":"error","message":"❌ Erro no título 38105/C","service":"btg-baixa-titulos-service","status":"ERRO_CONSULTA","timestamp":"2026-05-12T13:28:38.585Z"}
{"erro":"Divergência de valor no título 38105/B","level":"error","message":"❌ Erro no título 38105/B","service":"btg-baixa-titulos-service","status":"ERRO_CONSULTA","timestamp":"2026-05-12T13:28:38.598Z"}
{"erro":"Divergência de valor no título 113263/E","level":"error","message":"❌ Erro no título 113263/E","service":"btg-baixa-titulos-service","status":"ERRO_CONSULTA","timestamp":"2026-05-12T13:28:38.614Z"}
{"erro":"Divergência de valor no título 112648/E","level":"error","message":"❌ Erro no título 112648/E","service":"btg-baixa-titulos-service","status":"ERRO_CONSULTA","timestamp":"2026-05-12T13:28:38.628Z"}
{"erro":"Divergência de valor no título 110754/I","level":"error","message":"❌ Erro no título 110754/I","service":"btg-baixa-titulos-service","status":"ERRO_CONSULTA","timestamp":"2026-05-12T13:28:38.641Z"}
{"erro":"Divergência de valor no título 110597/E","level":"error","message":"❌ Erro no título 110597/E","service":"btg-baixa-titulos-service","status":"ERRO_CONSULTA","timestamp":"2026-05-12T13:28:38.655Z"}
{"erro":"Divergência de valor no título 110596/E","level":"error","message":"❌ Erro no título 110596/E","service":"btg-baixa-titulos-service","status":"ERRO_CONSULTA","timestamp":"2026-05-12T13:28:38.672Z"}
{"erro":"Divergência de valor no título 37614/J","level":"error","message":"❌ Erro no título 37614/J","service":"btg-baixa-titulos-service","status":"ERRO_CONSULTA","timestamp":"2026-05-12T13:28:38.688Z"}
{"erro":"Divergência de valor no título 37614/I","level":"error","message":"❌ Erro no título 37614/I","service":"btg-baixa-titulos-service","status":"ERRO_CONSULTA","timestamp":"2026-05-12T13:28:38.705Z"}
{"erro":"Divergência de valor no título 37614/H","level":"error","message":"❌ Erro no título 37614/H","service":"btg-baixa-titulos-service","status":"ERRO_CONSULTA","timestamp":"2026-05-12T13:28:38.723Z"}
{"erro":"Divergência de valor no título 37614/G","level":"error","message":"❌ Erro no título 37614/G","service":"btg-baixa-titulos-service","status":"ERRO_CONSULTA","timestamp":"2026-05-12T13:28:38.741Z"}
{"erro":"Divergência de valor no título 110594/E","level":"error","message":"❌ Erro no título 110594/E","service":"btg-baixa-titulos-service","status":"ERRO_CONSULTA","timestamp":"2026-05-12T13:28:38.760Z"}
{"erro":"Divergência de valor no título 110595/D","level":"error","message":"❌ Erro no título 110595/D","service":"btg-baixa-titulos-service","status":"ERRO_CONSULTA","timestamp":"2026-05-12T13:28:38.790Z"}
{"erro":"Divergência de valor no título 110759/E","level":"error","message":"❌ Erro no título 110759/E","service":"btg-baixa-titulos-service","status":"ERRO_CONSULTA","timestamp":"2026-05-12T13:28:38.809Z"}
{"level":"error","message":"⚠️ Erro ao finalizar sessão Millennium timeout of 60000ms exceeded","service":"btg-baixa-titulos-service","timestamp":"2026-05-12T13:29:38.819Z"}
{"erro":"ƒ is not defined","level":"error","message":"❌ Erro no título 123788","service":"btg-baixa-titulos-service","status":"ERRO_DESCONHECIDO","timestamp":"2026-05-12T13:33:54.192Z"}
{"erro":"ƒ is not defined","level":"error","message":"❌ Erro no título 123827","service":"btg-baixa-titulos-service","status":"ERRO_DESCONHECIDO","timestamp":"2026-05-12T13:33:54.207Z"}
{"erro":"ƒ is not defined","level":"error","message":"❌ Erro no título 122393/A","service":"btg-baixa-titulos-service","status":"ERRO_DESCONHECIDO","timestamp":"2026-05-12T13:33:54.509Z"}
{"erro":"ƒ is not defined","level":"error","message":"❌ Erro no título 122444/A","service":"btg-baixa-titulos-service","status":"ERRO_DESCONHECIDO","timestamp":"2026-05-12T13:33:54.524Z"}
{"erro":"ƒ is not defined","level":"error","message":"❌ Erro no título 121874/A","service":"btg-baixa-titulos-service","status":"ERRO_DESCONHECIDO","timestamp":"2026-05-12T13:33:54.611Z"}
{"erro":"ƒ is not defined","level":"error","message":"❌ Erro no título 122010/A","service":"btg-baixa-titulos-service","status":"ERRO_DESCONHECIDO","timestamp":"2026-05-12T13:33:54.627Z"}
{"erro":"Título não localizado: CORRE 120558","level":"error","message":"❌ Erro no título CORRE 120558","service":"btg-baixa-titulos-service","status":"ERRO_CONSULTA","timestamp":"2026-05-12T13:33:54.746Z"}
{"erro":"Título não localizado: 120775","level":"error","message":"❌ Erro no título 120775","service":"btg-baixa-titulos-service","status":"ERRO_CONSULTA","timestamp":"2026-05-12T13:33:54.793Z"}
{"erro":"Título não localizado: FRE 119328","level":"error","message":"❌ Erro no título FRE 119328","service":"btg-baixa-titulos-service","status":"ERRO_CONSULTA","timestamp":"2026-05-12T13:33:54.865Z"}
{"erro":"ƒ is not defined","level":"error","message":"❌ Erro no título 119297/B","service":"btg-baixa-titulos-service","status":"ERRO_DESCONHECIDO","timestamp":"2026-05-12T13:33:55.335Z"}
{"erro":"ƒ is not defined","level":"error","message":"❌ Erro no título 119290/B","service":"btg-baixa-titulos-service","status":"ERRO_DESCONHECIDO","timestamp":"2026-05-12T13:33:55.391Z"}
{"erro":"ƒ is not defined","level":"error","message":"❌ Erro no título 119347/B","service":"btg-baixa-titulos-service","status":"ERRO_DESCONHECIDO","timestamp":"2026-05-12T13:33:55.429Z"}
{"erro":"ƒ is not defined","level":"error","message":"❌ Erro no título 119288/B","service":"btg-baixa-titulos-service","status":"ERRO_DESCONHECIDO","timestamp":"2026-05-12T13:33:55.480Z"}
{"erro":"ƒ is not defined","level":"error","message":"❌ Erro no título 119329/A","service":"btg-baixa-titulos-service","status":"ERRO_DESCONHECIDO","timestamp":"2026-05-12T13:33:55.510Z"}
{"erro":"ƒ is not defined","level":"error","message":"❌ Erro no título 119328/A","service":"btg-baixa-titulos-service","status":"ERRO_DESCONHECIDO","timestamp":"2026-05-12T13:33:55.553Z"}
{"erro":"ƒ is not defined","level":"error","message":"❌ Erro no título 119327/A","service":"btg-baixa-titulos-service","status":"ERRO_DESCONHECIDO","timestamp":"2026-05-12T13:33:55.585Z"}
{"erro":"ƒ is not defined","level":"error","message":"❌ Erro no título 119285/B","service":"btg-baixa-titulos-service","status":"ERRO_DESCONHECIDO","timestamp":"2026-05-12T13:33:55.602Z"}
{"erro":"ƒ is not defined","level":"error","message":"❌ Erro no título 119302/B","service":"btg-baixa-titulos-service","status":"ERRO_DESCONHECIDO","timestamp":"2026-05-12T13:33:55.696Z"}
{"erro":"ƒ is not defined","level":"error","message":"❌ Erro no título 119284/B","service":"btg-baixa-titulos-service","status":"ERRO_DESCONHECIDO","timestamp":"2026-05-12T13:33:55.711Z"}
{"erro":"ƒ is not defined","level":"error","message":"❌ Erro no título 119299/B","service":"btg-baixa-titulos-service","status":"ERRO_DESCONHECIDO","timestamp":"2026-05-12T13:33:55.796Z"}
{"erro":"ƒ is not defined","level":"error","message":"❌ Erro no título 116864/B","service":"btg-baixa-titulos-service","status":"ERRO_DESCONHECIDO","timestamp":"2026-05-12T13:33:57.003Z"}
{"erro":"ƒ is not defined","level":"error","message":"❌ Erro no título 111089/B","service":"btg-baixa-titulos-service","status":"ERRO_DESCONHECIDO","timestamp":"2026-05-12T13:34:00.572Z"}
{"erro":"ƒ is not defined","level":"error","message":"❌ Erro no título 111252/C","service":"btg-baixa-titulos-service","status":"ERRO_DESCONHECIDO","timestamp":"2026-05-12T13:34:01.538Z"}
{"erro":"Título não localizado: 109075/C","level":"error","message":"❌ Erro no título 109075/C","service":"btg-baixa-titulos-service","status":"ERRO_CONSULTA","timestamp":"2026-05-12T13:34:03.819Z"}
{"erro":"Título não localizado: RA-06-11","level":"error","message":"❌ Erro no título RA-06-11","service":"btg-baixa-titulos-service","status":"ERRO_CONSULTA","timestamp":"2026-05-12T13:34:03.839Z"}
{"erro":"Título não localizado: 01329811","level":"error","message":"❌ Erro no título 01329811","service":"btg-baixa-titulos-service","status":"ERRO_CONSULTA","timestamp":"2026-05-12T13:34:07.126Z"}
{"erro":"Título não localizado: 06-VL","level":"error","message":"❌ Erro no título 06-VL","service":"btg-baixa-titulos-service","status":"ERRO_CONSULTA","timestamp":"2026-05-12T13:34:07.146Z"}
{"erro":"Título não localizado: 06-VL","level":"error","message":"❌ Erro no título 06-VL","service":"btg-baixa-titulos-service","status":"ERRO_CONSULTA","timestamp":"2026-05-12T13:34:07.164Z"}
{"level":"error","message":"⚠️ Erro ao finalizar sessão Millennium timeout of 60000ms exceeded","service":"btg-baixa-titulos-service","timestamp":"2026-05-12T13:35:07.173Z"}
